Release,File,cbo,cboModified,fanin,fanout,wmc,dit,noc,rfc,lcom,lcom*,tcc,lcc,totalMethodsQty,staticMethodsQty,publicMethodsQty,privateMethodsQty,protectedMethodsQty,defaultMethodsQty,visibleMethodsQty,abstractMethodsQty,finalMethodsQty,synchronizedMethodsQty,totalFieldsQty,staticFieldsQty,publicFieldsQty,privateFieldsQty,protectedFieldsQty,defaultFieldsQty,finalFieldsQty,synchronizedFieldsQty,nosi,loc,returnQty,loopQty,comparisonsQty,tryCatchQty,parenthesizedExpsQty,stringLiteralsQty,numbersQty,assignmentsQty,mathOperationsQty,variablesQty,maxNestedBlocksQty,anonymousClassesQty,innerClassesQty,lambdasQty,uniqueWordsQty,modifiers,logStatementsQty,NSmells,NR,NAuth,LOC_added_sum,LOC_added_max,LOC_added_avg,LOC_deleted_sum,LOC_deleted_max,LOC_deleted_avg,Churn_sum,Churn_max,Churn_avg,ChgSetSize_max,ChgSetSize_avg,Buggy
0.9.6,openjpa-kernel/src/main/java/org/apache/openjpa/datacache/TypesChangedEvent.java,0,6,6,0,2,1,0,0,0,0.0,0.0,0.0,2,0,2,0,0,0,2,0,0,0,1,0,0,1,0,0,1,0,0,10,1,0,0,0,0,0,0,1,0,1,0,0,0,0,29,1,0,0,4,1,99,49,24.75,50,45,12.5,149,94,37.25,928,668.5,No
0.9.6,openjpa-jdbc/src/main/java/org/apache/openjpa/jdbc/kernel/exps/SQLValue.java,1,1,0,1,1,2,0,0,0,0.0,NaN,NaN,1,0,1,0,0,0,1,0,0,0,1,1,1,0,0,0,1,0,0,6,1,0,0,0,0,1,0,1,0,1,0,0,0,0,43,1,0,0,2,1,36,36,18.0,0,0,0.0,36,36,18.0,928,686.0,No
0.9.6,openjpa-kernel/src/main/java/org/apache/openjpa/event/TransactionEvent.java,1,7,6,1,10,1,0,0,5,0.8809525,0.0,0.0,6,0,6,0,0,0,6,0,0,0,14,9,9,5,0,0,14,0,0,39,5,0,4,0,4,0,9,14,0,14,0,0,0,0,121,1,0,0,6,1,321,157,53.5,168,147,28.0,489,304,81.5,928,485.8333333333333,No
0.9.6,openjpa-kernel/src/main/java/org/apache/openjpa/kernel/exps/AndExpression.java,3,5,2,3,6,2,1,5,0,0.16666667,0.0,0.0,6,0,4,0,2,0,6,0,0,0,2,0,0,2,0,0,2,0,0,26,4,0,0,0,0,0,0,2,0,2,0,0,0,0,30,0,0,0,5,2,128,61,25.6,60,57,12.0,188,118,37.6,928,552.8,No
0.9.6,openjpa-kernel/src/main/java/org/apache/openjpa/kernel/exps/Subtract.java,2,3,1,2,2,2,0,1,1,0.0,0.0,0.0,2,0,1,0,1,0,2,0,0,0,0,0,0,0,0,0,0,0,0,8,1,0,0,0,0,0,0,0,0,0,0,0,0,0,22,0,0,0,4,1,77,39,19.25,38,35,9.5,115,74,28.75,928,668.5,No
0.9.6,openjpa-jdbc/src/main/java/org/apache/openjpa/jdbc/kernel/exps/QueryExpressionsState.java,1,3,2,1,0,1,0,0,0,NaN,-1.0,-1.0,0,0,0,0,0,0,0,0,0,0,6,1,6,0,0,0,1,0,0,8,0,0,0,0,0,0,1,6,0,6,0,0,0,0,29,1,0,0,1,1,33,33,33.0,0,0,0.0,33,33,33.0,79,79.0,No
0.9.6,openjpa-kernel/src/main/java/org/apache/openjpa/kernel/AbstractFieldManager.java,2,3,1,2,20,1,1,0,190,0.0,0.0,0.0,20,0,20,0,0,0,20,0,0,0,0,0,0,0,0,0,0,0,0,62,0,0,0,0,0,0,0,0,0,0,0,0,0,0,26,1024,0,0,4,1,217,109,54.25,108,105,27.0,325,214,81.25,928,668.5,No
0.9.6,openjpa-lib/src/main/java/org/apache/openjpa/lib/meta/SuffixMetaDataFilter.java,2,3,1,2,3,1,0,2,0,0.0,0.0,0.0,2,0,2,0,0,0,2,0,0,0,1,0,0,1,0,0,1,0,0,10,1,0,1,0,0,0,0,2,0,2,0,0,0,0,23,1,0,0,4,1,18,10,4.5,18,14,4.5,36,24,9.0,928,605.25,No
0.9.6,openjpa-kernel/src/main/java/org/apache/openjpa/kernel/jpql/SimpleNode.java,2,2,0,2,1,2,0,0,0,0.0,NaN,NaN,1,0,0,0,0,1,1,0,0,0,0,0,0,0,0,0,0,0,0,5,0,0,0,0,0,0,0,0,0,0,0,0,0,0,22,1,0,0,4,1,59,31,14.75,28,27,7.0,87,58,21.75,928,668.5,No
0.9.6,openjpa-jdbc/src/main/java/org/apache/openjpa/jdbc/meta/strats/AbstractClassStrategy.java,11,17,6,11,7,2,6,0,21,0.85714287,0.0,0.0,7,0,7,0,0,0,7,0,0,0,1,0,0,0,1,0,0,0,0,24,6,0,0,0,0,0,0,2,0,1,0,0,0,0,60,1025,0,0,2,1,79,79,39.5,0,0,0.0,79,79,39.5,928,686.0,No
0.9.6,openjpa-kernel/src/main/java/org/apache/openjpa/util/OptimisticException.java,6,11,5,6,5,6,0,6,4,0.4,0.0,0.0,5,0,5,0,0,0,5,0,0,0,1,1,0,1,0,0,1,0,2,21,1,0,0,0,0,3,0,1,0,1,0,0,0,0,29,1,0,0,6,1,120,60,20.0,62,56,10.333333333333334,182,116,30.333333333333332,928,496.1666666666667,No
0.9.6,openjpa-kernel/src/main/java/org/apache/openjpa/kernel/exps/Lit.java,4,5,1,4,9,2,0,2,0,0.4375,0.0,0.0,8,0,7,0,1,0,8,0,0,0,2,0,0,2,0,0,1,0,1,29,5,0,1,0,1,0,0,4,0,2,0,0,0,0,28,0,0,0,5,2,152,77,30.4,83,72,16.6,235,149,47.0,928,552.8,No
0.9.6,openjpa-kernel/src/main/java/org/apache/openjpa/kernel/exps/UnboundVariable.java,2,3,1,2,6,2,0,0,7,0.5833334,0.0,0.0,6,0,5,0,1,0,6,0,0,0,2,0,0,2,0,0,0,0,0,22,3,0,0,0,0,0,0,5,0,2,0,0,0,0,56,0,0,0,6,2,148,74,24.666666666666668,82,69,13.666666666666666,230,143,38.333333333333336,928,468.5,No
0.9.6,openjpa-jdbc/src/main/java/org/apache/openjpa/jdbc/kernel/exps/IsNotEmptyExpression.java,7,8,1,7,5,1,0,8,0,0.0,0.0,0.0,5,0,5,0,0,0,5,0,0,0,1,0,0,1,0,0,1,0,0,22,1,0,0,0,0,0,0,1,0,1,0,0,0,0,38,0,0,0,5,2,93,72,18.6,31,19,6.2,124,72,24.8,928,335.6,No
0.9.6,openjpa-kernel/src/main/java/org/apache/openjpa/kernel/exps/Param.java,4,6,2,4,7,2,0,1,11,0.6666667,0.0,0.0,7,0,6,0,1,0,7,0,0,0,3,0,0,3,0,0,0,0,0,27,4,0,0,0,0,0,1,7,0,3,0,0,0,0,30,0,0,0,5,2,146,74,29.2,80,69,16.0,226,143,45.2,928,552.8,No
0.9.6,openjpa-kernel/src/main/java/org/apache/openjpa/ee/WLSManagedRuntime.java,2,3,1,2,2,1,0,3,0,0.0,0.0,0.0,2,0,2,0,0,0,2,0,0,0,2,0,0,2,0,0,2,0,1,13,1,0,0,0,0,3,0,4,0,4,0,0,0,0,33,1,0,0,4,1,92,48,23.0,44,43,11.0,136,91,34.0,928,668.5,Yes
0.9.6,openjpa-jdbc/src/main/java/org/apache/openjpa/jdbc/sql/AbstractDB2Dictionary.java,3,5,2,3,5,2,2,2,3,0.0,0.0,0.0,3,0,3,0,0,0,3,0,0,0,0,0,0,0,0,0,0,0,0,58,0,0,2,0,0,29,0,26,0,0,1,0,0,0,95,1025,0,0,3,2,97,95,32.333333333333336,0,0,0.0,97,95,32.333333333333336,928,457.6666666666667,No
0.9.6,openjpa-kernel/src/main/java/org/apache/openjpa/kernel/PNonTransDeletedState.java,2,3,1,2,12,2,0,1,66,0.0,0.0,0.0,12,0,0,0,0,12,12,0,0,0,0,0,0,0,0,0,0,0,0,38,12,0,0,0,0,6,0,0,0,0,0,0,0,0,45,1,0,0,5,2,153,77,30.6,77,72,15.4,230,149,46.0,928,540.0,No
0.9.6,openjpa-jdbc/src/main/java/org/apache/openjpa/jdbc/conf/JDBCSeqValue.java,6,7,1,6,1,2,0,8,0,0.0,NaN,NaN,1,0,1,0,0,0,1,0,0,0,1,1,0,0,0,1,1,0,0,9,0,0,0,0,0,3,2,1,0,1,0,0,0,0,57,1,0,0,2,1,58,58,29.0,0,0,0.0,58,58,29.0,928,686.0,No
0.9.6,openjpa-jdbc/src/main/java/org/apache/openjpa/jdbc/kernel/exps/InValueExpression.java,5,6,1,5,3,2,0,3,1,0.0,0.0,0.0,2,0,1,0,1,0,2,0,0,0,0,0,0,0,0,0,0,0,0,9,1,0,1,0,1,0,0,1,0,1,0,0,0,0,35,0,0,0,3,2,46,44,15.333333333333334,2,2,0.6666666666666666,48,44,16.0,928,483.6666666666667,No
0.9.6,openjpa-kernel/src/main/java/org/apache/openjpa/ant/ApplicationIdToolTask.java,7,7,0,7,10,2,0,4,0,0.5,0.0,0.0,9,0,7,0,2,0,9,0,0,0,2,0,0,0,2,0,0,0,1,32,2,0,1,0,1,0,0,9,0,2,0,0,0,0,95,1,0,0,2,2,109,94,54.5,0,0,0.0,109,94,54.5,22,16.5,No
0.9.6,openjpa-jdbc/src/main/java/org/apache/openjpa/jdbc/kernel/exps/Any.java,2,3,1,2,2,3,0,0,1,0.0,0.0,0.0,2,0,1,0,1,0,2,0,0,0,0,0,0,0,0,0,0,0,0,8,1,0,0,0,0,1,0,0,0,0,0,0,0,0,8,0,0,0,2,1,34,34,17.0,0,0,0.0,34,34,17.0,928,686.0,No
0.9.6,openjpa-kernel/src/main/java/org/apache/openjpa/kernel/PNonTransNewState.java,2,3,1,2,8,2,0,2,28,0.0,0.0,0.0,8,0,0,0,0,8,8,0,0,0,0,0,0,0,0,0,0,0,0,27,7,0,0,0,0,0,0,0,0,0,0,0,0,0,38,0,0,0,5,2,121,61,24.2,61,56,12.2,182,117,36.4,928,540.0,No
0.9.6,openjpa-jdbc/src/main/java/org/apache/openjpa/jdbc/kernel/exps/All.java,2,3,1,2,2,3,0,0,1,0.0,0.0,0.0,2,0,1,0,1,0,2,0,0,0,0,0,0,0,0,0,0,0,0,8,1,0,0,0,0,1,0,0,0,0,0,0,0,0,8,0,0,0,2,1,34,34,17.0,0,0,0.0,34,34,17.0,928,686.0,No
0.9.6,openjpa-jdbc/src/main/java/org/apache/openjpa/jdbc/kernel/exps/AbstractVal.java,6,27,21,6,9,1,16,5,36,0.8888889,0.0,0.0,9,0,9,0,0,0,9,0,0,0,2,2,0,0,2,0,2,0,0,34,3,0,0,0,0,5,2,2,0,2,0,0,0,0,46,1024,0,0,6,2,103,61,17.166666666666668,25,14,4.166666666666667,128,61,21.333333333333332,928,284.0,No
0.9.6,openjpa-jdbc/src/main/java/org/apache/openjpa/jdbc/meta/strats/SuperclassVersionStrategy.java,5,8,3,5,3,3,0,6,3,0.0,0.0,0.0,3,0,3,0,0,0,3,0,0,0,0,0,0,0,0,0,0,0,0,11,2,0,0,0,0,0,0,0,0,0,0,0,0,0,34,1,0,0,2,1,48,48,24.0,0,0,0.0,48,48,24.0,928,686.0,Yes
0.9.6,openjpa-kernel/src/main/java/org/apache/openjpa/conf/SeqValue.java,2,4,2,2,1,2,0,4,0,0.0,NaN,NaN,1,0,1,0,0,0,1,0,0,0,1,1,0,1,0,0,1,0,0,9,0,0,0,0,0,1,2,1,0,1,0,0,0,0,40,1,0,0,4,1,90,46,22.5,44,41,11.0,134,87,33.5,928,668.5,No
0.9.6,openjpa-kernel/src/main/java/org/apache/openjpa/kernel/exps/Divide.java,2,3,1,2,2,2,0,1,1,0.0,0.0,0.0,2,0,1,0,1,0,2,0,0,0,0,0,0,0,0,0,0,0,0,8,1,0,0,0,0,0,0,0,0,0,0,0,0,0,21,0,0,0,4,1,77,39,19.25,38,35,9.5,115,74,28.75,928,668.5,No
0.9.6,openjpa-kernel/src/main/java/org/apache/openjpa/kernel/exps/ValExpression.java,4,5,1,4,8,2,0,8,0,0.0,0.0,0.0,4,0,2,0,2,0,4,0,0,0,1,0,0,1,0,0,1,0,0,20,2,0,3,0,3,0,0,4,0,4,0,0,0,0,26,0,0,0,5,2,107,51,21.4,50,47,10.0,157,98,31.4,928,552.8,No
0.9.6,openjpa-jdbc/src/main/java/org/apache/openjpa/jdbc/meta/strats/ClobValueHandler.java,5,7,2,5,2,2,0,3,1,0.5,0.0,0.0,2,1,2,0,0,0,2,0,0,0,1,1,0,1,0,0,1,0,0,13,2,0,0,0,0,0,1,2,0,2,0,0,0,0,17,1,0,0,2,1,48,48,24.0,0,0,0.0,48,48,24.0,928,686.0,No
0.9.6,openjpa-kernel/src/main/java/org/apache/openjpa/kernel/exps/Add.java,2,3,1,2,2,2,0,1,1,0.0,0.0,0.0,2,0,1,0,1,0,2,0,0,0,0,0,0,0,0,0,0,0,0,8,1,0,0,0,0,0,0,0,0,0,0,0,0,0,20,0,0,0,4,1,75,38,18.75,37,34,9.25,112,72,28.0,928,668.5,No
0.9.6,openjpa-jdbc/src/main/java/org/apache/openjpa/jdbc/meta/SequenceMapping.java,4,5,1,4,13,2,0,2,52,0.8846154,0.0,0.0,13,0,11,0,2,0,13,0,0,0,12,7,3,9,0,0,7,0,0,57,6,0,0,0,0,7,0,17,0,12,0,0,0,0,74,1,0,0,2,1,149,149,74.5,0,0,0.0,149,149,74.5,928,686.0,No
0.9.6,openjpa-kernel/src/main/java/org/apache/openjpa/kernel/exps/NotEqualExpression.java,2,3,1,2,5,3,0,1,1,0.0,0.0,0.0,2,0,1,0,1,0,2,0,0,0,0,0,0,0,0,0,0,0,0,8,1,0,3,0,2,0,0,0,0,0,0,0,0,0,19,0,0,0,4,1,76,39,19.0,38,34,9.5,114,73,28.5,928,668.5,No
0.9.6,openjpa-kernel/src/main/java/org/apache/openjpa/datacache/ExpirationEvent.java,0,2,2,0,3,1,0,0,0,0.33333334,0.0,0.0,3,0,3,0,0,0,3,0,0,0,2,0,0,2,0,0,2,0,0,15,2,0,0,0,0,0,0,2,0,2,0,0,0,0,40,1,0,0,5,1,129,62,25.8,67,58,13.4,196,120,39.2,928,579.2,No
0.9.6,openjpa-kernel/src/main/java/org/apache/openjpa/util/ObjectNotFoundException.java,6,10,4,6,4,6,0,6,4,0.5,0.0,0.0,4,0,4,0,0,0,4,0,0,0,1,1,0,1,0,0,1,0,2,17,1,0,0,0,0,2,0,1,0,1,0,0,0,0,35,1,0,0,5,1,108,54,21.6,56,50,11.2,164,104,32.8,928,551.0,No
0.9.6,openjpa-kernel/src/main/java/org/apache/openjpa/util/InvalidStateException.java,3,15,12,3,3,6,1,1,3,0.0,0.0,0.0,3,0,3,0,0,0,3,0,0,0,0,0,0,0,0,0,0,0,0,12,1,0,0,0,0,0,0,0,0,0,0,0,0,0,39,1,0,0,6,1,90,43,15.0,48,39,8.0,138,82,23.0,928,496.1666666666667,No
0.9.6,openjpa-jdbc/src/main/java/org/apache/openjpa/jdbc/meta/strats/BlobValueHandler.java,5,7,2,5,2,2,0,3,1,0.5,0.0,0.0,2,1,2,0,0,0,2,0,0,0,1,1,0,1,0,0,1,0,0,13,2,0,0,0,0,0,1,2,0,2,0,0,0,0,17,1,0,0,2,1,48,48,24.0,0,0,0.0,48,48,24.0,928,686.0,No
0.9.6,openjpa-kernel/src/main/java/org/apache/openjpa/kernel/PCleanState.java,2,3,1,2,13,2,0,2,78,0.0,0.0,0.0,13,0,0,0,0,13,13,0,0,0,0,0,0,0,0,0,0,0,0,42,12,0,0,0,0,0,0,0,0,0,0,0,0,0,55,0,0,0,5,2,166,83,33.2,84,78,16.8,250,161,50.0,928,540.0,No
0.9.6,openjpa-jdbc/src/main/java/org/apache/openjpa/jdbc/kernel/exps/Sqrt.java,2,3,1,2,3,3,0,0,3,0.0,0.0,0.0,3,0,1,0,2,0,3,0,0,0,0,0,0,0,0,0,0,0,0,11,2,0,0,0,0,1,0,0,0,0,0,0,0,0,18,0,0,0,2,1,41,41,20.5,0,0,0.0,41,41,20.5,928,686.0,No
0.9.6,openjpa-jdbc/src/main/java/org/apache/openjpa/jdbc/sql/FirebirdDictionary.java,5,6,1,5,4,3,0,4,3,0.0,0.0,0.0,3,0,3,0,0,0,3,0,0,0,0,0,0,0,0,0,0,0,0,25,1,0,1,0,0,10,0,3,1,0,1,0,0,0,43,1,0,0,2,1,58,58,29.0,0,0,0.0,58,58,29.0,928,686.0,No
0.9.6,openjpa-jdbc/src/main/java/org/apache/openjpa/jdbc/kernel/ConnectionInfo.java,3,4,1,3,0,1,0,0,0,NaN,-1.0,-1.0,0,0,0,0,0,0,0,0,0,0,3,0,3,0,0,0,0,0,0,5,0,0,0,0,0,0,0,3,0,3,0,0,0,0,25,1,0,0,2,1,32,32,16.0,0,0,0.0,32,32,16.0,928,686.0,No
0.9.6,openjpa-kernel/src/main/java/org/apache/openjpa/kernel/PDeletedFlushedState.java,4,6,2,4,2,3,0,1,1,0.0,0.0,0.0,2,0,0,0,0,2,2,0,0,0,0,0,0,0,0,0,0,0,0,9,2,0,0,0,0,0,0,0,0,0,0,0,0,0,30,0,0,0,5,2,74,37,14.8,38,32,7.6,112,69,22.4,928,540.0,No
0.9.6,openjpa-kernel/src/main/java/org/apache/openjpa/kernel/exps/BindValueVariableExpression.java,3,4,1,3,3,2,0,1,1,0.0,0.0,0.0,2,0,1,0,1,0,2,0,0,0,0,0,0,0,0,0,0,0,0,9,1,0,1,0,1,0,0,1,0,1,0,0,0,0,23,0,0,0,4,1,88,44,22.0,44,40,11.0,132,84,33.0,928,668.5,No
0.9.6,openjpa-jdbc/src/main/java/org/apache/openjpa/jdbc/kernel/exps/Avg.java,2,3,1,2,3,3,0,0,3,0.0,0.0,0.0,3,0,2,0,1,0,3,0,0,0,0,0,0,0,0,0,0,0,0,11,2,0,0,0,0,1,0,0,0,0,0,0,0,0,17,0,0,0,3,2,42,41,14.0,1,1,0.3333333333333333,43,41,14.333333333333334,928,466.0,No
0.9.6,openjpa-kernel/src/main/java/org/apache/openjpa/kernel/exps/Multiply.java,2,3,1,2,2,2,0,1,1,0.0,0.0,0.0,2,0,1,0,1,0,2,0,0,0,0,0,0,0,0,0,0,0,0,8,1,0,0,0,0,0,0,0,0,0,0,0,0,0,20,0,0,0,4,1,77,39,19.25,38,35,9.5,115,74,28.75,928,668.5,No
0.9.6,openjpa-kernel/src/main/java/org/apache/openjpa/kernel/exps/ContainsKeyExpression.java,2,3,1,2,3,3,0,1,1,0.0,0.0,0.0,2,0,1,0,1,0,2,0,0,0,0,0,0,0,0,0,0,0,0,8,1,0,1,0,2,0,0,0,0,0,0,0,0,0,26,0,0,0,4,1,86,43,21.5,43,39,10.75,129,82,32.25,928,668.5,No
0.9.6,openjpa-lib/src/main/java/org/apache/openjpa/lib/rop/SoftRandomAccessResultList.java,3,4,1,3,2,4,0,0,1,0.0,0.0,0.0,2,0,1,0,1,0,2,0,0,0,0,0,0,0,0,0,0,0,0,8,1,0,0,0,0,0,0,0,0,0,0,0,0,0,23,1,0,0,4,1,21,10,5.25,20,14,5.0,41,24,10.25,928,605.25,No
0.9.6,openjpa-kernel/src/main/java/org/apache/openjpa/kernel/exps/CompareExpression.java,5,15,10,5,13,2,9,11,0,0.2,0.0,0.0,5,0,2,0,3,0,5,1,0,0,2,0,0,2,0,0,2,0,0,37,2,0,6,0,2,0,0,14,0,10,1,0,0,0,35,1024,0,0,5,2,153,75,30.6,71,68,14.2,224,143,44.8,928,552.8,No
0.9.6,openjpa-persistence-jdbc/src/main/java/org/apache/openjpa/persistence/jdbc/JDBCFetchPlanImpl.java,7,9,2,7,14,2,0,12,0,0.071428575,0.0,0.0,14,0,13,0,1,0,14,0,0,0,1,0,0,1,0,0,0,0,0,52,13,0,0,0,0,0,0,1,0,1,0,0,0,0,39,1,0,0,3,3,110,110,36.666666666666664,5,4,1.6666666666666667,115,110,38.333333333333336,79,45.0,No
0.9.6,openjpa-kernel/src/main/java/org/apache/openjpa/util/MetaDataException.java,3,13,10,3,5,6,0,2,10,0.0,0.0,0.0,5,0,5,0,0,0,5,0,0,0,0,0,0,0,0,0,0,0,0,21,1,0,0,0,0,0,0,0,0,0,0,0,0,0,26,1,0,0,6,1,97,45,16.166666666666668,45,41,7.5,142,86,23.666666666666668,928,496.1666666666667,No
0.9.6,openjpa-jdbc/src/main/java/org/apache/openjpa/jdbc/meta/strats/SuperclassDiscriminatorStrategy.java,11,14,3,11,7,3,0,13,6,0.0,0.0,0.0,4,0,4,0,0,0,4,0,0,0,0,0,0,0,0,0,0,0,0,21,2,1,2,0,0,0,0,2,0,1,2,0,0,0,42,1,0,0,4,2,77,62,19.25,8,4,2.0,85,62,21.25,928,350.75,No
0.9.6,openjpa-jdbc/src/main/java/org/apache/openjpa/jdbc/kernel/exps/InSubQExpression.java,9,10,1,9,5,2,0,8,0,0.0,0.0,0.0,5,0,5,0,0,0,5,0,0,0,2,0,0,2,0,0,2,0,0,41,1,0,0,0,0,1,4,6,0,6,0,0,1,0,46,0,0,0,5,2,126,79,25.2,36,21,7.2,162,79,32.4,928,335.6,No
0.9.6,openjpa-kernel/src/main/java/org/apache/openjpa/kernel/exps/EqualExpression.java,2,3,1,2,5,3,0,1,1,0.0,0.0,0.0,2,0,1,0,1,0,2,0,0,0,0,0,0,0,0,0,0,0,0,8,1,0,3,0,2,0,0,0,0,0,0,0,0,0,18,0,0,0,4,1,76,39,19.0,38,34,9.5,114,73,28.5,928,668.5,No
0.9.6,openjpa-kernel/src/main/java/org/apache/openjpa/util/InternalException.java,2,18,16,2,7,5,0,1,21,0.0,0.0,0.0,7,0,7,0,0,0,7,0,0,0,0,0,0,0,0,0,0,0,0,28,1,0,0,0,0,0,0,0,0,0,0,0,0,0,25,1,0,0,6,1,109,49,18.166666666666668,48,45,8.0,157,94,26.166666666666668,928,496.1666666666667,No
0.9.6,openjpa-jdbc/src/main/java/org/apache/openjpa/jdbc/meta/strats/AbstractValueHandler.java,5,14,9,5,6,1,9,0,15,0.0,0.0,0.0,6,0,6,0,0,0,6,0,0,0,0,0,0,0,0,0,0,0,0,20,6,0,0,0,0,0,0,0,0,0,0,0,0,0,41,1025,0,0,3,2,60,58,20.0,2,2,0.6666666666666666,62,58,20.666666666666668,928,503.0,No
0.9.6,openjpa-jdbc/src/main/java/org/apache/openjpa/jdbc/conf/JDBCProductDerivation.java,4,4,0,4,4,2,0,4,3,0.0,0.0,0.0,3,0,3,0,0,0,3,0,0,0,0,0,0,0,0,0,0,0,0,15,3,0,1,0,0,2,0,0,0,0,1,0,0,0,35,1,0,0,8,3,76,50,9.5,28,10,3.5,104,50,13.0,928,191.5,No
0.9.6,openjpa-kernel/src/main/java/org/apache/openjpa/util/LongId.java,2,6,4,2,11,2,0,3,0,0.0,0.0,0.0,8,0,6,0,2,0,8,0,0,0,1,0,0,1,0,0,1,0,1,29,4,0,3,0,5,0,3,2,1,1,0,0,0,0,23,17,0,0,4,1,122,62,30.5,60,59,15.0,182,121,45.5,928,668.5,No
0.9.6,openjpa-kernel/src/main/java/org/apache/openjpa/kernel/TLoadedState.java,2,3,1,2,2,2,0,1,1,0.0,0.0,0.0,2,0,0,0,0,2,2,0,0,0,0,0,0,0,0,0,0,0,0,8,1,0,0,0,0,0,0,0,0,0,0,0,0,0,43,0,0,0,5,2,77,38,15.4,40,33,8.0,117,71,23.4,928,540.0,No
0.9.6,openjpa-jdbc/src/main/java/org/apache/openjpa/jdbc/kernel/exps/Distinct.java,5,6,1,5,3,3,0,1,3,0.0,0.0,0.0,3,0,2,0,1,0,3,0,0,0,0,0,0,0,0,0,0,0,0,11,2,0,0,0,0,1,0,0,0,0,0,0,0,0,17,0,0,0,4,2,51,49,12.75,11,7,2.75,62,49,15.5,928,369.25,No
0.9.6,openjpa-kernel/src/main/java/org/apache/openjpa/kernel/EDirtyState.java,3,4,1,3,14,2,0,5,91,0.0,0.0,0.0,14,0,1,0,0,13,14,0,0,0,0,0,0,0,0,0,0,0,0,46,12,0,0,0,0,1,0,0,0,0,0,0,0,0,54,0,0,0,5,2,176,88,35.2,89,83,17.8,265,171,53.0,928,540.0,No
0.9.6,openjpa-kernel/src/main/java/org/apache/openjpa/kernel/exps/BindKeyVariableExpression.java,3,4,1,3,3,2,0,1,1,0.0,0.0,0.0,2,0,1,0,1,0,2,0,0,0,0,0,0,0,0,0,0,0,0,9,1,0,1,0,1,0,0,1,0,1,0,0,0,0,24,0,0,0,4,1,88,44,22.0,44,40,11.0,132,84,33.0,928,668.5,No
0.9.6,openjpa-kernel/src/main/java/org/apache/openjpa/kernel/HollowState.java,2,3,1,2,11,2,0,4,55,0.0,0.0,0.0,11,0,0,0,0,11,11,0,0,0,0,0,0,0,0,0,0,0,0,38,10,0,0,0,0,0,0,0,0,0,0,0,0,0,78,0,0,0,5,2,163,81,32.6,83,76,16.6,246,157,49.2,928,540.0,No
0.9.6,openjpa-kernel/src/main/java/org/apache/openjpa/kernel/PNewDeletedState.java,2,3,1,2,14,2,0,4,91,0.0,0.0,0.0,14,0,0,0,0,14,14,0,0,0,0,0,0,0,0,0,0,0,0,48,14,0,0,0,0,4,0,0,0,0,0,0,0,0,47,0,0,0,5,2,180,90,36.0,91,85,18.2,271,175,54.2,928,540.0,No
0.9.6,openjpa-jdbc/src/main/java/org/apache/openjpa/jdbc/kernel/exps/Max.java,2,3,1,2,3,3,0,0,3,0.0,0.0,0.0,3,0,2,0,1,0,3,0,0,0,0,0,0,0,0,0,0,0,0,11,2,0,0,0,0,1,0,0,0,0,0,0,0,0,17,0,0,0,3,2,42,41,14.0,1,1,0.3333333333333333,43,41,14.333333333333334,928,466.0,No
0.9.6,openjpa-kernel/src/main/java/org/apache/openjpa/kernel/exps/ContainsValueExpression.java,2,3,1,2,3,2,0,1,1,0.0,0.0,0.0,2,0,1,0,1,0,2,0,0,0,0,0,0,0,0,0,0,0,0,8,1,0,1,0,2,0,0,0,0,0,0,0,0,0,25,0,0,0,4,1,86,43,21.5,43,39,10.75,129,82,32.25,928,668.5,No
0.9.6,openjpa-jdbc/src/main/java/org/apache/openjpa/jdbc/schema/ReferenceCounter.java,0,13,13,0,3,1,3,0,0,0.0,0.0,0.0,3,0,3,0,0,0,3,0,0,0,1,0,0,1,0,0,0,0,0,12,1,0,0,0,0,0,1,1,0,1,0,0,0,0,20,0,0,0,2,1,39,39,19.5,0,0,0.0,39,39,19.5,928,686.0,No
0.9.6,openjpa-kernel/src/main/java/org/apache/openjpa/kernel/PNonTransDirtyState.java,2,3,1,2,9,2,0,3,36,0.0,0.0,0.0,9,0,0,0,0,9,9,0,0,0,0,0,0,0,0,0,0,0,0,30,8,0,0,0,0,1,0,0,0,0,0,0,0,0,57,0,0,0,5,2,135,67,27.0,69,62,13.8,204,129,40.8,928,540.0,No
0.9.6,openjpa-kernel/src/main/java/org/apache/openjpa/kernel/TransientState.java,2,2,0,2,1,2,0,6,0,0.0,NaN,NaN,1,0,0,0,0,1,1,0,0,0,0,0,0,0,0,0,0,0,0,7,0,0,0,0,0,0,0,0,0,0,0,0,0,0,31,0,0,0,5,2,74,37,14.8,38,32,7.6,112,69,22.4,928,540.0,No
0.9.6,openjpa-kernel/src/main/java/org/apache/openjpa/kernel/PDirtyState.java,3,4,1,3,15,2,0,7,105,0.0,0.0,0.0,15,0,0,0,0,15,15,0,0,0,0,0,0,0,0,0,0,0,0,49,13,0,0,0,0,2,0,0,0,0,0,0,0,0,58,0,0,0,6,2,180,88,30.0,89,83,14.833333333333334,269,171,44.833333333333336,928,454.5,No
0.9.6,openjpa-kernel/src/main/java/org/apache/openjpa/kernel/ECopyState.java,3,4,1,3,12,2,0,5,66,0.0,0.0,0.0,12,0,0,0,0,12,12,0,0,0,0,0,0,0,0,0,0,0,0,40,10,0,0,0,0,1,0,0,0,0,0,0,0,0,51,0,0,0,5,2,162,81,32.4,82,76,16.4,244,157,48.8,928,540.0,No
0.9.6,openjpa-jdbc/src/main/java/org/apache/openjpa/jdbc/kernel/exps/InKeyExpression.java,5,6,1,5,3,2,0,3,1,0.0,0.0,0.0,2,0,1,0,1,0,2,0,0,0,0,0,0,0,0,0,0,0,0,9,1,0,1,0,1,0,0,1,0,1,0,0,0,0,36,0,0,0,3,2,46,44,15.333333333333334,2,2,0.6666666666666666,48,44,16.0,928,483.6666666666667,No
0.9.6,openjpa-kernel/src/main/java/org/apache/openjpa/ee/SunOneManagedRuntime.java,2,3,1,2,2,1,0,3,0,0.0,0.0,0.0,2,0,2,0,0,0,2,0,0,0,2,0,0,2,0,0,0,0,1,13,1,0,0,0,0,3,0,4,0,4,0,0,0,0,21,1,0,0,4,1,88,46,22.0,42,41,10.5,130,87,32.5,928,668.5,Yes
0.9.6,openjpa-kernel/src/main/java/org/apache/openjpa/kernel/exps/Mod.java,2,3,1,2,2,2,0,1,1,0.0,0.0,0.0,2,0,1,0,1,0,2,0,0,0,0,0,0,0,0,0,0,0,0,8,1,0,0,0,0,0,0,0,0,0,0,0,0,0,20,0,0,0,4,1,77,39,19.25,38,35,9.5,115,74,28.75,928,668.5,No
0.9.6,openjpa-jdbc/src/main/java/org/apache/openjpa/jdbc/kernel/exps/ToLowerCase.java,7,8,1,7,3,3,0,8,1,0.0,0.0,0.0,2,0,2,0,0,0,2,0,0,0,0,0,0,0,0,0,0,0,0,14,0,0,1,0,0,2,2,3,1,3,0,0,0,0,34,0,0,0,3,2,56,49,18.666666666666668,7,7,2.3333333333333335,63,49,21.0,928,483.6666666666667,No
0.9.6,openjpa-jdbc/src/main/java/org/apache/openjpa/jdbc/kernel/exps/Count.java,5,6,1,5,5,3,0,1,10,0.0,0.0,0.0,5,0,3,0,2,0,5,0,0,0,0,0,0,0,0,0,0,0,0,17,4,0,0,0,0,1,0,0,0,0,0,0,0,0,29,0,0,0,5,2,59,56,11.8,7,5,1.4,66,56,13.2,928,313.4,No
0.9.6,openjpa-kernel/src/main/java/org/apache/openjpa/conf/Compatibility.java,0,4,4,0,14,1,0,0,77,0.85714287,0.0,0.0,14,0,14,0,0,0,14,0,0,0,7,0,0,7,0,0,0,0,0,51,7,0,0,0,0,0,0,14,0,7,0,0,0,0,124,1,0,0,6,3,324,139,54.0,165,136,27.5,489,275,81.5,928,446.8333333333333,No
0.9.6,openjpa-kernel/src/main/java/org/apache/openjpa/datacache/ConcurrentQueryCache.java,9,11,2,9,16,3,0,17,0,0.125,0.0,0.0,16,0,8,0,8,0,16,0,0,0,1,0,0,1,0,0,0,0,0,52,10,0,0,0,0,0,0,1,0,1,0,0,0,0,125,1,0,0,6,2,275,137,45.833333333333336,138,133,23.0,413,270,68.83333333333333,928,494.8333333333333,No
0.9.6,openjpa-kernel/src/main/java/org/apache/openjpa/util/CallbackException.java,2,3,1,2,3,6,0,0,3,0.0,0.0,0.0,3,0,3,0,0,0,3,0,0,0,0,0,0,0,0,0,0,0,0,11,1,0,0,0,0,0,0,0,0,0,0,0,0,0,23,1,0,0,7,2,90,42,12.857142857142858,50,38,7.142857142857143,140,80,20.0,928,425.57142857142856,No
0.9.6,openjpa-kernel/src/main/java/org/apache/openjpa/kernel/exps/OrExpression.java,3,4,1,3,4,2,0,4,0,0.0,0.0,0.0,4,0,2,0,2,0,4,0,0,0,2,0,0,2,0,0,2,0,0,20,2,0,0,0,0,0,0,2,0,2,0,0,0,0,27,0,0,0,5,2,112,53,22.4,52,49,10.4,164,102,32.8,928,552.8,No
0.9.6,openjpa-jdbc/src/main/java/org/apache/openjpa/jdbc/kernel/exps/SQLExpression.java,1,1,0,1,1,2,0,0,0,0.0,NaN,NaN,1,0,1,0,0,0,1,0,0,0,1,1,1,0,0,0,1,0,0,6,1,0,0,0,0,1,0,1,0,1,0,0,0,0,44,1,0,0,2,1,38,38,19.0,0,0,0.0,38,38,19.0,928,686.0,No
0.9.6,openjpa-jdbc/src/main/java/org/apache/openjpa/jdbc/sql/Calendard.java,0,2,2,0,1,1,0,0,0,0.0,NaN,NaN,1,0,1,0,0,0,1,0,0,0,2,0,2,0,0,0,2,0,0,8,0,0,0,0,0,0,0,2,0,2,0,0,0,0,17,1,0,0,2,1,35,35,17.5,0,0,0.0,35,35,17.5,928,686.0,No
0.9.6,openjpa-jdbc/src/main/java/org/apache/openjpa/jdbc/conf/FetchModeValue.java,1,2,1,1,1,2,0,3,0,0.75,NaN,NaN,1,0,1,0,0,0,1,0,0,0,4,4,3,1,0,0,3,0,5,11,0,0,0,0,0,5,0,4,0,4,0,0,0,0,49,1,0,0,3,1,50,49,16.666666666666668,0,0,0.0,50,49,16.666666666666668,928,458.3333333333333,No
0.9.6,openjpa-jdbc/src/main/java/org/apache/openjpa/jdbc/sql/CacheDictionary.java,1,2,1,1,1,2,0,0,0,0.0,NaN,NaN,1,0,1,0,0,0,1,0,0,0,0,0,0,0,0,0,0,0,0,14,0,0,0,0,0,8,0,10,0,0,0,0,0,0,46,1,0,0,2,1,42,42,21.0,0,0,0.0,42,42,21.0,928,686.0,No
0.9.6,openjpa-kernel/src/main/java/org/apache/openjpa/kernel/PNewProvisionalState.java,3,4,1,3,14,2,0,6,91,0.0,0.0,0.0,14,0,0,0,0,14,14,0,0,0,0,0,0,0,0,0,0,0,0,49,13,0,0,0,0,0,0,0,0,0,0,0,0,0,51,0,0,0,5,1,144,52,28.8,54,48,10.8,198,52,39.6,14,9.6,No
0.9.6,openjpa-jdbc/src/main/java/org/apache/openjpa/jdbc/kernel/exps/Min.java,2,3,1,2,3,3,0,0,3,0.0,0.0,0.0,3,0,2,0,1,0,3,0,0,0,0,0,0,0,0,0,0,0,0,11,2,0,0,0,0,1,0,0,0,0,0,0,0,0,17,0,0,0,3,2,42,41,14.0,1,1,0.3333333333333333,43,41,14.333333333333334,928,466.0,No
0.9.6,openjpa-jdbc/src/main/java/org/apache/openjpa/jdbc/kernel/exps/Size.java,7,8,1,7,5,3,0,5,10,0.0,0.0,0.0,5,0,3,0,2,0,5,0,0,0,0,0,0,0,0,0,0,0,0,19,2,0,0,0,0,0,0,0,0,0,0,0,0,0,27,0,0,0,6,2,70,58,11.666666666666666,16,8,2.6666666666666665,86,58,14.333333333333334,928,285.8333333333333,No
0.9.6,openjpa-jdbc/src/main/java/org/apache/openjpa/jdbc/meta/StrategyInstaller.java,6,17,11,6,6,1,6,1,15,0.8333333,0.0,0.0,6,0,6,0,0,0,6,4,0,0,2,0,0,0,2,0,2,0,0,15,1,0,0,0,0,0,0,2,0,2,0,0,0,0,48,1025,0,0,3,1,68,67,22.666666666666668,1,1,0.3333333333333333,69,67,23.0,928,531.3333333333334,No
0.9.6,openjpa-jdbc/src/main/java/org/apache/openjpa/jdbc/sql/Sized.java,0,3,3,0,1,1,0,0,0,0.0,NaN,NaN,1,0,1,0,0,0,1,0,0,0,2,0,2,0,0,0,2,0,0,8,0,0,0,0,0,0,0,2,0,2,0,0,0,0,16,1,0,0,2,1,33,33,16.5,0,0,0.0,33,33,16.5,928,686.0,No
0.9.6,openjpa-kernel/src/main/java/org/apache/openjpa/kernel/EDeletedState.java,2,3,1,2,10,2,0,3,45,0.0,0.0,0.0,10,0,1,0,0,9,10,0,0,0,0,0,0,0,0,0,0,0,0,35,10,0,0,0,0,1,0,0,0,0,0,0,0,0,41,0,0,0,5,2,144,72,28.8,73,67,14.6,217,139,43.4,928,540.0,No
0.9.6,openjpa-lib/src/main/java/org/apache/openjpa/lib/jdbc/JDBCEvent.java,1,8,7,1,7,1,0,2,11,0.91596645,0.0,0.0,7,0,7,0,0,0,7,0,6,0,17,12,12,5,0,0,17,0,1,45,6,0,0,0,0,0,12,17,0,17,0,0,0,0,80,1,0,0,4,1,50,37,12.5,48,40,12.0,98,77,24.5,928,605.25,No
0.9.6,openjpa-kernel/src/main/java/org/apache/openjpa/kernel/PDeletedState.java,2,4,2,2,15,2,1,5,91,0.0,0.0,0.0,14,0,0,0,0,14,14,0,0,0,0,0,0,0,0,0,0,0,0,47,14,0,0,0,1,4,1,0,0,0,0,0,0,0,54,0,0,0,7,2,180,88,25.714285714285715,93,83,13.285714285714286,273,171,39.0,928,389.7142857142857,No
0.9.6,openjpa-lib/src/main/java/org/apache/openjpa/lib/rop/ListResultList.java,3,7,4,3,18,2,1,13,0,0.5555556,0.0,0.0,18,0,18,0,0,0,18,0,0,0,2,0,0,2,0,0,1,0,0,67,16,0,0,0,0,0,0,3,0,2,0,0,0,0,47,1,0,0,4,1,22,10,5.5,27,22,6.75,49,32,12.25,928,605.25,No
0.9.6,openjpa-kernel/src/main/java/org/apache/openjpa/ee/JNDIManagedRuntime.java,2,3,1,2,3,1,0,2,0,0.0,0.0,0.0,3,0,3,0,0,0,3,0,0,0,1,0,0,1,0,0,0,0,0,18,2,0,0,1,0,1,0,3,0,2,1,0,0,0,30,1,0,0,5,1,113,57,22.6,57,52,11.4,170,109,34.0,928,623.6,Yes
0.9.6,openjpa-jdbc/src/main/java/org/apache/openjpa/jdbc/meta/strats/TimestampVersionStrategy.java,1,2,1,1,3,4,0,1,3,0.6666667,0.0,0.0,3,0,1,0,2,0,3,0,0,0,1,1,1,0,0,0,1,0,1,12,3,0,0,0,0,1,0,1,0,1,0,0,0,0,21,1,0,0,2,1,43,43,21.5,0,0,0.0,43,43,21.5,928,686.0,Yes
0.9.6,openjpa-kernel/src/main/java/org/apache/openjpa/util/ReferentialIntegrityException.java,3,4,1,3,10,6,0,7,16,0.875,0.0,0.0,8,1,5,3,0,0,5,0,0,0,7,6,5,2,0,0,6,0,1,39,6,0,0,0,0,3,5,9,0,7,1,0,0,0,57,1,0,0,5,1,186,94,37.2,95,87,19.0,281,181,56.2,928,551.0,No
0.9.6,openjpa-jdbc/src/main/java/org/apache/openjpa/jdbc/kernel/exps/ToUpperCase.java,7,8,1,7,3,3,0,8,1,0.0,0.0,0.0,2,0,2,0,0,0,2,0,0,0,0,0,0,0,0,0,0,0,0,14,0,0,1,0,0,2,2,3,1,3,0,0,0,0,34,0,0,0,3,2,56,49,18.666666666666668,6,6,2.0,62,49,20.666666666666668,928,483.6666666666667,No
0.9.6,openjpa-kernel/src/main/java/org/apache/openjpa/util/NoTransactionException.java,2,3,1,2,2,7,0,0,1,0.0,0.0,0.0,2,0,2,0,0,0,2,0,0,0,0,0,0,0,0,0,0,0,0,8,1,0,0,0,0,0,0,0,0,0,0,0,0,0,30,1,0,0,6,1,89,43,14.833333333333334,52,39,8.666666666666666,141,82,23.5,928,496.1666666666667,No
0.9.6,openjpa-jdbc/src/main/java/org/apache/openjpa/jdbc/meta/strats/ByteArrayValueHandler.java,8,10,2,8,4,2,0,5,6,0.75,0.0,0.0,4,1,4,0,0,0,4,0,0,0,1,1,0,1,0,0,1,0,2,19,4,0,0,0,0,0,1,2,0,2,0,0,0,0,28,1,0,0,2,1,59,59,29.5,0,0,0.0,59,59,29.5,928,686.0,No
0.9.6,openjpa-jdbc/src/main/java/org/apache/openjpa/jdbc/kernel/exps/IsEmptyExpression.java,7,8,1,7,5,1,0,8,0,0.0,0.0,0.0,5,0,5,0,0,0,5,0,0,0,1,0,0,1,0,0,1,0,0,22,1,0,0,0,0,0,0,1,0,1,0,0,0,0,37,0,0,0,5,2,94,72,18.8,32,19,6.4,126,72,25.2,928,335.6,No
0.9.6,openjpa-jdbc/src/main/java/org/apache/openjpa/jdbc/kernel/DelegatingJDBCFetchConfiguration.java,6,7,1,6,45,2,0,24,276,0.0,0.0,0.0,24,0,24,0,0,0,24,0,0,0,0,0,0,0,0,0,0,0,0,190,22,0,0,21,0,0,0,0,0,0,1,0,0,0,68,1,0,0,5,2,245,233,49.0,2,1,0.4,247,233,49.4,928,360.8,Yes
0.9.6,openjpa-kernel/src/main/java/org/apache/openjpa/ant/PCEnhancerTask.java,7,7,0,7,7,2,0,5,1,0.5,0.0,0.0,6,0,4,0,2,0,6,0,0,0,2,0,0,0,2,0,0,0,1,25,1,0,1,0,1,0,0,9,0,4,0,0,0,0,92,1,0,0,7,2,191,99,27.285714285714285,103,86,14.714285714285714,294,185,42.0,928,396.14285714285717,No
0.9.6,openjpa-kernel/src/main/java/org/apache/openjpa/kernel/exps/ValuePath.java,5,6,1,5,4,2,0,6,0,0.0,0.0,0.0,4,0,3,0,1,0,4,0,0,0,1,0,0,1,0,0,1,0,0,17,2,0,0,0,0,0,0,1,0,1,0,0,0,0,31,0,0,0,5,2,109,52,21.8,55,48,11.0,164,100,32.8,928,552.8,No
0.9.6,openjpa-kernel/src/main/java/org/apache/openjpa/util/ObjectExistsException.java,2,2,0,2,2,6,0,0,1,0.0,0.0,0.0,2,0,2,0,0,0,2,0,0,0,0,0,0,0,0,0,0,0,0,8,1,0,0,0,0,0,0,0,0,0,0,0,0,0,25,1,0,0,5,1,94,47,18.8,58,43,11.6,152,90,30.4,928,551.0,No
0.9.6,openjpa-kernel/src/main/java/org/apache/openjpa/util/UnsupportedException.java,2,11,9,2,5,5,0,1,10,0.0,0.0,0.0,5,0,5,0,0,0,5,0,0,0,0,0,0,0,0,0,0,0,0,20,1,0,0,0,0,0,0,0,0,0,0,0,0,0,29,1,0,0,6,1,101,49,16.833333333333332,50,45,8.333333333333334,151,94,25.166666666666668,928,496.1666666666667,No
0.9.6,openjpa-kernel/src/main/java/org/apache/openjpa/event/LifecycleEvent.java,1,11,10,1,4,1,0,0,2,0.95238096,0.0,0.0,4,0,4,0,0,0,4,0,0,0,21,19,19,2,0,0,21,0,0,37,2,0,0,0,0,0,18,21,0,21,0,0,0,0,65,1,0,0,5,1,359,185,71.8,174,164,34.8,533,349,106.6,928,579.2,No
0.9.6,openjpa-lib/src/main/java/org/apache/openjpa/lib/log/LogFactoryAdapter.java,4,7,3,4,3,1,2,3,1,0.5,0.0,0.0,2,0,1,0,1,0,2,1,0,0,1,0,0,1,0,0,0,0,0,12,1,0,1,0,0,0,0,3,0,2,1,0,0,0,38,1025,0,0,4,1,21,10,5.25,23,17,5.75,44,27,11.0,928,605.25,No
0.9.6,openjpa-kernel/src/main/java/org/apache/openjpa/kernel/ECleanState.java,2,3,1,2,13,2,0,2,78,0.0,0.0,0.0,13,0,0,0,0,13,13,0,0,0,0,0,0,0,0,0,0,0,0,42,12,0,0,0,0,0,0,0,0,0,0,0,0,0,59,0,0,0,5,2,168,84,33.6,85,79,17.0,253,163,50.6,928,540.0,No
0.9.6,openjpa-kernel/src/main/java/org/apache/openjpa/event/NoneOrphanedKeyAction.java,3,3,0,3,1,1,0,0,0,0.0,NaN,NaN,1,0,1,0,0,0,1,0,0,0,0,0,0,0,0,0,0,0,0,5,1,0,0,0,0,0,0,0,0,0,0,0,0,0,26,1,0,0,5,1,67,34,13.4,33,30,6.6,100,64,20.0,928,579.2,No
0.9.6,openjpa-jdbc/src/main/java/org/apache/openjpa/jdbc/kernel/exps/NotExpression.java,7,8,1,7,5,2,0,8,0,0.0,0.0,0.0,5,0,5,0,0,0,5,0,0,0,1,0,0,1,0,0,1,0,0,30,1,0,0,0,2,2,0,2,0,2,0,0,1,0,34,0,0,0,5,2,106,73,21.2,28,17,5.6,134,73,26.8,928,335.6,No
0.9.6,openjpa-kernel/src/main/java/org/apache/openjpa/kernel/exps/InstanceofExpression.java,4,5,1,4,6,2,0,9,0,0.125,0.0,0.0,4,0,2,0,2,0,4,0,0,0,2,0,0,2,0,0,2,0,0,21,2,0,1,0,1,0,0,4,0,4,0,0,0,0,42,0,0,0,5,2,125,60,25.0,59,56,11.8,184,116,36.8,928,552.8,No
0.9.6,openjpa-kernel/src/main/java/org/apache/openjpa/event/ExceptionOrphanedKeyAction.java,6,7,1,6,1,1,0,2,0,0.0,NaN,NaN,1,0,1,0,0,0,1,0,0,0,1,1,0,1,0,0,1,0,0,6,0,0,0,0,0,1,0,1,0,1,0,0,0,0,29,1,0,0,5,1,78,40,15.6,39,35,7.8,117,75,23.4,928,579.2,No
0.9.6,openjpa-kernel/src/main/java/org/apache/openjpa/util/ObjectId.java,2,6,4,2,9,2,0,2,0,0.0,0.0,0.0,7,0,4,0,2,1,7,0,0,0,1,0,0,1,0,0,0,0,0,27,4,0,3,0,3,0,1,4,0,2,0,0,0,0,33,17,0,0,5,1,130,66,26.0,68,61,13.6,198,127,39.6,928,544.2,No
0.9.6,openjpa-kernel/src/main/java/org/apache/openjpa/kernel/exps/NotExpression.java,3,4,1,3,4,2,0,5,0,0.0,0.0,0.0,4,0,2,0,2,0,4,0,0,0,1,0,0,1,0,0,1,0,0,17,2,0,0,0,0,0,0,1,0,1,0,0,0,0,22,0,0,0,5,2,103,49,20.6,48,45,9.6,151,94,30.2,928,552.8,No
0.9.6,openjpa-kernel/src/main/java/org/apache/openjpa/kernel/NoneLockManager.java,2,2,0,2,3,2,0,1,3,0.0,0.0,0.0,3,0,3,0,0,0,3,0,0,0,0,0,0,0,0,0,0,0,0,11,1,0,0,0,0,0,0,0,0,0,0,0,0,0,31,1,0,0,4,1,73,38,18.25,35,34,8.75,108,72,27.0,928,668.5,No
0.9.6,openjpa-jdbc/src/main/java/org/apache/openjpa/jdbc/meta/NoneStrategyInstaller.java,10,10,0,10,5,2,0,13,10,0.0,0.0,0.0,5,0,5,0,0,0,5,0,0,0,0,0,0,0,0,0,0,0,4,22,0,0,0,0,0,0,0,0,0,0,0,0,0,0,28,1,0,0,3,1,61,60,20.333333333333332,1,1,0.3333333333333333,62,60,20.666666666666668,928,531.3333333333334,No
0.9.6,openjpa-kernel/src/main/java/org/apache/openjpa/util/StoreException.java,2,15,13,2,4,5,5,1,6,1.0,0.0,0.0,4,0,4,0,0,0,4,0,0,0,5,5,5,0,0,0,5,0,0,19,1,0,0,0,0,0,5,5,0,5,0,0,0,0,36,1,0,0,6,1,106,51,17.666666666666668,56,47,9.333333333333334,162,98,27.0,928,496.1666666666667,No
0.9.6,openjpa-kernel/src/main/java/org/apache/openjpa/kernel/PNewFlushedDeletedState.java,2,4,2,2,15,2,1,3,105,0.0,0.0,0.0,15,0,0,0,0,15,15,0,0,0,0,0,0,0,0,0,0,0,0,50,15,0,0,0,0,4,0,0,0,0,0,0,0,0,55,0,0,0,5,2,184,92,36.8,93,87,18.6,277,179,55.4,928,540.0,No
0.9.7,openjpa-kernel/src/main/java/org/apache/openjpa/datacache/TypesChangedEvent.java,0,6,6,0,2,1,0,0,0,0.0,0.0,0.0,2,0,2,0,0,0,2,0,0,0,1,0,0,1,0,0,1,0,0,10,1,0,0,0,0,0,0,1,0,1,0,0,0,0,29,1,0,0,1,1,13,13,13.0,10,10,10.0,23,23,23.0,952,952.0,No
0.9.7,openjpa-jdbc/src/main/java/org/apache/openjpa/jdbc/kernel/exps/SQLValue.java,1,2,1,1,1,2,0,0,0,0.0,NaN,NaN,1,0,1,0,0,0,1,0,0,0,1,1,1,0,0,0,1,0,0,6,1,0,0,0,0,1,0,1,0,1,0,0,0,0,43,1,0,0,1,1,13,13,13.0,10,10,10.0,23,23,23.0,952,952.0,No
0.9.7,openjpa-kernel/src/main/java/org/apache/openjpa/event/TransactionEvent.java,1,7,6,1,10,1,0,0,5,0.8809525,0.0,0.0,6,0,6,0,0,0,6,0,0,0,14,9,9,5,0,0,14,0,0,39,5,0,4,0,4,0,9,14,0,14,0,0,0,0,121,1,0,0,1,1,13,13,13.0,10,10,10.0,23,23,23.0,952,952.0,No
0.9.7,openjpa-kernel/src/main/java/org/apache/openjpa/kernel/exps/AndExpression.java,3,5,2,3,6,2,1,5,0,0.16666667,0.0,0.0,6,0,4,0,2,0,6,0,0,0,2,0,0,2,0,0,2,0,0,26,4,0,0,0,0,0,0,2,0,2,0,0,0,0,30,0,0,0,1,1,13,13,13.0,10,10,10.0,23,23,23.0,952,952.0,No
0.9.7,openjpa-kernel/src/main/java/org/apache/openjpa/kernel/exps/Subtract.java,3,4,1,3,2,3,0,1,1,0.0,0.0,0.0,2,0,1,0,1,0,2,0,0,0,0,0,0,0,0,0,0,0,1,8,1,0,0,0,0,0,0,0,0,0,0,0,0,0,22,0,0,0,1,1,13,13,13.0,10,10,10.0,23,23,23.0,952,952.0,No
0.9.7,openjpa-jdbc/src/main/java/org/apache/openjpa/jdbc/kernel/exps/QueryExpressionsState.java,1,5,4,1,0,1,0,0,0,NaN,-1.0,-1.0,0,0,0,0,0,0,0,0,0,0,6,1,6,0,0,0,1,0,0,8,0,0,0,0,0,0,1,6,0,6,0,0,0,0,29,1,0,0,1,1,13,13,13.0,10,10,10.0,23,23,23.0,952,952.0,No
0.9.7,openjpa-kernel/src/main/java/org/apache/openjpa/kernel/AbstractFieldManager.java,2,3,1,2,20,1,1,0,190,0.0,0.0,0.0,20,0,20,0,0,0,20,0,0,0,0,0,0,0,0,0,0,0,0,62,0,0,0,0,0,0,0,0,0,0,0,0,0,0,26,1024,0,0,1,1,13,13,13.0,10,10,10.0,23,23,23.0,952,952.0,No
0.9.7,openjpa-lib/src/main/java/org/apache/openjpa/lib/meta/SuffixMetaDataFilter.java,2,3,1,2,3,1,0,2,0,0.0,0.0,0.0,2,0,2,0,0,0,2,0,0,0,1,0,0,1,0,0,1,0,0,10,1,0,1,0,0,0,0,2,0,2,0,0,0,0,23,1,0,0,1,1,13,13,13.0,10,10,10.0,23,23,23.0,952,952.0,No
0.9.7,openjpa-kernel/src/main/java/org/apache/openjpa/kernel/jpql/SimpleNode.java,2,2,0,2,1,2,0,0,0,0.0,NaN,NaN,1,0,0,0,0,1,1,0,0,0,0,0,0,0,0,0,0,0,0,5,0,0,0,0,0,0,0,0,0,0,0,0,0,0,22,1,0,0,1,1,13,13,13.0,10,10,10.0,23,23,23.0,952,952.0,No
0.9.7,openjpa-jdbc/src/main/java/org/apache/openjpa/jdbc/meta/strats/AbstractClassStrategy.java,11,17,6,11,7,2,6,0,21,0.85714287,0.0,0.0,7,0,7,0,0,0,7,0,0,0,1,0,0,0,1,0,0,0,0,24,6,0,0,0,0,0,0,2,0,1,0,0,0,0,60,1025,0,0,1,1,13,13,13.0,10,10,10.0,23,23,23.0,952,952.0,No
0.9.7,openjpa-kernel/src/main/java/org/apache/openjpa/util/OptimisticException.java,6,10,4,6,5,6,0,6,4,0.4,0.0,0.0,5,0,5,0,0,0,5,0,0,0,1,1,0,1,0,0,1,0,2,21,1,0,0,0,0,3,0,1,0,1,0,0,0,0,29,1,0,0,1,1,13,13,13.0,10,10,10.0,23,23,23.0,952,952.0,No
0.9.7,openjpa-kernel/src/main/java/org/apache/openjpa/kernel/exps/Lit.java,4,5,1,4,9,2,0,2,0,0.4375,0.0,0.0,8,0,7,0,1,0,8,0,0,0,2,0,0,2,0,0,1,0,1,29,5,0,1,0,1,0,0,4,0,2,0,0,0,0,28,0,0,0,1,1,13,13,13.0,10,10,10.0,23,23,23.0,952,952.0,No
0.9.7,openjpa-kernel/src/main/java/org/apache/openjpa/kernel/exps/UnboundVariable.java,2,3,1,2,6,2,0,0,7,0.5833334,0.0,0.0,6,0,5,0,1,0,6,0,0,0,2,0,0,2,0,0,0,0,0,22,3,0,0,0,0,0,0,5,0,2,0,0,0,0,56,0,0,0,1,1,13,13,13.0,10,10,10.0,23,23,23.0,952,952.0,No
0.9.7,openjpa-jdbc/src/main/java/org/apache/openjpa/jdbc/kernel/exps/IsNotEmptyExpression.java,7,8,1,7,5,1,0,8,0,0.0,0.0,0.0,5,0,5,0,0,0,5,0,0,0,1,0,0,1,0,0,1,0,0,22,1,0,0,0,0,0,0,1,0,1,0,0,0,0,38,0,0,0,1,1,13,13,13.0,10,10,10.0,23,23,23.0,952,952.0,No
0.9.7,openjpa-kernel/src/main/java/org/apache/openjpa/kernel/exps/Param.java,4,6,2,4,7,2,0,1,11,0.6666667,0.0,0.0,7,0,6,0,1,0,7,0,0,0,3,0,0,3,0,0,0,0,0,27,4,0,0,0,0,0,1,7,0,3,0,0,0,0,30,0,0,0,1,1,13,13,13.0,10,10,10.0,23,23,23.0,952,952.0,No
0.9.7,openjpa-jdbc/src/main/java/org/apache/openjpa/jdbc/sql/AbstractDB2Dictionary.java,3,5,2,3,5,2,2,2,3,0.0,0.0,0.0,3,0,3,0,0,0,3,0,0,0,0,0,0,0,0,0,0,0,0,59,0,0,2,0,0,31,0,27,1,0,1,0,0,0,96,1025,0,0,3,2,18,13,6.0,11,10,3.6666666666666665,29,23,9.666666666666666,952,318.3333333333333,Yes
0.9.7,openjpa-kernel/src/main/java/org/apache/openjpa/kernel/PNonTransDeletedState.java,2,3,1,2,12,2,0,1,66,0.0,0.0,0.0,12,0,0,0,0,12,12,0,0,0,0,0,0,0,0,0,0,0,0,38,12,0,0,0,0,6,0,0,0,0,0,0,0,0,45,1,0,0,1,1,13,13,13.0,10,10,10.0,23,23,23.0,952,952.0,No
0.9.7,openjpa-jdbc/src/main/java/org/apache/openjpa/jdbc/conf/JDBCSeqValue.java,6,6,0,6,1,2,0,8,0,0.0,NaN,NaN,1,0,1,0,0,0,1,0,0,0,1,1,0,0,0,1,1,0,0,9,0,0,0,0,0,3,2,1,0,1,0,0,0,0,57,1,0,0,1,1,13,13,13.0,10,10,10.0,23,23,23.0,952,952.0,No
0.9.7,openjpa-jdbc/src/main/java/org/apache/openjpa/jdbc/kernel/exps/InValueExpression.java,5,6,1,5,3,2,0,3,1,0.0,0.0,0.0,2,0,1,0,1,0,2,0,0,0,0,0,0,0,0,0,0,0,0,9,1,0,1,0,1,0,0,1,0,1,0,0,0,0,35,0,0,0,1,1,13,13,13.0,10,10,10.0,23,23,23.0,952,952.0,No
0.9.7,openjpa-kernel/src/main/java/org/apache/openjpa/ant/ApplicationIdToolTask.java,7,7,0,7,10,2,0,4,0,0.5,0.0,0.0,9,0,7,0,2,0,9,0,0,0,2,0,0,0,2,0,0,0,0,32,2,0,1,0,1,0,0,9,0,2,0,0,0,0,95,1,0,0,1,1,13,13,13.0,10,10,10.0,23,23,23.0,952,952.0,No
0.9.7,openjpa-jdbc/src/main/java/org/apache/openjpa/jdbc/kernel/exps/Any.java,2,3,1,2,2,3,0,0,1,0.0,0.0,0.0,2,0,1,0,1,0,2,0,0,0,0,0,0,0,0,0,0,0,0,8,1,0,0,0,0,1,0,0,0,0,0,0,0,0,8,0,0,0,1,1,13,13,13.0,10,10,10.0,23,23,23.0,952,952.0,No
0.9.7,openjpa-kernel/src/main/java/org/apache/openjpa/kernel/PNonTransNewState.java,2,3,1,2,8,2,0,2,28,0.0,0.0,0.0,8,0,0,0,0,8,8,0,0,0,0,0,0,0,0,0,0,0,0,27,7,0,0,0,0,0,0,0,0,0,0,0,0,0,38,0,0,0,1,1,13,13,13.0,10,10,10.0,23,23,23.0,952,952.0,No
0.9.7,openjpa-jdbc/src/main/java/org/apache/openjpa/jdbc/kernel/exps/All.java,2,3,1,2,2,3,0,0,1,0.0,0.0,0.0,2,0,1,0,1,0,2,0,0,0,0,0,0,0,0,0,0,0,0,8,1,0,0,0,0,1,0,0,0,0,0,0,0,0,8,0,0,0,1,1,13,13,13.0,10,10,10.0,23,23,23.0,952,952.0,No
0.9.7,openjpa-jdbc/src/main/java/org/apache/openjpa/jdbc/kernel/exps/AbstractVal.java,6,27,21,6,9,1,16,5,36,0.8888889,0.0,0.0,9,0,9,0,0,0,9,0,0,0,2,2,0,0,2,0,2,0,0,34,3,0,0,0,0,5,2,2,0,2,0,0,0,0,46,1024,0,0,1,1,13,13,13.0,10,10,10.0,23,23,23.0,952,952.0,No
0.9.7,openjpa-jdbc/src/main/java/org/apache/openjpa/jdbc/meta/strats/SuperclassVersionStrategy.java,3,3,0,3,3,2,0,6,3,0.0,0.0,0.0,3,0,3,0,0,0,3,0,0,0,0,0,0,0,0,0,0,0,0,11,2,0,0,0,0,0,0,0,0,0,0,0,0,0,34,1,0,0,1,1,13,13,13.0,10,10,10.0,23,23,23.0,952,952.0,Yes
0.9.7,openjpa-kernel/src/main/java/org/apache/openjpa/conf/SeqValue.java,2,3,1,2,1,2,0,4,0,0.0,NaN,NaN,1,0,1,0,0,0,1,0,0,0,1,1,0,1,0,0,1,0,0,9,0,0,0,0,0,1,2,1,0,1,0,0,0,0,40,1,0,0,1,1,13,13,13.0,10,10,10.0,23,23,23.0,952,952.0,No
0.9.7,openjpa-kernel/src/main/java/org/apache/openjpa/kernel/exps/Divide.java,3,4,1,3,2,3,0,1,1,0.0,0.0,0.0,2,0,1,0,1,0,2,0,0,0,0,0,0,0,0,0,0,0,1,8,1,0,0,0,0,0,0,0,0,0,0,0,0,0,21,0,0,0,1,1,13,13,13.0,10,10,10.0,23,23,23.0,952,952.0,No
0.9.7,openjpa-kernel/src/main/java/org/apache/openjpa/kernel/exps/ValExpression.java,4,5,1,4,8,2,0,9,0,0.0,0.0,0.0,4,0,2,0,2,0,4,0,0,0,1,0,0,1,0,0,1,0,0,20,2,0,3,0,3,0,0,4,0,4,0,0,0,0,26,0,0,0,1,1,13,13,13.0,10,10,10.0,23,23,23.0,952,952.0,No
0.9.7,openjpa-jdbc/src/main/java/org/apache/openjpa/jdbc/meta/strats/ClobValueHandler.java,5,7,2,5,2,2,0,3,1,0.5,0.0,0.0,2,1,2,0,0,0,2,0,0,0,1,1,0,1,0,0,1,0,0,13,2,0,0,0,0,0,1,2,0,2,0,0,0,0,17,1,0,0,1,1,13,13,13.0,10,10,10.0,23,23,23.0,952,952.0,No
0.9.7,openjpa-kernel/src/main/java/org/apache/openjpa/kernel/exps/Add.java,3,4,1,3,2,3,0,1,1,0.0,0.0,0.0,2,0,1,0,1,0,2,0,0,0,0,0,0,0,0,0,0,0,1,8,1,0,0,0,0,0,0,0,0,0,0,0,0,0,20,0,0,0,1,1,13,13,13.0,10,10,10.0,23,23,23.0,952,952.0,No
0.9.7,openjpa-jdbc/src/main/java/org/apache/openjpa/jdbc/meta/SequenceMapping.java,4,5,1,4,13,2,0,2,52,0.8846154,0.0,0.0,13,0,11,0,2,0,13,0,0,0,12,7,3,9,0,0,7,0,0,57,6,0,0,0,0,7,0,17,0,12,0,0,0,0,74,1,0,0,1,1,13,13,13.0,10,10,10.0,23,23,23.0,952,952.0,Yes
0.9.7,openjpa-kernel/src/main/java/org/apache/openjpa/kernel/exps/NotEqualExpression.java,2,3,1,2,5,3,0,1,1,0.0,0.0,0.0,2,0,1,0,1,0,2,0,0,0,0,0,0,0,0,0,0,0,0,8,1,0,3,0,2,0,0,0,0,0,0,0,0,0,19,0,0,0,1,1,13,13,13.0,10,10,10.0,23,23,23.0,952,952.0,No
0.9.7,openjpa-kernel/src/main/java/org/apache/openjpa/datacache/ExpirationEvent.java,0,2,2,0,3,1,0,0,0,0.33333334,0.0,0.0,3,0,3,0,0,0,3,0,0,0,2,0,0,2,0,0,2,0,0,15,2,0,0,0,0,0,0,2,0,2,0,0,0,0,40,1,0,0,1,1,13,13,13.0,10,10,10.0,23,23,23.0,952,952.0,No
0.9.7,openjpa-kernel/src/main/java/org/apache/openjpa/util/ObjectNotFoundException.java,6,10,4,6,4,6,0,6,4,0.5,0.0,0.0,4,0,4,0,0,0,4,0,0,0,1,1,0,1,0,0,1,0,2,17,1,0,0,0,0,2,0,1,0,1,0,0,0,0,35,1,0,0,1,1,13,13,13.0,10,10,10.0,23,23,23.0,952,952.0,No
0.9.7,openjpa-kernel/src/main/java/org/apache/openjpa/util/InvalidStateException.java,3,15,12,3,3,6,3,1,3,0.0,0.0,0.0,3,0,3,0,0,0,3,0,0,0,0,0,0,0,0,0,0,0,0,12,1,0,0,0,0,0,0,0,0,0,0,0,0,0,39,1,0,0,1,1,13,13,13.0,10,10,10.0,23,23,23.0,952,952.0,No
0.9.7,openjpa-jdbc/src/main/java/org/apache/openjpa/jdbc/meta/strats/BlobValueHandler.java,5,6,1,5,2,2,0,3,1,0.5,0.0,0.0,2,1,2,0,0,0,2,0,0,0,1,1,0,1,0,0,1,0,0,13,2,0,0,0,0,0,1,2,0,2,0,0,0,0,17,1,0,0,1,1,13,13,13.0,10,10,10.0,23,23,23.0,952,952.0,No
0.9.7,openjpa-kernel/src/main/java/org/apache/openjpa/kernel/PCleanState.java,2,3,1,2,13,2,0,2,78,0.0,0.0,0.0,13,0,0,0,0,13,13,0,0,0,0,0,0,0,0,0,0,0,0,42,12,0,0,0,0,0,0,0,0,0,0,0,0,0,55,0,0,0,1,1,13,13,13.0,10,10,10.0,23,23,23.0,952,952.0,No
0.9.7,openjpa-jdbc/src/main/java/org/apache/openjpa/jdbc/kernel/exps/Sqrt.java,2,3,1,2,3,3,0,0,3,0.0,0.0,0.0,3,0,1,0,2,0,3,0,0,0,0,0,0,0,0,0,0,0,0,11,2,0,0,0,0,1,0,0,0,0,0,0,0,0,18,0,0,0,1,1,13,13,13.0,10,10,10.0,23,23,23.0,952,952.0,No
0.9.7,openjpa-jdbc/src/main/java/org/apache/openjpa/jdbc/sql/FirebirdDictionary.java,5,6,1,5,4,3,0,4,3,0.0,0.0,0.0,3,0,3,0,0,0,3,0,0,0,0,0,0,0,0,0,0,0,0,25,1,0,1,0,0,10,0,3,1,0,1,0,0,0,43,1,0,0,1,1,13,13,13.0,10,10,10.0,23,23,23.0,952,952.0,No
0.9.7,openjpa-jdbc/src/main/java/org/apache/openjpa/jdbc/kernel/ConnectionInfo.java,3,5,2,3,0,1,0,0,0,NaN,-1.0,-1.0,0,0,0,0,0,0,0,0,0,0,3,0,3,0,0,0,0,0,0,5,0,0,0,0,0,0,0,3,0,3,0,0,0,0,25,1,0,0,1,1,13,13,13.0,10,10,10.0,23,23,23.0,952,952.0,No
0.9.7,openjpa-kernel/src/main/java/org/apache/openjpa/kernel/PDeletedFlushedState.java,4,6,2,4,2,3,0,1,1,0.0,0.0,0.0,2,0,0,0,0,2,2,0,0,0,0,0,0,0,0,0,0,0,0,9,2,0,0,0,0,0,0,0,0,0,0,0,0,0,30,0,0,0,1,1,13,13,13.0,10,10,10.0,23,23,23.0,952,952.0,No
0.9.7,openjpa-kernel/src/main/java/org/apache/openjpa/kernel/exps/BindValueVariableExpression.java,3,4,1,3,3,3,0,1,1,0.0,0.0,0.0,2,0,1,0,1,0,2,0,0,0,0,0,0,0,0,0,0,0,0,9,1,0,1,0,1,0,0,1,0,1,0,0,0,0,23,0,0,0,1,1,13,13,13.0,10,10,10.0,23,23,23.0,952,952.0,No
0.9.7,openjpa-jdbc/src/main/java/org/apache/openjpa/jdbc/kernel/exps/Avg.java,2,3,1,2,3,3,0,0,3,0.0,0.0,0.0,3,0,2,0,1,0,3,0,0,0,0,0,0,0,0,0,0,0,0,11,2,0,0,0,0,1,0,0,0,0,0,0,0,0,17,0,0,0,1,1,13,13,13.0,10,10,10.0,23,23,23.0,952,952.0,No
0.9.7,openjpa-kernel/src/main/java/org/apache/openjpa/kernel/exps/Multiply.java,3,4,1,3,2,3,0,1,1,0.0,0.0,0.0,2,0,1,0,1,0,2,0,0,0,0,0,0,0,0,0,0,0,1,8,1,0,0,0,0,0,0,0,0,0,0,0,0,0,20,0,0,0,1,1,13,13,13.0,10,10,10.0,23,23,23.0,952,952.0,No
0.9.7,openjpa-kernel/src/main/java/org/apache/openjpa/kernel/exps/ContainsKeyExpression.java,2,3,1,2,3,3,0,1,1,0.0,0.0,0.0,2,0,1,0,1,0,2,0,0,0,0,0,0,0,0,0,0,0,0,8,1,0,1,0,2,0,0,0,0,0,0,0,0,0,26,0,0,0,1,1,13,13,13.0,10,10,10.0,23,23,23.0,952,952.0,No
0.9.7,openjpa-kernel/src/main/java/org/apache/openjpa/util/NoResultException.java,3,3,0,3,3,7,0,1,3,0.0,0.0,0.0,3,0,3,0,0,0,3,0,0,0,0,0,0,0,0,0,0,0,0,12,1,0,0,0,0,0,0,0,0,0,0,0,0,0,35,1,0,0,2,1,56,43,28.0,10,10,5.0,66,43,33.0,952,479.0,No
0.9.7,openjpa-lib/src/main/java/org/apache/openjpa/lib/rop/SoftRandomAccessResultList.java,3,4,1,3,2,4,0,0,1,0.0,0.0,0.0,2,0,1,0,1,0,2,0,0,0,0,0,0,0,0,0,0,0,0,8,1,0,0,0,0,0,0,0,0,0,0,0,0,0,23,1,0,0,1,1,13,13,13.0,10,10,10.0,23,23,23.0,952,952.0,No
0.9.7,openjpa-kernel/src/main/java/org/apache/openjpa/kernel/exps/CompareExpression.java,6,16,10,6,13,2,9,12,0,0.2,0.0,0.0,5,0,2,0,3,0,5,1,0,0,2,0,0,2,0,0,2,0,6,37,2,0,6,0,2,0,0,14,0,10,1,0,0,0,35,1024,0,0,1,1,13,13,13.0,10,10,10.0,23,23,23.0,952,952.0,No
0.9.7,openjpa-persistence-jdbc/src/main/java/org/apache/openjpa/persistence/jdbc/JDBCFetchPlanImpl.java,8,10,2,8,16,2,0,16,0,0.0625,0.0,0.0,16,0,15,0,1,0,16,0,0,0,1,0,0,1,0,0,0,0,1,59,15,0,0,0,0,0,0,1,0,1,0,0,0,0,42,1,0,0,4,2,30,13,7.5,18,10,4.5,48,23,12.0,952,243.5,No
0.9.7,openjpa-kernel/src/main/java/org/apache/openjpa/util/MetaDataException.java,3,18,15,3,5,6,0,2,10,0.0,0.0,0.0,5,0,5,0,0,0,5,0,0,0,0,0,0,0,0,0,0,0,0,21,1,0,0,0,0,0,0,0,0,0,0,0,0,0,26,1,0,0,1,1,13,13,13.0,10,10,10.0,23,23,23.0,952,952.0,No
0.9.7,openjpa-kernel/src/main/java/org/apache/openjpa/util/NonUniqueResultException.java,3,3,0,3,3,7,0,1,3,0.0,0.0,0.0,3,0,3,0,0,0,3,0,0,0,0,0,0,0,0,0,0,0,0,12,1,0,0,0,0,0,0,0,0,0,0,0,0,0,39,1,0,0,2,1,56,43,28.0,10,10,5.0,66,43,33.0,952,479.0,No
0.9.7,openjpa-jdbc/src/main/java/org/apache/openjpa/jdbc/meta/strats/SuperclassDiscriminatorStrategy.java,11,14,3,11,8,3,0,14,10,0.0,0.0,0.0,5,0,5,0,0,0,5,0,0,0,0,0,0,0,0,0,0,0,0,24,3,1,2,0,0,0,0,2,0,1,2,0,0,0,43,1,0,0,2,2,18,13,9.0,10,10,5.0,28,23,14.0,952,480.0,No
0.9.7,openjpa-jdbc/src/main/java/org/apache/openjpa/jdbc/kernel/exps/InSubQExpression.java,9,10,1,9,5,2,0,13,0,0.0,0.0,0.0,5,0,5,0,0,0,5,0,0,0,2,0,0,2,0,0,2,0,0,41,1,0,0,0,0,1,4,6,0,6,0,0,1,0,46,0,0,0,1,1,13,13,13.0,10,10,10.0,23,23,23.0,952,952.0,No
0.9.7,openjpa-kernel/src/main/java/org/apache/openjpa/kernel/exps/EqualExpression.java,2,3,1,2,5,3,0,1,1,0.0,0.0,0.0,2,0,1,0,1,0,2,0,0,0,0,0,0,0,0,0,0,0,0,8,1,0,3,0,2,0,0,0,0,0,0,0,0,0,18,0,0,0,1,1,13,13,13.0,10,10,10.0,23,23,23.0,952,952.0,No
0.9.7,openjpa-kernel/src/main/java/org/apache/openjpa/util/InternalException.java,2,20,18,2,7,5,0,1,21,0.0,0.0,0.0,7,0,7,0,0,0,7,0,0,0,0,0,0,0,0,0,0,0,0,28,1,0,0,0,0,0,0,0,0,0,0,0,0,0,25,1,0,0,1,1,13,13,13.0,10,10,10.0,23,23,23.0,952,952.0,No
0.9.7,openjpa-jdbc/src/main/java/org/apache/openjpa/jdbc/meta/strats/AbstractValueHandler.java,5,14,9,5,6,1,9,0,15,0.0,0.0,0.0,6,0,6,0,0,0,6,0,0,0,0,0,0,0,0,0,0,0,0,20,6,0,0,0,0,0,0,0,0,0,0,0,0,0,41,1025,0,0,1,1,13,13,13.0,10,10,10.0,23,23,23.0,952,952.0,No
0.9.7,openjpa-jdbc/src/main/java/org/apache/openjpa/jdbc/conf/JDBCProductDerivation.java,4,4,0,4,4,2,0,4,3,0.0,0.0,0.0,3,0,3,0,0,0,3,0,0,0,0,0,0,0,0,0,0,0,0,15,3,0,1,0,0,2,0,0,0,0,1,0,0,0,35,1,0,0,1,1,13,13,13.0,10,10,10.0,23,23,23.0,952,952.0,No
0.9.7,openjpa-kernel/src/main/java/org/apache/openjpa/util/LongId.java,2,4,2,2,11,2,0,3,0,0.0,0.0,0.0,8,0,6,0,2,0,8,0,0,0,1,0,0,1,0,0,1,0,1,29,4,0,3,0,5,0,3,2,1,1,0,0,0,0,23,17,0,0,1,1,13,13,13.0,10,10,10.0,23,23,23.0,952,952.0,No
0.9.7,openjpa-kernel/src/main/java/org/apache/openjpa/kernel/TLoadedState.java,2,3,1,2,2,2,0,1,1,0.0,0.0,0.0,2,0,0,0,0,2,2,0,0,0,0,0,0,0,0,0,0,0,0,8,1,0,0,0,0,0,0,0,0,0,0,0,0,0,43,0,0,0,1,1,13,13,13.0,10,10,10.0,23,23,23.0,952,952.0,No
0.9.7,openjpa-jdbc/src/main/java/org/apache/openjpa/jdbc/kernel/exps/Distinct.java,5,6,1,5,3,3,0,1,3,0.0,0.0,0.0,3,0,2,0,1,0,3,0,0,0,0,0,0,0,0,0,0,0,0,11,2,0,0,0,0,1,0,0,0,0,0,0,0,0,17,0,0,0,1,1,13,13,13.0,10,10,10.0,23,23,23.0,952,952.0,No
0.9.7,openjpa-kernel/src/main/java/org/apache/openjpa/kernel/EDirtyState.java,3,4,1,3,14,2,0,5,91,0.0,0.0,0.0,14,0,1,0,0,13,14,0,0,0,0,0,0,0,0,0,0,0,0,46,12,0,0,0,0,1,0,0,0,0,0,0,0,0,54,0,0,0,1,1,13,13,13.0,10,10,10.0,23,23,23.0,952,952.0,No
0.9.7,openjpa-kernel/src/main/java/org/apache/openjpa/kernel/exps/BindKeyVariableExpression.java,3,4,1,3,3,3,0,1,1,0.0,0.0,0.0,2,0,1,0,1,0,2,0,0,0,0,0,0,0,0,0,0,0,0,9,1,0,1,0,1,0,0,1,0,1,0,0,0,0,24,0,0,0,1,1,13,13,13.0,10,10,10.0,23,23,23.0,952,952.0,No
0.9.7,openjpa-kernel/src/main/java/org/apache/openjpa/kernel/HollowState.java,2,3,1,2,11,2,0,4,55,0.0,0.0,0.0,11,0,0,0,0,11,11,0,0,0,0,0,0,0,0,0,0,0,0,38,10,0,0,0,0,0,0,0,0,0,0,0,0,0,78,0,0,0,1,1,13,13,13.0,10,10,10.0,23,23,23.0,952,952.0,No
0.9.7,openjpa-kernel/src/main/java/org/apache/openjpa/kernel/PNewDeletedState.java,2,3,1,2,14,2,0,4,91,0.0,0.0,0.0,14,0,0,0,0,14,14,0,0,0,0,0,0,0,0,0,0,0,0,48,14,0,0,0,0,4,0,0,0,0,0,0,0,0,47,0,0,0,1,1,13,13,13.0,10,10,10.0,23,23,23.0,952,952.0,No
0.9.7,openjpa-jdbc/src/main/java/org/apache/openjpa/jdbc/kernel/exps/Max.java,2,3,1,2,3,3,0,0,3,0.0,0.0,0.0,3,0,2,0,1,0,3,0,0,0,0,0,0,0,0,0,0,0,0,11,2,0,0,0,0,1,0,0,0,0,0,0,0,0,17,0,0,0,1,1,13,13,13.0,10,10,10.0,23,23,23.0,952,952.0,No
0.9.7,openjpa-kernel/src/main/java/org/apache/openjpa/kernel/exps/ContainsValueExpression.java,2,3,1,2,3,3,0,1,1,0.0,0.0,0.0,2,0,1,0,1,0,2,0,0,0,0,0,0,0,0,0,0,0,0,8,1,0,1,0,2,0,0,0,0,0,0,0,0,0,25,0,0,0,1,1,13,13,13.0,10,10,10.0,23,23,23.0,952,952.0,No
0.9.7,openjpa-jdbc/src/main/java/org/apache/openjpa/jdbc/schema/ReferenceCounter.java,0,12,12,0,3,1,3,0,0,0.0,0.0,0.0,3,0,3,0,0,0,3,0,0,0,1,0,0,1,0,0,0,0,0,12,1,0,0,0,0,0,1,1,0,1,0,0,0,0,21,0,0,0,2,2,17,13,8.5,11,10,5.5,28,23,14.0,952,495.5,No
0.9.7,openjpa-kernel/src/main/java/org/apache/openjpa/kernel/PNonTransDirtyState.java,2,3,1,2,9,2,0,3,36,0.0,0.0,0.0,9,0,0,0,0,9,9,0,0,0,0,0,0,0,0,0,0,0,0,30,8,0,0,0,0,1,0,0,0,0,0,0,0,0,57,0,0,0,1,1,13,13,13.0,10,10,10.0,23,23,23.0,952,952.0,No
0.9.7,openjpa-kernel/src/main/java/org/apache/openjpa/kernel/TransientState.java,4,5,1,4,1,2,0,6,0,0.0,NaN,NaN,1,0,0,0,0,1,1,0,0,0,0,0,0,0,0,0,0,0,0,7,0,0,0,0,0,0,0,0,0,0,0,0,0,0,31,0,0,0,1,1,13,13,13.0,10,10,10.0,23,23,23.0,952,952.0,No
0.9.7,openjpa-kernel/src/main/java/org/apache/openjpa/kernel/PDirtyState.java,3,4,1,3,15,2,0,7,105,0.0,0.0,0.0,15,0,0,0,0,15,15,0,0,0,0,0,0,0,0,0,0,0,0,49,13,0,0,0,0,2,0,0,0,0,0,0,0,0,58,0,0,0,1,1,13,13,13.0,10,10,10.0,23,23,23.0,952,952.0,No
0.9.7,openjpa-kernel/src/main/java/org/apache/openjpa/kernel/ECopyState.java,3,4,1,3,12,2,0,5,66,0.0,0.0,0.0,12,0,0,0,0,12,12,0,0,0,0,0,0,0,0,0,0,0,0,40,10,0,0,0,0,1,0,0,0,0,0,0,0,0,51,0,0,0,1,1,13,13,13.0,10,10,10.0,23,23,23.0,952,952.0,No
0.9.7,openjpa-jdbc/src/main/java/org/apache/openjpa/jdbc/kernel/exps/InKeyExpression.java,5,6,1,5,3,2,0,3,1,0.0,0.0,0.0,2,0,1,0,1,0,2,0,0,0,0,0,0,0,0,0,0,0,0,9,1,0,1,0,1,0,0,1,0,1,0,0,0,0,36,0,0,0,1,1,13,13,13.0,10,10,10.0,23,23,23.0,952,952.0,No
0.9.7,openjpa-kernel/src/main/java/org/apache/openjpa/ee/SunOneManagedRuntime.java,3,5,2,3,4,1,0,6,4,0.5,0.0,0.0,4,0,4,0,0,0,4,0,0,0,2,0,0,2,0,0,0,0,1,19,2,0,0,0,0,3,0,4,0,4,0,0,0,0,27,1,0,0,2,1,25,13,12.5,10,10,5.0,35,23,17.5,952,483.0,Yes
0.9.7,openjpa-kernel/src/main/java/org/apache/openjpa/kernel/exps/Mod.java,3,4,1,3,2,3,0,1,1,0.0,0.0,0.0,2,0,1,0,1,0,2,0,0,0,0,0,0,0,0,0,0,0,1,8,1,0,0,0,0,0,0,0,0,0,0,0,0,0,20,0,0,0,1,1,13,13,13.0,10,10,10.0,23,23,23.0,952,952.0,No
0.9.7,openjpa-jdbc/src/main/java/org/apache/openjpa/jdbc/kernel/exps/ToLowerCase.java,8,9,1,8,3,3,0,8,1,0.0,0.0,0.0,2,0,2,0,0,0,2,0,0,0,0,0,0,0,0,0,0,0,0,14,0,0,1,0,0,2,2,3,1,3,0,0,0,0,34,0,0,0,1,1,13,13,13.0,10,10,10.0,23,23,23.0,952,952.0,Yes
0.9.7,openjpa-jdbc/src/main/java/org/apache/openjpa/jdbc/kernel/exps/Count.java,5,6,1,5,5,3,0,1,10,0.0,0.0,0.0,5,0,3,0,2,0,5,0,0,0,0,0,0,0,0,0,0,0,0,17,4,0,0,0,0,1,0,0,0,0,0,0,0,0,29,0,0,0,1,1,13,13,13.0,10,10,10.0,23,23,23.0,952,952.0,No
0.9.7,openjpa-kernel/src/main/java/org/apache/openjpa/conf/Compatibility.java,0,2,2,0,14,1,0,0,77,0.85714287,0.0,0.0,14,0,14,0,0,0,14,0,0,0,7,0,0,7,0,0,0,0,0,51,7,0,0,0,0,0,0,14,0,7,0,0,0,0,124,1,0,0,1,1,13,13,13.0,10,10,10.0,23,23,23.0,952,952.0,No
0.9.7,openjpa-kernel/src/main/java/org/apache/openjpa/datacache/ConcurrentQueryCache.java,9,11,2,9,16,3,0,17,0,0.125,0.0,0.0,16,0,8,0,8,0,16,0,0,0,1,0,0,1,0,0,0,0,0,52,10,0,0,0,0,0,0,1,0,1,0,0,0,0,125,1,0,0,1,1,13,13,13.0,10,10,10.0,23,23,23.0,952,952.0,No
0.9.7,openjpa-kernel/src/main/java/org/apache/openjpa/util/CallbackException.java,2,2,0,2,3,6,0,0,3,0.0,0.0,0.0,3,0,3,0,0,0,3,0,0,0,0,0,0,0,0,0,0,0,0,11,1,0,0,0,0,0,0,0,0,0,0,0,0,0,23,1,0,0,1,1,13,13,13.0,10,10,10.0,23,23,23.0,952,952.0,No
0.9.7,openjpa-kernel/src/main/java/org/apache/openjpa/kernel/exps/OrExpression.java,3,4,1,3,4,2,0,5,0,0.0,0.0,0.0,4,0,2,0,2,0,4,0,0,0,2,0,0,2,0,0,2,0,0,20,2,0,0,0,0,0,0,2,0,2,0,0,0,0,27,0,0,0,1,1,13,13,13.0,10,10,10.0,23,23,23.0,952,952.0,No
0.9.7,openjpa-jdbc/src/main/java/org/apache/openjpa/jdbc/kernel/exps/SQLExpression.java,1,2,1,1,1,2,0,0,0,0.0,NaN,NaN,1,0,1,0,0,0,1,0,0,0,1,1,1,0,0,0,1,0,0,6,1,0,0,0,0,1,0,1,0,1,0,0,0,0,44,1,0,0,1,1,13,13,13.0,10,10,10.0,23,23,23.0,952,952.0,No
0.9.7,openjpa-jdbc/src/main/java/org/apache/openjpa/jdbc/sql/Calendard.java,0,2,2,0,1,1,0,0,0,0.0,NaN,NaN,1,0,1,0,0,0,1,0,0,0,2,0,2,0,0,0,2,0,0,8,0,0,0,0,0,0,0,2,0,2,0,0,0,0,17,1,0,0,1,1,13,13,13.0,10,10,10.0,23,23,23.0,952,952.0,No
0.9.7,openjpa-jdbc/src/main/java/org/apache/openjpa/jdbc/conf/FetchModeValue.java,1,2,1,1,1,2,0,3,0,0.75,NaN,NaN,1,0,1,0,0,0,1,0,0,0,4,4,3,1,0,0,3,0,5,11,0,0,0,0,0,5,0,4,0,4,0,0,0,0,49,1,0,0,1,1,13,13,13.0,10,10,10.0,23,23,23.0,952,952.0,No
0.9.7,openjpa-jdbc/src/main/java/org/apache/openjpa/jdbc/sql/CacheDictionary.java,1,2,1,1,1,2,0,0,0,0.0,NaN,NaN,1,0,1,0,0,0,1,0,0,0,0,0,0,0,0,0,0,0,0,14,0,0,0,0,0,8,0,10,0,0,0,0,0,0,46,1,0,0,1,1,13,13,13.0,10,10,10.0,23,23,23.0,952,952.0,No
0.9.7,openjpa-kernel/src/main/java/org/apache/openjpa/kernel/PNewProvisionalState.java,3,4,1,3,14,2,0,6,91,0.0,0.0,0.0,14,0,0,0,0,14,14,0,0,0,0,0,0,0,0,0,0,0,0,49,13,0,0,0,0,0,0,0,0,0,0,0,0,0,51,0,0,0,1,1,13,13,13.0,10,10,10.0,23,23,23.0,952,952.0,No
0.9.7,openjpa-jdbc/src/main/java/org/apache/openjpa/jdbc/kernel/exps/Min.java,2,3,1,2,3,3,0,0,3,0.0,0.0,0.0,3,0,2,0,1,0,3,0,0,0,0,0,0,0,0,0,0,0,0,11,2,0,0,0,0,1,0,0,0,0,0,0,0,0,17,0,0,0,1,1,13,13,13.0,10,10,10.0,23,23,23.0,952,952.0,No
0.9.7,openjpa-jdbc/src/main/java/org/apache/openjpa/jdbc/kernel/exps/Size.java,7,8,1,7,5,3,0,5,10,0.0,0.0,0.0,5,0,3,0,2,0,5,0,0,0,0,0,0,0,0,0,0,0,0,19,2,0,0,0,0,0,0,0,0,0,0,0,0,0,27,0,0,0,1,1,13,13,13.0,10,10,10.0,23,23,23.0,952,952.0,No
0.9.7,openjpa-jdbc/src/main/java/org/apache/openjpa/jdbc/meta/StrategyInstaller.java,5,15,10,5,6,1,6,0,15,0.8333333,0.0,0.0,6,0,6,0,0,0,6,4,0,0,1,0,0,0,1,0,1,0,0,13,1,0,0,0,0,0,0,1,0,1,0,0,0,0,43,1025,0,0,2,2,16,13,8.0,14,10,7.0,30,23,15.0,952,495.5,No
0.9.7,openjpa-jdbc/src/main/java/org/apache/openjpa/jdbc/sql/Sized.java,0,3,3,0,1,1,0,0,0,0.0,NaN,NaN,1,0,1,0,0,0,1,0,0,0,2,0,2,0,0,0,2,0,0,8,0,0,0,0,0,0,0,2,0,2,0,0,0,0,16,1,0,0,1,1,13,13,13.0,10,10,10.0,23,23,23.0,952,952.0,No
0.9.7,openjpa-kernel/src/main/java/org/apache/openjpa/kernel/EDeletedState.java,2,3,1,2,10,2,0,3,45,0.0,0.0,0.0,10,0,1,0,0,9,10,0,0,0,0,0,0,0,0,0,0,0,0,35,10,0,0,0,0,1,0,0,0,0,0,0,0,0,41,0,0,0,1,1,13,13,13.0,10,10,10.0,23,23,23.0,952,952.0,No
0.9.7,openjpa-lib/src/main/java/org/apache/openjpa/lib/jdbc/JDBCEvent.java,1,8,7,1,7,1,0,2,11,0.91596645,0.0,0.0,7,0,7,0,0,0,7,0,6,0,17,12,12,5,0,0,17,0,1,45,6,0,0,0,0,0,12,17,0,17,0,0,0,0,80,1,0,0,1,1,13,13,13.0,10,10,10.0,23,23,23.0,952,952.0,No
0.9.7,openjpa-kernel/src/main/java/org/apache/openjpa/kernel/PDeletedState.java,2,4,2,2,16,2,1,6,105,0.0,0.0,0.0,15,0,0,0,0,15,15,0,0,0,0,0,0,0,0,0,0,0,0,50,14,0,0,0,1,4,1,0,0,0,0,0,0,0,56,0,0,0,2,2,17,13,8.5,10,10,5.0,27,23,13.5,952,478.5,No
0.9.7,openjpa-lib/src/main/java/org/apache/openjpa/lib/rop/ListResultList.java,3,7,4,3,18,2,1,13,0,0.5555556,0.0,0.0,18,0,18,0,0,0,18,0,0,0,2,0,0,2,0,0,1,0,0,67,16,0,0,0,0,0,0,3,0,2,0,0,0,0,47,1,0,0,1,1,13,13,13.0,10,10,10.0,23,23,23.0,952,952.0,No
0.9.7,openjpa-kernel/src/main/java/org/apache/openjpa/ee/JNDIManagedRuntime.java,3,5,2,3,6,1,0,5,4,0.5,0.0,0.0,5,0,5,0,0,0,5,0,0,0,2,0,0,2,0,0,0,0,0,29,3,0,1,1,0,1,0,6,0,3,2,0,0,0,37,1,0,0,4,2,42,14,10.5,19,10,4.75,61,23,15.25,952,244.25,Yes
0.9.7,openjpa-jdbc/src/main/java/org/apache/openjpa/jdbc/meta/strats/TimestampVersionStrategy.java,1,1,0,1,3,2,0,1,3,0.6666667,0.0,0.0,3,0,1,0,2,0,3,0,0,0,1,1,1,0,0,0,1,0,1,12,3,0,0,0,0,1,0,1,0,1,0,0,0,0,21,1,0,0,1,1,13,13,13.0,10,10,10.0,23,23,23.0,952,952.0,Yes
0.9.7,openjpa-kernel/src/main/java/org/apache/openjpa/util/ReferentialIntegrityException.java,3,4,1,3,10,6,0,7,16,0.875,0.0,0.0,8,1,5,3,0,0,5,0,0,0,7,6,5,2,0,0,6,0,1,39,6,0,0,0,0,3,5,9,0,7,1,0,0,0,57,1,0,0,1,1,13,13,13.0,10,10,10.0,23,23,23.0,952,952.0,No
0.9.7,openjpa-jdbc/src/main/java/org/apache/openjpa/jdbc/kernel/exps/ToUpperCase.java,8,9,1,8,3,3,0,8,1,0.0,0.0,0.0,2,0,2,0,0,0,2,0,0,0,0,0,0,0,0,0,0,0,0,14,0,0,1,0,0,2,2,3,1,3,0,0,0,0,34,0,0,0,1,1,13,13,13.0,10,10,10.0,23,23,23.0,952,952.0,Yes
0.9.7,openjpa-kernel/src/main/java/org/apache/openjpa/util/NoTransactionException.java,2,3,1,2,2,7,0,0,1,0.0,0.0,0.0,2,0,2,0,0,0,2,0,0,0,0,0,0,0,0,0,0,0,0,8,1,0,0,0,0,0,0,0,0,0,0,0,0,0,30,1,0,0,1,1,13,13,13.0,10,10,10.0,23,23,23.0,952,952.0,No
0.9.7,openjpa-jdbc/src/main/java/org/apache/openjpa/jdbc/meta/strats/ByteArrayValueHandler.java,8,10,2,8,4,2,0,5,6,0.75,0.0,0.0,4,1,4,0,0,0,4,0,0,0,1,1,0,1,0,0,1,0,2,19,4,0,0,0,0,0,1,2,0,2,0,0,0,0,28,1,0,0,1,1,13,13,13.0,10,10,10.0,23,23,23.0,952,952.0,No
0.9.7,openjpa-jdbc/src/main/java/org/apache/openjpa/jdbc/kernel/exps/IsEmptyExpression.java,7,8,1,7,5,1,0,8,0,0.0,0.0,0.0,5,0,5,0,0,0,5,0,0,0,1,0,0,1,0,0,1,0,0,22,1,0,0,0,0,0,0,1,0,1,0,0,0,0,37,0,0,0,1,1,13,13,13.0,10,10,10.0,23,23,23.0,952,952.0,No
0.9.7,openjpa-jdbc/src/main/java/org/apache/openjpa/jdbc/kernel/DelegatingJDBCFetchConfiguration.java,6,7,1,6,49,2,0,26,325,0.0,0.0,0.0,26,0,26,0,0,0,26,0,0,0,0,0,0,0,0,0,0,0,0,207,24,0,0,23,0,0,0,0,0,0,1,0,0,0,70,1,0,0,4,3,41,17,10.25,21,10,5.25,62,23,15.5,952,245.75,No
0.9.7,openjpa-kernel/src/main/java/org/apache/openjpa/ant/PCEnhancerTask.java,7,7,0,7,7,2,0,5,1,0.5,0.0,0.0,6,0,4,0,2,0,6,0,0,0,2,0,0,0,2,0,0,0,0,25,1,0,1,0,1,0,0,9,0,4,0,0,0,0,92,1,0,0,1,1,13,13,13.0,10,10,10.0,23,23,23.0,952,952.0,No
0.9.7,openjpa-kernel/src/main/java/org/apache/openjpa/kernel/exps/ValuePath.java,5,6,1,5,4,3,0,6,0,0.0,0.0,0.0,4,0,3,0,1,0,4,0,0,0,1,0,0,1,0,0,1,0,0,17,2,0,0,0,0,0,0,1,0,1,0,0,0,0,31,0,0,0,1,1,13,13,13.0,10,10,10.0,23,23,23.0,952,952.0,No
0.9.7,openjpa-kernel/src/main/java/org/apache/openjpa/util/ObjectExistsException.java,2,2,0,2,2,6,0,0,1,0.0,0.0,0.0,2,0,2,0,0,0,2,0,0,0,0,0,0,0,0,0,0,0,0,8,1,0,0,0,0,0,0,0,0,0,0,0,0,0,25,1,0,0,1,1,13,13,13.0,10,10,10.0,23,23,23.0,952,952.0,Yes
0.9.7,openjpa-kernel/src/main/java/org/apache/openjpa/util/UnsupportedException.java,2,10,8,2,5,5,0,1,10,0.0,0.0,0.0,5,0,5,0,0,0,5,0,0,0,0,0,0,0,0,0,0,0,0,20,1,0,0,0,0,0,0,0,0,0,0,0,0,0,29,1,0,0,1,1,13,13,13.0,10,10,10.0,23,23,23.0,952,952.0,No
0.9.7,openjpa-kernel/src/main/java/org/apache/openjpa/event/LifecycleEvent.java,1,11,10,1,4,1,0,0,2,0.95238096,0.0,0.0,4,0,4,0,0,0,4,0,0,0,21,19,19,2,0,0,21,0,0,37,2,0,0,0,0,0,18,21,0,21,0,0,0,0,65,1,0,0,1,1,13,13,13.0,10,10,10.0,23,23,23.0,952,952.0,No
0.9.7,openjpa-lib/src/main/java/org/apache/openjpa/lib/log/LogFactoryAdapter.java,4,7,3,4,3,1,2,3,1,0.5,0.0,0.0,2,0,1,0,1,0,2,1,0,0,1,0,0,1,0,0,0,0,0,12,1,0,1,0,0,0,0,3,0,2,1,0,0,0,38,1025,0,0,1,1,13,13,13.0,10,10,10.0,23,23,23.0,952,952.0,No
0.9.7,openjpa-kernel/src/main/java/org/apache/openjpa/kernel/ECleanState.java,2,3,1,2,13,2,0,2,78,0.0,0.0,0.0,13,0,0,0,0,13,13,0,0,0,0,0,0,0,0,0,0,0,0,42,12,0,0,0,0,0,0,0,0,0,0,0,0,0,59,0,0,0,1,1,13,13,13.0,10,10,10.0,23,23,23.0,952,952.0,No
0.9.7,openjpa-kernel/src/main/java/org/apache/openjpa/event/NoneOrphanedKeyAction.java,3,3,0,3,1,1,0,0,0,0.0,NaN,NaN,1,0,1,0,0,0,1,0,0,0,0,0,0,0,0,0,0,0,0,5,1,0,0,0,0,0,0,0,0,0,0,0,0,0,26,1,0,0,1,1,13,13,13.0,10,10,10.0,23,23,23.0,952,952.0,No
0.9.7,openjpa-jdbc/src/main/java/org/apache/openjpa/jdbc/kernel/exps/NotExpression.java,7,8,1,7,5,2,0,8,0,0.0,0.0,0.0,5,0,5,0,0,0,5,0,0,0,1,0,0,1,0,0,1,0,0,30,1,0,0,0,2,2,0,2,0,2,0,0,1,0,34,0,0,0,1,1,13,13,13.0,10,10,10.0,23,23,23.0,952,952.0,No
0.9.7,openjpa-kernel/src/main/java/org/apache/openjpa/kernel/exps/InstanceofExpression.java,5,6,1,5,6,2,0,10,0,0.125,0.0,0.0,4,0,2,0,2,0,4,0,0,0,2,0,0,2,0,0,2,0,1,21,2,0,1,0,1,0,0,4,0,4,0,0,0,0,42,0,0,0,1,1,13,13,13.0,10,10,10.0,23,23,23.0,952,952.0,No
0.9.7,openjpa-kernel/src/main/java/org/apache/openjpa/event/ExceptionOrphanedKeyAction.java,6,7,1,6,1,1,0,2,0,0.0,NaN,NaN,1,0,1,0,0,0,1,0,0,0,1,1,0,1,0,0,1,0,0,6,0,0,0,0,0,1,0,1,0,1,0,0,0,0,29,1,0,0,1,1,13,13,13.0,10,10,10.0,23,23,23.0,952,952.0,No
0.9.7,openjpa-kernel/src/main/java/org/apache/openjpa/util/ObjectId.java,2,4,2,2,9,2,0,2,0,0.0,0.0,0.0,7,0,4,0,2,1,7,0,0,0,1,0,0,1,0,0,0,0,0,27,4,0,3,0,3,0,1,4,0,2,0,0,0,0,33,17,0,0,1,1,13,13,13.0,10,10,10.0,23,23,23.0,952,952.0,No
0.9.7,openjpa-kernel/src/main/java/org/apache/openjpa/kernel/exps/NotExpression.java,3,4,1,3,4,2,0,5,0,0.0,0.0,0.0,4,0,2,0,2,0,4,0,0,0,1,0,0,1,0,0,1,0,0,17,2,0,0,0,0,0,0,1,0,1,0,0,0,0,22,0,0,0,1,1,13,13,13.0,10,10,10.0,23,23,23.0,952,952.0,No
0.9.7,openjpa-kernel/src/main/java/org/apache/openjpa/kernel/NoneLockManager.java,2,2,0,2,3,2,0,1,3,0.0,0.0,0.0,3,0,3,0,0,0,3,0,0,0,0,0,0,0,0,0,0,0,0,11,1,0,0,0,0,0,0,0,0,0,0,0,0,0,31,1,0,0,1,1,13,13,13.0,10,10,10.0,23,23,23.0,952,952.0,No
0.9.7,openjpa-jdbc/src/main/java/org/apache/openjpa/jdbc/meta/NoneStrategyInstaller.java,10,10,0,10,5,2,0,13,10,0.0,0.0,0.0,5,0,5,0,0,0,5,0,0,0,0,0,0,0,0,0,0,0,4,22,0,0,0,0,0,0,0,0,0,0,0,0,0,0,28,1,0,0,1,1,13,13,13.0,10,10,10.0,23,23,23.0,952,952.0,No
0.9.7,openjpa-kernel/src/main/java/org/apache/openjpa/util/StoreException.java,2,14,12,2,4,5,5,1,6,1.0,0.0,0.0,4,0,4,0,0,0,4,0,0,0,5,5,5,0,0,0,5,0,0,19,1,0,0,0,0,0,5,5,0,5,0,0,0,0,36,1,0,0,1,1,13,13,13.0,10,10,10.0,23,23,23.0,952,952.0,No
0.9.7,openjpa-kernel/src/main/java/org/apache/openjpa/kernel/PNewFlushedDeletedState.java,2,4,2,2,15,2,1,3,105,0.0,0.0,0.0,15,0,0,0,0,15,15,0,0,0,0,0,0,0,0,0,0,0,0,50,15,0,0,0,0,4,0,0,0,0,0,0,0,0,55,0,0,0,1,1,13,13,13.0,10,10,10.0,23,23,23.0,952,952.0,No
1.0.0,openjpa-kernel/src/main/java/org/apache/openjpa/event/TransactionEvent.java,1,7,6,1,10,1,0,0,5,0.8809525,0.0,0.0,6,0,6,0,0,0,6,0,0,0,14,9,9,5,0,0,14,0,0,39,5,0,4,0,4,0,9,14,0,14,0,0,0,0,121,1,0,0,0,0,0,0,0,0,0,0,0,0,0,0,0,No
1.0.0,openjpa-kernel/src/main/java/org/apache/openjpa/ee/AbstractManagedRuntime.java,1,8,7,1,1,1,7,2,0,0.0,NaN,NaN,1,0,1,0,0,0,1,0,0,0,0,0,0,0,0,0,0,0,0,5,1,0,0,0,0,0,0,0,0,0,0,0,0,0,29,1025,0,0,1,1,41,41,41.0,0,0,0.0,41,41,41.0,11,11.0,No
1.0.0,openjpa-kernel/src/main/java/org/apache/openjpa/kernel/exps/AndExpression.java,3,5,2,3,6,2,1,5,0,0.16666667,0.0,0.0,6,0,4,0,2,0,6,0,0,0,2,0,0,2,0,0,2,0,0,26,4,0,0,0,0,0,0,2,0,2,0,0,0,0,30,0,0,0,0,0,0,0,0,0,0,0,0,0,0,0,0,No
1.0.0,openjpa-kernel/src/main/java/org/apache/openjpa/kernel/AbstractFieldManager.java,2,3,1,2,20,1,1,0,190,0.0,0.0,0.0,20,0,20,0,0,0,20,0,0,0,0,0,0,0,0,0,0,0,0,62,0,0,0,0,0,0,0,0,0,0,0,0,0,0,26,1024,0,0,0,0,0,0,0,0,0,0,0,0,0,0,0,No
1.0.0,openjpa-lib/src/main/java/org/apache/openjpa/lib/meta/SuffixMetaDataFilter.java,2,3,1,2,3,1,0,2,0,0.0,0.0,0.0,2,0,2,0,0,0,2,0,0,0,1,0,0,1,0,0,1,0,0,10,1,0,1,0,0,0,0,2,0,2,0,0,0,0,23,1,0,0,0,0,0,0,0,0,0,0,0,0,0,0,0,No
1.0.0,openjpa-kernel/src/main/java/org/apache/openjpa/kernel/jpql/SimpleNode.java,2,2,0,2,1,2,0,0,0,0.0,NaN,NaN,1,0,0,0,0,1,1,0,0,0,0,0,0,0,0,0,0,0,0,5,0,0,0,0,0,0,0,0,0,0,0,0,0,0,22,1,0,0,0,0,0,0,0,0,0,0,0,0,0,0,0,No
1.0.0,openjpa-jdbc/src/main/java/org/apache/openjpa/jdbc/meta/strats/AbstractClassStrategy.java,11,17,6,11,7,2,6,0,21,0.85714287,0.0,0.0,7,0,7,0,0,0,7,0,0,0,1,0,0,0,1,0,0,0,0,24,6,0,0,0,0,0,0,2,0,1,0,0,0,0,60,1025,0,0,0,0,0,0,0,0,0,0,0,0,0,0,0,No
1.0.0,openjpa-kernel/src/main/java/org/apache/openjpa/util/OptimisticException.java,5,8,3,5,5,2,0,6,4,0.4,0.0,0.0,5,0,5,0,0,0,5,0,0,0,1,1,0,1,0,0,1,0,2,21,1,0,0,0,0,3,0,1,0,1,0,0,0,0,29,1,0,0,0,0,0,0,0,0,0,0,0,0,0,0,0,No
1.0.0,openjpa-kernel/src/main/java/org/apache/openjpa/kernel/exps/Lit.java,4,5,1,4,9,2,0,2,0,0.4375,0.0,0.0,8,0,7,0,1,0,8,0,0,0,2,0,0,2,0,0,1,0,1,29,5,0,1,0,1,0,0,4,0,2,0,0,0,0,28,0,0,0,0,0,0,0,0,0,0,0,0,0,0,0,0,No
1.0.0,openjpa-kernel/src/main/java/org/apache/openjpa/kernel/exps/UnboundVariable.java,2,3,1,2,6,2,0,0,7,0.5833334,0.0,0.0,6,0,5,0,1,0,6,0,0,0,2,0,0,2,0,0,0,0,0,22,3,0,0,0,0,0,0,5,0,2,0,0,0,0,56,0,0,0,0,0,0,0,0,0,0,0,0,0,0,0,0,No
1.0.0,openjpa-kernel/src/main/java/org/apache/openjpa/kernel/exps/Param.java,4,6,2,4,7,2,0,1,11,0.6666667,0.0,0.0,7,0,6,0,1,0,7,0,0,0,3,0,0,3,0,0,0,0,0,27,4,0,0,0,0,0,1,7,0,3,0,0,0,0,30,0,0,0,0,0,0,0,0,0,0,0,0,0,0,0,0,No
1.0.0,openjpa-jdbc/src/main/java/org/apache/openjpa/jdbc/sql/AbstractDB2Dictionary.java,3,5,2,3,5,2,2,2,3,0.0,0.0,0.0,3,0,3,0,0,0,3,0,0,0,0,0,0,0,0,0,0,0,0,59,0,0,2,0,0,31,0,27,1,0,1,0,0,0,96,1025,0,0,1,1,1,1,1.0,1,1,1.0,2,2,2.0,11,11.0,Yes
1.0.0,openjpa-kernel/src/main/java/org/apache/openjpa/ant/ApplicationIdToolTask.java,7,7,0,7,10,2,0,4,0,0.5,0.0,0.0,9,0,7,0,2,0,9,0,0,0,2,0,0,0,2,0,0,0,1,32,2,0,1,0,1,0,0,9,0,2,0,0,0,0,95,1,0,0,0,0,0,0,0,0,0,0,0,0,0,0,0,No
1.0.0,openjpa-jdbc/src/main/java/org/apache/openjpa/jdbc/kernel/exps/Any.java,2,3,1,2,2,3,0,0,1,0.0,0.0,0.0,2,0,1,0,1,0,2,0,0,0,0,0,0,0,0,0,0,0,0,8,1,0,0,0,0,1,0,0,0,0,0,0,0,0,8,0,0,0,0,0,0,0,0,0,0,0,0,0,0,0,0,No
1.0.0,openjpa-kernel/src/main/java/org/apache/openjpa/kernel/PNonTransNewState.java,2,2,0,2,8,2,0,2,28,0.0,0.0,0.0,8,0,0,0,0,8,8,0,0,0,0,0,0,0,0,0,0,0,0,27,7,0,0,0,0,0,0,0,0,0,0,0,0,0,38,0,0,0,0,0,0,0,0,0,0,0,0,0,0,0,0,No
1.0.0,openjpa-jdbc/src/main/java/org/apache/openjpa/jdbc/kernel/exps/All.java,2,3,1,2,2,3,0,0,1,0.0,0.0,0.0,2,0,1,0,1,0,2,0,0,0,0,0,0,0,0,0,0,0,0,8,1,0,0,0,0,1,0,0,0,0,0,0,0,0,8,0,0,0,0,0,0,0,0,0,0,0,0,0,0,0,0,No
1.0.0,openjpa-kernel/src/main/java/org/apache/openjpa/kernel/exps/Divide.java,3,4,1,3,2,3,0,1,1,0.0,0.0,0.0,2,0,1,0,1,0,2,0,0,0,0,0,0,0,0,0,0,0,1,8,1,0,0,0,0,0,0,0,0,0,0,0,0,0,21,0,0,0,0,0,0,0,0,0,0,0,0,0,0,0,0,No
1.0.0,openjpa-jdbc/src/main/java/org/apache/openjpa/jdbc/meta/strats/ClobValueHandler.java,5,7,2,5,2,2,0,3,1,0.5,0.0,0.0,2,1,2,0,0,0,2,0,0,0,1,1,0,1,0,0,1,0,0,13,2,0,0,0,0,0,1,2,0,2,0,0,0,0,17,1,0,0,0,0,0,0,0,0,0,0,0,0,0,0,0,No
1.0.0,openjpa-jdbc/src/main/java/org/apache/openjpa/jdbc/meta/SequenceMapping.java,4,5,1,4,13,2,0,2,52,0.8846154,0.0,0.0,13,0,11,0,2,0,13,0,0,0,12,7,3,9,0,0,7,0,0,57,6,0,0,0,0,7,0,17,0,12,0,0,0,0,74,1,0,0,0,0,0,0,0,0,0,0,0,0,0,0,0,Yes
1.0.0,openjpa-kernel/src/main/java/org/apache/openjpa/datacache/ExpirationEvent.java,0,2,2,0,3,1,0,0,0,0.33333334,0.0,0.0,3,0,3,0,0,0,3,0,0,0,2,0,0,2,0,0,2,0,0,15,2,0,0,0,0,0,0,2,0,2,0,0,0,0,40,1,0,0,0,0,0,0,0,0,0,0,0,0,0,0,0,No
1.0.0,openjpa-jdbc/src/main/java/org/apache/openjpa/jdbc/meta/strats/BlobValueHandler.java,5,7,2,5,2,2,0,3,1,0.5,0.0,0.0,2,1,2,0,0,0,2,0,0,0,1,1,0,1,0,0,1,0,0,13,2,0,0,0,0,0,1,2,0,2,0,0,0,0,17,1,0,0,0,0,0,0,0,0,0,0,0,0,0,0,0,No
1.0.0,openjpa-kernel/src/main/java/org/apache/openjpa/kernel/PCleanState.java,2,3,1,2,13,2,0,2,78,0.0,0.0,0.0,13,0,0,0,0,13,13,0,0,0,0,0,0,0,0,0,0,0,0,42,12,0,0,0,0,0,0,0,0,0,0,0,0,0,55,0,0,0,0,0,0,0,0,0,0,0,0,0,0,0,0,No
1.0.0,openjpa-jdbc/src/main/java/org/apache/openjpa/jdbc/kernel/exps/Sqrt.java,2,3,1,2,3,3,0,0,3,0.0,0.0,0.0,3,0,1,0,2,0,3,0,0,0,0,0,0,0,0,0,0,0,0,11,2,0,0,0,0,1,0,0,0,0,0,0,0,0,18,0,0,0,0,0,0,0,0,0,0,0,0,0,0,0,0,No
1.0.0,openjpa-kernel/src/main/java/org/apache/openjpa/kernel/exps/BindValueVariableExpression.java,3,4,1,3,3,3,0,1,1,0.0,0.0,0.0,2,0,1,0,1,0,2,0,0,0,0,0,0,0,0,0,0,0,0,9,1,0,1,0,1,0,0,1,0,1,0,0,0,0,23,0,0,0,0,0,0,0,0,0,0,0,0,0,0,0,0,No
1.0.0,openjpa-jdbc/src/main/java/org/apache/openjpa/jdbc/kernel/exps/Avg.java,2,3,1,2,3,3,0,0,3,0.0,0.0,0.0,3,0,2,0,1,0,3,0,0,0,0,0,0,0,0,0,0,0,0,11,2,0,0,0,0,1,0,0,0,0,0,0,0,0,17,0,0,0,0,0,0,0,0,0,0,0,0,0,0,0,0,No
1.0.0,openjpa-kernel/src/main/java/org/apache/openjpa/kernel/exps/Multiply.java,3,4,1,3,2,3,0,1,1,0.0,0.0,0.0,2,0,1,0,1,0,2,0,0,0,0,0,0,0,0,0,0,0,1,8,1,0,0,0,0,0,0,0,0,0,0,0,0,0,20,0,0,0,0,0,0,0,0,0,0,0,0,0,0,0,0,No
1.0.0,openjpa-kernel/src/main/java/org/apache/openjpa/kernel/exps/CompareExpression.java,6,16,10,6,13,2,9,12,0,0.2,0.0,0.0,5,0,2,0,3,0,5,1,0,0,2,0,0,2,0,0,2,0,6,37,2,0,6,0,2,0,0,14,0,10,1,0,0,0,35,1024,0,0,0,0,0,0,0,0,0,0,0,0,0,0,0,No
1.0.0,openjpa-lib/src/main/java/org/apache/openjpa/lib/conf/BootstrapException.java,1,3,2,1,6,4,0,0,13,0.6666667,0.0,0.0,6,0,6,0,0,0,6,0,0,0,1,0,0,1,0,0,0,0,0,22,2,0,0,0,0,0,0,2,0,1,0,0,0,0,19,1,0,0,1,1,55,55,55.0,0,0,0.0,55,55,55.0,2,2.0,No
1.0.0,openjpa-jdbc/src/main/java/org/apache/openjpa/jdbc/meta/strats/SuperclassDiscriminatorStrategy.java,11,14,3,11,8,3,0,14,10,0.0,0.0,0.0,5,0,5,0,0,0,5,0,0,0,0,0,0,0,0,0,0,0,0,24,3,1,2,0,0,0,0,2,0,1,2,0,0,0,43,1,0,0,0,0,0,0,0,0,0,0,0,0,0,0,0,No
1.0.0,openjpa-kernel/src/main/java/org/apache/openjpa/kernel/exps/EqualExpression.java,2,3,1,2,5,3,0,1,1,0.0,0.0,0.0,2,0,1,0,1,0,2,0,0,0,0,0,0,0,0,0,0,0,0,8,1,0,3,0,2,0,0,0,0,0,0,0,0,0,18,0,0,0,0,0,0,0,0,0,0,0,0,0,0,0,0,No
1.0.0,openjpa-kernel/src/main/java/org/apache/openjpa/util/InternalException.java,2,31,29,2,7,2,0,1,21,0.0,0.0,0.0,7,0,7,0,0,0,7,0,0,0,0,0,0,0,0,0,0,0,0,28,1,0,0,0,0,0,0,0,0,0,0,0,0,0,25,1,0,0,0,0,0,0,0,0,0,0,0,0,0,0,0,No
1.0.0,openjpa-jdbc/src/main/java/org/apache/openjpa/jdbc/conf/JDBCProductDerivation.java,4,4,0,4,4,2,0,4,3,0.0,0.0,0.0,3,0,3,0,0,0,3,0,0,0,0,0,0,0,0,0,0,0,0,15,3,0,1,0,0,2,0,0,0,0,1,0,0,0,35,1,0,0,0,0,0,0,0,0,0,0,0,0,0,0,0,No
1.0.0,openjpa-kernel/src/main/java/org/apache/openjpa/util/LongId.java,2,4,2,2,11,2,0,3,0,0.0,0.0,0.0,8,0,6,0,2,0,8,0,0,0,1,0,0,1,0,0,1,0,1,29,4,0,3,0,5,0,3,2,1,1,0,0,0,0,23,17,0,0,0,0,0,0,0,0,0,0,0,0,0,0,0,No
1.0.0,openjpa-kernel/src/main/java/org/apache/openjpa/kernel/EDirtyState.java,3,4,1,3,14,2,0,5,91,0.0,0.0,0.0,14,0,1,0,0,13,14,0,0,0,0,0,0,0,0,0,0,0,0,46,12,0,0,0,0,1,0,0,0,0,0,0,0,0,54,0,0,0,0,0,0,0,0,0,0,0,0,0,0,0,0,No
1.0.0,openjpa-kernel/src/main/java/org/apache/openjpa/kernel/PNewDeletedState.java,2,3,1,2,14,2,0,4,91,0.0,0.0,0.0,14,0,0,0,0,14,14,0,0,0,0,0,0,0,0,0,0,0,0,48,14,0,0,0,0,4,0,0,0,0,0,0,0,0,47,0,0,0,0,0,0,0,0,0,0,0,0,0,0,0,0,No
1.0.0,openjpa-kernel/src/main/java/org/apache/openjpa/kernel/PNonTransDirtyState.java,2,2,0,2,9,2,0,3,36,0.0,0.0,0.0,9,0,0,0,0,9,9,0,0,0,0,0,0,0,0,0,0,0,0,30,8,0,0,0,0,1,0,0,0,0,0,0,0,0,57,0,0,0,0,0,0,0,0,0,0,0,0,0,0,0,0,No
1.0.0,openjpa-kernel/src/main/java/org/apache/openjpa/kernel/TransientState.java,3,3,0,3,1,2,0,6,0,0.0,NaN,NaN,1,0,0,0,0,1,1,0,0,0,0,0,0,0,0,0,0,0,0,7,0,0,0,0,0,0,0,0,0,0,0,0,0,0,31,0,0,0,0,0,0,0,0,0,0,0,0,0,0,0,0,No
1.0.0,openjpa-kernel/src/main/java/org/apache/openjpa/kernel/PDirtyState.java,3,4,1,3,15,2,0,7,105,0.0,0.0,0.0,15,0,0,0,0,15,15,0,0,0,0,0,0,0,0,0,0,0,0,49,13,0,0,0,0,2,0,0,0,0,0,0,0,0,58,0,0,0,0,0,0,0,0,0,0,0,0,0,0,0,0,No
1.0.0,openjpa-jdbc/src/main/java/org/apache/openjpa/jdbc/kernel/exps/InKeyExpression.java,5,6,1,5,3,2,0,3,1,0.0,0.0,0.0,2,0,1,0,1,0,2,0,0,0,0,0,0,0,0,0,0,0,0,9,1,0,1,0,1,0,0,1,0,1,0,0,0,0,36,0,0,0,0,0,0,0,0,0,0,0,0,0,0,0,0,No
1.0.0,openjpa-kernel/src/main/java/org/apache/openjpa/kernel/exps/Mod.java,3,4,1,3,2,3,0,1,1,0.0,0.0,0.0,2,0,1,0,1,0,2,0,0,0,0,0,0,0,0,0,0,0,1,8,1,0,0,0,0,0,0,0,0,0,0,0,0,0,20,0,0,0,0,0,0,0,0,0,0,0,0,0,0,0,0,No
1.0.0,openjpa-jdbc/src/main/java/org/apache/openjpa/jdbc/kernel/exps/Count.java,5,6,1,5,5,3,0,1,10,0.0,0.0,0.0,5,0,3,0,2,0,5,0,0,0,0,0,0,0,0,0,0,0,0,17,4,0,0,0,0,1,0,0,0,0,0,0,0,0,29,0,0,0,0,0,0,0,0,0,0,0,0,0,0,0,0,No
1.0.0,openjpa-kernel/src/main/java/org/apache/openjpa/util/CallbackException.java,2,3,1,2,3,2,0,0,3,0.0,0.0,0.0,3,0,3,0,0,0,3,0,0,0,0,0,0,0,0,0,0,0,0,11,1,0,0,0,0,0,0,0,0,0,0,0,0,0,23,1,0,0,0,0,0,0,0,0,0,0,0,0,0,0,0,No
1.0.0,openjpa-kernel/src/main/java/org/apache/openjpa/kernel/exps/OrExpression.java,3,4,1,3,4,2,0,5,0,0.0,0.0,0.0,4,0,2,0,2,0,4,0,0,0,2,0,0,2,0,0,2,0,0,20,2,0,0,0,0,0,0,2,0,2,0,0,0,0,27,0,0,0,0,0,0,0,0,0,0,0,0,0,0,0,0,No
1.0.0,openjpa-kernel/src/main/java/org/apache/openjpa/event/BrokerFactoryEvent.java,1,4,3,1,3,1,0,1,1,0.6666667,0.0,0.0,3,0,3,0,0,0,3,0,0,0,2,1,1,1,0,0,1,0,0,14,2,0,0,0,0,0,1,2,0,2,0,0,0,0,41,1,0,0,2,1,57,52,28.5,1,1,0.5,58,52,29.0,106,56.5,No
1.0.0,openjpa-kernel/src/main/java/org/apache/openjpa/kernel/PNewProvisionalState.java,3,4,1,3,14,2,0,6,91,0.0,0.0,0.0,14,0,0,0,0,14,14,0,0,0,0,0,0,0,0,0,0,0,0,49,13,0,0,0,0,0,0,0,0,0,0,0,0,0,51,0,0,0,0,0,0,0,0,0,0,0,0,0,0,0,0,No
1.0.0,openjpa-kernel/src/main/java/org/apache/openjpa/kernel/EDeletedState.java,2,3,1,2,10,2,0,3,45,0.0,0.0,0.0,10,0,1,0,0,9,10,0,0,0,0,0,0,0,0,0,0,0,0,35,10,0,0,0,0,1,0,0,0,0,0,0,0,0,41,0,0,0,0,0,0,0,0,0,0,0,0,0,0,0,0,No
1.0.0,openjpa-lib/src/main/java/org/apache/openjpa/lib/jdbc/JDBCEvent.java,1,8,7,1,7,1,0,2,11,0.91596645,0.0,0.0,7,0,7,0,0,0,7,0,6,0,17,12,12,5,0,0,17,0,1,45,6,0,0,0,0,0,12,17,0,17,0,0,0,0,80,1,0,0,0,0,0,0,0,0,0,0,0,0,0,0,0,No
1.0.0,openjpa-kernel/src/main/java/org/apache/openjpa/util/ReferentialIntegrityException.java,3,4,1,3,10,3,0,7,16,0.875,0.0,0.0,8,1,5,3,0,0,5,0,0,0,7,6,5,2,0,0,6,0,1,39,6,0,0,0,0,3,5,9,0,7,1,0,0,0,57,1,0,0,0,0,0,0,0,0,0,0,0,0,0,0,0,No
1.0.0,openjpa-kernel/src/main/java/org/apache/openjpa/util/NoTransactionException.java,2,4,2,2,2,2,0,0,1,0.0,0.0,0.0,2,0,2,0,0,0,2,0,0,0,0,0,0,0,0,0,0,0,0,8,1,0,0,0,0,0,0,0,0,0,0,0,0,0,30,1,0,0,0,0,0,0,0,0,0,0,0,0,0,0,0,No
1.0.0,openjpa-jdbc/src/main/java/org/apache/openjpa/jdbc/kernel/DelegatingJDBCFetchConfiguration.java,6,7,1,6,49,2,0,26,325,0.0,0.0,0.0,26,0,26,0,0,0,26,0,0,0,0,0,0,0,0,0,0,0,0,207,24,0,0,23,0,0,0,0,0,0,1,0,0,0,70,1,0,0,0,0,0,0,0,0,0,0,0,0,0,0,0,No
1.0.0,openjpa-kernel/src/main/java/org/apache/openjpa/ant/PCEnhancerTask.java,7,7,0,7,7,2,0,5,1,0.5,0.0,0.0,6,0,4,0,2,0,6,0,0,0,2,0,0,0,2,0,0,0,1,25,1,0,1,0,1,0,0,9,0,4,0,0,0,0,92,1,0,0,0,0,0,0,0,0,0,0,0,0,0,0,0,No
1.0.0,openjpa-kernel/src/main/java/org/apache/openjpa/util/ObjectExistsException.java,2,2,0,2,2,2,0,0,1,0.0,0.0,0.0,2,0,2,0,0,0,2,0,0,0,0,0,0,0,0,0,0,0,0,8,1,0,0,0,0,0,0,0,0,0,0,0,0,0,25,1,0,0,0,0,0,0,0,0,0,0,0,0,0,0,0,Yes
1.0.0,openjpa-lib/src/main/java/org/apache/openjpa/lib/log/LogFactoryAdapter.java,4,7,3,4,3,1,2,3,1,0.5,0.0,0.0,2,0,1,0,1,0,2,1,0,0,1,0,0,1,0,0,0,0,0,12,1,0,1,0,0,0,0,3,0,2,1,0,0,0,38,1025,0,0,0,0,0,0,0,0,0,0,0,0,0,0,0,No
1.0.0,openjpa-kernel/src/main/java/org/apache/openjpa/kernel/ECleanState.java,2,2,0,2,13,2,0,2,78,0.0,0.0,0.0,13,0,0,0,0,13,13,0,0,0,0,0,0,0,0,0,0,0,0,42,12,0,0,0,0,0,0,0,0,0,0,0,0,0,59,0,0,0,0,0,0,0,0,0,0,0,0,0,0,0,0,No
1.0.0,openjpa-kernel/src/main/java/org/apache/openjpa/event/NoneOrphanedKeyAction.java,3,3,0,3,1,1,0,0,0,0.0,NaN,NaN,1,0,1,0,0,0,1,0,0,0,0,0,0,0,0,0,0,0,0,5,1,0,0,0,0,0,0,0,0,0,0,0,0,0,26,1,0,0,0,0,0,0,0,0,0,0,0,0,0,0,0,No
1.0.0,openjpa-kernel/src/main/java/org/apache/openjpa/kernel/exps/NotExpression.java,3,4,1,3,4,2,0,5,0,0.0,0.0,0.0,4,0,2,0,2,0,4,0,0,0,1,0,0,1,0,0,1,0,0,17,2,0,0,0,0,0,0,1,0,1,0,0,0,0,22,0,0,0,0,0,0,0,0,0,0,0,0,0,0,0,0,No
1.0.0,openjpa-kernel/src/main/java/org/apache/openjpa/kernel/NoneLockManager.java,2,2,0,2,3,2,0,1,3,0.0,0.0,0.0,3,0,3,0,0,0,3,0,0,0,0,0,0,0,0,0,0,0,0,11,1,0,0,0,0,0,0,0,0,0,0,0,0,0,31,1,0,0,0,0,0,0,0,0,0,0,0,0,0,0,0,No
1.0.0,openjpa-jdbc/src/main/java/org/apache/openjpa/jdbc/meta/NoneStrategyInstaller.java,10,10,0,10,5,2,0,13,10,0.0,0.0,0.0,5,0,5,0,0,0,5,0,0,0,0,0,0,0,0,0,0,0,4,22,0,0,0,0,0,0,0,0,0,0,0,0,0,0,28,1,0,0,0,0,0,0,0,0,0,0,0,0,0,0,0,No
1.0.0,openjpa-kernel/src/main/java/org/apache/openjpa/datacache/TypesChangedEvent.java,0,6,6,0,2,1,0,0,0,0.0,0.0,0.0,2,0,2,0,0,0,2,0,0,0,1,0,0,1,0,0,1,0,0,10,1,0,0,0,0,0,0,1,0,1,0,0,0,0,29,1,0,0,0,0,0,0,0,0,0,0,0,0,0,0,0,No
1.0.0,openjpa-jdbc/src/main/java/org/apache/openjpa/jdbc/kernel/exps/SQLValue.java,1,2,1,1,1,2,0,0,0,0.0,NaN,NaN,1,0,1,0,0,0,1,0,0,0,1,1,1,0,0,0,1,0,0,6,1,0,0,0,0,1,0,1,0,1,0,0,0,0,43,1,0,0,0,0,0,0,0,0,0,0,0,0,0,0,0,No
1.0.0,openjpa-kernel/src/main/java/org/apache/openjpa/kernel/exps/Subtract.java,3,4,1,3,2,3,0,1,1,0.0,0.0,0.0,2,0,1,0,1,0,2,0,0,0,0,0,0,0,0,0,0,0,1,8,1,0,0,0,0,0,0,0,0,0,0,0,0,0,22,0,0,0,0,0,0,0,0,0,0,0,0,0,0,0,0,No
1.0.0,openjpa-jdbc/src/main/java/org/apache/openjpa/jdbc/kernel/exps/QueryExpressionsState.java,1,5,4,1,0,1,0,0,0,NaN,-1.0,-1.0,0,0,0,0,0,0,0,0,0,0,6,1,6,0,0,0,1,0,0,8,0,0,0,0,0,0,1,6,0,6,0,0,0,0,29,1,0,0,0,0,0,0,0,0,0,0,0,0,0,0,0,No
1.0.0,openjpa-jdbc/src/main/java/org/apache/openjpa/jdbc/kernel/exps/IsNotEmptyExpression.java,7,8,1,7,5,1,0,8,0,0.0,0.0,0.0,5,0,5,0,0,0,5,0,0,0,1,0,0,1,0,0,1,0,0,22,1,0,0,0,0,0,0,1,0,1,0,0,0,0,38,0,0,0,0,0,0,0,0,0,0,0,0,0,0,0,0,No
1.0.0,openjpa-kernel/src/main/java/org/apache/openjpa/kernel/PNonTransDeletedState.java,2,2,0,2,12,2,0,1,66,0.0,0.0,0.0,12,0,0,0,0,12,12,0,0,0,0,0,0,0,0,0,0,0,0,38,12,0,0,0,0,6,0,0,0,0,0,0,0,0,45,1,0,0,0,0,0,0,0,0,0,0,0,0,0,0,0,No
1.0.0,openjpa-jdbc/src/main/java/org/apache/openjpa/jdbc/conf/JDBCSeqValue.java,6,6,0,6,1,2,0,8,0,0.0,NaN,NaN,1,0,1,0,0,0,1,0,0,0,1,1,0,0,0,1,1,0,0,9,0,0,0,0,0,3,2,1,0,1,0,0,0,0,57,1,0,0,0,0,0,0,0,0,0,0,0,0,0,0,0,No
1.0.0,openjpa-jdbc/src/main/java/org/apache/openjpa/jdbc/kernel/exps/InValueExpression.java,5,6,1,5,3,2,0,3,1,0.0,0.0,0.0,2,0,1,0,1,0,2,0,0,0,0,0,0,0,0,0,0,0,0,9,1,0,1,0,1,0,0,1,0,1,0,0,0,0,35,0,0,0,0,0,0,0,0,0,0,0,0,0,0,0,0,No
1.0.0,openjpa-lib/src/main/java/org/apache/openjpa/lib/graph/NodeInfo.java,0,3,3,0,0,1,0,0,0,NaN,-1.0,-1.0,0,0,0,0,0,0,0,0,0,0,5,3,5,0,0,0,3,0,0,7,0,0,0,0,0,0,4,5,0,5,0,0,0,0,30,0,0,0,1,1,35,35,35.0,0,0,0.0,35,35,35.0,8,8.0,No
1.0.0,openjpa-jdbc/src/main/java/org/apache/openjpa/jdbc/kernel/exps/AbstractVal.java,6,27,21,6,10,1,16,5,45,0.9,0.0,0.0,10,0,10,0,0,0,10,0,0,0,2,2,0,0,2,0,2,0,0,37,4,0,0,0,0,5,2,2,0,2,0,0,0,0,48,1024,0,0,1,1,4,4,4.0,0,0,0.0,4,4,4.0,22,22.0,No
1.0.0,openjpa-jdbc/src/main/java/org/apache/openjpa/jdbc/meta/strats/SuperclassVersionStrategy.java,5,8,3,5,4,3,0,7,6,0.0,0.0,0.0,4,0,4,0,0,0,4,0,0,0,0,0,0,0,0,0,0,0,0,14,3,0,0,0,0,0,0,0,0,0,0,0,0,0,39,1,0,0,1,1,6,6,6.0,0,0,0.0,6,6,6.0,10,10.0,No
1.0.0,openjpa-kernel/src/main/java/org/apache/openjpa/conf/SeqValue.java,2,3,1,2,1,2,0,4,0,0.0,NaN,NaN,1,0,1,0,0,0,1,0,0,0,1,1,0,1,0,0,1,0,0,9,0,0,0,0,0,1,2,1,0,1,0,0,0,0,40,1,0,0,0,0,0,0,0,0,0,0,0,0,0,0,0,No
1.0.0,openjpa-kernel/src/main/java/org/apache/openjpa/kernel/exps/ValExpression.java,4,5,1,4,8,2,0,9,0,0.0,0.0,0.0,4,0,2,0,2,0,4,0,0,0,1,0,0,1,0,0,1,0,0,20,2,0,3,0,3,0,0,4,0,4,0,0,0,0,26,0,0,0,0,0,0,0,0,0,0,0,0,0,0,0,0,No
1.0.0,openjpa-kernel/src/main/java/org/apache/openjpa/kernel/exps/Add.java,3,4,1,3,2,3,0,1,1,0.0,0.0,0.0,2,0,1,0,1,0,2,0,0,0,0,0,0,0,0,0,0,0,1,8,1,0,0,0,0,0,0,0,0,0,0,0,0,0,20,0,0,0,0,0,0,0,0,0,0,0,0,0,0,0,0,No
1.0.0,openjpa-kernel/src/main/java/org/apache/openjpa/kernel/exps/NotEqualExpression.java,2,3,1,2,5,3,0,1,1,0.0,0.0,0.0,2,0,1,0,1,0,2,0,0,0,0,0,0,0,0,0,0,0,0,8,1,0,3,0,2,0,0,0,0,0,0,0,0,0,19,0,0,0,0,0,0,0,0,0,0,0,0,0,0,0,0,No
1.0.0,openjpa-kernel/src/main/java/org/apache/openjpa/util/ObjectNotFoundException.java,5,10,5,5,4,2,0,6,4,0.5,0.0,0.0,4,0,4,0,0,0,4,0,0,0,1,1,0,1,0,0,1,0,2,17,1,0,0,0,0,2,0,1,0,1,0,0,0,0,35,1,0,0,0,0,0,0,0,0,0,0,0,0,0,0,0,No
1.0.0,openjpa-kernel/src/main/java/org/apache/openjpa/util/InvalidStateException.java,2,17,15,2,3,3,3,1,3,0.0,0.0,0.0,3,0,3,0,0,0,3,0,0,0,0,0,0,0,0,0,0,0,0,12,1,0,0,0,0,0,0,0,0,0,0,0,0,0,39,1,0,0,0,0,0,0,0,0,0,0,0,0,0,0,0,No
1.0.0,openjpa-jdbc/src/main/java/org/apache/openjpa/jdbc/sql/FirebirdDictionary.java,4,5,1,4,4,2,0,4,3,0.0,0.0,0.0,3,0,3,0,0,0,3,0,0,0,0,0,0,0,0,0,0,0,0,25,1,0,1,0,0,10,0,3,1,0,1,0,0,0,43,1,0,0,0,0,0,0,0,0,0,0,0,0,0,0,0,No
1.0.0,openjpa-jdbc/src/main/java/org/apache/openjpa/jdbc/kernel/ConnectionInfo.java,3,5,2,3,0,1,0,0,0,NaN,-1.0,-1.0,0,0,0,0,0,0,0,0,0,0,3,0,3,0,0,0,0,0,0,5,0,0,0,0,0,0,0,3,0,3,0,0,0,0,25,1,0,0,0,0,0,0,0,0,0,0,0,0,0,0,0,No
1.0.0,openjpa-kernel/src/main/java/org/apache/openjpa/kernel/PDeletedFlushedState.java,4,6,2,4,2,3,0,1,1,0.0,0.0,0.0,2,0,0,0,0,2,2,0,0,0,0,0,0,0,0,0,0,0,0,9,2,0,0,0,0,0,0,0,0,0,0,0,0,0,30,0,0,0,0,0,0,0,0,0,0,0,0,0,0,0,0,No
1.0.0,openjpa-kernel/src/main/java/org/apache/openjpa/kernel/exps/ContainsKeyExpression.java,2,3,1,2,3,3,0,1,1,0.0,0.0,0.0,2,0,1,0,1,0,2,0,0,0,0,0,0,0,0,0,0,0,0,8,1,0,1,0,2,0,0,0,0,0,0,0,0,0,26,0,0,0,0,0,0,0,0,0,0,0,0,0,0,0,0,No
1.0.0,openjpa-kernel/src/main/java/org/apache/openjpa/util/NoResultException.java,2,2,0,2,3,2,0,1,3,0.0,0.0,0.0,3,0,3,0,0,0,3,0,0,0,0,0,0,0,0,0,0,0,0,12,1,0,0,0,0,0,0,0,0,0,0,0,0,0,35,1,0,0,0,0,0,0,0,0,0,0,0,0,0,0,0,No
1.0.0,openjpa-lib/src/main/java/org/apache/openjpa/lib/rop/SoftRandomAccessResultList.java,3,4,1,3,2,4,0,0,1,0.0,0.0,0.0,2,0,1,0,1,0,2,0,0,0,0,0,0,0,0,0,0,0,0,8,1,0,0,0,0,0,0,0,0,0,0,0,0,0,23,1,0,0,0,0,0,0,0,0,0,0,0,0,0,0,0,No
1.0.0,openjpa-persistence-jdbc/src/main/java/org/apache/openjpa/persistence/jdbc/JDBCFetchPlanImpl.java,14,16,2,14,43,2,0,43,693,0.6511628,0.0,0.0,43,0,42,0,1,0,43,0,0,0,1,0,0,1,0,0,0,0,7,140,42,0,0,0,0,0,0,1,0,1,0,0,0,0,70,1,0,0,5,1,185,156,37.0,46,18,9.2,231,174,46.2,106,30.2,No
1.0.0,openjpa-kernel/src/main/java/org/apache/openjpa/util/MetaDataException.java,2,11,9,2,5,2,0,1,10,0.0,0.0,0.0,5,0,5,0,0,0,5,0,0,0,0,0,0,0,0,0,0,0,0,20,1,0,0,0,0,0,0,0,0,0,0,0,0,0,25,1,0,0,1,1,2,2,2.0,3,3,3.0,5,5,5.0,2,2.0,No
1.0.0,openjpa-kernel/src/main/java/org/apache/openjpa/util/NonUniqueResultException.java,2,2,0,2,3,2,0,1,3,0.0,0.0,0.0,3,0,3,0,0,0,3,0,0,0,0,0,0,0,0,0,0,0,0,12,1,0,0,0,0,0,0,0,0,0,0,0,0,0,39,1,0,0,0,0,0,0,0,0,0,0,0,0,0,0,0,No
1.0.0,openjpa-jdbc/src/main/java/org/apache/openjpa/jdbc/kernel/exps/InSubQExpression.java,9,10,1,9,5,2,0,13,0,0.0,0.0,0.0,5,0,5,0,0,0,5,0,0,0,2,0,0,2,0,0,2,0,0,41,1,0,0,0,0,1,4,6,0,6,0,0,1,0,46,0,0,0,0,0,0,0,0,0,0,0,0,0,0,0,0,No
1.0.0,openjpa-jdbc/src/main/java/org/apache/openjpa/jdbc/meta/strats/AbstractValueHandler.java,5,15,10,5,6,1,10,0,15,0.0,0.0,0.0,6,0,6,0,0,0,6,0,0,0,0,0,0,0,0,0,0,0,0,20,6,0,0,0,0,0,0,0,0,0,0,0,0,0,41,1025,0,0,0,0,0,0,0,0,0,0,0,0,0,0,0,No
1.0.0,openjpa-kernel/src/main/java/org/apache/openjpa/kernel/TLoadedState.java,2,3,1,2,2,2,0,1,1,0.0,0.0,0.0,2,0,0,0,0,2,2,0,0,0,0,0,0,0,0,0,0,0,0,8,1,0,0,0,0,0,0,0,0,0,0,0,0,0,43,0,0,0,0,0,0,0,0,0,0,0,0,0,0,0,0,No
1.0.0,openjpa-jdbc/src/main/java/org/apache/openjpa/jdbc/kernel/exps/Distinct.java,5,6,1,5,3,3,0,1,3,0.0,0.0,0.0,3,0,2,0,1,0,3,0,0,0,0,0,0,0,0,0,0,0,0,11,2,0,0,0,0,1,0,0,0,0,0,0,0,0,17,0,0,0,0,0,0,0,0,0,0,0,0,0,0,0,0,No
1.0.0,openjpa-kernel/src/main/java/org/apache/openjpa/kernel/exps/BindKeyVariableExpression.java,3,4,1,3,3,3,0,1,1,0.0,0.0,0.0,2,0,1,0,1,0,2,0,0,0,0,0,0,0,0,0,0,0,0,9,1,0,1,0,1,0,0,1,0,1,0,0,0,0,24,0,0,0,0,0,0,0,0,0,0,0,0,0,0,0,0,No
1.0.0,openjpa-kernel/src/main/java/org/apache/openjpa/kernel/HollowState.java,2,3,1,2,11,2,0,4,55,0.0,0.0,0.0,11,0,0,0,0,11,11,0,0,0,0,0,0,0,0,0,0,0,0,38,10,0,0,0,0,0,0,0,0,0,0,0,0,0,78,0,0,0,0,0,0,0,0,0,0,0,0,0,0,0,0,No
1.0.0,openjpa-jdbc/src/main/java/org/apache/openjpa/jdbc/kernel/exps/Max.java,2,3,1,2,3,3,0,0,3,0.0,0.0,0.0,3,0,2,0,1,0,3,0,0,0,0,0,0,0,0,0,0,0,0,11,2,0,0,0,0,1,0,0,0,0,0,0,0,0,17,0,0,0,0,0,0,0,0,0,0,0,0,0,0,0,0,No
1.0.0,openjpa-kernel/src/main/java/org/apache/openjpa/kernel/exps/ContainsValueExpression.java,2,3,1,2,3,3,0,1,1,0.0,0.0,0.0,2,0,1,0,1,0,2,0,0,0,0,0,0,0,0,0,0,0,0,8,1,0,1,0,2,0,0,0,0,0,0,0,0,0,25,0,0,0,0,0,0,0,0,0,0,0,0,0,0,0,0,No
1.0.0,openjpa-jdbc/src/main/java/org/apache/openjpa/jdbc/schema/ReferenceCounter.java,0,12,12,0,3,1,3,0,0,0.0,0.0,0.0,3,0,3,0,0,0,3,0,0,0,1,0,0,1,0,0,0,0,0,12,1,0,0,0,0,0,1,1,0,1,0,0,0,0,21,0,0,0,0,0,0,0,0,0,0,0,0,0,0,0,0,No
1.0.0,openjpa-kernel/src/main/java/org/apache/openjpa/kernel/ECopyState.java,3,4,1,3,12,2,0,5,66,0.0,0.0,0.0,12,0,0,0,0,12,12,0,0,0,0,0,0,0,0,0,0,0,0,40,10,0,0,0,0,1,0,0,0,0,0,0,0,0,51,0,0,0,0,0,0,0,0,0,0,0,0,0,0,0,0,No
1.0.0,openjpa-kernel/src/main/java/org/apache/openjpa/ee/SunOneManagedRuntime.java,4,6,2,4,4,2,0,6,4,0.5,0.0,0.0,4,0,4,0,0,0,4,0,0,0,2,0,0,2,0,0,0,0,1,19,2,0,0,0,0,3,0,4,0,4,0,0,0,0,28,1,0,0,1,1,1,1,1.0,1,1,1.0,2,2,2.0,11,11.0,No
1.0.0,openjpa-jdbc/src/main/java/org/apache/openjpa/jdbc/kernel/exps/ToLowerCase.java,8,9,1,8,3,3,0,9,1,0.0,0.0,0.0,2,0,2,0,0,0,2,0,0,0,0,0,0,0,0,0,0,0,0,15,0,0,1,0,0,2,2,4,1,3,0,0,0,0,34,0,0,0,1,1,1,1,1.0,0,0,0.0,1,1,1.0,11,11.0,No
1.0.0,openjpa-kernel/src/main/java/org/apache/openjpa/conf/Compatibility.java,0,2,2,0,14,1,0,0,77,0.85714287,0.0,0.0,14,0,14,0,0,0,14,0,0,0,7,0,0,7,0,0,0,0,0,51,7,0,0,0,0,0,0,14,0,7,0,0,0,0,124,1,0,0,0,0,0,0,0,0,0,0,0,0,0,0,0,Yes
1.0.0,openjpa-kernel/src/main/java/org/apache/openjpa/datacache/ConcurrentQueryCache.java,7,8,1,7,16,3,0,17,0,0.125,0.0,0.0,16,0,8,0,8,0,16,0,0,0,1,0,0,1,0,0,0,0,0,52,10,0,0,0,0,0,0,1,0,1,0,0,0,0,125,1,0,0,1,1,1,1,1.0,1,1,1.0,2,2,2.0,4,4.0,No
1.0.0,openjpa-jdbc/src/main/java/org/apache/openjpa/jdbc/kernel/exps/SQLExpression.java,1,2,1,1,1,2,0,0,0,0.0,NaN,NaN,1,0,1,0,0,0,1,0,0,0,1,1,1,0,0,0,1,0,0,6,1,0,0,0,0,1,0,1,0,1,0,0,0,0,44,1,0,0,0,0,0,0,0,0,0,0,0,0,0,0,0,No
1.0.0,openjpa-jdbc/src/main/java/org/apache/openjpa/jdbc/sql/Calendard.java,0,2,2,0,1,1,0,0,0,0.0,NaN,NaN,1,0,1,0,0,0,1,0,0,0,2,0,2,0,0,0,2,0,0,8,0,0,0,0,0,0,0,2,0,2,0,0,0,0,17,1,0,0,0,0,0,0,0,0,0,0,0,0,0,0,0,No
1.0.0,openjpa-jdbc/src/main/java/org/apache/openjpa/jdbc/conf/FetchModeValue.java,1,2,1,1,1,2,0,3,0,0.75,NaN,NaN,1,0,1,0,0,0,1,0,0,0,4,4,3,1,0,0,3,0,5,11,0,0,0,0,0,5,0,4,0,4,0,0,0,0,49,1,0,0,0,0,0,0,0,0,0,0,0,0,0,0,0,No
1.0.0,openjpa-jdbc/src/main/java/org/apache/openjpa/jdbc/sql/CacheDictionary.java,1,2,1,1,1,2,0,0,0,0.0,NaN,NaN,1,0,1,0,0,0,1,0,0,0,0,0,0,0,0,0,0,0,0,14,0,0,0,0,0,8,0,10,0,0,0,0,0,0,46,1,0,0,0,0,0,0,0,0,0,0,0,0,0,0,0,No
1.0.0,openjpa-jdbc/src/main/java/org/apache/openjpa/jdbc/kernel/exps/Min.java,2,3,1,2,3,3,0,0,3,0.0,0.0,0.0,3,0,2,0,1,0,3,0,0,0,0,0,0,0,0,0,0,0,0,11,2,0,0,0,0,1,0,0,0,0,0,0,0,0,17,0,0,0,0,0,0,0,0,0,0,0,0,0,0,0,0,No
1.0.0,openjpa-jdbc/src/main/java/org/apache/openjpa/jdbc/kernel/exps/Size.java,7,8,1,7,5,3,0,5,10,0.0,0.0,0.0,5,0,3,0,2,0,5,0,0,0,0,0,0,0,0,0,0,0,0,19,2,0,0,0,0,0,0,0,0,0,0,0,0,0,27,0,0,0,0,0,0,0,0,0,0,0,0,0,0,0,0,No
1.0.0,openjpa-jdbc/src/main/java/org/apache/openjpa/jdbc/meta/StrategyInstaller.java,5,16,11,5,6,1,6,0,15,0.8333333,0.0,0.0,6,0,6,0,0,0,6,4,0,0,1,0,0,0,1,0,1,0,0,13,1,0,0,0,0,0,0,1,0,1,0,0,0,0,43,1025,0,0,0,0,0,0,0,0,0,0,0,0,0,0,0,No
1.0.0,openjpa-jdbc/src/main/java/org/apache/openjpa/jdbc/sql/Sized.java,0,2,2,0,1,1,0,0,0,0.0,NaN,NaN,1,0,1,0,0,0,1,0,0,0,2,0,2,0,0,0,2,0,0,8,0,0,0,0,0,0,0,2,0,2,0,0,0,0,16,1,0,0,0,0,0,0,0,0,0,0,0,0,0,0,0,No
1.0.0,openjpa-kernel/src/main/java/org/apache/openjpa/kernel/PDeletedState.java,2,4,2,2,16,2,1,6,105,0.0,0.0,0.0,15,0,0,0,0,15,15,0,0,0,0,0,0,0,0,0,0,0,0,50,14,0,0,0,1,4,1,0,0,0,0,0,0,0,56,0,0,0,0,0,0,0,0,0,0,0,0,0,0,0,0,No
1.0.0,openjpa-lib/src/main/java/org/apache/openjpa/lib/rop/ListResultList.java,3,7,4,3,18,2,1,13,0,0.5555556,0.0,0.0,18,0,18,0,0,0,18,0,0,0,2,0,0,2,0,0,1,0,0,67,16,0,0,0,0,0,0,3,0,2,0,0,0,0,47,1,0,0,0,0,0,0,0,0,0,0,0,0,0,0,0,No
1.0.0,openjpa-kernel/src/main/java/org/apache/openjpa/ee/JNDIManagedRuntime.java,4,6,2,4,6,2,0,5,4,0.5,0.0,0.0,5,0,5,0,0,0,5,0,0,0,2,0,0,2,0,0,0,0,0,29,3,0,1,1,0,1,0,6,0,3,2,0,0,0,38,1,0,0,1,1,1,1,1.0,1,1,1.0,2,2,2.0,11,11.0,No
1.0.0,openjpa-jdbc/src/main/java/org/apache/openjpa/jdbc/kernel/exps/ToUpperCase.java,8,9,1,8,3,3,0,9,1,0.0,0.0,0.0,2,0,2,0,0,0,2,0,0,0,0,0,0,0,0,0,0,0,0,15,0,0,1,0,0,2,2,4,1,3,0,0,0,0,34,0,0,0,1,1,1,1,1.0,0,0,0.0,1,1,1.0,11,11.0,No
1.0.0,openjpa-jdbc/src/main/java/org/apache/openjpa/jdbc/meta/strats/ByteArrayValueHandler.java,8,10,2,8,4,2,0,5,6,0.75,0.0,0.0,4,1,4,0,0,0,4,0,0,0,1,1,0,1,0,0,1,0,2,19,4,0,0,0,0,0,1,2,0,2,0,0,0,0,28,1,0,0,0,0,0,0,0,0,0,0,0,0,0,0,0,No
1.0.0,openjpa-jdbc/src/main/java/org/apache/openjpa/jdbc/kernel/exps/IsEmptyExpression.java,7,8,1,7,5,1,0,8,0,0.0,0.0,0.0,5,0,5,0,0,0,5,0,0,0,1,0,0,1,0,0,1,0,0,22,1,0,0,0,0,0,0,1,0,1,0,0,0,0,37,0,0,0,0,0,0,0,0,0,0,0,0,0,0,0,0,No
1.0.0,openjpa-kernel/src/main/java/org/apache/openjpa/kernel/exps/ValuePath.java,5,6,1,5,4,3,0,6,0,0.0,0.0,0.0,4,0,3,0,1,0,4,0,0,0,1,0,0,1,0,0,1,0,0,17,2,0,0,0,0,0,0,1,0,1,0,0,0,0,31,0,0,0,0,0,0,0,0,0,0,0,0,0,0,0,0,No
1.0.0,openjpa-kernel/src/main/java/org/apache/openjpa/util/UnsupportedException.java,2,9,7,2,5,5,0,1,10,0.0,0.0,0.0,5,0,5,0,0,0,5,0,0,0,0,0,0,0,0,0,0,0,0,20,1,0,0,0,0,0,0,0,0,0,0,0,0,0,29,1,0,0,0,0,0,0,0,0,0,0,0,0,0,0,0,No
1.0.0,openjpa-kernel/src/main/java/org/apache/openjpa/event/LifecycleEvent.java,1,12,11,1,4,1,0,0,2,0.95238096,0.0,0.0,4,0,4,0,0,0,4,0,0,0,21,19,19,2,0,0,21,0,0,37,2,0,0,0,0,0,18,21,0,21,0,0,0,0,65,1,0,0,0,0,0,0,0,0,0,0,0,0,0,0,0,No
1.0.0,openjpa-jdbc/src/main/java/org/apache/openjpa/jdbc/kernel/exps/NotExpression.java,7,8,1,7,5,2,0,8,0,0.0,0.0,0.0,5,0,5,0,0,0,5,0,0,0,1,0,0,1,0,0,1,0,0,30,1,0,0,0,2,2,0,2,0,2,0,0,1,0,34,0,0,0,0,0,0,0,0,0,0,0,0,0,0,0,0,No
1.0.0,openjpa-kernel/src/main/java/org/apache/openjpa/kernel/exps/InstanceofExpression.java,5,6,1,5,6,2,0,10,0,0.125,0.0,0.0,4,0,2,0,2,0,4,0,0,0,2,0,0,2,0,0,2,0,1,21,2,0,1,0,1,0,0,4,0,4,0,0,0,0,42,0,0,0,0,0,0,0,0,0,0,0,0,0,0,0,0,No
1.0.0,openjpa-kernel/src/main/java/org/apache/openjpa/event/ExceptionOrphanedKeyAction.java,6,7,1,6,1,1,0,2,0,0.0,NaN,NaN,1,0,1,0,0,0,1,0,0,0,1,1,0,1,0,0,1,0,0,6,0,0,0,0,0,1,0,1,0,1,0,0,0,0,29,1,0,0,0,0,0,0,0,0,0,0,0,0,0,0,0,No
1.0.0,openjpa-kernel/src/main/java/org/apache/openjpa/util/ObjectId.java,2,8,6,2,9,2,0,2,0,0.0,0.0,0.0,7,0,4,0,2,1,7,0,0,0,1,0,0,1,0,0,0,0,0,27,4,0,3,0,3,0,1,4,0,2,0,0,0,0,33,17,0,0,0,0,0,0,0,0,0,0,0,0,0,0,0,No
1.0.0,openjpa-kernel/src/main/java/org/apache/openjpa/util/StoreException.java,2,20,18,2,4,2,5,1,6,1.0,0.0,0.0,4,0,4,0,0,0,4,0,0,0,5,5,5,0,0,0,5,0,0,19,1,0,0,0,0,0,5,5,0,5,0,0,0,0,36,1,0,0,0,0,0,0,0,0,0,0,0,0,0,0,0,No
1.0.0,openjpa-kernel/src/main/java/org/apache/openjpa/kernel/PNewFlushedDeletedState.java,2,4,2,2,15,2,1,3,105,0.0,0.0,0.0,15,0,0,0,0,15,15,0,0,0,0,0,0,0,0,0,0,0,0,50,15,0,0,0,0,4,0,0,0,0,0,0,0,0,55,0,0,0,0,0,0,0,0,0,0,0,0,0,0,0,0,No
1.0.1,openjpa-kernel/src/main/java/org/apache/openjpa/event/TransactionEvent.java,1,7,6,1,10,1,0,0,5,0.8809525,0.0,0.0,6,0,6,0,0,0,6,0,0,0,14,9,9,5,0,0,14,0,0,39,5,0,4,0,4,0,9,14,0,14,0,0,0,0,121,1,0,0,0,0,0,0,0,0,0,0,0,0,0,0,0,No
1.0.1,openjpa-kernel/src/main/java/org/apache/openjpa/ee/AbstractManagedRuntime.java,1,8,7,1,1,1,7,2,0,0.0,NaN,NaN,1,0,1,0,0,0,1,0,0,0,0,0,0,0,0,0,0,0,0,5,1,0,0,0,0,0,0,0,0,0,0,0,0,0,29,1025,0,0,0,0,0,0,0,0,0,0,0,0,0,0,0,No
1.0.1,openjpa-kernel/src/main/java/org/apache/openjpa/kernel/exps/AndExpression.java,3,5,2,3,6,2,1,5,0,0.16666667,0.0,0.0,6,0,4,0,2,0,6,0,0,0,2,0,0,2,0,0,2,0,0,26,4,0,0,0,0,0,0,2,0,2,0,0,0,0,30,0,0,0,0,0,0,0,0,0,0,0,0,0,0,0,0,No
1.0.1,openjpa-kernel/src/main/java/org/apache/openjpa/kernel/AbstractFieldManager.java,2,3,1,2,20,1,1,0,190,0.0,0.0,0.0,20,0,20,0,0,0,20,0,0,0,0,0,0,0,0,0,0,0,0,62,0,0,0,0,0,0,0,0,0,0,0,0,0,0,26,1024,0,0,0,0,0,0,0,0,0,0,0,0,0,0,0,No
1.0.1,openjpa-lib/src/main/java/org/apache/openjpa/lib/meta/SuffixMetaDataFilter.java,2,3,1,2,3,1,0,2,0,0.0,0.0,0.0,2,0,2,0,0,0,2,0,0,0,1,0,0,1,0,0,1,0,0,10,1,0,1,0,0,0,0,2,0,2,0,0,0,0,23,1,0,0,0,0,0,0,0,0,0,0,0,0,0,0,0,No
1.0.1,openjpa-kernel/src/main/java/org/apache/openjpa/kernel/jpql/SimpleNode.java,2,2,0,2,1,2,0,0,0,0.0,NaN,NaN,1,0,0,0,0,1,1,0,0,0,0,0,0,0,0,0,0,0,0,5,0,0,0,0,0,0,0,0,0,0,0,0,0,0,22,1,0,0,0,0,0,0,0,0,0,0,0,0,0,0,0,No
1.0.1,openjpa-jdbc/src/main/java/org/apache/openjpa/jdbc/meta/strats/AbstractClassStrategy.java,11,17,6,11,7,2,6,0,21,0.85714287,0.0,0.0,7,0,7,0,0,0,7,0,0,0,1,0,0,0,1,0,0,0,0,24,6,0,0,0,0,0,0,2,0,1,0,0,0,0,60,1025,0,0,0,0,0,0,0,0,0,0,0,0,0,0,0,No
1.0.1,openjpa-kernel/src/main/java/org/apache/openjpa/util/OptimisticException.java,5,8,3,5,5,2,0,6,4,0.4,0.0,0.0,5,0,5,0,0,0,5,0,0,0,1,1,0,1,0,0,1,0,2,21,1,0,0,0,0,3,0,1,0,1,0,0,0,0,29,1,0,0,0,0,0,0,0,0,0,0,0,0,0,0,0,No
1.0.1,openjpa-kernel/src/main/java/org/apache/openjpa/kernel/exps/Lit.java,3,4,1,3,9,2,0,2,0,0.4375,0.0,0.0,8,0,7,0,1,0,8,0,0,0,2,0,0,2,0,0,1,0,0,29,5,0,1,0,1,0,0,4,0,2,0,0,0,0,28,0,0,0,0,0,0,0,0,0,0,0,0,0,0,0,0,No
1.0.1,openjpa-kernel/src/main/java/org/apache/openjpa/kernel/exps/UnboundVariable.java,2,3,1,2,6,2,0,0,7,0.5833334,0.0,0.0,6,0,5,0,1,0,6,0,0,0,2,0,0,2,0,0,0,0,0,22,3,0,0,0,0,0,0,5,0,2,0,0,0,0,56,0,0,0,0,0,0,0,0,0,0,0,0,0,0,0,0,No
1.0.1,openjpa-kernel/src/main/java/org/apache/openjpa/kernel/exps/Param.java,4,6,2,4,7,2,0,1,11,0.6666667,0.0,0.0,7,0,6,0,1,0,7,0,0,0,3,0,0,3,0,0,0,0,0,27,4,0,0,0,0,0,1,7,0,3,0,0,0,0,30,0,0,0,0,0,0,0,0,0,0,0,0,0,0,0,0,No
1.0.1,openjpa-jdbc/src/main/java/org/apache/openjpa/jdbc/sql/AbstractDB2Dictionary.java,3,5,2,3,5,2,2,2,3,0.0,0.0,0.0,3,0,3,0,0,0,3,0,0,0,0,0,0,0,0,0,0,0,0,59,0,0,2,0,0,31,0,27,1,0,1,0,0,0,96,1025,0,0,0,0,0,0,0,0,0,0,0,0,0,0,0,Yes
1.0.1,openjpa-kernel/src/main/java/org/apache/openjpa/ant/ApplicationIdToolTask.java,7,7,0,7,10,2,0,4,0,0.5,0.0,0.0,9,0,7,0,2,0,9,0,0,0,2,0,0,0,2,0,0,0,1,32,2,0,1,0,1,0,0,9,0,2,0,0,0,0,95,1,0,0,0,0,0,0,0,0,0,0,0,0,0,0,0,No
1.0.1,openjpa-jdbc/src/main/java/org/apache/openjpa/jdbc/kernel/exps/Any.java,2,3,1,2,2,3,0,0,1,0.0,0.0,0.0,2,0,1,0,1,0,2,0,0,0,0,0,0,0,0,0,0,0,0,8,1,0,0,0,0,1,0,0,0,0,0,0,0,0,8,0,0,0,0,0,0,0,0,0,0,0,0,0,0,0,0,No
1.0.1,openjpa-kernel/src/main/java/org/apache/openjpa/kernel/PNonTransNewState.java,2,3,1,2,8,2,0,2,28,0.0,0.0,0.0,8,0,0,0,0,8,8,0,0,0,0,0,0,0,0,0,0,0,0,27,7,0,0,0,0,0,0,0,0,0,0,0,0,0,38,0,0,0,0,0,0,0,0,0,0,0,0,0,0,0,0,No
1.0.1,openjpa-jdbc/src/main/java/org/apache/openjpa/jdbc/kernel/exps/All.java,2,3,1,2,2,3,0,0,1,0.0,0.0,0.0,2,0,1,0,1,0,2,0,0,0,0,0,0,0,0,0,0,0,0,8,1,0,0,0,0,1,0,0,0,0,0,0,0,0,8,0,0,0,0,0,0,0,0,0,0,0,0,0,0,0,0,No
1.0.1,openjpa-kernel/src/main/java/org/apache/openjpa/kernel/exps/Divide.java,2,3,1,2,2,3,0,1,1,0.0,0.0,0.0,2,0,1,0,1,0,2,0,0,0,0,0,0,0,0,0,0,0,0,8,1,0,0,0,0,0,0,0,0,0,0,0,0,0,21,0,0,0,0,0,0,0,0,0,0,0,0,0,0,0,0,No
1.0.1,openjpa-jdbc/src/main/java/org/apache/openjpa/jdbc/meta/strats/ClobValueHandler.java,5,7,2,5,2,2,0,3,1,0.5,0.0,0.0,2,1,2,0,0,0,2,0,0,0,1,1,0,1,0,0,1,0,0,13,2,0,0,0,0,0,1,2,0,2,0,0,0,0,17,1,0,0,0,0,0,0,0,0,0,0,0,0,0,0,0,No
1.0.1,openjpa-jdbc/src/main/java/org/apache/openjpa/jdbc/meta/SequenceMapping.java,4,5,1,4,13,2,0,2,52,0.8846154,0.0,0.0,13,0,11,0,2,0,13,0,0,0,12,7,3,9,0,0,7,0,0,57,6,0,0,0,0,7,0,17,0,12,0,0,0,0,74,1,0,0,0,0,0,0,0,0,0,0,0,0,0,0,0,Yes
1.0.1,openjpa-kernel/src/main/java/org/apache/openjpa/datacache/ExpirationEvent.java,0,2,2,0,3,1,0,0,0,0.33333334,0.0,0.0,3,0,3,0,0,0,3,0,0,0,2,0,0,2,0,0,2,0,0,15,2,0,0,0,0,0,0,2,0,2,0,0,0,0,40,1,0,0,0,0,0,0,0,0,0,0,0,0,0,0,0,No
1.0.1,openjpa-jdbc/src/main/java/org/apache/openjpa/jdbc/meta/strats/BlobValueHandler.java,5,7,2,5,2,2,0,3,1,0.5,0.0,0.0,2,1,2,0,0,0,2,0,0,0,1,1,0,1,0,0,1,0,0,13,2,0,0,0,0,0,1,2,0,2,0,0,0,0,17,1,0,0,0,0,0,0,0,0,0,0,0,0,0,0,0,No
1.0.1,openjpa-kernel/src/main/java/org/apache/openjpa/kernel/PCleanState.java,2,3,1,2,13,2,0,2,78,0.0,0.0,0.0,13,0,0,0,0,13,13,0,0,0,0,0,0,0,0,0,0,0,0,42,12,0,0,0,0,0,0,0,0,0,0,0,0,0,55,0,0,0,0,0,0,0,0,0,0,0,0,0,0,0,0,No
1.0.1,openjpa-jdbc/src/main/java/org/apache/openjpa/jdbc/kernel/exps/Sqrt.java,2,3,1,2,3,3,0,0,3,0.0,0.0,0.0,3,0,1,0,2,0,3,0,0,0,0,0,0,0,0,0,0,0,0,11,2,0,0,0,0,1,0,0,0,0,0,0,0,0,18,0,0,0,0,0,0,0,0,0,0,0,0,0,0,0,0,No
1.0.1,openjpa-kernel/src/main/java/org/apache/openjpa/kernel/exps/BindValueVariableExpression.java,3,4,1,3,3,3,0,1,1,0.0,0.0,0.0,2,0,1,0,1,0,2,0,0,0,0,0,0,0,0,0,0,0,0,9,1,0,1,0,1,0,0,1,0,1,0,0,0,0,23,0,0,0,0,0,0,0,0,0,0,0,0,0,0,0,0,No
1.0.1,openjpa-jdbc/src/main/java/org/apache/openjpa/jdbc/kernel/exps/Avg.java,2,3,1,2,3,3,0,0,3,0.0,0.0,0.0,3,0,2,0,1,0,3,0,0,0,0,0,0,0,0,0,0,0,0,11,2,0,0,0,0,1,0,0,0,0,0,0,0,0,17,0,0,0,0,0,0,0,0,0,0,0,0,0,0,0,0,No
1.0.1,openjpa-kernel/src/main/java/org/apache/openjpa/kernel/exps/Multiply.java,2,3,1,2,2,3,0,1,1,0.0,0.0,0.0,2,0,1,0,1,0,2,0,0,0,0,0,0,0,0,0,0,0,0,8,1,0,0,0,0,0,0,0,0,0,0,0,0,0,20,0,0,0,0,0,0,0,0,0,0,0,0,0,0,0,0,No
1.0.1,openjpa-kernel/src/main/java/org/apache/openjpa/kernel/exps/CompareExpression.java,5,15,10,5,13,2,9,11,0,0.2,0.0,0.0,5,0,2,0,3,0,5,1,0,0,2,0,0,2,0,0,2,0,0,37,2,0,6,0,2,0,0,14,0,10,1,0,0,0,35,1024,0,0,0,0,0,0,0,0,0,0,0,0,0,0,0,No
1.0.1,openjpa-lib/src/main/java/org/apache/openjpa/lib/conf/BootstrapException.java,1,3,2,1,6,4,0,0,13,0.6666667,0.0,0.0,6,0,6,0,0,0,6,0,0,0,1,0,0,1,0,0,0,0,0,22,2,0,0,0,0,0,0,2,0,1,0,0,0,0,19,1,0,0,0,0,0,0,0,0,0,0,0,0,0,0,0,No
1.0.1,openjpa-jdbc/src/main/java/org/apache/openjpa/jdbc/meta/strats/SuperclassDiscriminatorStrategy.java,11,14,3,11,8,3,0,14,10,0.0,0.0,0.0,5,0,5,0,0,0,5,0,0,0,0,0,0,0,0,0,0,0,0,24,3,1,2,0,0,0,0,2,0,1,2,0,0,0,43,1,0,0,0,0,0,0,0,0,0,0,0,0,0,0,0,No
1.0.1,openjpa-kernel/src/main/java/org/apache/openjpa/kernel/exps/EqualExpression.java,2,3,1,2,5,3,0,1,1,0.0,0.0,0.0,2,0,1,0,1,0,2,0,0,0,0,0,0,0,0,0,0,0,0,8,1,0,3,0,2,0,0,0,0,0,0,0,0,0,18,0,0,0,0,0,0,0,0,0,0,0,0,0,0,0,0,No
1.0.1,openjpa-kernel/src/main/java/org/apache/openjpa/util/InternalException.java,2,22,20,2,7,5,0,1,21,0.0,0.0,0.0,7,0,7,0,0,0,7,0,0,0,0,0,0,0,0,0,0,0,0,28,1,0,0,0,0,0,0,0,0,0,0,0,0,0,25,1,0,0,0,0,0,0,0,0,0,0,0,0,0,0,0,No
1.0.1,openjpa-jdbc/src/main/java/org/apache/openjpa/jdbc/conf/JDBCProductDerivation.java,4,4,0,4,4,2,0,4,3,0.0,0.0,0.0,3,0,3,0,0,0,3,0,0,0,0,0,0,0,0,0,0,0,0,15,3,0,1,0,0,2,0,0,0,0,1,0,0,0,35,1,0,0,0,0,0,0,0,0,0,0,0,0,0,0,0,No
1.0.1,openjpa-kernel/src/main/java/org/apache/openjpa/util/LongId.java,2,6,4,2,11,2,0,3,0,0.0,0.0,0.0,8,0,6,0,2,0,8,0,0,0,1,0,0,1,0,0,1,0,1,29,4,0,3,0,5,0,3,2,1,1,0,0,0,0,23,17,0,0,0,0,0,0,0,0,0,0,0,0,0,0,0,No
1.0.1,openjpa-kernel/src/main/java/org/apache/openjpa/kernel/EDirtyState.java,3,4,1,3,14,2,0,5,91,0.0,0.0,0.0,14,0,1,0,0,13,14,0,0,0,0,0,0,0,0,0,0,0,0,46,12,0,0,0,0,1,0,0,0,0,0,0,0,0,54,0,0,0,0,0,0,0,0,0,0,0,0,0,0,0,0,No
1.0.1,openjpa-kernel/src/main/java/org/apache/openjpa/kernel/PNewDeletedState.java,2,3,1,2,14,2,0,4,91,0.0,0.0,0.0,14,0,0,0,0,14,14,0,0,0,0,0,0,0,0,0,0,0,0,48,14,0,0,0,0,4,0,0,0,0,0,0,0,0,47,0,0,0,0,0,0,0,0,0,0,0,0,0,0,0,0,No
1.0.1,openjpa-kernel/src/main/java/org/apache/openjpa/kernel/PNonTransDirtyState.java,2,2,0,2,9,2,0,3,36,0.0,0.0,0.0,9,0,0,0,0,9,9,0,0,0,0,0,0,0,0,0,0,0,0,30,8,0,0,0,0,1,0,0,0,0,0,0,0,0,57,0,0,0,0,0,0,0,0,0,0,0,0,0,0,0,0,No
1.0.1,openjpa-kernel/src/main/java/org/apache/openjpa/kernel/TransientState.java,3,3,0,3,1,2,0,6,0,0.0,NaN,NaN,1,0,0,0,0,1,1,0,0,0,0,0,0,0,0,0,0,0,0,7,0,0,0,0,0,0,0,0,0,0,0,0,0,0,31,0,0,0,0,0,0,0,0,0,0,0,0,0,0,0,0,No
1.0.1,openjpa-kernel/src/main/java/org/apache/openjpa/kernel/PDirtyState.java,3,4,1,3,15,2,0,7,105,0.0,0.0,0.0,15,0,0,0,0,15,15,0,0,0,0,0,0,0,0,0,0,0,0,49,13,0,0,0,0,2,0,0,0,0,0,0,0,0,58,0,0,0,0,0,0,0,0,0,0,0,0,0,0,0,0,No
1.0.1,openjpa-jdbc/src/main/java/org/apache/openjpa/jdbc/kernel/exps/InKeyExpression.java,5,6,1,5,3,2,0,3,1,0.0,0.0,0.0,2,0,1,0,1,0,2,0,0,0,0,0,0,0,0,0,0,0,0,9,1,0,1,0,1,0,0,1,0,1,0,0,0,0,36,0,0,0,0,0,0,0,0,0,0,0,0,0,0,0,0,No
1.0.1,openjpa-kernel/src/main/java/org/apache/openjpa/kernel/exps/Mod.java,2,3,1,2,2,3,0,1,1,0.0,0.0,0.0,2,0,1,0,1,0,2,0,0,0,0,0,0,0,0,0,0,0,0,8,1,0,0,0,0,0,0,0,0,0,0,0,0,0,20,0,0,0,0,0,0,0,0,0,0,0,0,0,0,0,0,No
1.0.1,openjpa-jdbc/src/main/java/org/apache/openjpa/jdbc/kernel/exps/Count.java,5,6,1,5,5,3,0,1,10,0.0,0.0,0.0,5,0,3,0,2,0,5,0,0,0,0,0,0,0,0,0,0,0,0,17,4,0,0,0,0,1,0,0,0,0,0,0,0,0,29,0,0,0,0,0,0,0,0,0,0,0,0,0,0,0,0,No
1.0.1,openjpa-kernel/src/main/java/org/apache/openjpa/util/CallbackException.java,2,3,1,2,3,6,0,0,3,0.0,0.0,0.0,3,0,3,0,0,0,3,0,0,0,0,0,0,0,0,0,0,0,0,11,1,0,0,0,0,0,0,0,0,0,0,0,0,0,23,1,0,0,0,0,0,0,0,0,0,0,0,0,0,0,0,No
1.0.1,openjpa-kernel/src/main/java/org/apache/openjpa/kernel/exps/OrExpression.java,3,4,1,3,4,2,0,5,0,0.0,0.0,0.0,4,0,2,0,2,0,4,0,0,0,2,0,0,2,0,0,2,0,0,20,2,0,0,0,0,0,0,2,0,2,0,0,0,0,27,0,0,0,0,0,0,0,0,0,0,0,0,0,0,0,0,No
1.0.1,openjpa-kernel/src/main/java/org/apache/openjpa/event/BrokerFactoryEvent.java,1,4,3,1,3,1,0,1,1,0.6666667,0.0,0.0,3,0,3,0,0,0,3,0,0,0,2,1,1,1,0,0,1,0,0,14,2,0,0,0,0,0,1,2,0,2,0,0,0,0,41,1,0,0,0,0,0,0,0,0,0,0,0,0,0,0,0,No
1.0.1,openjpa-kernel/src/main/java/org/apache/openjpa/kernel/PNewProvisionalState.java,3,4,1,3,14,2,0,6,91,0.0,0.0,0.0,14,0,0,0,0,14,14,0,0,0,0,0,0,0,0,0,0,0,0,49,13,0,0,0,0,0,0,0,0,0,0,0,0,0,51,0,0,0,0,0,0,0,0,0,0,0,0,0,0,0,0,No
1.0.1,openjpa-kernel/src/main/java/org/apache/openjpa/kernel/EDeletedState.java,2,3,1,2,10,2,0,3,45,0.0,0.0,0.0,10,0,1,0,0,9,10,0,0,0,0,0,0,0,0,0,0,0,0,35,10,0,0,0,0,1,0,0,0,0,0,0,0,0,41,0,0,0,0,0,0,0,0,0,0,0,0,0,0,0,0,No
1.0.1,openjpa-lib/src/main/java/org/apache/openjpa/lib/jdbc/JDBCEvent.java,1,8,7,1,7,1,0,2,11,0.91596645,0.0,0.0,7,0,7,0,0,0,7,0,6,0,17,12,12,5,0,0,17,0,1,45,6,0,0,0,0,0,12,17,0,17,0,0,0,0,80,1,0,0,0,0,0,0,0,0,0,0,0,0,0,0,0,No
1.0.1,openjpa-kernel/src/main/java/org/apache/openjpa/util/ReferentialIntegrityException.java,3,4,1,3,10,2,0,7,16,0.875,0.0,0.0,8,1,5,3,0,0,5,0,0,0,7,6,5,2,0,0,6,0,1,39,6,0,0,0,0,3,5,9,0,7,1,0,0,0,57,1,0,0,0,0,0,0,0,0,0,0,0,0,0,0,0,No
1.0.1,openjpa-kernel/src/main/java/org/apache/openjpa/util/NoTransactionException.java,2,4,2,2,2,7,0,0,1,0.0,0.0,0.0,2,0,2,0,0,0,2,0,0,0,0,0,0,0,0,0,0,0,0,8,1,0,0,0,0,0,0,0,0,0,0,0,0,0,30,1,0,0,0,0,0,0,0,0,0,0,0,0,0,0,0,No
1.0.1,openjpa-jdbc/src/main/java/org/apache/openjpa/jdbc/kernel/DelegatingJDBCFetchConfiguration.java,6,7,1,6,49,2,0,26,325,0.0,0.0,0.0,26,0,26,0,0,0,26,0,0,0,0,0,0,0,0,0,0,0,0,207,24,0,0,23,0,0,0,0,0,0,1,0,0,0,70,1,0,0,0,0,0,0,0,0,0,0,0,0,0,0,0,No
1.0.1,openjpa-kernel/src/main/java/org/apache/openjpa/ant/PCEnhancerTask.java,7,7,0,7,7,2,0,5,1,0.5,0.0,0.0,6,0,4,0,2,0,6,0,0,0,2,0,0,0,2,0,0,0,1,25,1,0,1,0,1,0,0,9,0,4,0,0,0,0,92,1,0,0,0,0,0,0,0,0,0,0,0,0,0,0,0,No
1.0.1,openjpa-kernel/src/main/java/org/apache/openjpa/util/ObjectExistsException.java,2,2,0,2,2,2,0,0,1,0.0,0.0,0.0,2,0,2,0,0,0,2,0,0,0,0,0,0,0,0,0,0,0,0,8,1,0,0,0,0,0,0,0,0,0,0,0,0,0,25,1,0,0,0,0,0,0,0,0,0,0,0,0,0,0,0,Yes
1.0.1,openjpa-lib/src/main/java/org/apache/openjpa/lib/log/LogFactoryAdapter.java,4,7,3,4,3,1,2,3,1,0.5,0.0,0.0,2,0,1,0,1,0,2,1,0,0,1,0,0,1,0,0,0,0,0,12,1,0,1,0,0,0,0,3,0,2,1,0,0,0,38,1025,0,0,0,0,0,0,0,0,0,0,0,0,0,0,0,No
1.0.1,openjpa-kernel/src/main/java/org/apache/openjpa/kernel/ECleanState.java,2,3,1,2,13,2,0,2,78,0.0,0.0,0.0,13,0,0,0,0,13,13,0,0,0,0,0,0,0,0,0,0,0,0,42,12,0,0,0,0,0,0,0,0,0,0,0,0,0,59,0,0,0,0,0,0,0,0,0,0,0,0,0,0,0,0,No
1.0.1,openjpa-kernel/src/main/java/org/apache/openjpa/event/NoneOrphanedKeyAction.java,3,3,0,3,1,1,0,0,0,0.0,NaN,NaN,1,0,1,0,0,0,1,0,0,0,0,0,0,0,0,0,0,0,0,5,1,0,0,0,0,0,0,0,0,0,0,0,0,0,26,1,0,0,0,0,0,0,0,0,0,0,0,0,0,0,0,No
1.0.1,openjpa-kernel/src/main/java/org/apache/openjpa/kernel/exps/NotExpression.java,3,4,1,3,4,2,0,5,0,0.0,0.0,0.0,4,0,2,0,2,0,4,0,0,0,1,0,0,1,0,0,1,0,0,17,2,0,0,0,0,0,0,1,0,1,0,0,0,0,22,0,0,0,0,0,0,0,0,0,0,0,0,0,0,0,0,No
1.0.1,openjpa-kernel/src/main/java/org/apache/openjpa/kernel/NoneLockManager.java,2,2,0,2,3,2,0,1,3,0.0,0.0,0.0,3,0,3,0,0,0,3,0,0,0,0,0,0,0,0,0,0,0,0,11,1,0,0,0,0,0,0,0,0,0,0,0,0,0,31,1,0,0,0,0,0,0,0,0,0,0,0,0,0,0,0,No
1.0.1,openjpa-jdbc/src/main/java/org/apache/openjpa/jdbc/meta/NoneStrategyInstaller.java,10,10,0,10,5,2,0,13,10,0.0,0.0,0.0,5,0,5,0,0,0,5,0,0,0,0,0,0,0,0,0,0,0,4,22,0,0,0,0,0,0,0,0,0,0,0,0,0,0,28,1,0,0,0,0,0,0,0,0,0,0,0,0,0,0,0,No
1.0.1,openjpa-kernel/src/main/java/org/apache/openjpa/datacache/TypesChangedEvent.java,0,6,6,0,2,1,0,0,0,0.0,0.0,0.0,2,0,2,0,0,0,2,0,0,0,1,0,0,1,0,0,1,0,0,10,1,0,0,0,0,0,0,1,0,1,0,0,0,0,29,1,0,0,0,0,0,0,0,0,0,0,0,0,0,0,0,No
1.0.1,openjpa-jdbc/src/main/java/org/apache/openjpa/jdbc/kernel/exps/SQLValue.java,1,2,1,1,1,2,0,0,0,0.0,NaN,NaN,1,0,1,0,0,0,1,0,0,0,1,1,1,0,0,0,1,0,0,6,1,0,0,0,0,1,0,1,0,1,0,0,0,0,43,1,0,0,0,0,0,0,0,0,0,0,0,0,0,0,0,No
1.0.1,openjpa-kernel/src/main/java/org/apache/openjpa/kernel/exps/Subtract.java,2,3,1,2,2,3,0,1,1,0.0,0.0,0.0,2,0,1,0,1,0,2,0,0,0,0,0,0,0,0,0,0,0,0,8,1,0,0,0,0,0,0,0,0,0,0,0,0,0,22,0,0,0,0,0,0,0,0,0,0,0,0,0,0,0,0,No
1.0.1,openjpa-jdbc/src/main/java/org/apache/openjpa/jdbc/kernel/exps/QueryExpressionsState.java,1,5,4,1,0,1,0,0,0,NaN,-1.0,-1.0,0,0,0,0,0,0,0,0,0,0,6,1,6,0,0,0,1,0,0,8,0,0,0,0,0,0,1,6,0,6,0,0,0,0,29,1,0,0,0,0,0,0,0,0,0,0,0,0,0,0,0,No
1.0.1,openjpa-jdbc/src/main/java/org/apache/openjpa/jdbc/kernel/exps/IsNotEmptyExpression.java,7,8,1,7,5,1,0,8,0,0.0,0.0,0.0,5,0,5,0,0,0,5,0,0,0,1,0,0,1,0,0,1,0,0,22,1,0,0,0,0,0,0,1,0,1,0,0,0,0,38,0,0,0,0,0,0,0,0,0,0,0,0,0,0,0,0,No
1.0.1,openjpa-kernel/src/main/java/org/apache/openjpa/kernel/PNonTransDeletedState.java,2,2,0,2,12,2,0,1,66,0.0,0.0,0.0,12,0,0,0,0,12,12,0,0,0,0,0,0,0,0,0,0,0,0,38,12,0,0,0,0,6,0,0,0,0,0,0,0,0,45,1,0,0,0,0,0,0,0,0,0,0,0,0,0,0,0,No
1.0.1,openjpa-jdbc/src/main/java/org/apache/openjpa/jdbc/conf/JDBCSeqValue.java,6,6,0,6,1,2,0,8,0,0.0,NaN,NaN,1,0,1,0,0,0,1,0,0,0,1,1,0,0,0,1,1,0,0,9,0,0,0,0,0,3,2,1,0,1,0,0,0,0,57,1,0,0,0,0,0,0,0,0,0,0,0,0,0,0,0,No
1.0.1,openjpa-jdbc/src/main/java/org/apache/openjpa/jdbc/kernel/exps/InValueExpression.java,5,6,1,5,3,2,0,3,1,0.0,0.0,0.0,2,0,1,0,1,0,2,0,0,0,0,0,0,0,0,0,0,0,0,9,1,0,1,0,1,0,0,1,0,1,0,0,0,0,35,0,0,0,0,0,0,0,0,0,0,0,0,0,0,0,0,No
1.0.1,openjpa-lib/src/main/java/org/apache/openjpa/lib/graph/NodeInfo.java,0,3,3,0,0,1,0,0,0,NaN,-1.0,-1.0,0,0,0,0,0,0,0,0,0,0,5,3,5,0,0,0,3,0,0,7,0,0,0,0,0,0,4,5,0,5,0,0,0,0,30,0,0,0,0,0,0,0,0,0,0,0,0,0,0,0,0,No
1.0.1,openjpa-jdbc/src/main/java/org/apache/openjpa/jdbc/kernel/exps/AbstractVal.java,6,27,21,6,10,1,16,5,45,0.9,0.0,0.0,10,0,10,0,0,0,10,0,0,0,2,2,0,0,2,0,2,0,0,37,4,0,0,0,0,5,2,2,0,2,0,0,0,0,48,1024,0,0,0,0,0,0,0,0,0,0,0,0,0,0,0,No
1.0.1,openjpa-jdbc/src/main/java/org/apache/openjpa/jdbc/meta/strats/SuperclassVersionStrategy.java,5,8,3,5,4,3,0,7,6,0.0,0.0,0.0,4,0,4,0,0,0,4,0,0,0,0,0,0,0,0,0,0,0,0,14,3,0,0,0,0,0,0,0,0,0,0,0,0,0,39,1,0,0,0,0,0,0,0,0,0,0,0,0,0,0,0,No
1.0.1,openjpa-kernel/src/main/java/org/apache/openjpa/conf/SeqValue.java,2,3,1,2,1,2,0,4,0,0.0,NaN,NaN,1,0,1,0,0,0,1,0,0,0,1,1,0,1,0,0,1,0,0,9,0,0,0,0,0,1,2,1,0,1,0,0,0,0,40,1,0,0,0,0,0,0,0,0,0,0,0,0,0,0,0,No
1.0.1,openjpa-kernel/src/main/java/org/apache/openjpa/kernel/exps/ValExpression.java,4,5,1,4,8,2,0,8,0,0.0,0.0,0.0,4,0,2,0,2,0,4,0,0,0,1,0,0,1,0,0,1,0,0,20,2,0,3,0,3,0,0,4,0,4,0,0,0,0,26,0,0,0,0,0,0,0,0,0,0,0,0,0,0,0,0,No
1.0.1,openjpa-kernel/src/main/java/org/apache/openjpa/kernel/exps/Add.java,2,3,1,2,2,3,0,1,1,0.0,0.0,0.0,2,0,1,0,1,0,2,0,0,0,0,0,0,0,0,0,0,0,0,8,1,0,0,0,0,0,0,0,0,0,0,0,0,0,20,0,0,0,0,0,0,0,0,0,0,0,0,0,0,0,0,No
1.0.1,openjpa-kernel/src/main/java/org/apache/openjpa/kernel/exps/NotEqualExpression.java,2,3,1,2,5,3,0,1,1,0.0,0.0,0.0,2,0,1,0,1,0,2,0,0,0,0,0,0,0,0,0,0,0,0,8,1,0,3,0,2,0,0,0,0,0,0,0,0,0,19,0,0,0,0,0,0,0,0,0,0,0,0,0,0,0,0,No
1.0.1,openjpa-kernel/src/main/java/org/apache/openjpa/util/ObjectNotFoundException.java,5,10,5,5,4,2,0,6,4,0.5,0.0,0.0,4,0,4,0,0,0,4,0,0,0,1,1,0,1,0,0,1,0,2,17,1,0,0,0,0,2,0,1,0,1,0,0,0,0,35,1,0,0,0,0,0,0,0,0,0,0,0,0,0,0,0,No
1.0.1,openjpa-kernel/src/main/java/org/apache/openjpa/util/InvalidStateException.java,3,18,15,3,3,6,3,1,3,0.0,0.0,0.0,3,0,3,0,0,0,3,0,0,0,0,0,0,0,0,0,0,0,0,12,1,0,0,0,0,0,0,0,0,0,0,0,0,0,39,1,0,0,0,0,0,0,0,0,0,0,0,0,0,0,0,No
1.0.1,openjpa-jdbc/src/main/java/org/apache/openjpa/jdbc/sql/FirebirdDictionary.java,5,5,0,5,4,3,0,4,3,0.0,0.0,0.0,3,0,3,0,0,0,3,0,0,0,0,0,0,0,0,0,0,0,0,25,1,0,1,0,0,10,0,3,1,0,1,0,0,0,43,1,0,0,0,0,0,0,0,0,0,0,0,0,0,0,0,No
1.0.1,openjpa-jdbc/src/main/java/org/apache/openjpa/jdbc/kernel/ConnectionInfo.java,3,5,2,3,0,1,0,0,0,NaN,-1.0,-1.0,0,0,0,0,0,0,0,0,0,0,3,0,3,0,0,0,0,0,0,5,0,0,0,0,0,0,0,3,0,3,0,0,0,0,25,1,0,0,0,0,0,0,0,0,0,0,0,0,0,0,0,No
1.0.1,openjpa-kernel/src/main/java/org/apache/openjpa/kernel/PDeletedFlushedState.java,4,6,2,4,2,3,0,1,1,0.0,0.0,0.0,2,0,0,0,0,2,2,0,0,0,0,0,0,0,0,0,0,0,0,9,2,0,0,0,0,0,0,0,0,0,0,0,0,0,30,0,0,0,0,0,0,0,0,0,0,0,0,0,0,0,0,No
1.0.1,openjpa-kernel/src/main/java/org/apache/openjpa/kernel/exps/ContainsKeyExpression.java,2,3,1,2,3,3,0,1,1,0.0,0.0,0.0,2,0,1,0,1,0,2,0,0,0,0,0,0,0,0,0,0,0,0,8,1,0,1,0,2,0,0,0,0,0,0,0,0,0,26,0,0,0,0,0,0,0,0,0,0,0,0,0,0,0,0,No
1.0.1,openjpa-kernel/src/main/java/org/apache/openjpa/util/NoResultException.java,3,3,0,3,3,7,0,1,3,0.0,0.0,0.0,3,0,3,0,0,0,3,0,0,0,0,0,0,0,0,0,0,0,0,12,1,0,0,0,0,0,0,0,0,0,0,0,0,0,35,1,0,0,0,0,0,0,0,0,0,0,0,0,0,0,0,No
1.0.1,openjpa-lib/src/main/java/org/apache/openjpa/lib/rop/SoftRandomAccessResultList.java,3,4,1,3,2,4,0,0,1,0.0,0.0,0.0,2,0,1,0,1,0,2,0,0,0,0,0,0,0,0,0,0,0,0,8,1,0,0,0,0,0,0,0,0,0,0,0,0,0,23,1,0,0,0,0,0,0,0,0,0,0,0,0,0,0,0,No
1.0.1,openjpa-persistence-jdbc/src/main/java/org/apache/openjpa/persistence/jdbc/JDBCFetchPlanImpl.java,14,16,2,14,43,2,0,43,693,0.6511628,0.0,0.0,43,0,42,0,1,0,43,0,0,0,1,0,0,1,0,0,0,0,7,140,42,0,0,0,0,0,0,1,0,1,0,0,0,0,70,1,0,0,0,0,0,0,0,0,0,0,0,0,0,0,0,No
1.0.1,openjpa-kernel/src/main/java/org/apache/openjpa/util/MetaDataException.java,3,12,9,3,5,6,0,1,10,0.0,0.0,0.0,5,0,5,0,0,0,5,0,0,0,0,0,0,0,0,0,0,0,0,20,1,0,0,0,0,0,0,0,0,0,0,0,0,0,25,1,0,0,0,0,0,0,0,0,0,0,0,0,0,0,0,No
1.0.1,openjpa-kernel/src/main/java/org/apache/openjpa/util/NonUniqueResultException.java,3,3,0,3,3,7,0,1,3,0.0,0.0,0.0,3,0,3,0,0,0,3,0,0,0,0,0,0,0,0,0,0,0,0,12,1,0,0,0,0,0,0,0,0,0,0,0,0,0,39,1,0,0,0,0,0,0,0,0,0,0,0,0,0,0,0,No
1.0.1,openjpa-jdbc/src/main/java/org/apache/openjpa/jdbc/kernel/exps/InSubQExpression.java,9,10,1,9,5,2,0,13,0,0.0,0.0,0.0,5,0,5,0,0,0,5,0,0,0,2,0,0,2,0,0,2,0,0,41,1,0,0,0,0,1,4,6,0,6,0,0,1,0,46,0,0,0,0,0,0,0,0,0,0,0,0,0,0,0,0,No
1.0.1,openjpa-jdbc/src/main/java/org/apache/openjpa/jdbc/meta/strats/AbstractValueHandler.java,5,15,10,5,6,1,10,0,15,0.0,0.0,0.0,6,0,6,0,0,0,6,0,0,0,0,0,0,0,0,0,0,0,0,20,6,0,0,0,0,0,0,0,0,0,0,0,0,0,41,1025,0,0,0,0,0,0,0,0,0,0,0,0,0,0,0,No
1.0.1,openjpa-kernel/src/main/java/org/apache/openjpa/kernel/TLoadedState.java,2,3,1,2,2,2,0,1,1,0.0,0.0,0.0,2,0,0,0,0,2,2,0,0,0,0,0,0,0,0,0,0,0,0,8,1,0,0,0,0,0,0,0,0,0,0,0,0,0,43,0,0,0,0,0,0,0,0,0,0,0,0,0,0,0,0,No
1.0.1,openjpa-jdbc/src/main/java/org/apache/openjpa/jdbc/kernel/exps/Distinct.java,5,6,1,5,3,3,0,1,3,0.0,0.0,0.0,3,0,2,0,1,0,3,0,0,0,0,0,0,0,0,0,0,0,0,11,2,0,0,0,0,1,0,0,0,0,0,0,0,0,17,0,0,0,0,0,0,0,0,0,0,0,0,0,0,0,0,No
1.0.1,openjpa-kernel/src/main/java/org/apache/openjpa/kernel/exps/BindKeyVariableExpression.java,3,4,1,3,3,3,0,1,1,0.0,0.0,0.0,2,0,1,0,1,0,2,0,0,0,0,0,0,0,0,0,0,0,0,9,1,0,1,0,1,0,0,1,0,1,0,0,0,0,24,0,0,0,0,0,0,0,0,0,0,0,0,0,0,0,0,No
1.0.1,openjpa-kernel/src/main/java/org/apache/openjpa/kernel/HollowState.java,2,3,1,2,11,2,0,4,55,0.0,0.0,0.0,11,0,0,0,0,11,11,0,0,0,0,0,0,0,0,0,0,0,0,38,10,0,0,0,0,0,0,0,0,0,0,0,0,0,78,0,0,0,0,0,0,0,0,0,0,0,0,0,0,0,0,No
1.0.1,openjpa-jdbc/src/main/java/org/apache/openjpa/jdbc/kernel/exps/Max.java,2,3,1,2,3,3,0,0,3,0.0,0.0,0.0,3,0,2,0,1,0,3,0,0,0,0,0,0,0,0,0,0,0,0,11,2,0,0,0,0,1,0,0,0,0,0,0,0,0,17,0,0,0,0,0,0,0,0,0,0,0,0,0,0,0,0,No
1.0.1,openjpa-kernel/src/main/java/org/apache/openjpa/kernel/exps/ContainsValueExpression.java,2,3,1,2,3,3,0,1,1,0.0,0.0,0.0,2,0,1,0,1,0,2,0,0,0,0,0,0,0,0,0,0,0,0,8,1,0,1,0,2,0,0,0,0,0,0,0,0,0,25,0,0,0,0,0,0,0,0,0,0,0,0,0,0,0,0,No
1.0.1,openjpa-jdbc/src/main/java/org/apache/openjpa/jdbc/schema/ReferenceCounter.java,0,12,12,0,3,1,3,0,0,0.0,0.0,0.0,3,0,3,0,0,0,3,0,0,0,1,0,0,1,0,0,0,0,0,12,1,0,0,0,0,0,1,1,0,1,0,0,0,0,21,0,0,0,0,0,0,0,0,0,0,0,0,0,0,0,0,No
1.0.1,openjpa-kernel/src/main/java/org/apache/openjpa/kernel/ECopyState.java,3,4,1,3,12,2,0,5,66,0.0,0.0,0.0,12,0,0,0,0,12,12,0,0,0,0,0,0,0,0,0,0,0,0,40,10,0,0,0,0,1,0,0,0,0,0,0,0,0,51,0,0,0,0,0,0,0,0,0,0,0,0,0,0,0,0,No
1.0.1,openjpa-kernel/src/main/java/org/apache/openjpa/ee/SunOneManagedRuntime.java,4,6,2,4,4,2,0,6,4,0.5,0.0,0.0,4,0,4,0,0,0,4,0,0,0,2,0,0,2,0,0,0,0,1,19,2,0,0,0,0,3,0,4,0,4,0,0,0,0,28,1,0,0,0,0,0,0,0,0,0,0,0,0,0,0,0,No
1.0.1,openjpa-jdbc/src/main/java/org/apache/openjpa/jdbc/kernel/exps/ToLowerCase.java,8,9,1,8,3,3,0,9,1,0.0,0.0,0.0,2,0,2,0,0,0,2,0,0,0,0,0,0,0,0,0,0,0,0,15,0,0,1,0,0,2,2,4,1,3,0,0,0,0,34,0,0,0,0,0,0,0,0,0,0,0,0,0,0,0,0,No
1.0.1,openjpa-kernel/src/main/java/org/apache/openjpa/conf/Compatibility.java,0,2,2,0,14,1,0,0,77,0.85714287,0.0,0.0,14,0,14,0,0,0,14,0,0,0,7,0,0,7,0,0,0,0,0,51,7,0,0,0,0,0,0,14,0,7,0,0,0,0,124,1,0,0,0,0,0,0,0,0,0,0,0,0,0,0,0,Yes
1.0.1,openjpa-kernel/src/main/java/org/apache/openjpa/datacache/ConcurrentQueryCache.java,7,8,1,7,16,3,0,17,0,0.125,0.0,0.0,16,0,8,0,8,0,16,0,0,0,1,0,0,1,0,0,0,0,0,52,10,0,0,0,0,0,0,1,0,1,0,0,0,0,125,1,0,0,0,0,0,0,0,0,0,0,0,0,0,0,0,No
1.0.1,openjpa-jdbc/src/main/java/org/apache/openjpa/jdbc/kernel/exps/SQLExpression.java,1,2,1,1,1,2,0,0,0,0.0,NaN,NaN,1,0,1,0,0,0,1,0,0,0,1,1,1,0,0,0,1,0,0,6,1,0,0,0,0,1,0,1,0,1,0,0,0,0,44,1,0,0,0,0,0,0,0,0,0,0,0,0,0,0,0,No
1.0.1,openjpa-jdbc/src/main/java/org/apache/openjpa/jdbc/sql/Calendard.java,0,1,1,0,1,1,0,0,0,0.0,NaN,NaN,1,0,1,0,0,0,1,0,0,0,2,0,2,0,0,0,2,0,0,8,0,0,0,0,0,0,0,2,0,2,0,0,0,0,17,1,0,0,0,0,0,0,0,0,0,0,0,0,0,0,0,No
1.0.1,openjpa-jdbc/src/main/java/org/apache/openjpa/jdbc/conf/FetchModeValue.java,1,2,1,1,1,2,0,3,0,0.75,NaN,NaN,1,0,1,0,0,0,1,0,0,0,4,4,3,1,0,0,3,0,5,11,0,0,0,0,0,5,0,4,0,4,0,0,0,0,49,1,0,0,0,0,0,0,0,0,0,0,0,0,0,0,0,No
1.0.1,openjpa-jdbc/src/main/java/org/apache/openjpa/jdbc/sql/CacheDictionary.java,1,1,0,1,1,2,0,0,0,0.0,NaN,NaN,1,0,1,0,0,0,1,0,0,0,0,0,0,0,0,0,0,0,0,14,0,0,0,0,0,8,0,10,0,0,0,0,0,0,46,1,0,0,0,0,0,0,0,0,0,0,0,0,0,0,0,No
1.0.1,openjpa-jdbc/src/main/java/org/apache/openjpa/jdbc/kernel/exps/Min.java,2,3,1,2,3,3,0,0,3,0.0,0.0,0.0,3,0,2,0,1,0,3,0,0,0,0,0,0,0,0,0,0,0,0,11,2,0,0,0,0,1,0,0,0,0,0,0,0,0,17,0,0,0,0,0,0,0,0,0,0,0,0,0,0,0,0,No
1.0.1,openjpa-jdbc/src/main/java/org/apache/openjpa/jdbc/kernel/exps/Size.java,7,8,1,7,5,3,0,5,10,0.0,0.0,0.0,5,0,3,0,2,0,5,0,0,0,0,0,0,0,0,0,0,0,0,19,2,0,0,0,0,0,0,0,0,0,0,0,0,0,27,0,0,0,0,0,0,0,0,0,0,0,0,0,0,0,0,No
1.0.1,openjpa-jdbc/src/main/java/org/apache/openjpa/jdbc/meta/StrategyInstaller.java,5,16,11,5,6,1,6,0,15,0.8333333,0.0,0.0,6,0,6,0,0,0,6,4,0,0,1,0,0,0,1,0,1,0,0,13,1,0,0,0,0,0,0,1,0,1,0,0,0,0,43,1025,0,0,0,0,0,0,0,0,0,0,0,0,0,0,0,No
1.0.1,openjpa-jdbc/src/main/java/org/apache/openjpa/jdbc/sql/Sized.java,0,1,1,0,1,1,0,0,0,0.0,NaN,NaN,1,0,1,0,0,0,1,0,0,0,2,0,2,0,0,0,2,0,0,8,0,0,0,0,0,0,0,2,0,2,0,0,0,0,16,1,0,0,0,0,0,0,0,0,0,0,0,0,0,0,0,No
1.0.1,openjpa-kernel/src/main/java/org/apache/openjpa/kernel/PDeletedState.java,2,4,2,2,16,2,1,6,105,0.0,0.0,0.0,15,0,0,0,0,15,15,0,0,0,0,0,0,0,0,0,0,0,0,50,14,0,0,0,1,4,1,0,0,0,0,0,0,0,56,0,0,0,0,0,0,0,0,0,0,0,0,0,0,0,0,No
1.0.1,openjpa-lib/src/main/java/org/apache/openjpa/lib/rop/ListResultList.java,3,7,4,3,18,2,1,13,0,0.5555556,0.0,0.0,18,0,18,0,0,0,18,0,0,0,2,0,0,2,0,0,1,0,0,67,16,0,0,0,0,0,0,3,0,2,0,0,0,0,47,1,0,0,0,0,0,0,0,0,0,0,0,0,0,0,0,No
1.0.1,openjpa-kernel/src/main/java/org/apache/openjpa/ee/JNDIManagedRuntime.java,4,6,2,4,6,2,0,5,4,0.5,0.0,0.0,5,0,5,0,0,0,5,0,0,0,2,0,0,2,0,0,0,0,0,29,3,0,1,1,0,1,0,6,0,3,2,0,0,0,38,1,0,0,0,0,0,0,0,0,0,0,0,0,0,0,0,No
1.0.1,openjpa-jdbc/src/main/java/org/apache/openjpa/jdbc/kernel/exps/ToUpperCase.java,8,9,1,8,3,3,0,9,1,0.0,0.0,0.0,2,0,2,0,0,0,2,0,0,0,0,0,0,0,0,0,0,0,0,15,0,0,1,0,0,2,2,4,1,3,0,0,0,0,34,0,0,0,0,0,0,0,0,0,0,0,0,0,0,0,0,No
1.0.1,openjpa-jdbc/src/main/java/org/apache/openjpa/jdbc/meta/strats/ByteArrayValueHandler.java,8,10,2,8,4,2,0,5,6,0.75,0.0,0.0,4,1,4,0,0,0,4,0,0,0,1,1,0,1,0,0,1,0,2,19,4,0,0,0,0,0,1,2,0,2,0,0,0,0,28,1,0,0,0,0,0,0,0,0,0,0,0,0,0,0,0,No
1.0.1,openjpa-jdbc/src/main/java/org/apache/openjpa/jdbc/kernel/exps/IsEmptyExpression.java,7,8,1,7,5,1,0,8,0,0.0,0.0,0.0,5,0,5,0,0,0,5,0,0,0,1,0,0,1,0,0,1,0,0,22,1,0,0,0,0,0,0,1,0,1,0,0,0,0,37,0,0,0,0,0,0,0,0,0,0,0,0,0,0,0,0,No
1.0.1,openjpa-kernel/src/main/java/org/apache/openjpa/kernel/exps/ValuePath.java,5,6,1,5,4,3,0,6,0,0.0,0.0,0.0,4,0,3,0,1,0,4,0,0,0,1,0,0,1,0,0,1,0,0,17,2,0,0,0,0,0,0,1,0,1,0,0,0,0,31,0,0,0,0,0,0,0,0,0,0,0,0,0,0,0,0,No
1.0.1,openjpa-kernel/src/main/java/org/apache/openjpa/util/UnsupportedException.java,2,9,7,2,5,5,0,1,10,0.0,0.0,0.0,5,0,5,0,0,0,5,0,0,0,0,0,0,0,0,0,0,0,0,20,1,0,0,0,0,0,0,0,0,0,0,0,0,0,29,1,0,0,0,0,0,0,0,0,0,0,0,0,0,0,0,No
1.0.1,openjpa-kernel/src/main/java/org/apache/openjpa/event/LifecycleEvent.java,1,12,11,1,4,1,0,0,2,0.95238096,0.0,0.0,4,0,4,0,0,0,4,0,0,0,21,19,19,2,0,0,21,0,0,37,2,0,0,0,0,0,18,21,0,21,0,0,0,0,65,1,0,0,0,0,0,0,0,0,0,0,0,0,0,0,0,No
1.0.1,openjpa-jdbc/src/main/java/org/apache/openjpa/jdbc/kernel/exps/NotExpression.java,7,8,1,7,5,2,0,8,0,0.0,0.0,0.0,5,0,5,0,0,0,5,0,0,0,1,0,0,1,0,0,1,0,0,30,1,0,0,0,2,2,0,2,0,2,0,0,1,0,34,0,0,0,0,0,0,0,0,0,0,0,0,0,0,0,0,No
1.0.1,openjpa-kernel/src/main/java/org/apache/openjpa/kernel/exps/InstanceofExpression.java,4,5,1,4,6,2,0,9,0,0.125,0.0,0.0,4,0,2,0,2,0,4,0,0,0,2,0,0,2,0,0,2,0,0,21,2,0,1,0,1,0,0,4,0,4,0,0,0,0,42,0,0,0,0,0,0,0,0,0,0,0,0,0,0,0,0,No
1.0.1,openjpa-kernel/src/main/java/org/apache/openjpa/event/ExceptionOrphanedKeyAction.java,6,7,1,6,1,1,0,2,0,0.0,NaN,NaN,1,0,1,0,0,0,1,0,0,0,1,1,0,1,0,0,1,0,0,6,0,0,0,0,0,1,0,1,0,1,0,0,0,0,29,1,0,0,0,0,0,0,0,0,0,0,0,0,0,0,0,No
1.0.1,openjpa-kernel/src/main/java/org/apache/openjpa/util/ObjectId.java,2,7,5,2,9,2,0,2,0,0.0,0.0,0.0,7,0,4,0,2,1,7,0,0,0,1,0,0,1,0,0,0,0,0,27,4,0,3,0,3,0,1,4,0,2,0,0,0,0,33,17,0,0,0,0,0,0,0,0,0,0,0,0,0,0,0,No
1.0.1,openjpa-kernel/src/main/java/org/apache/openjpa/util/StoreException.java,2,22,20,2,4,2,5,1,6,1.0,0.0,0.0,4,0,4,0,0,0,4,0,0,0,5,5,5,0,0,0,5,0,0,19,1,0,0,0,0,0,5,5,0,5,0,0,0,0,36,1,0,0,0,0,0,0,0,0,0,0,0,0,0,0,0,No
1.0.1,openjpa-kernel/src/main/java/org/apache/openjpa/kernel/PNewFlushedDeletedState.java,2,4,2,2,15,2,1,3,105,0.0,0.0,0.0,15,0,0,0,0,15,15,0,0,0,0,0,0,0,0,0,0,0,0,50,15,0,0,0,0,4,0,0,0,0,0,0,0,0,55,0,0,0,0,0,0,0,0,0,0,0,0,0,0,0,0,No
1.0.2,openjpa-kernel/src/main/java/org/apache/openjpa/event/TransactionEvent.java,1,7,6,1,10,1,0,0,5,0.8809525,0.0,0.0,6,0,6,0,0,0,6,0,0,0,14,9,9,5,0,0,14,0,0,39,5,0,4,0,4,0,9,14,0,14,0,0,0,0,121,1,0,0,0,0,0,0,0,0,0,0,0,0,0,0,0,No
1.0.2,openjpa-kernel/src/main/java/org/apache/openjpa/ee/AbstractManagedRuntime.java,1,8,7,1,1,1,7,2,0,0.0,NaN,NaN,1,0,1,0,0,0,1,0,0,0,0,0,0,0,0,0,0,0,0,5,1,0,0,0,0,0,0,0,0,0,0,0,0,0,29,1025,0,0,0,0,0,0,0,0,0,0,0,0,0,0,0,No
1.0.2,openjpa-kernel/src/main/java/org/apache/openjpa/kernel/exps/AndExpression.java,3,5,2,3,6,2,1,5,0,0.16666667,0.0,0.0,6,0,4,0,2,0,6,0,0,0,2,0,0,2,0,0,2,0,0,26,4,0,0,0,0,0,0,2,0,2,0,0,0,0,30,0,0,0,0,0,0,0,0,0,0,0,0,0,0,0,0,No
1.0.2,openjpa-kernel/src/main/java/org/apache/openjpa/kernel/AbstractFieldManager.java,2,3,1,2,20,1,1,0,190,0.0,0.0,0.0,20,0,20,0,0,0,20,0,0,0,0,0,0,0,0,0,0,0,0,62,0,0,0,0,0,0,0,0,0,0,0,0,0,0,26,1024,0,0,0,0,0,0,0,0,0,0,0,0,0,0,0,No
1.0.2,openjpa-lib/src/main/java/org/apache/openjpa/lib/meta/SuffixMetaDataFilter.java,2,3,1,2,3,1,0,2,0,0.0,0.0,0.0,2,0,2,0,0,0,2,0,0,0,1,0,0,1,0,0,1,0,0,10,1,0,1,0,0,0,0,2,0,2,0,0,0,0,23,1,0,0,0,0,0,0,0,0,0,0,0,0,0,0,0,No
1.0.2,openjpa-kernel/src/main/java/org/apache/openjpa/kernel/jpql/SimpleNode.java,2,2,0,2,1,2,0,0,0,0.0,NaN,NaN,1,0,0,0,0,1,1,0,0,0,0,0,0,0,0,0,0,0,0,5,0,0,0,0,0,0,0,0,0,0,0,0,0,0,22,1,0,0,0,0,0,0,0,0,0,0,0,0,0,0,0,No
1.0.2,openjpa-jdbc/src/main/java/org/apache/openjpa/jdbc/meta/strats/AbstractClassStrategy.java,11,17,6,11,7,2,6,0,21,0.85714287,0.0,0.0,7,0,7,0,0,0,7,0,0,0,1,0,0,0,1,0,0,0,0,24,6,0,0,0,0,0,0,2,0,1,0,0,0,0,60,1025,0,0,0,0,0,0,0,0,0,0,0,0,0,0,0,No
1.0.2,openjpa-kernel/src/main/java/org/apache/openjpa/util/OptimisticException.java,6,9,3,6,5,6,0,6,4,0.4,0.0,0.0,5,0,5,0,0,0,5,0,0,0,1,1,0,1,0,0,1,0,2,21,1,0,0,0,0,3,0,1,0,1,0,0,0,0,29,1,0,0,0,0,0,0,0,0,0,0,0,0,0,0,0,No
1.0.2,openjpa-kernel/src/main/java/org/apache/openjpa/kernel/exps/Lit.java,4,5,1,4,9,2,0,2,0,0.4375,0.0,0.0,8,0,7,0,1,0,8,0,0,0,2,0,0,2,0,0,1,0,1,29,5,0,1,0,1,0,0,4,0,2,0,0,0,0,28,0,0,0,0,0,0,0,0,0,0,0,0,0,0,0,0,No
1.0.2,openjpa-kernel/src/main/java/org/apache/openjpa/kernel/exps/UnboundVariable.java,2,3,1,2,6,2,0,0,7,0.5833334,0.0,0.0,6,0,5,0,1,0,6,0,0,0,2,0,0,2,0,0,0,0,0,22,3,0,0,0,0,0,0,5,0,2,0,0,0,0,56,0,0,0,0,0,0,0,0,0,0,0,0,0,0,0,0,No
1.0.2,openjpa-kernel/src/main/java/org/apache/openjpa/kernel/exps/Param.java,4,6,2,4,7,2,0,1,11,0.6666667,0.0,0.0,7,0,6,0,1,0,7,0,0,0,3,0,0,3,0,0,0,0,0,27,4,0,0,0,0,0,1,7,0,3,0,0,0,0,30,0,0,0,0,0,0,0,0,0,0,0,0,0,0,0,0,No
1.0.2,openjpa-jdbc/src/main/java/org/apache/openjpa/jdbc/sql/AbstractDB2Dictionary.java,3,5,2,3,5,2,2,2,3,0.0,0.0,0.0,3,0,3,0,0,0,3,0,0,0,0,0,0,0,0,0,0,0,0,59,0,0,2,0,0,31,0,27,1,0,1,0,0,0,96,1025,0,0,0,0,0,0,0,0,0,0,0,0,0,0,0,Yes
1.0.2,openjpa-kernel/src/main/java/org/apache/openjpa/ant/ApplicationIdToolTask.java,7,7,0,7,10,2,0,4,0,0.5,0.0,0.0,9,0,7,0,2,0,9,0,0,0,2,0,0,0,2,0,0,0,1,32,2,0,1,0,1,0,0,9,0,2,0,0,0,0,95,1,0,0,0,0,0,0,0,0,0,0,0,0,0,0,0,No
1.0.2,openjpa-jdbc/src/main/java/org/apache/openjpa/jdbc/kernel/exps/Any.java,2,3,1,2,2,3,0,0,1,0.0,0.0,0.0,2,0,1,0,1,0,2,0,0,0,0,0,0,0,0,0,0,0,0,8,1,0,0,0,0,1,0,0,0,0,0,0,0,0,8,0,0,0,0,0,0,0,0,0,0,0,0,0,0,0,0,No
1.0.2,openjpa-kernel/src/main/java/org/apache/openjpa/kernel/PNonTransNewState.java,2,3,1,2,8,2,0,2,28,0.0,0.0,0.0,8,0,0,0,0,8,8,0,0,0,0,0,0,0,0,0,0,0,0,27,7,0,0,0,0,0,0,0,0,0,0,0,0,0,38,0,0,0,0,0,0,0,0,0,0,0,0,0,0,0,0,No
1.0.2,openjpa-jdbc/src/main/java/org/apache/openjpa/jdbc/kernel/exps/All.java,2,3,1,2,2,3,0,0,1,0.0,0.0,0.0,2,0,1,0,1,0,2,0,0,0,0,0,0,0,0,0,0,0,0,8,1,0,0,0,0,1,0,0,0,0,0,0,0,0,8,0,0,0,0,0,0,0,0,0,0,0,0,0,0,0,0,No
1.0.2,openjpa-kernel/src/main/java/org/apache/openjpa/kernel/exps/Divide.java,2,3,1,2,2,2,0,1,1,0.0,0.0,0.0,2,0,1,0,1,0,2,0,0,0,0,0,0,0,0,0,0,0,0,8,1,0,0,0,0,0,0,0,0,0,0,0,0,0,21,0,0,0,0,0,0,0,0,0,0,0,0,0,0,0,0,No
1.0.2,openjpa-jdbc/src/main/java/org/apache/openjpa/jdbc/meta/strats/ClobValueHandler.java,5,7,2,5,2,2,0,3,1,0.5,0.0,0.0,2,1,2,0,0,0,2,0,0,0,1,1,0,1,0,0,1,0,0,13,2,0,0,0,0,0,1,2,0,2,0,0,0,0,17,1,0,0,0,0,0,0,0,0,0,0,0,0,0,0,0,No
1.0.2,openjpa-jdbc/src/main/java/org/apache/openjpa/jdbc/meta/SequenceMapping.java,4,5,1,4,13,2,0,2,52,0.8846154,0.0,0.0,13,0,11,0,2,0,13,0,0,0,12,7,3,9,0,0,7,0,0,57,6,0,0,0,0,7,0,17,0,12,0,0,0,0,74,1,0,0,0,0,0,0,0,0,0,0,0,0,0,0,0,Yes
1.0.2,openjpa-kernel/src/main/java/org/apache/openjpa/datacache/ExpirationEvent.java,0,2,2,0,3,1,0,0,0,0.33333334,0.0,0.0,3,0,3,0,0,0,3,0,0,0,2,0,0,2,0,0,2,0,0,15,2,0,0,0,0,0,0,2,0,2,0,0,0,0,40,1,0,0,0,0,0,0,0,0,0,0,0,0,0,0,0,No
1.0.2,openjpa-jdbc/src/main/java/org/apache/openjpa/jdbc/meta/strats/BlobValueHandler.java,5,7,2,5,2,2,0,3,1,0.5,0.0,0.0,2,1,2,0,0,0,2,0,0,0,1,1,0,1,0,0,1,0,0,13,2,0,0,0,0,0,1,2,0,2,0,0,0,0,17,1,0,0,0,0,0,0,0,0,0,0,0,0,0,0,0,No
1.0.2,openjpa-kernel/src/main/java/org/apache/openjpa/kernel/PCleanState.java,2,3,1,2,13,2,0,2,78,0.0,0.0,0.0,13,0,0,0,0,13,13,0,0,0,0,0,0,0,0,0,0,0,0,42,12,0,0,0,0,0,0,0,0,0,0,0,0,0,55,0,0,0,0,0,0,0,0,0,0,0,0,0,0,0,0,No
1.0.2,openjpa-jdbc/src/main/java/org/apache/openjpa/jdbc/kernel/exps/Sqrt.java,2,3,1,2,3,3,0,0,3,0.0,0.0,0.0,3,0,1,0,2,0,3,0,0,0,0,0,0,0,0,0,0,0,0,11,2,0,0,0,0,1,0,0,0,0,0,0,0,0,18,0,0,0,0,0,0,0,0,0,0,0,0,0,0,0,0,No
1.0.2,openjpa-kernel/src/main/java/org/apache/openjpa/kernel/exps/BindValueVariableExpression.java,3,4,1,3,3,2,0,1,1,0.0,0.0,0.0,2,0,1,0,1,0,2,0,0,0,0,0,0,0,0,0,0,0,0,9,1,0,1,0,1,0,0,1,0,1,0,0,0,0,23,0,0,0,0,0,0,0,0,0,0,0,0,0,0,0,0,No
1.0.2,openjpa-jdbc/src/main/java/org/apache/openjpa/jdbc/kernel/exps/Avg.java,2,3,1,2,3,3,0,0,3,0.0,0.0,0.0,3,0,2,0,1,0,3,0,0,0,0,0,0,0,0,0,0,0,0,11,2,0,0,0,0,1,0,0,0,0,0,0,0,0,17,0,0,0,0,0,0,0,0,0,0,0,0,0,0,0,0,No
1.0.2,openjpa-kernel/src/main/java/org/apache/openjpa/kernel/exps/Multiply.java,2,3,1,2,2,2,0,1,1,0.0,0.0,0.0,2,0,1,0,1,0,2,0,0,0,0,0,0,0,0,0,0,0,0,8,1,0,0,0,0,0,0,0,0,0,0,0,0,0,20,0,0,0,0,0,0,0,0,0,0,0,0,0,0,0,0,No
1.0.2,openjpa-kernel/src/main/java/org/apache/openjpa/kernel/exps/CompareExpression.java,5,15,10,5,13,2,9,11,0,0.2,0.0,0.0,5,0,2,0,3,0,5,1,0,0,2,0,0,2,0,0,2,0,0,37,2,0,6,0,2,0,0,14,0,10,1,0,0,0,35,1024,0,0,0,0,0,0,0,0,0,0,0,0,0,0,0,No
1.0.2,openjpa-lib/src/main/java/org/apache/openjpa/lib/conf/BootstrapException.java,1,3,2,1,6,4,0,0,13,0.6666667,0.0,0.0,6,0,6,0,0,0,6,0,0,0,1,0,0,1,0,0,0,0,0,22,2,0,0,0,0,0,0,2,0,1,0,0,0,0,19,1,0,0,0,0,0,0,0,0,0,0,0,0,0,0,0,No
1.0.2,openjpa-jdbc/src/main/java/org/apache/openjpa/jdbc/meta/strats/SuperclassDiscriminatorStrategy.java,11,14,3,11,8,3,0,14,10,0.0,0.0,0.0,5,0,5,0,0,0,5,0,0,0,0,0,0,0,0,0,0,0,0,24,3,1,2,0,0,0,0,2,0,1,2,0,0,0,43,1,0,0,0,0,0,0,0,0,0,0,0,0,0,0,0,No
1.0.2,openjpa-kernel/src/main/java/org/apache/openjpa/kernel/exps/EqualExpression.java,2,3,1,2,5,3,0,1,1,0.0,0.0,0.0,2,0,1,0,1,0,2,0,0,0,0,0,0,0,0,0,0,0,0,8,1,0,3,0,2,0,0,0,0,0,0,0,0,0,18,0,0,0,0,0,0,0,0,0,0,0,0,0,0,0,0,No
1.0.2,openjpa-kernel/src/main/java/org/apache/openjpa/util/InternalException.java,2,21,19,2,7,5,0,1,21,0.0,0.0,0.0,7,0,7,0,0,0,7,0,0,0,0,0,0,0,0,0,0,0,0,28,1,0,0,0,0,0,0,0,0,0,0,0,0,0,25,1,0,0,0,0,0,0,0,0,0,0,0,0,0,0,0,No
1.0.2,openjpa-jdbc/src/main/java/org/apache/openjpa/jdbc/conf/JDBCProductDerivation.java,4,4,0,4,4,2,0,4,3,0.0,0.0,0.0,3,0,3,0,0,0,3,0,0,0,0,0,0,0,0,0,0,0,0,15,3,0,1,0,0,2,0,0,0,0,1,0,0,0,35,1,0,0,0,0,0,0,0,0,0,0,0,0,0,0,0,No
1.0.2,openjpa-kernel/src/main/java/org/apache/openjpa/util/LongId.java,2,6,4,2,11,2,0,3,0,0.0,0.0,0.0,8,0,6,0,2,0,8,0,0,0,1,0,0,1,0,0,1,0,1,29,4,0,3,0,5,0,3,2,1,1,0,0,0,0,23,17,0,0,0,0,0,0,0,0,0,0,0,0,0,0,0,No
1.0.2,openjpa-kernel/src/main/java/org/apache/openjpa/kernel/EDirtyState.java,3,4,1,3,14,2,0,5,91,0.0,0.0,0.0,14,0,1,0,0,13,14,0,0,0,0,0,0,0,0,0,0,0,0,46,12,0,0,0,0,1,0,0,0,0,0,0,0,0,54,0,0,0,0,0,0,0,0,0,0,0,0,0,0,0,0,No
1.0.2,openjpa-kernel/src/main/java/org/apache/openjpa/kernel/PNewDeletedState.java,2,3,1,2,14,2,0,4,91,0.0,0.0,0.0,14,0,0,0,0,14,14,0,0,0,0,0,0,0,0,0,0,0,0,48,14,0,0,0,0,4,0,0,0,0,0,0,0,0,47,0,0,0,0,0,0,0,0,0,0,0,0,0,0,0,0,No
1.0.2,openjpa-kernel/src/main/java/org/apache/openjpa/kernel/PNonTransDirtyState.java,2,3,1,2,9,2,0,3,36,0.0,0.0,0.0,9,0,0,0,0,9,9,0,0,0,0,0,0,0,0,0,0,0,0,30,8,0,0,0,0,1,0,0,0,0,0,0,0,0,57,0,0,0,0,0,0,0,0,0,0,0,0,0,0,0,0,No
1.0.2,openjpa-kernel/src/main/java/org/apache/openjpa/kernel/TransientState.java,2,2,0,2,1,2,0,6,0,0.0,NaN,NaN,1,0,0,0,0,1,1,0,0,0,0,0,0,0,0,0,0,0,0,7,0,0,0,0,0,0,0,0,0,0,0,0,0,0,31,0,0,0,0,0,0,0,0,0,0,0,0,0,0,0,0,No
1.0.2,openjpa-kernel/src/main/java/org/apache/openjpa/kernel/PDirtyState.java,3,4,1,3,15,2,0,7,105,0.0,0.0,0.0,15,0,0,0,0,15,15,0,0,0,0,0,0,0,0,0,0,0,0,49,13,0,0,0,0,2,0,0,0,0,0,0,0,0,58,0,0,0,0,0,0,0,0,0,0,0,0,0,0,0,0,No
1.0.2,openjpa-jdbc/src/main/java/org/apache/openjpa/jdbc/kernel/exps/InKeyExpression.java,5,6,1,5,3,2,0,3,1,0.0,0.0,0.0,2,0,1,0,1,0,2,0,0,0,0,0,0,0,0,0,0,0,0,9,1,0,1,0,1,0,0,1,0,1,0,0,0,0,36,0,0,0,0,0,0,0,0,0,0,0,0,0,0,0,0,No
1.0.2,openjpa-kernel/src/main/java/org/apache/openjpa/kernel/exps/Mod.java,2,3,1,2,2,2,0,1,1,0.0,0.0,0.0,2,0,1,0,1,0,2,0,0,0,0,0,0,0,0,0,0,0,0,8,1,0,0,0,0,0,0,0,0,0,0,0,0,0,20,0,0,0,0,0,0,0,0,0,0,0,0,0,0,0,0,No
1.0.2,openjpa-jdbc/src/main/java/org/apache/openjpa/jdbc/kernel/exps/Count.java,5,6,1,5,5,3,0,1,10,0.0,0.0,0.0,5,0,3,0,2,0,5,0,0,0,0,0,0,0,0,0,0,0,0,17,4,0,0,0,0,1,0,0,0,0,0,0,0,0,29,0,0,0,0,0,0,0,0,0,0,0,0,0,0,0,0,No
1.0.2,openjpa-kernel/src/main/java/org/apache/openjpa/util/CallbackException.java,2,3,1,2,3,6,0,0,3,0.0,0.0,0.0,3,0,3,0,0,0,3,0,0,0,0,0,0,0,0,0,0,0,0,11,1,0,0,0,0,0,0,0,0,0,0,0,0,0,23,1,0,0,0,0,0,0,0,0,0,0,0,0,0,0,0,No
1.0.2,openjpa-kernel/src/main/java/org/apache/openjpa/kernel/exps/OrExpression.java,3,4,1,3,4,2,0,4,0,0.0,0.0,0.0,4,0,2,0,2,0,4,0,0,0,2,0,0,2,0,0,2,0,0,20,2,0,0,0,0,0,0,2,0,2,0,0,0,0,27,0,0,0,0,0,0,0,0,0,0,0,0,0,0,0,0,No
1.0.2,openjpa-kernel/src/main/java/org/apache/openjpa/event/BrokerFactoryEvent.java,1,4,3,1,3,1,0,1,1,0.6666667,0.0,0.0,3,0,3,0,0,0,3,0,0,0,2,1,1,1,0,0,1,0,0,14,2,0,0,0,0,0,1,2,0,2,0,0,0,0,41,1,0,0,0,0,0,0,0,0,0,0,0,0,0,0,0,No
1.0.2,openjpa-kernel/src/main/java/org/apache/openjpa/kernel/PNewProvisionalState.java,3,4,1,3,14,2,0,6,91,0.0,0.0,0.0,14,0,0,0,0,14,14,0,0,0,0,0,0,0,0,0,0,0,0,49,13,0,0,0,0,0,0,0,0,0,0,0,0,0,51,0,0,0,0,0,0,0,0,0,0,0,0,0,0,0,0,No
1.0.2,openjpa-kernel/src/main/java/org/apache/openjpa/kernel/EDeletedState.java,2,3,1,2,10,2,0,3,45,0.0,0.0,0.0,10,0,1,0,0,9,10,0,0,0,0,0,0,0,0,0,0,0,0,35,10,0,0,0,0,1,0,0,0,0,0,0,0,0,41,0,0,0,0,0,0,0,0,0,0,0,0,0,0,0,0,No
1.0.2,openjpa-lib/src/main/java/org/apache/openjpa/lib/jdbc/JDBCEvent.java,1,8,7,1,7,1,0,2,11,0.91596645,0.0,0.0,7,0,7,0,0,0,7,0,6,0,17,12,12,5,0,0,17,0,1,45,6,0,0,0,0,0,12,17,0,17,0,0,0,0,80,1,0,0,0,0,0,0,0,0,0,0,0,0,0,0,0,No
1.0.2,openjpa-kernel/src/main/java/org/apache/openjpa/util/ReferentialIntegrityException.java,3,4,1,3,10,6,0,7,16,0.875,0.0,0.0,8,1,5,3,0,0,5,0,0,0,7,6,5,2,0,0,6,0,1,39,6,0,0,0,0,3,5,9,0,7,1,0,0,0,57,1,0,0,0,0,0,0,0,0,0,0,0,0,0,0,0,No
1.0.2,openjpa-kernel/src/main/java/org/apache/openjpa/util/NoTransactionException.java,2,3,1,2,2,7,0,0,1,0.0,0.0,0.0,2,0,2,0,0,0,2,0,0,0,0,0,0,0,0,0,0,0,0,8,1,0,0,0,0,0,0,0,0,0,0,0,0,0,30,1,0,0,0,0,0,0,0,0,0,0,0,0,0,0,0,No
1.0.2,openjpa-jdbc/src/main/java/org/apache/openjpa/jdbc/kernel/DelegatingJDBCFetchConfiguration.java,6,7,1,6,49,2,0,26,325,0.0,0.0,0.0,26,0,26,0,0,0,26,0,0,0,0,0,0,0,0,0,0,0,0,207,24,0,0,23,0,0,0,0,0,0,1,0,0,0,70,1,0,0,0,0,0,0,0,0,0,0,0,0,0,0,0,Yes
1.0.2,openjpa-kernel/src/main/java/org/apache/openjpa/ant/PCEnhancerTask.java,7,7,0,7,7,2,0,5,1,0.5,0.0,0.0,6,0,4,0,2,0,6,0,0,0,2,0,0,0,2,0,0,0,1,25,1,0,1,0,1,0,0,9,0,4,0,0,0,0,92,1,0,0,0,0,0,0,0,0,0,0,0,0,0,0,0,No
1.0.2,openjpa-kernel/src/main/java/org/apache/openjpa/util/ObjectExistsException.java,2,2,0,2,2,6,0,0,1,0.0,0.0,0.0,2,0,2,0,0,0,2,0,0,0,0,0,0,0,0,0,0,0,0,8,1,0,0,0,0,0,0,0,0,0,0,0,0,0,25,1,0,0,0,0,0,0,0,0,0,0,0,0,0,0,0,Yes
1.0.2,openjpa-lib/src/main/java/org/apache/openjpa/lib/log/LogFactoryAdapter.java,4,7,3,4,3,1,2,3,1,0.5,0.0,0.0,2,0,1,0,1,0,2,1,0,0,1,0,0,1,0,0,0,0,0,12,1,0,1,0,0,0,0,3,0,2,1,0,0,0,38,1025,0,0,0,0,0,0,0,0,0,0,0,0,0,0,0,No
1.0.2,openjpa-kernel/src/main/java/org/apache/openjpa/kernel/ECleanState.java,2,3,1,2,13,2,0,2,78,0.0,0.0,0.0,13,0,0,0,0,13,13,0,0,0,0,0,0,0,0,0,0,0,0,42,12,0,0,0,0,0,0,0,0,0,0,0,0,0,59,0,0,0,0,0,0,0,0,0,0,0,0,0,0,0,0,No
1.0.2,openjpa-kernel/src/main/java/org/apache/openjpa/event/NoneOrphanedKeyAction.java,3,3,0,3,1,1,0,0,0,0.0,NaN,NaN,1,0,1,0,0,0,1,0,0,0,0,0,0,0,0,0,0,0,0,5,1,0,0,0,0,0,0,0,0,0,0,0,0,0,26,1,0,0,0,0,0,0,0,0,0,0,0,0,0,0,0,No
1.0.2,openjpa-kernel/src/main/java/org/apache/openjpa/kernel/exps/NotExpression.java,3,4,1,3,4,2,0,5,0,0.0,0.0,0.0,4,0,2,0,2,0,4,0,0,0,1,0,0,1,0,0,1,0,0,17,2,0,0,0,0,0,0,1,0,1,0,0,0,0,22,0,0,0,0,0,0,0,0,0,0,0,0,0,0,0,0,No
1.0.2,openjpa-kernel/src/main/java/org/apache/openjpa/kernel/NoneLockManager.java,2,2,0,2,3,2,0,1,3,0.0,0.0,0.0,3,0,3,0,0,0,3,0,0,0,0,0,0,0,0,0,0,0,0,11,1,0,0,0,0,0,0,0,0,0,0,0,0,0,31,1,0,0,0,0,0,0,0,0,0,0,0,0,0,0,0,No
1.0.2,openjpa-jdbc/src/main/java/org/apache/openjpa/jdbc/meta/NoneStrategyInstaller.java,10,10,0,10,5,2,0,13,10,0.0,0.0,0.0,5,0,5,0,0,0,5,0,0,0,0,0,0,0,0,0,0,0,4,22,0,0,0,0,0,0,0,0,0,0,0,0,0,0,28,1,0,0,0,0,0,0,0,0,0,0,0,0,0,0,0,No
1.0.2,openjpa-kernel/src/main/java/org/apache/openjpa/datacache/TypesChangedEvent.java,0,6,6,0,2,1,0,0,0,0.0,0.0,0.0,2,0,2,0,0,0,2,0,0,0,1,0,0,1,0,0,1,0,0,10,1,0,0,0,0,0,0,1,0,1,0,0,0,0,29,1,0,0,0,0,0,0,0,0,0,0,0,0,0,0,0,No
1.0.2,openjpa-jdbc/src/main/java/org/apache/openjpa/jdbc/kernel/exps/SQLValue.java,1,2,1,1,1,2,0,0,0,0.0,NaN,NaN,1,0,1,0,0,0,1,0,0,0,1,1,1,0,0,0,1,0,0,6,1,0,0,0,0,1,0,1,0,1,0,0,0,0,43,1,0,0,0,0,0,0,0,0,0,0,0,0,0,0,0,No
1.0.2,openjpa-kernel/src/main/java/org/apache/openjpa/kernel/exps/Subtract.java,2,3,1,2,2,2,0,1,1,0.0,0.0,0.0,2,0,1,0,1,0,2,0,0,0,0,0,0,0,0,0,0,0,0,8,1,0,0,0,0,0,0,0,0,0,0,0,0,0,22,0,0,0,0,0,0,0,0,0,0,0,0,0,0,0,0,No
1.0.2,openjpa-jdbc/src/main/java/org/apache/openjpa/jdbc/kernel/exps/QueryExpressionsState.java,1,5,4,1,0,1,0,0,0,NaN,-1.0,-1.0,0,0,0,0,0,0,0,0,0,0,6,1,6,0,0,0,1,0,0,8,0,0,0,0,0,0,1,6,0,6,0,0,0,0,29,1,0,0,0,0,0,0,0,0,0,0,0,0,0,0,0,No
1.0.2,openjpa-jdbc/src/main/java/org/apache/openjpa/jdbc/kernel/exps/IsNotEmptyExpression.java,7,8,1,7,5,1,0,8,0,0.0,0.0,0.0,5,0,5,0,0,0,5,0,0,0,1,0,0,1,0,0,1,0,0,22,1,0,0,0,0,0,0,1,0,1,0,0,0,0,38,0,0,0,0,0,0,0,0,0,0,0,0,0,0,0,0,No
1.0.2,openjpa-kernel/src/main/java/org/apache/openjpa/kernel/PNonTransDeletedState.java,2,3,1,2,12,2,0,1,66,0.0,0.0,0.0,12,0,0,0,0,12,12,0,0,0,0,0,0,0,0,0,0,0,0,38,12,0,0,0,0,6,0,0,0,0,0,0,0,0,45,1,0,0,0,0,0,0,0,0,0,0,0,0,0,0,0,No
1.0.2,openjpa-jdbc/src/main/java/org/apache/openjpa/jdbc/conf/JDBCSeqValue.java,6,6,0,6,1,2,0,8,0,0.0,NaN,NaN,1,0,1,0,0,0,1,0,0,0,1,1,0,0,0,1,1,0,0,9,0,0,0,0,0,3,2,1,0,1,0,0,0,0,57,1,0,0,0,0,0,0,0,0,0,0,0,0,0,0,0,No
1.0.2,openjpa-jdbc/src/main/java/org/apache/openjpa/jdbc/kernel/exps/InValueExpression.java,5,6,1,5,3,2,0,3,1,0.0,0.0,0.0,2,0,1,0,1,0,2,0,0,0,0,0,0,0,0,0,0,0,0,9,1,0,1,0,1,0,0,1,0,1,0,0,0,0,35,0,0,0,0,0,0,0,0,0,0,0,0,0,0,0,0,No
1.0.2,openjpa-lib/src/main/java/org/apache/openjpa/lib/graph/NodeInfo.java,0,3,3,0,0,1,0,0,0,NaN,-1.0,-1.0,0,0,0,0,0,0,0,0,0,0,5,3,5,0,0,0,3,0,0,7,0,0,0,0,0,0,4,5,0,5,0,0,0,0,30,0,0,0,0,0,0,0,0,0,0,0,0,0,0,0,0,No
1.0.2,openjpa-jdbc/src/main/java/org/apache/openjpa/jdbc/kernel/exps/AbstractVal.java,6,27,21,6,10,1,16,5,45,0.9,0.0,0.0,10,0,10,0,0,0,10,0,0,0,2,2,0,0,2,0,2,0,0,37,4,0,0,0,0,5,2,2,0,2,0,0,0,0,48,1024,0,0,0,0,0,0,0,0,0,0,0,0,0,0,0,No
1.0.2,openjpa-jdbc/src/main/java/org/apache/openjpa/jdbc/meta/strats/SuperclassVersionStrategy.java,5,8,3,5,4,3,0,7,6,0.0,0.0,0.0,4,0,4,0,0,0,4,0,0,0,0,0,0,0,0,0,0,0,0,14,3,0,0,0,0,0,0,0,0,0,0,0,0,0,39,1,0,0,0,0,0,0,0,0,0,0,0,0,0,0,0,No
1.0.2,openjpa-kernel/src/main/java/org/apache/openjpa/conf/SeqValue.java,2,4,2,2,1,2,0,4,0,0.0,NaN,NaN,1,0,1,0,0,0,1,0,0,0,1,1,0,1,0,0,1,0,0,9,0,0,0,0,0,1,2,1,0,1,0,0,0,0,40,1,0,0,0,0,0,0,0,0,0,0,0,0,0,0,0,No
1.0.2,openjpa-kernel/src/main/java/org/apache/openjpa/kernel/exps/ValExpression.java,4,5,1,4,8,2,0,8,0,0.0,0.0,0.0,4,0,2,0,2,0,4,0,0,0,1,0,0,1,0,0,1,0,0,20,2,0,3,0,3,0,0,4,0,4,0,0,0,0,26,0,0,0,0,0,0,0,0,0,0,0,0,0,0,0,0,No
1.0.2,openjpa-kernel/src/main/java/org/apache/openjpa/kernel/exps/Add.java,2,3,1,2,2,2,0,1,1,0.0,0.0,0.0,2,0,1,0,1,0,2,0,0,0,0,0,0,0,0,0,0,0,0,8,1,0,0,0,0,0,0,0,0,0,0,0,0,0,20,0,0,0,0,0,0,0,0,0,0,0,0,0,0,0,0,No
1.0.2,openjpa-kernel/src/main/java/org/apache/openjpa/kernel/exps/NotEqualExpression.java,2,3,1,2,5,3,0,1,1,0.0,0.0,0.0,2,0,1,0,1,0,2,0,0,0,0,0,0,0,0,0,0,0,0,8,1,0,3,0,2,0,0,0,0,0,0,0,0,0,19,0,0,0,0,0,0,0,0,0,0,0,0,0,0,0,0,No
1.0.2,openjpa-kernel/src/main/java/org/apache/openjpa/util/ObjectNotFoundException.java,6,10,4,6,4,6,0,6,4,0.5,0.0,0.0,4,0,4,0,0,0,4,0,0,0,1,1,0,1,0,0,1,0,2,17,1,0,0,0,0,2,0,1,0,1,0,0,0,0,35,1,0,0,0,0,0,0,0,0,0,0,0,0,0,0,0,No
1.0.2,openjpa-kernel/src/main/java/org/apache/openjpa/util/InvalidStateException.java,3,17,14,3,3,6,3,1,3,0.0,0.0,0.0,3,0,3,0,0,0,3,0,0,0,0,0,0,0,0,0,0,0,0,12,1,0,0,0,0,0,0,0,0,0,0,0,0,0,39,1,0,0,0,0,0,0,0,0,0,0,0,0,0,0,0,No
1.0.2,openjpa-jdbc/src/main/java/org/apache/openjpa/jdbc/sql/FirebirdDictionary.java,5,6,1,5,4,3,0,4,3,0.0,0.0,0.0,3,0,3,0,0,0,3,0,0,0,0,0,0,0,0,0,0,0,0,25,1,0,1,0,0,10,0,3,1,0,1,0,0,0,43,1,0,0,0,0,0,0,0,0,0,0,0,0,0,0,0,No
1.0.2,openjpa-jdbc/src/main/java/org/apache/openjpa/jdbc/kernel/ConnectionInfo.java,3,5,2,3,0,1,0,0,0,NaN,-1.0,-1.0,0,0,0,0,0,0,0,0,0,0,3,0,3,0,0,0,0,0,0,5,0,0,0,0,0,0,0,3,0,3,0,0,0,0,25,1,0,0,0,0,0,0,0,0,0,0,0,0,0,0,0,No
1.0.2,openjpa-kernel/src/main/java/org/apache/openjpa/kernel/PDeletedFlushedState.java,4,6,2,4,2,3,0,1,1,0.0,0.0,0.0,2,0,0,0,0,2,2,0,0,0,0,0,0,0,0,0,0,0,0,9,2,0,0,0,0,0,0,0,0,0,0,0,0,0,30,0,0,0,0,0,0,0,0,0,0,0,0,0,0,0,0,No
1.0.2,openjpa-kernel/src/main/java/org/apache/openjpa/kernel/exps/ContainsKeyExpression.java,2,3,1,2,3,3,0,1,1,0.0,0.0,0.0,2,0,1,0,1,0,2,0,0,0,0,0,0,0,0,0,0,0,0,8,1,0,1,0,2,0,0,0,0,0,0,0,0,0,26,0,0,0,0,0,0,0,0,0,0,0,0,0,0,0,0,No
1.0.2,openjpa-kernel/src/main/java/org/apache/openjpa/util/NoResultException.java,3,3,0,3,3,7,0,1,3,0.0,0.0,0.0,3,0,3,0,0,0,3,0,0,0,0,0,0,0,0,0,0,0,0,12,1,0,0,0,0,0,0,0,0,0,0,0,0,0,35,1,0,0,0,0,0,0,0,0,0,0,0,0,0,0,0,No
1.0.2,openjpa-lib/src/main/java/org/apache/openjpa/lib/rop/SoftRandomAccessResultList.java,3,4,1,3,2,4,0,0,1,0.0,0.0,0.0,2,0,1,0,1,0,2,0,0,0,0,0,0,0,0,0,0,0,0,8,1,0,0,0,0,0,0,0,0,0,0,0,0,0,23,1,0,0,0,0,0,0,0,0,0,0,0,0,0,0,0,No
1.0.2,openjpa-persistence-jdbc/src/main/java/org/apache/openjpa/persistence/jdbc/JDBCFetchPlanImpl.java,14,16,2,14,43,2,0,43,693,0.6511628,0.0,0.0,43,0,42,0,1,0,43,0,0,0,1,0,0,1,0,0,0,0,7,140,42,0,0,0,0,0,0,1,0,1,0,0,0,0,70,1,0,0,0,0,0,0,0,0,0,0,0,0,0,0,0,No
1.0.2,openjpa-kernel/src/main/java/org/apache/openjpa/util/MetaDataException.java,3,12,9,3,5,6,0,1,10,0.0,0.0,0.0,5,0,5,0,0,0,5,0,0,0,0,0,0,0,0,0,0,0,0,20,1,0,0,0,0,0,0,0,0,0,0,0,0,0,25,1,0,0,0,0,0,0,0,0,0,0,0,0,0,0,0,No
1.0.2,openjpa-kernel/src/main/java/org/apache/openjpa/util/NonUniqueResultException.java,3,3,0,3,3,7,0,1,3,0.0,0.0,0.0,3,0,3,0,0,0,3,0,0,0,0,0,0,0,0,0,0,0,0,12,1,0,0,0,0,0,0,0,0,0,0,0,0,0,39,1,0,0,0,0,0,0,0,0,0,0,0,0,0,0,0,No
1.0.2,openjpa-jdbc/src/main/java/org/apache/openjpa/jdbc/kernel/exps/InSubQExpression.java,9,10,1,9,5,2,0,13,0,0.0,0.0,0.0,5,0,5,0,0,0,5,0,0,0,2,0,0,2,0,0,2,0,0,41,1,0,0,0,0,1,4,6,0,6,0,0,1,0,46,0,0,0,0,0,0,0,0,0,0,0,0,0,0,0,0,No
1.0.2,openjpa-jdbc/src/main/java/org/apache/openjpa/jdbc/meta/strats/AbstractValueHandler.java,5,15,10,5,6,1,10,0,15,0.0,0.0,0.0,6,0,6,0,0,0,6,0,0,0,0,0,0,0,0,0,0,0,0,20,6,0,0,0,0,0,0,0,0,0,0,0,0,0,41,1025,0,0,0,0,0,0,0,0,0,0,0,0,0,0,0,No
1.0.2,openjpa-kernel/src/main/java/org/apache/openjpa/kernel/TLoadedState.java,2,3,1,2,2,2,0,1,1,0.0,0.0,0.0,2,0,0,0,0,2,2,0,0,0,0,0,0,0,0,0,0,0,0,8,1,0,0,0,0,0,0,0,0,0,0,0,0,0,43,0,0,0,0,0,0,0,0,0,0,0,0,0,0,0,0,No
1.0.2,openjpa-jdbc/src/main/java/org/apache/openjpa/jdbc/kernel/exps/Distinct.java,5,6,1,5,3,3,0,1,3,0.0,0.0,0.0,3,0,2,0,1,0,3,0,0,0,0,0,0,0,0,0,0,0,0,11,2,0,0,0,0,1,0,0,0,0,0,0,0,0,17,0,0,0,0,0,0,0,0,0,0,0,0,0,0,0,0,Yes
1.0.2,openjpa-kernel/src/main/java/org/apache/openjpa/kernel/exps/BindKeyVariableExpression.java,3,4,1,3,3,2,0,1,1,0.0,0.0,0.0,2,0,1,0,1,0,2,0,0,0,0,0,0,0,0,0,0,0,0,9,1,0,1,0,1,0,0,1,0,1,0,0,0,0,24,0,0,0,0,0,0,0,0,0,0,0,0,0,0,0,0,No
1.0.2,openjpa-kernel/src/main/java/org/apache/openjpa/kernel/HollowState.java,2,3,1,2,11,2,0,4,55,0.0,0.0,0.0,11,0,0,0,0,11,11,0,0,0,0,0,0,0,0,0,0,0,0,38,10,0,0,0,0,0,0,0,0,0,0,0,0,0,78,0,0,0,0,0,0,0,0,0,0,0,0,0,0,0,0,No
1.0.2,openjpa-jdbc/src/main/java/org/apache/openjpa/jdbc/kernel/exps/Max.java,2,3,1,2,3,3,0,0,3,0.0,0.0,0.0,3,0,2,0,1,0,3,0,0,0,0,0,0,0,0,0,0,0,0,11,2,0,0,0,0,1,0,0,0,0,0,0,0,0,17,0,0,0,0,0,0,0,0,0,0,0,0,0,0,0,0,No
1.0.2,openjpa-kernel/src/main/java/org/apache/openjpa/kernel/exps/ContainsValueExpression.java,2,3,1,2,3,2,0,1,1,0.0,0.0,0.0,2,0,1,0,1,0,2,0,0,0,0,0,0,0,0,0,0,0,0,8,1,0,1,0,2,0,0,0,0,0,0,0,0,0,25,0,0,0,0,0,0,0,0,0,0,0,0,0,0,0,0,No
1.0.2,openjpa-jdbc/src/main/java/org/apache/openjpa/jdbc/schema/ReferenceCounter.java,0,13,13,0,3,1,3,0,0,0.0,0.0,0.0,3,0,3,0,0,0,3,0,0,0,1,0,0,1,0,0,0,0,0,12,1,0,0,0,0,0,1,1,0,1,0,0,0,0,21,0,0,0,0,0,0,0,0,0,0,0,0,0,0,0,0,No
1.0.2,openjpa-kernel/src/main/java/org/apache/openjpa/kernel/ECopyState.java,3,4,1,3,12,2,0,5,66,0.0,0.0,0.0,12,0,0,0,0,12,12,0,0,0,0,0,0,0,0,0,0,0,0,40,10,0,0,0,0,1,0,0,0,0,0,0,0,0,51,0,0,0,0,0,0,0,0,0,0,0,0,0,0,0,0,No
1.0.2,openjpa-kernel/src/main/java/org/apache/openjpa/ee/SunOneManagedRuntime.java,4,6,2,4,4,2,0,6,4,0.5,0.0,0.0,4,0,4,0,0,0,4,0,0,0,2,0,0,2,0,0,0,0,1,19,2,0,0,0,0,3,0,4,0,4,0,0,0,0,28,1,0,0,0,0,0,0,0,0,0,0,0,0,0,0,0,No
1.0.2,openjpa-jdbc/src/main/java/org/apache/openjpa/jdbc/kernel/exps/ToLowerCase.java,8,9,1,8,3,3,0,9,1,0.0,0.0,0.0,2,0,2,0,0,0,2,0,0,0,0,0,0,0,0,0,0,0,0,15,0,0,1,0,0,2,2,4,1,3,0,0,0,0,34,0,0,0,0,0,0,0,0,0,0,0,0,0,0,0,0,No
1.0.2,openjpa-kernel/src/main/java/org/apache/openjpa/conf/Compatibility.java,0,4,4,0,14,1,0,0,77,0.85714287,0.0,0.0,14,0,14,0,0,0,14,0,0,0,7,0,0,7,0,0,0,0,0,51,7,0,0,0,0,0,0,14,0,7,0,0,0,0,124,1,0,0,0,0,0,0,0,0,0,0,0,0,0,0,0,Yes
1.0.2,openjpa-kernel/src/main/java/org/apache/openjpa/datacache/ConcurrentQueryCache.java,9,11,2,9,16,3,0,17,0,0.125,0.0,0.0,16,0,8,0,8,0,16,0,0,0,1,0,0,1,0,0,0,0,0,52,10,0,0,0,0,0,0,1,0,1,0,0,0,0,125,1,0,0,0,0,0,0,0,0,0,0,0,0,0,0,0,No
1.0.2,openjpa-jdbc/src/main/java/org/apache/openjpa/jdbc/kernel/exps/SQLExpression.java,1,2,1,1,1,2,0,0,0,0.0,NaN,NaN,1,0,1,0,0,0,1,0,0,0,1,1,1,0,0,0,1,0,0,6,1,0,0,0,0,1,0,1,0,1,0,0,0,0,44,1,0,0,0,0,0,0,0,0,0,0,0,0,0,0,0,No
1.0.2,openjpa-jdbc/src/main/java/org/apache/openjpa/jdbc/sql/Calendard.java,0,2,2,0,1,1,0,0,0,0.0,NaN,NaN,1,0,1,0,0,0,1,0,0,0,2,0,2,0,0,0,2,0,0,8,0,0,0,0,0,0,0,2,0,2,0,0,0,0,17,1,0,0,0,0,0,0,0,0,0,0,0,0,0,0,0,No
1.0.2,openjpa-jdbc/src/main/java/org/apache/openjpa/jdbc/conf/FetchModeValue.java,1,2,1,1,1,2,0,3,0,0.75,NaN,NaN,1,0,1,0,0,0,1,0,0,0,4,4,3,1,0,0,3,0,5,11,0,0,0,0,0,5,0,4,0,4,0,0,0,0,49,1,0,0,0,0,0,0,0,0,0,0,0,0,0,0,0,No
1.0.2,openjpa-jdbc/src/main/java/org/apache/openjpa/jdbc/sql/CacheDictionary.java,1,2,1,1,1,2,0,0,0,0.0,NaN,NaN,1,0,1,0,0,0,1,0,0,0,0,0,0,0,0,0,0,0,0,14,0,0,0,0,0,8,0,10,0,0,0,0,0,0,46,1,0,0,0,0,0,0,0,0,0,0,0,0,0,0,0,No
1.0.2,openjpa-jdbc/src/main/java/org/apache/openjpa/jdbc/kernel/exps/Min.java,2,3,1,2,3,3,0,0,3,0.0,0.0,0.0,3,0,2,0,1,0,3,0,0,0,0,0,0,0,0,0,0,0,0,11,2,0,0,0,0,1,0,0,0,0,0,0,0,0,17,0,0,0,0,0,0,0,0,0,0,0,0,0,0,0,0,No
1.0.2,openjpa-jdbc/src/main/java/org/apache/openjpa/jdbc/kernel/exps/Size.java,7,8,1,7,5,3,0,5,10,0.0,0.0,0.0,5,0,3,0,2,0,5,0,0,0,0,0,0,0,0,0,0,0,0,19,2,0,0,0,0,0,0,0,0,0,0,0,0,0,27,0,0,0,0,0,0,0,0,0,0,0,0,0,0,0,0,No
1.0.2,openjpa-jdbc/src/main/java/org/apache/openjpa/jdbc/meta/StrategyInstaller.java,5,16,11,5,6,1,6,0,15,0.8333333,0.0,0.0,6,0,6,0,0,0,6,4,0,0,1,0,0,0,1,0,1,0,0,13,1,0,0,0,0,0,0,1,0,1,0,0,0,0,43,1025,0,0,0,0,0,0,0,0,0,0,0,0,0,0,0,No
1.0.2,openjpa-jdbc/src/main/java/org/apache/openjpa/jdbc/sql/Sized.java,0,3,3,0,1,1,0,0,0,0.0,NaN,NaN,1,0,1,0,0,0,1,0,0,0,2,0,2,0,0,0,2,0,0,8,0,0,0,0,0,0,0,2,0,2,0,0,0,0,16,1,0,0,0,0,0,0,0,0,0,0,0,0,0,0,0,No
1.0.2,openjpa-kernel/src/main/java/org/apache/openjpa/kernel/PDeletedState.java,2,4,2,2,16,2,1,6,105,0.0,0.0,0.0,15,0,0,0,0,15,15,0,0,0,0,0,0,0,0,0,0,0,0,50,14,0,0,0,1,4,1,0,0,0,0,0,0,0,56,0,0,0,0,0,0,0,0,0,0,0,0,0,0,0,0,No
1.0.2,openjpa-lib/src/main/java/org/apache/openjpa/lib/rop/ListResultList.java,3,7,4,3,18,2,1,13,0,0.5555556,0.0,0.0,18,0,18,0,0,0,18,0,0,0,2,0,0,2,0,0,1,0,0,67,16,0,0,0,0,0,0,3,0,2,0,0,0,0,47,1,0,0,0,0,0,0,0,0,0,0,0,0,0,0,0,No
1.0.2,openjpa-kernel/src/main/java/org/apache/openjpa/ee/JNDIManagedRuntime.java,4,6,2,4,6,2,0,5,4,0.5,0.0,0.0,5,0,5,0,0,0,5,0,0,0,2,0,0,2,0,0,0,0,0,29,3,0,1,1,0,1,0,6,0,3,2,0,0,0,38,1,0,0,0,0,0,0,0,0,0,0,0,0,0,0,0,No
1.0.2,openjpa-jdbc/src/main/java/org/apache/openjpa/jdbc/kernel/exps/ToUpperCase.java,8,9,1,8,3,3,0,9,1,0.0,0.0,0.0,2,0,2,0,0,0,2,0,0,0,0,0,0,0,0,0,0,0,0,15,0,0,1,0,0,2,2,4,1,3,0,0,0,0,34,0,0,0,0,0,0,0,0,0,0,0,0,0,0,0,0,No
1.0.2,openjpa-jdbc/src/main/java/org/apache/openjpa/jdbc/meta/strats/ByteArrayValueHandler.java,8,10,2,8,4,2,0,5,6,0.75,0.0,0.0,4,1,4,0,0,0,4,0,0,0,1,1,0,1,0,0,1,0,2,19,4,0,0,0,0,0,1,2,0,2,0,0,0,0,28,1,0,0,0,0,0,0,0,0,0,0,0,0,0,0,0,No
1.0.2,openjpa-jdbc/src/main/java/org/apache/openjpa/jdbc/kernel/exps/IsEmptyExpression.java,7,8,1,7,5,1,0,8,0,0.0,0.0,0.0,5,0,5,0,0,0,5,0,0,0,1,0,0,1,0,0,1,0,0,22,1,0,0,0,0,0,0,1,0,1,0,0,0,0,37,0,0,0,0,0,0,0,0,0,0,0,0,0,0,0,0,No
1.0.2,openjpa-kernel/src/main/java/org/apache/openjpa/kernel/exps/ValuePath.java,5,6,1,5,4,3,0,6,0,0.0,0.0,0.0,4,0,3,0,1,0,4,0,0,0,1,0,0,1,0,0,1,0,0,17,2,0,0,0,0,0,0,1,0,1,0,0,0,0,31,0,0,0,0,0,0,0,0,0,0,0,0,0,0,0,0,No
1.0.2,openjpa-kernel/src/main/java/org/apache/openjpa/util/UnsupportedException.java,2,8,6,2,5,5,0,1,10,0.0,0.0,0.0,5,0,5,0,0,0,5,0,0,0,0,0,0,0,0,0,0,0,0,20,1,0,0,0,0,0,0,0,0,0,0,0,0,0,29,1,0,0,0,0,0,0,0,0,0,0,0,0,0,0,0,No
1.0.2,openjpa-kernel/src/main/java/org/apache/openjpa/event/LifecycleEvent.java,1,15,14,1,4,1,0,0,2,0.96,0.0,0.0,4,0,4,0,0,0,4,0,0,0,25,23,23,2,0,0,25,0,0,41,2,0,0,0,0,0,22,25,0,25,0,0,0,0,80,1,0,0,1,1,29,29,29.0,0,0,0.0,29,29,29.0,7,7.0,No
1.0.2,openjpa-jdbc/src/main/java/org/apache/openjpa/jdbc/kernel/exps/NotExpression.java,7,8,1,7,5,2,0,8,0,0.0,0.0,0.0,5,0,5,0,0,0,5,0,0,0,1,0,0,1,0,0,1,0,0,30,1,0,0,0,2,2,0,2,0,2,0,0,1,0,34,0,0,0,0,0,0,0,0,0,0,0,0,0,0,0,0,No
1.0.2,openjpa-kernel/src/main/java/org/apache/openjpa/kernel/exps/InstanceofExpression.java,4,5,1,4,6,2,0,9,0,0.125,0.0,0.0,4,0,2,0,2,0,4,0,0,0,2,0,0,2,0,0,2,0,0,21,2,0,1,0,1,0,0,4,0,4,0,0,0,0,42,0,0,0,0,0,0,0,0,0,0,0,0,0,0,0,0,No
1.0.2,openjpa-kernel/src/main/java/org/apache/openjpa/event/ExceptionOrphanedKeyAction.java,6,7,1,6,1,1,0,2,0,0.0,NaN,NaN,1,0,1,0,0,0,1,0,0,0,1,1,0,1,0,0,1,0,0,6,0,0,0,0,0,1,0,1,0,1,0,0,0,0,29,1,0,0,0,0,0,0,0,0,0,0,0,0,0,0,0,No
1.0.2,openjpa-kernel/src/main/java/org/apache/openjpa/util/ObjectId.java,2,7,5,2,9,2,0,2,0,0.0,0.0,0.0,7,0,4,0,2,1,7,0,0,0,1,0,0,1,0,0,0,0,0,27,4,0,3,0,3,0,1,4,0,2,0,0,0,0,33,17,0,0,0,0,0,0,0,0,0,0,0,0,0,0,0,No
1.0.2,openjpa-kernel/src/main/java/org/apache/openjpa/util/StoreException.java,2,9,7,2,4,5,5,1,6,1.0,0.0,0.0,4,0,4,0,0,0,4,0,0,0,5,5,5,0,0,0,5,0,0,19,1,0,0,0,0,0,5,5,0,5,0,0,0,0,36,1,0,0,0,0,0,0,0,0,0,0,0,0,0,0,0,No
1.0.2,openjpa-kernel/src/main/java/org/apache/openjpa/kernel/PNewFlushedDeletedState.java,2,4,2,2,15,2,1,3,105,0.0,0.0,0.0,15,0,0,0,0,15,15,0,0,0,0,0,0,0,0,0,0,0,0,50,15,0,0,0,0,4,0,0,0,0,0,0,0,0,55,0,0,0,0,0,0,0,0,0,0,0,0,0,0,0,0,No
1.0.3,openjpa-kernel/src/main/java/org/apache/openjpa/event/TransactionEvent.java,1,7,6,1,10,1,0,0,5,0.8809525,0.0,0.0,6,0,6,0,0,0,6,0,0,0,14,9,9,5,0,0,14,0,0,39,5,0,4,0,4,0,9,14,0,14,0,0,0,0,121,1,0,0,0,0,0,0,0,0,0,0,0,0,0,0,0,No
1.0.3,openjpa-kernel/src/main/java/org/apache/openjpa/ee/AbstractManagedRuntime.java,1,8,7,1,1,1,7,2,0,0.0,NaN,NaN,1,0,1,0,0,0,1,0,0,0,0,0,0,0,0,0,0,0,0,5,1,0,0,0,0,0,0,0,0,0,0,0,0,0,29,1025,0,0,0,0,0,0,0,0,0,0,0,0,0,0,0,No
1.0.3,openjpa-kernel/src/main/java/org/apache/openjpa/kernel/exps/AndExpression.java,3,5,2,3,6,2,1,5,0,0.16666667,0.0,0.0,6,0,4,0,2,0,6,0,0,0,2,0,0,2,0,0,2,0,0,26,4,0,0,0,0,0,0,2,0,2,0,0,0,0,30,0,0,0,0,0,0,0,0,0,0,0,0,0,0,0,0,No
1.0.3,openjpa-kernel/src/main/java/org/apache/openjpa/kernel/AbstractFieldManager.java,2,3,1,2,20,1,1,0,190,0.0,0.0,0.0,20,0,20,0,0,0,20,0,0,0,0,0,0,0,0,0,0,0,0,62,0,0,0,0,0,0,0,0,0,0,0,0,0,0,26,1024,0,0,0,0,0,0,0,0,0,0,0,0,0,0,0,No
1.0.3,openjpa-lib/src/main/java/org/apache/openjpa/lib/meta/SuffixMetaDataFilter.java,2,3,1,2,3,1,0,2,0,0.0,0.0,0.0,2,0,2,0,0,0,2,0,0,0,1,0,0,1,0,0,1,0,0,10,1,0,1,0,0,0,0,2,0,2,0,0,0,0,23,1,0,0,0,0,0,0,0,0,0,0,0,0,0,0,0,No
1.0.3,openjpa-kernel/src/main/java/org/apache/openjpa/kernel/jpql/SimpleNode.java,2,2,0,2,1,2,0,0,0,0.0,NaN,NaN,1,0,0,0,0,1,1,0,0,0,0,0,0,0,0,0,0,0,0,5,0,0,0,0,0,0,0,0,0,0,0,0,0,0,22,1,0,0,0,0,0,0,0,0,0,0,0,0,0,0,0,No
1.0.3,openjpa-jdbc/src/main/java/org/apache/openjpa/jdbc/meta/strats/AbstractClassStrategy.java,11,17,6,11,7,2,6,0,21,0.85714287,0.0,0.0,7,0,7,0,0,0,7,0,0,0,1,0,0,0,1,0,0,0,0,24,6,0,0,0,0,0,0,2,0,1,0,0,0,0,60,1025,0,0,0,0,0,0,0,0,0,0,0,0,0,0,0,No
1.0.3,openjpa-kernel/src/main/java/org/apache/openjpa/util/OptimisticException.java,6,11,5,6,5,6,0,6,4,0.4,0.0,0.0,5,0,5,0,0,0,5,0,0,0,1,1,0,1,0,0,1,0,2,21,1,0,0,0,0,3,0,1,0,1,0,0,0,0,29,1,0,0,0,0,0,0,0,0,0,0,0,0,0,0,0,No
1.0.3,openjpa-kernel/src/main/java/org/apache/openjpa/kernel/exps/Lit.java,4,5,1,4,9,2,0,2,0,0.4375,0.0,0.0,8,0,7,0,1,0,8,0,0,0,2,0,0,2,0,0,1,0,1,29,5,0,1,0,1,0,0,4,0,2,0,0,0,0,28,0,0,0,0,0,0,0,0,0,0,0,0,0,0,0,0,No
1.0.3,openjpa-kernel/src/main/java/org/apache/openjpa/kernel/exps/UnboundVariable.java,2,3,1,2,6,2,0,0,7,0.5833334,0.0,0.0,6,0,5,0,1,0,6,0,0,0,2,0,0,2,0,0,0,0,0,22,3,0,0,0,0,0,0,5,0,2,0,0,0,0,56,0,0,0,0,0,0,0,0,0,0,0,0,0,0,0,0,No
1.0.3,openjpa-kernel/src/main/java/org/apache/openjpa/kernel/exps/Param.java,4,6,2,4,7,2,0,1,11,0.6666667,0.0,0.0,7,0,6,0,1,0,7,0,0,0,3,0,0,3,0,0,0,0,0,27,4,0,0,0,0,0,1,7,0,3,0,0,0,0,30,0,0,0,0,0,0,0,0,0,0,0,0,0,0,0,0,No
1.0.3,openjpa-jdbc/src/main/java/org/apache/openjpa/jdbc/sql/AbstractDB2Dictionary.java,3,5,2,3,5,2,2,2,3,0.0,0.0,0.0,3,0,3,0,0,0,3,0,0,0,0,0,0,0,0,0,0,0,0,59,0,0,2,0,0,31,0,27,1,0,1,0,0,0,96,1025,0,0,0,0,0,0,0,0,0,0,0,0,0,0,0,Yes
1.0.3,openjpa-kernel/src/main/java/org/apache/openjpa/ant/ApplicationIdToolTask.java,7,7,0,7,10,2,0,4,0,0.5,0.0,0.0,9,0,7,0,2,0,9,0,0,0,2,0,0,0,2,0,0,0,1,32,2,0,1,0,1,0,0,9,0,2,0,0,0,0,95,1,0,0,0,0,0,0,0,0,0,0,0,0,0,0,0,No
1.0.3,openjpa-jdbc/src/main/java/org/apache/openjpa/jdbc/kernel/exps/Any.java,2,3,1,2,2,3,0,0,1,0.0,0.0,0.0,2,0,1,0,1,0,2,0,0,0,0,0,0,0,0,0,0,0,0,8,1,0,0,0,0,1,0,0,0,0,0,0,0,0,8,0,0,0,0,0,0,0,0,0,0,0,0,0,0,0,0,No
1.0.3,openjpa-kernel/src/main/java/org/apache/openjpa/kernel/PNonTransNewState.java,2,3,1,2,8,2,0,2,28,0.0,0.0,0.0,8,0,0,0,0,8,8,0,0,0,0,0,0,0,0,0,0,0,0,27,7,0,0,0,0,0,0,0,0,0,0,0,0,0,38,0,0,0,0,0,0,0,0,0,0,0,0,0,0,0,0,No
1.0.3,openjpa-jdbc/src/main/java/org/apache/openjpa/jdbc/kernel/exps/All.java,2,3,1,2,2,3,0,0,1,0.0,0.0,0.0,2,0,1,0,1,0,2,0,0,0,0,0,0,0,0,0,0,0,0,8,1,0,0,0,0,1,0,0,0,0,0,0,0,0,8,0,0,0,0,0,0,0,0,0,0,0,0,0,0,0,0,No
1.0.3,openjpa-kernel/src/main/java/org/apache/openjpa/kernel/exps/Divide.java,2,3,1,2,2,2,0,1,1,0.0,0.0,0.0,2,0,1,0,1,0,2,0,0,0,0,0,0,0,0,0,0,0,0,8,1,0,0,0,0,0,0,0,0,0,0,0,0,0,21,0,0,0,0,0,0,0,0,0,0,0,0,0,0,0,0,No
1.0.3,openjpa-jdbc/src/main/java/org/apache/openjpa/jdbc/meta/strats/ClobValueHandler.java,5,7,2,5,2,2,0,3,1,0.5,0.0,0.0,2,1,2,0,0,0,2,0,0,0,1,1,0,1,0,0,1,0,0,13,2,0,0,0,0,0,1,2,0,2,0,0,0,0,17,1,0,0,0,0,0,0,0,0,0,0,0,0,0,0,0,No
1.0.3,openjpa-jdbc/src/main/java/org/apache/openjpa/jdbc/meta/SequenceMapping.java,4,5,1,4,13,2,0,2,52,0.8846154,0.0,0.0,13,0,11,0,2,0,13,0,0,0,12,7,3,9,0,0,7,0,0,57,6,0,0,0,0,7,0,17,0,12,0,0,0,0,74,1,0,0,0,0,0,0,0,0,0,0,0,0,0,0,0,No
1.0.3,openjpa-kernel/src/main/java/org/apache/openjpa/datacache/ExpirationEvent.java,0,2,2,0,3,1,0,0,0,0.33333334,0.0,0.0,3,0,3,0,0,0,3,0,0,0,2,0,0,2,0,0,2,0,0,15,2,0,0,0,0,0,0,2,0,2,0,0,0,0,40,1,0,0,0,0,0,0,0,0,0,0,0,0,0,0,0,No
1.0.3,openjpa-jdbc/src/main/java/org/apache/openjpa/jdbc/meta/strats/BlobValueHandler.java,5,7,2,5,2,2,0,3,1,0.5,0.0,0.0,2,1,2,0,0,0,2,0,0,0,1,1,0,1,0,0,1,0,0,13,2,0,0,0,0,0,1,2,0,2,0,0,0,0,17,1,0,0,0,0,0,0,0,0,0,0,0,0,0,0,0,No
1.0.3,openjpa-kernel/src/main/java/org/apache/openjpa/kernel/PCleanState.java,2,3,1,2,13,2,0,2,78,0.0,0.0,0.0,13,0,0,0,0,13,13,0,0,0,0,0,0,0,0,0,0,0,0,42,12,0,0,0,0,0,0,0,0,0,0,0,0,0,55,0,0,0,0,0,0,0,0,0,0,0,0,0,0,0,0,No
1.0.3,openjpa-jdbc/src/main/java/org/apache/openjpa/jdbc/kernel/exps/Sqrt.java,2,3,1,2,3,3,0,0,3,0.0,0.0,0.0,3,0,1,0,2,0,3,0,0,0,0,0,0,0,0,0,0,0,0,11,2,0,0,0,0,1,0,0,0,0,0,0,0,0,18,0,0,0,0,0,0,0,0,0,0,0,0,0,0,0,0,No
1.0.3,openjpa-kernel/src/main/java/org/apache/openjpa/kernel/exps/BindValueVariableExpression.java,3,4,1,3,3,2,0,1,1,0.0,0.0,0.0,2,0,1,0,1,0,2,0,0,0,0,0,0,0,0,0,0,0,0,9,1,0,1,0,1,0,0,1,0,1,0,0,0,0,23,0,0,0,0,0,0,0,0,0,0,0,0,0,0,0,0,No
1.0.3,openjpa-jdbc/src/main/java/org/apache/openjpa/jdbc/kernel/exps/Avg.java,2,3,1,2,3,3,0,0,3,0.0,0.0,0.0,3,0,2,0,1,0,3,0,0,0,0,0,0,0,0,0,0,0,0,11,2,0,0,0,0,1,0,0,0,0,0,0,0,0,17,0,0,0,0,0,0,0,0,0,0,0,0,0,0,0,0,No
1.0.3,openjpa-kernel/src/main/java/org/apache/openjpa/kernel/exps/Multiply.java,2,3,1,2,2,2,0,1,1,0.0,0.0,0.0,2,0,1,0,1,0,2,0,0,0,0,0,0,0,0,0,0,0,0,8,1,0,0,0,0,0,0,0,0,0,0,0,0,0,20,0,0,0,0,0,0,0,0,0,0,0,0,0,0,0,0,No
1.0.3,openjpa-kernel/src/main/java/org/apache/openjpa/kernel/exps/CompareExpression.java,5,15,10,5,13,2,9,11,0,0.2,0.0,0.0,5,0,2,0,3,0,5,1,0,0,2,0,0,2,0,0,2,0,0,37,2,0,6,0,2,0,0,14,0,10,1,0,0,0,35,1024,0,0,0,0,0,0,0,0,0,0,0,0,0,0,0,No
1.0.3,openjpa-lib/src/main/java/org/apache/openjpa/lib/conf/BootstrapException.java,1,3,2,1,6,4,0,0,13,0.6666667,0.0,0.0,6,0,6,0,0,0,6,0,0,0,1,0,0,1,0,0,0,0,0,22,2,0,0,0,0,0,0,2,0,1,0,0,0,0,19,1,0,0,0,0,0,0,0,0,0,0,0,0,0,0,0,Yes
1.0.3,openjpa-jdbc/src/main/java/org/apache/openjpa/jdbc/meta/strats/SuperclassDiscriminatorStrategy.java,11,14,3,11,8,3,0,14,10,0.0,0.0,0.0,5,0,5,0,0,0,5,0,0,0,0,0,0,0,0,0,0,0,0,24,3,1,2,0,0,0,0,2,0,1,2,0,0,0,43,1,0,0,0,0,0,0,0,0,0,0,0,0,0,0,0,No
1.0.3,openjpa-kernel/src/main/java/org/apache/openjpa/kernel/exps/EqualExpression.java,2,3,1,2,5,3,0,1,1,0.0,0.0,0.0,2,0,1,0,1,0,2,0,0,0,0,0,0,0,0,0,0,0,0,8,1,0,3,0,2,0,0,0,0,0,0,0,0,0,18,0,0,0,0,0,0,0,0,0,0,0,0,0,0,0,0,No
1.0.3,openjpa-kernel/src/main/java/org/apache/openjpa/util/InternalException.java,2,21,19,2,7,5,0,1,21,0.0,0.0,0.0,7,0,7,0,0,0,7,0,0,0,0,0,0,0,0,0,0,0,0,28,1,0,0,0,0,0,0,0,0,0,0,0,0,0,25,1,0,0,0,0,0,0,0,0,0,0,0,0,0,0,0,No
1.0.3,openjpa-jdbc/src/main/java/org/apache/openjpa/jdbc/conf/JDBCProductDerivation.java,4,4,0,4,4,2,0,4,3,0.0,0.0,0.0,3,0,3,0,0,0,3,0,0,0,0,0,0,0,0,0,0,0,0,15,3,0,1,0,0,2,0,0,0,0,1,0,0,0,35,1,0,0,0,0,0,0,0,0,0,0,0,0,0,0,0,No
1.0.3,openjpa-kernel/src/main/java/org/apache/openjpa/util/LongId.java,2,6,4,2,11,2,0,3,0,0.0,0.0,0.0,8,0,6,0,2,0,8,0,0,0,1,0,0,1,0,0,1,0,1,29,4,0,3,0,5,0,3,2,1,1,0,0,0,0,23,17,0,0,0,0,0,0,0,0,0,0,0,0,0,0,0,No
1.0.3,openjpa-kernel/src/main/java/org/apache/openjpa/kernel/EDirtyState.java,3,4,1,3,14,2,0,5,91,0.0,0.0,0.0,14,0,1,0,0,13,14,0,0,0,0,0,0,0,0,0,0,0,0,46,12,0,0,0,0,1,0,0,0,0,0,0,0,0,54,0,0,0,0,0,0,0,0,0,0,0,0,0,0,0,0,No
1.0.3,openjpa-kernel/src/main/java/org/apache/openjpa/kernel/PNewDeletedState.java,2,3,1,2,14,2,0,4,91,0.0,0.0,0.0,14,0,0,0,0,14,14,0,0,0,0,0,0,0,0,0,0,0,0,48,14,0,0,0,0,4,0,0,0,0,0,0,0,0,47,0,0,0,0,0,0,0,0,0,0,0,0,0,0,0,0,No
1.0.3,openjpa-kernel/src/main/java/org/apache/openjpa/kernel/PNonTransDirtyState.java,2,3,1,2,9,2,0,3,36,0.0,0.0,0.0,9,0,0,0,0,9,9,0,0,0,0,0,0,0,0,0,0,0,0,30,8,0,0,0,0,1,0,0,0,0,0,0,0,0,57,0,0,0,0,0,0,0,0,0,0,0,0,0,0,0,0,No
1.0.3,openjpa-kernel/src/main/java/org/apache/openjpa/kernel/TransientState.java,2,2,0,2,1,2,0,6,0,0.0,NaN,NaN,1,0,0,0,0,1,1,0,0,0,0,0,0,0,0,0,0,0,0,7,0,0,0,0,0,0,0,0,0,0,0,0,0,0,31,0,0,0,0,0,0,0,0,0,0,0,0,0,0,0,0,No
1.0.3,openjpa-kernel/src/main/java/org/apache/openjpa/kernel/PDirtyState.java,3,4,1,3,15,2,0,7,105,0.0,0.0,0.0,15,0,0,0,0,15,15,0,0,0,0,0,0,0,0,0,0,0,0,49,13,0,0,0,0,2,0,0,0,0,0,0,0,0,58,0,0,0,0,0,0,0,0,0,0,0,0,0,0,0,0,No
1.0.3,openjpa-jdbc/src/main/java/org/apache/openjpa/jdbc/kernel/exps/InKeyExpression.java,5,6,1,5,3,2,0,3,1,0.0,0.0,0.0,2,0,1,0,1,0,2,0,0,0,0,0,0,0,0,0,0,0,0,9,1,0,1,0,1,0,0,1,0,1,0,0,0,0,36,0,0,0,0,0,0,0,0,0,0,0,0,0,0,0,0,No
1.0.3,openjpa-kernel/src/main/java/org/apache/openjpa/kernel/exps/Mod.java,2,3,1,2,2,2,0,1,1,0.0,0.0,0.0,2,0,1,0,1,0,2,0,0,0,0,0,0,0,0,0,0,0,0,8,1,0,0,0,0,0,0,0,0,0,0,0,0,0,20,0,0,0,0,0,0,0,0,0,0,0,0,0,0,0,0,No
1.0.3,openjpa-jdbc/src/main/java/org/apache/openjpa/jdbc/kernel/exps/Count.java,5,6,1,5,5,3,0,1,10,0.0,0.0,0.0,5,0,3,0,2,0,5,0,0,0,0,0,0,0,0,0,0,0,0,17,4,0,0,0,0,1,0,0,0,0,0,0,0,0,29,0,0,0,0,0,0,0,0,0,0,0,0,0,0,0,0,No
1.0.3,openjpa-kernel/src/main/java/org/apache/openjpa/util/CallbackException.java,2,3,1,2,3,6,0,0,3,0.0,0.0,0.0,3,0,3,0,0,0,3,0,0,0,0,0,0,0,0,0,0,0,0,11,1,0,0,0,0,0,0,0,0,0,0,0,0,0,23,1,0,0,0,0,0,0,0,0,0,0,0,0,0,0,0,No
1.0.3,openjpa-kernel/src/main/java/org/apache/openjpa/kernel/exps/OrExpression.java,3,4,1,3,4,2,0,4,0,0.0,0.0,0.0,4,0,2,0,2,0,4,0,0,0,2,0,0,2,0,0,2,0,0,20,2,0,0,0,0,0,0,2,0,2,0,0,0,0,27,0,0,0,0,0,0,0,0,0,0,0,0,0,0,0,0,No
1.0.3,openjpa-kernel/src/main/java/org/apache/openjpa/event/BrokerFactoryEvent.java,1,4,3,1,3,1,0,1,1,0.6666667,0.0,0.0,3,0,3,0,0,0,3,0,0,0,2,1,1,1,0,0,1,0,0,14,2,0,0,0,0,0,1,2,0,2,0,0,0,0,41,1,0,0,0,0,0,0,0,0,0,0,0,0,0,0,0,Yes
1.0.3,openjpa-kernel/src/main/java/org/apache/openjpa/kernel/PNewProvisionalState.java,3,4,1,3,14,2,0,6,91,0.0,0.0,0.0,14,0,0,0,0,14,14,0,0,0,0,0,0,0,0,0,0,0,0,49,13,0,0,0,0,0,0,0,0,0,0,0,0,0,51,0,0,0,0,0,0,0,0,0,0,0,0,0,0,0,0,No
1.0.3,openjpa-kernel/src/main/java/org/apache/openjpa/kernel/EDeletedState.java,2,3,1,2,10,2,0,3,45,0.0,0.0,0.0,10,0,1,0,0,9,10,0,0,0,0,0,0,0,0,0,0,0,0,35,10,0,0,0,0,1,0,0,0,0,0,0,0,0,41,0,0,0,0,0,0,0,0,0,0,0,0,0,0,0,0,No
1.0.3,openjpa-lib/src/main/java/org/apache/openjpa/lib/jdbc/JDBCEvent.java,1,8,7,1,7,1,0,2,11,0.91596645,0.0,0.0,7,0,7,0,0,0,7,0,6,0,17,12,12,5,0,0,17,0,1,45,6,0,0,0,0,0,12,17,0,17,0,0,0,0,80,1,0,0,0,0,0,0,0,0,0,0,0,0,0,0,0,No
1.0.3,openjpa-kernel/src/main/java/org/apache/openjpa/util/ReferentialIntegrityException.java,3,4,1,3,10,6,0,7,16,0.875,0.0,0.0,8,1,5,3,0,0,5,0,0,0,7,6,5,2,0,0,6,0,1,39,6,0,0,0,0,3,5,9,0,7,1,0,0,0,57,1,0,0,0,0,0,0,0,0,0,0,0,0,0,0,0,No
1.0.3,openjpa-kernel/src/main/java/org/apache/openjpa/util/NoTransactionException.java,2,3,1,2,2,7,0,0,1,0.0,0.0,0.0,2,0,2,0,0,0,2,0,0,0,0,0,0,0,0,0,0,0,0,8,1,0,0,0,0,0,0,0,0,0,0,0,0,0,30,1,0,0,0,0,0,0,0,0,0,0,0,0,0,0,0,No
1.0.3,openjpa-jdbc/src/main/java/org/apache/openjpa/jdbc/kernel/DelegatingJDBCFetchConfiguration.java,6,7,1,6,57,2,0,29,435,0.0,0.0,0.0,30,0,30,0,0,0,30,0,0,0,0,0,0,0,0,0,0,0,0,241,28,0,0,27,0,0,0,0,0,0,1,0,0,0,71,1,0,0,1,1,34,34,34.0,0,0,0.0,34,34,34.0,8,8.0,No
1.0.3,openjpa-kernel/src/main/java/org/apache/openjpa/ant/PCEnhancerTask.java,7,7,0,7,7,2,0,5,1,0.5,0.0,0.0,6,0,4,0,2,0,6,0,0,0,2,0,0,0,2,0,0,0,1,25,1,0,1,0,1,0,0,9,0,4,0,0,0,0,92,1,0,0,0,0,0,0,0,0,0,0,0,0,0,0,0,No
1.0.3,openjpa-kernel/src/main/java/org/apache/openjpa/util/ObjectExistsException.java,2,2,0,2,2,6,0,0,1,0.0,0.0,0.0,2,0,2,0,0,0,2,0,0,0,0,0,0,0,0,0,0,0,0,8,1,0,0,0,0,0,0,0,0,0,0,0,0,0,25,1,0,0,0,0,0,0,0,0,0,0,0,0,0,0,0,No
1.0.3,openjpa-lib/src/main/java/org/apache/openjpa/lib/log/LogFactoryAdapter.java,4,7,3,4,3,1,2,3,1,0.5,0.0,0.0,2,0,1,0,1,0,2,1,0,0,1,0,0,1,0,0,0,0,0,12,1,0,1,0,0,0,0,3,0,2,1,0,0,0,38,1025,0,0,0,0,0,0,0,0,0,0,0,0,0,0,0,Yes
1.0.3,openjpa-kernel/src/main/java/org/apache/openjpa/kernel/ECleanState.java,2,3,1,2,13,2,0,2,78,0.0,0.0,0.0,13,0,0,0,0,13,13,0,0,0,0,0,0,0,0,0,0,0,0,42,12,0,0,0,0,0,0,0,0,0,0,0,0,0,59,0,0,0,0,0,0,0,0,0,0,0,0,0,0,0,0,No
1.0.3,openjpa-kernel/src/main/java/org/apache/openjpa/event/NoneOrphanedKeyAction.java,3,3,0,3,1,1,0,0,0,0.0,NaN,NaN,1,0,1,0,0,0,1,0,0,0,0,0,0,0,0,0,0,0,0,5,1,0,0,0,0,0,0,0,0,0,0,0,0,0,26,1,0,0,0,0,0,0,0,0,0,0,0,0,0,0,0,No
1.0.3,openjpa-kernel/src/main/java/org/apache/openjpa/kernel/exps/NotExpression.java,3,4,1,3,4,2,0,5,0,0.0,0.0,0.0,4,0,2,0,2,0,4,0,0,0,1,0,0,1,0,0,1,0,0,17,2,0,0,0,0,0,0,1,0,1,0,0,0,0,22,0,0,0,0,0,0,0,0,0,0,0,0,0,0,0,0,No
1.0.3,openjpa-kernel/src/main/java/org/apache/openjpa/kernel/NoneLockManager.java,2,2,0,2,3,2,0,1,3,0.0,0.0,0.0,3,0,3,0,0,0,3,0,0,0,0,0,0,0,0,0,0,0,0,11,1,0,0,0,0,0,0,0,0,0,0,0,0,0,31,1,0,0,0,0,0,0,0,0,0,0,0,0,0,0,0,No
1.0.3,openjpa-jdbc/src/main/java/org/apache/openjpa/jdbc/meta/NoneStrategyInstaller.java,10,10,0,10,5,2,0,13,10,0.0,0.0,0.0,5,0,5,0,0,0,5,0,0,0,0,0,0,0,0,0,0,0,4,22,0,0,0,0,0,0,0,0,0,0,0,0,0,0,28,1,0,0,0,0,0,0,0,0,0,0,0,0,0,0,0,No
1.0.3,openjpa-kernel/src/main/java/org/apache/openjpa/datacache/TypesChangedEvent.java,0,6,6,0,2,1,0,0,0,0.0,0.0,0.0,2,0,2,0,0,0,2,0,0,0,1,0,0,1,0,0,1,0,0,10,1,0,0,0,0,0,0,1,0,1,0,0,0,0,29,1,0,0,0,0,0,0,0,0,0,0,0,0,0,0,0,No
1.0.3,openjpa-jdbc/src/main/java/org/apache/openjpa/jdbc/kernel/exps/SQLValue.java,1,2,1,1,1,2,0,0,0,0.0,NaN,NaN,1,0,1,0,0,0,1,0,0,0,1,1,1,0,0,0,1,0,0,6,1,0,0,0,0,1,0,1,0,1,0,0,0,0,43,1,0,0,0,0,0,0,0,0,0,0,0,0,0,0,0,No
1.0.3,openjpa-kernel/src/main/java/org/apache/openjpa/kernel/exps/Subtract.java,2,3,1,2,2,2,0,1,1,0.0,0.0,0.0,2,0,1,0,1,0,2,0,0,0,0,0,0,0,0,0,0,0,0,8,1,0,0,0,0,0,0,0,0,0,0,0,0,0,22,0,0,0,0,0,0,0,0,0,0,0,0,0,0,0,0,No
1.0.3,openjpa-jdbc/src/main/java/org/apache/openjpa/jdbc/kernel/exps/QueryExpressionsState.java,1,5,4,1,0,1,0,0,0,NaN,-1.0,-1.0,0,0,0,0,0,0,0,0,0,0,6,1,6,0,0,0,1,0,0,8,0,0,0,0,0,0,1,6,0,6,0,0,0,0,29,1,0,0,0,0,0,0,0,0,0,0,0,0,0,0,0,No
1.0.3,openjpa-jdbc/src/main/java/org/apache/openjpa/jdbc/kernel/exps/IsNotEmptyExpression.java,7,8,1,7,5,1,0,8,0,0.0,0.0,0.0,5,0,5,0,0,0,5,0,0,0,1,0,0,1,0,0,1,0,0,22,1,0,0,0,0,0,0,1,0,1,0,0,0,0,38,0,0,0,0,0,0,0,0,0,0,0,0,0,0,0,0,No
1.0.3,openjpa-kernel/src/main/java/org/apache/openjpa/kernel/PNonTransDeletedState.java,2,3,1,2,12,2,0,1,66,0.0,0.0,0.0,12,0,0,0,0,12,12,0,0,0,0,0,0,0,0,0,0,0,0,38,12,0,0,0,0,6,0,0,0,0,0,0,0,0,45,1,0,0,0,0,0,0,0,0,0,0,0,0,0,0,0,No
1.0.3,openjpa-jdbc/src/main/java/org/apache/openjpa/jdbc/conf/JDBCSeqValue.java,6,7,1,6,1,2,0,8,0,0.0,NaN,NaN,1,0,1,0,0,0,1,0,0,0,1,1,0,0,0,1,1,0,0,9,0,0,0,0,0,3,2,1,0,1,0,0,0,0,57,1,0,0,0,0,0,0,0,0,0,0,0,0,0,0,0,No
1.0.3,openjpa-jdbc/src/main/java/org/apache/openjpa/jdbc/kernel/exps/InValueExpression.java,5,6,1,5,3,2,0,3,1,0.0,0.0,0.0,2,0,1,0,1,0,2,0,0,0,0,0,0,0,0,0,0,0,0,9,1,0,1,0,1,0,0,1,0,1,0,0,0,0,35,0,0,0,0,0,0,0,0,0,0,0,0,0,0,0,0,No
1.0.3,openjpa-lib/src/main/java/org/apache/openjpa/lib/graph/NodeInfo.java,0,3,3,0,0,1,0,0,0,NaN,-1.0,-1.0,0,0,0,0,0,0,0,0,0,0,5,3,5,0,0,0,3,0,0,7,0,0,0,0,0,0,4,5,0,5,0,0,0,0,30,0,0,0,0,0,0,0,0,0,0,0,0,0,0,0,0,Yes
1.0.3,openjpa-jdbc/src/main/java/org/apache/openjpa/jdbc/kernel/exps/AbstractVal.java,6,27,21,6,10,1,16,5,45,0.9,0.0,0.0,10,0,10,0,0,0,10,0,0,0,2,2,0,0,2,0,2,0,0,37,4,0,0,0,0,5,2,2,0,2,0,0,0,0,48,1024,0,0,0,0,0,0,0,0,0,0,0,0,0,0,0,No
1.0.3,openjpa-jdbc/src/main/java/org/apache/openjpa/jdbc/meta/strats/SuperclassVersionStrategy.java,5,8,3,5,4,3,0,7,6,0.0,0.0,0.0,4,0,4,0,0,0,4,0,0,0,0,0,0,0,0,0,0,0,0,14,3,0,0,0,0,0,0,0,0,0,0,0,0,0,39,1,0,0,0,0,0,0,0,0,0,0,0,0,0,0,0,No
1.0.3,openjpa-kernel/src/main/java/org/apache/openjpa/conf/SeqValue.java,2,4,2,2,1,2,0,4,0,0.0,NaN,NaN,1,0,1,0,0,0,1,0,0,0,1,1,0,1,0,0,1,0,0,9,0,0,0,0,0,1,2,1,0,1,0,0,0,0,40,1,0,0,0,0,0,0,0,0,0,0,0,0,0,0,0,No
1.0.3,openjpa-kernel/src/main/java/org/apache/openjpa/kernel/exps/ValExpression.java,4,5,1,4,8,2,0,8,0,0.0,0.0,0.0,4,0,2,0,2,0,4,0,0,0,1,0,0,1,0,0,1,0,0,20,2,0,3,0,3,0,0,4,0,4,0,0,0,0,26,0,0,0,0,0,0,0,0,0,0,0,0,0,0,0,0,No
1.0.3,openjpa-kernel/src/main/java/org/apache/openjpa/kernel/exps/Add.java,2,3,1,2,2,2,0,1,1,0.0,0.0,0.0,2,0,1,0,1,0,2,0,0,0,0,0,0,0,0,0,0,0,0,8,1,0,0,0,0,0,0,0,0,0,0,0,0,0,20,0,0,0,0,0,0,0,0,0,0,0,0,0,0,0,0,No
1.0.3,openjpa-kernel/src/main/java/org/apache/openjpa/kernel/exps/NotEqualExpression.java,2,3,1,2,5,3,0,1,1,0.0,0.0,0.0,2,0,1,0,1,0,2,0,0,0,0,0,0,0,0,0,0,0,0,8,1,0,3,0,2,0,0,0,0,0,0,0,0,0,19,0,0,0,0,0,0,0,0,0,0,0,0,0,0,0,0,No
1.0.3,openjpa-kernel/src/main/java/org/apache/openjpa/util/ObjectNotFoundException.java,6,10,4,6,4,6,0,6,4,0.5,0.0,0.0,4,0,4,0,0,0,4,0,0,0,1,1,0,1,0,0,1,0,2,17,1,0,0,0,0,2,0,1,0,1,0,0,0,0,35,1,0,0,0,0,0,0,0,0,0,0,0,0,0,0,0,No
1.0.3,openjpa-kernel/src/main/java/org/apache/openjpa/util/InvalidStateException.java,3,18,15,3,3,6,3,1,3,0.0,0.0,0.0,3,0,3,0,0,0,3,0,0,0,0,0,0,0,0,0,0,0,0,12,1,0,0,0,0,0,0,0,0,0,0,0,0,0,39,1,0,0,0,0,0,0,0,0,0,0,0,0,0,0,0,No
1.0.3,openjpa-jdbc/src/main/java/org/apache/openjpa/jdbc/sql/FirebirdDictionary.java,5,6,1,5,4,3,0,4,3,0.0,0.0,0.0,3,0,3,0,0,0,3,0,0,0,0,0,0,0,0,0,0,0,0,25,1,0,1,0,0,10,0,3,1,0,1,0,0,0,43,1,0,0,0,0,0,0,0,0,0,0,0,0,0,0,0,No
1.0.3,openjpa-jdbc/src/main/java/org/apache/openjpa/jdbc/kernel/ConnectionInfo.java,3,5,2,3,0,1,0,0,0,NaN,-1.0,-1.0,0,0,0,0,0,0,0,0,0,0,3,0,3,0,0,0,0,0,0,5,0,0,0,0,0,0,0,3,0,3,0,0,0,0,25,1,0,0,0,0,0,0,0,0,0,0,0,0,0,0,0,No
1.0.3,openjpa-kernel/src/main/java/org/apache/openjpa/kernel/PDeletedFlushedState.java,4,6,2,4,2,3,0,1,1,0.0,0.0,0.0,2,0,0,0,0,2,2,0,0,0,0,0,0,0,0,0,0,0,0,9,2,0,0,0,0,0,0,0,0,0,0,0,0,0,30,0,0,0,0,0,0,0,0,0,0,0,0,0,0,0,0,No
1.0.3,openjpa-kernel/src/main/java/org/apache/openjpa/kernel/exps/ContainsKeyExpression.java,2,3,1,2,3,3,0,1,1,0.0,0.0,0.0,2,0,1,0,1,0,2,0,0,0,0,0,0,0,0,0,0,0,0,8,1,0,1,0,2,0,0,0,0,0,0,0,0,0,26,0,0,0,0,0,0,0,0,0,0,0,0,0,0,0,0,No
1.0.3,openjpa-kernel/src/main/java/org/apache/openjpa/util/NoResultException.java,3,3,0,3,3,7,0,1,3,0.0,0.0,0.0,3,0,3,0,0,0,3,0,0,0,0,0,0,0,0,0,0,0,0,12,1,0,0,0,0,0,0,0,0,0,0,0,0,0,35,1,0,0,0,0,0,0,0,0,0,0,0,0,0,0,0,No
1.0.3,openjpa-lib/src/main/java/org/apache/openjpa/lib/rop/SoftRandomAccessResultList.java,3,4,1,3,2,4,0,0,1,0.0,0.0,0.0,2,0,1,0,1,0,2,0,0,0,0,0,0,0,0,0,0,0,0,8,1,0,0,0,0,0,0,0,0,0,0,0,0,0,23,1,0,0,0,0,0,0,0,0,0,0,0,0,0,0,0,No
1.0.3,openjpa-persistence-jdbc/src/main/java/org/apache/openjpa/persistence/jdbc/JDBCFetchPlanImpl.java,14,16,2,14,43,2,0,43,693,0.6511628,0.0,0.0,43,0,42,0,1,0,43,0,0,0,1,0,0,1,0,0,0,0,7,140,42,0,0,0,0,0,0,1,0,1,0,0,0,0,70,1,0,0,1,1,2,2,2.0,2,2,2.0,4,4,4.0,8,8.0,No
1.0.3,openjpa-kernel/src/main/java/org/apache/openjpa/util/MetaDataException.java,3,13,10,3,5,6,0,1,10,0.0,0.0,0.0,5,0,5,0,0,0,5,0,0,0,0,0,0,0,0,0,0,0,0,20,1,0,0,0,0,0,0,0,0,0,0,0,0,0,25,1,0,0,0,0,0,0,0,0,0,0,0,0,0,0,0,No
1.0.3,openjpa-kernel/src/main/java/org/apache/openjpa/util/NonUniqueResultException.java,3,3,0,3,3,7,0,1,3,0.0,0.0,0.0,3,0,3,0,0,0,3,0,0,0,0,0,0,0,0,0,0,0,0,12,1,0,0,0,0,0,0,0,0,0,0,0,0,0,39,1,0,0,0,0,0,0,0,0,0,0,0,0,0,0,0,No
1.0.3,openjpa-jdbc/src/main/java/org/apache/openjpa/jdbc/kernel/exps/InSubQExpression.java,9,10,1,9,5,2,0,13,0,0.0,0.0,0.0,5,0,5,0,0,0,5,0,0,0,2,0,0,2,0,0,2,0,0,41,1,0,0,0,0,1,4,6,0,6,0,0,1,0,46,0,0,0,0,0,0,0,0,0,0,0,0,0,0,0,0,No
1.0.3,openjpa-jdbc/src/main/java/org/apache/openjpa/jdbc/meta/strats/AbstractValueHandler.java,5,15,10,5,6,1,10,0,15,0.0,0.0,0.0,6,0,6,0,0,0,6,0,0,0,0,0,0,0,0,0,0,0,0,20,6,0,0,0,0,0,0,0,0,0,0,0,0,0,41,1025,0,0,0,0,0,0,0,0,0,0,0,0,0,0,0,No
1.0.3,openjpa-kernel/src/main/java/org/apache/openjpa/kernel/TLoadedState.java,2,3,1,2,2,2,0,1,1,0.0,0.0,0.0,2,0,0,0,0,2,2,0,0,0,0,0,0,0,0,0,0,0,0,8,1,0,0,0,0,0,0,0,0,0,0,0,0,0,43,0,0,0,0,0,0,0,0,0,0,0,0,0,0,0,0,No
1.0.3,openjpa-jdbc/src/main/java/org/apache/openjpa/jdbc/kernel/exps/Distinct.java,5,6,1,5,3,3,0,1,3,0.0,0.0,0.0,3,0,2,0,1,0,3,0,0,0,0,0,0,0,0,0,0,0,0,11,2,0,0,0,0,1,0,0,0,0,0,0,0,0,17,0,0,0,0,0,0,0,0,0,0,0,0,0,0,0,0,No
1.0.3,openjpa-kernel/src/main/java/org/apache/openjpa/kernel/exps/BindKeyVariableExpression.java,3,4,1,3,3,2,0,1,1,0.0,0.0,0.0,2,0,1,0,1,0,2,0,0,0,0,0,0,0,0,0,0,0,0,9,1,0,1,0,1,0,0,1,0,1,0,0,0,0,24,0,0,0,0,0,0,0,0,0,0,0,0,0,0,0,0,No
1.0.3,openjpa-kernel/src/main/java/org/apache/openjpa/kernel/HollowState.java,2,3,1,2,11,2,0,4,55,0.0,0.0,0.0,11,0,0,0,0,11,11,0,0,0,0,0,0,0,0,0,0,0,0,38,10,0,0,0,0,0,0,0,0,0,0,0,0,0,78,0,0,0,0,0,0,0,0,0,0,0,0,0,0,0,0,No
1.0.3,openjpa-jdbc/src/main/java/org/apache/openjpa/jdbc/kernel/exps/Max.java,2,3,1,2,3,3,0,0,3,0.0,0.0,0.0,3,0,2,0,1,0,3,0,0,0,0,0,0,0,0,0,0,0,0,11,2,0,0,0,0,1,0,0,0,0,0,0,0,0,17,0,0,0,0,0,0,0,0,0,0,0,0,0,0,0,0,No
1.0.3,openjpa-kernel/src/main/java/org/apache/openjpa/kernel/exps/ContainsValueExpression.java,2,3,1,2,3,2,0,1,1,0.0,0.0,0.0,2,0,1,0,1,0,2,0,0,0,0,0,0,0,0,0,0,0,0,8,1,0,1,0,2,0,0,0,0,0,0,0,0,0,25,0,0,0,0,0,0,0,0,0,0,0,0,0,0,0,0,No
1.0.3,openjpa-jdbc/src/main/java/org/apache/openjpa/jdbc/schema/ReferenceCounter.java,0,13,13,0,3,1,3,0,0,0.0,0.0,0.0,3,0,3,0,0,0,3,0,0,0,1,0,0,1,0,0,0,0,0,12,1,0,0,0,0,0,1,1,0,1,0,0,0,0,21,0,0,0,0,0,0,0,0,0,0,0,0,0,0,0,0,No
1.0.3,openjpa-kernel/src/main/java/org/apache/openjpa/kernel/ECopyState.java,3,4,1,3,12,2,0,5,66,0.0,0.0,0.0,12,0,0,0,0,12,12,0,0,0,0,0,0,0,0,0,0,0,0,40,10,0,0,0,0,1,0,0,0,0,0,0,0,0,51,0,0,0,0,0,0,0,0,0,0,0,0,0,0,0,0,No
1.0.3,openjpa-kernel/src/main/java/org/apache/openjpa/ee/SunOneManagedRuntime.java,4,6,2,4,4,2,0,6,4,0.5,0.0,0.0,4,0,4,0,0,0,4,0,0,0,2,0,0,2,0,0,0,0,1,19,2,0,0,0,0,3,0,4,0,4,0,0,0,0,28,1,0,0,0,0,0,0,0,0,0,0,0,0,0,0,0,No
1.0.3,openjpa-jdbc/src/main/java/org/apache/openjpa/jdbc/kernel/exps/ToLowerCase.java,8,9,1,8,3,3,0,9,1,0.0,0.0,0.0,2,0,2,0,0,0,2,0,0,0,0,0,0,0,0,0,0,0,0,15,0,0,1,0,0,2,2,4,1,3,0,0,0,0,34,0,0,0,0,0,0,0,0,0,0,0,0,0,0,0,0,Yes
1.0.3,openjpa-kernel/src/main/java/org/apache/openjpa/conf/Compatibility.java,0,4,4,0,16,1,0,0,104,0.875,0.0,0.0,16,0,16,0,0,0,16,0,0,0,8,0,0,8,0,0,0,0,0,58,8,0,0,0,0,0,0,16,0,8,0,0,0,0,151,1,0,0,2,1,35,31,17.5,2,2,1.0,37,31,18.5,2,1.5,Yes
1.0.3,openjpa-kernel/src/main/java/org/apache/openjpa/datacache/ConcurrentQueryCache.java,9,11,2,9,16,3,0,17,0,0.125,0.0,0.0,16,0,8,0,8,0,16,0,0,0,1,0,0,1,0,0,0,0,0,52,10,0,0,0,0,0,0,1,0,1,0,0,0,0,125,1,0,0,0,0,0,0,0,0,0,0,0,0,0,0,0,No
1.0.3,openjpa-jdbc/src/main/java/org/apache/openjpa/jdbc/kernel/exps/SQLExpression.java,1,2,1,1,1,2,0,0,0,0.0,NaN,NaN,1,0,1,0,0,0,1,0,0,0,1,1,1,0,0,0,1,0,0,6,1,0,0,0,0,1,0,1,0,1,0,0,0,0,44,1,0,0,0,0,0,0,0,0,0,0,0,0,0,0,0,No
1.0.3,openjpa-jdbc/src/main/java/org/apache/openjpa/jdbc/sql/Calendard.java,0,2,2,0,1,1,0,0,0,0.0,NaN,NaN,1,0,1,0,0,0,1,0,0,0,2,0,2,0,0,0,2,0,0,8,0,0,0,0,0,0,0,2,0,2,0,0,0,0,17,1,0,0,0,0,0,0,0,0,0,0,0,0,0,0,0,No
1.0.3,openjpa-jdbc/src/main/java/org/apache/openjpa/jdbc/conf/FetchModeValue.java,1,2,1,1,1,2,0,3,0,0.75,NaN,NaN,1,0,1,0,0,0,1,0,0,0,4,4,3,1,0,0,3,0,5,11,0,0,0,0,0,5,0,4,0,4,0,0,0,0,49,1,0,0,0,0,0,0,0,0,0,0,0,0,0,0,0,No
1.0.3,openjpa-jdbc/src/main/java/org/apache/openjpa/jdbc/sql/CacheDictionary.java,1,2,1,1,1,2,0,0,0,0.0,NaN,NaN,1,0,1,0,0,0,1,0,0,0,0,0,0,0,0,0,0,0,0,14,0,0,0,0,0,8,0,10,0,0,0,0,0,0,46,1,0,0,0,0,0,0,0,0,0,0,0,0,0,0,0,No
1.0.3,openjpa-jdbc/src/main/java/org/apache/openjpa/jdbc/kernel/exps/Min.java,2,3,1,2,3,3,0,0,3,0.0,0.0,0.0,3,0,2,0,1,0,3,0,0,0,0,0,0,0,0,0,0,0,0,11,2,0,0,0,0,1,0,0,0,0,0,0,0,0,17,0,0,0,0,0,0,0,0,0,0,0,0,0,0,0,0,No
1.0.3,openjpa-jdbc/src/main/java/org/apache/openjpa/jdbc/kernel/exps/Size.java,7,8,1,7,5,3,0,5,10,0.0,0.0,0.0,5,0,3,0,2,0,5,0,0,0,0,0,0,0,0,0,0,0,0,19,2,0,0,0,0,0,0,0,0,0,0,0,0,0,27,0,0,0,0,0,0,0,0,0,0,0,0,0,0,0,0,No
1.0.3,openjpa-jdbc/src/main/java/org/apache/openjpa/jdbc/meta/StrategyInstaller.java,5,16,11,5,6,1,6,0,15,0.8333333,0.0,0.0,6,0,6,0,0,0,6,4,0,0,1,0,0,0,1,0,1,0,0,13,1,0,0,0,0,0,0,1,0,1,0,0,0,0,43,1025,0,0,0,0,0,0,0,0,0,0,0,0,0,0,0,No
1.0.3,openjpa-jdbc/src/main/java/org/apache/openjpa/jdbc/sql/Sized.java,0,3,3,0,1,1,0,0,0,0.0,NaN,NaN,1,0,1,0,0,0,1,0,0,0,2,0,2,0,0,0,2,0,0,8,0,0,0,0,0,0,0,2,0,2,0,0,0,0,16,1,0,0,0,0,0,0,0,0,0,0,0,0,0,0,0,No
1.0.3,openjpa-kernel/src/main/java/org/apache/openjpa/kernel/PDeletedState.java,2,4,2,2,16,2,1,6,105,0.0,0.0,0.0,15,0,0,0,0,15,15,0,0,0,0,0,0,0,0,0,0,0,0,50,14,0,0,0,1,4,1,0,0,0,0,0,0,0,56,0,0,0,0,0,0,0,0,0,0,0,0,0,0,0,0,No
1.0.3,openjpa-lib/src/main/java/org/apache/openjpa/lib/rop/ListResultList.java,3,7,4,3,18,2,1,13,0,0.5555556,0.0,0.0,18,0,18,0,0,0,18,0,0,0,2,0,0,2,0,0,1,0,0,67,16,0,0,0,0,0,0,3,0,2,0,0,0,0,47,1,0,0,0,0,0,0,0,0,0,0,0,0,0,0,0,No
1.0.3,openjpa-kernel/src/main/java/org/apache/openjpa/ee/JNDIManagedRuntime.java,4,6,2,4,6,2,0,5,4,0.5,0.0,0.0,5,0,5,0,0,0,5,0,0,0,2,0,0,2,0,0,0,0,0,29,3,0,1,1,0,1,0,6,0,3,2,0,0,0,38,1,0,0,0,0,0,0,0,0,0,0,0,0,0,0,0,No
1.0.3,openjpa-jdbc/src/main/java/org/apache/openjpa/jdbc/kernel/exps/ToUpperCase.java,8,9,1,8,3,3,0,9,1,0.0,0.0,0.0,2,0,2,0,0,0,2,0,0,0,0,0,0,0,0,0,0,0,0,15,0,0,1,0,0,2,2,4,1,3,0,0,0,0,34,0,0,0,0,0,0,0,0,0,0,0,0,0,0,0,0,Yes
1.0.3,openjpa-jdbc/src/main/java/org/apache/openjpa/jdbc/meta/strats/ByteArrayValueHandler.java,8,10,2,8,4,2,0,5,6,0.75,0.0,0.0,4,1,4,0,0,0,4,0,0,0,1,1,0,1,0,0,1,0,2,19,4,0,0,0,0,0,1,2,0,2,0,0,0,0,28,1,0,0,0,0,0,0,0,0,0,0,0,0,0,0,0,No
1.0.3,openjpa-jdbc/src/main/java/org/apache/openjpa/jdbc/kernel/exps/IsEmptyExpression.java,7,8,1,7,5,1,0,8,0,0.0,0.0,0.0,5,0,5,0,0,0,5,0,0,0,1,0,0,1,0,0,1,0,0,22,1,0,0,0,0,0,0,1,0,1,0,0,0,0,37,0,0,0,0,0,0,0,0,0,0,0,0,0,0,0,0,No
1.0.3,openjpa-kernel/src/main/java/org/apache/openjpa/kernel/exps/ValuePath.java,5,6,1,5,4,2,0,6,0,0.0,0.0,0.0,4,0,3,0,1,0,4,0,0,0,1,0,0,1,0,0,1,0,0,17,2,0,0,0,0,0,0,1,0,1,0,0,0,0,31,0,0,0,0,0,0,0,0,0,0,0,0,0,0,0,0,No
1.0.3,openjpa-kernel/src/main/java/org/apache/openjpa/util/UnsupportedException.java,2,7,5,2,5,5,0,1,10,0.0,0.0,0.0,5,0,5,0,0,0,5,0,0,0,0,0,0,0,0,0,0,0,0,20,1,0,0,0,0,0,0,0,0,0,0,0,0,0,29,1,0,0,0,0,0,0,0,0,0,0,0,0,0,0,0,No
1.0.3,openjpa-kernel/src/main/java/org/apache/openjpa/event/LifecycleEvent.java,1,15,14,1,4,1,0,0,2,0.96,0.0,0.0,4,0,4,0,0,0,4,0,0,0,25,23,23,2,0,0,25,0,0,41,2,0,0,0,0,0,22,25,0,25,0,0,0,0,80,1,0,0,1,1,29,29,29.0,0,0,0.0,29,29,29.0,7,7.0,No
1.0.3,openjpa-jdbc/src/main/java/org/apache/openjpa/jdbc/kernel/exps/NotExpression.java,7,8,1,7,5,2,0,8,0,0.0,0.0,0.0,5,0,5,0,0,0,5,0,0,0,1,0,0,1,0,0,1,0,0,30,1,0,0,0,2,2,0,2,0,2,0,0,1,0,34,0,0,0,0,0,0,0,0,0,0,0,0,0,0,0,0,No
1.0.3,openjpa-kernel/src/main/java/org/apache/openjpa/kernel/exps/InstanceofExpression.java,4,5,1,4,6,2,0,9,0,0.125,0.0,0.0,4,0,2,0,2,0,4,0,0,0,2,0,0,2,0,0,2,0,0,21,2,0,1,0,1,0,0,4,0,4,0,0,0,0,42,0,0,0,0,0,0,0,0,0,0,0,0,0,0,0,0,No
1.0.3,openjpa-kernel/src/main/java/org/apache/openjpa/event/ExceptionOrphanedKeyAction.java,6,7,1,6,1,1,0,2,0,0.0,NaN,NaN,1,0,1,0,0,0,1,0,0,0,1,1,0,1,0,0,1,0,0,6,0,0,0,0,0,1,0,1,0,1,0,0,0,0,29,1,0,0,0,0,0,0,0,0,0,0,0,0,0,0,0,No
1.0.3,openjpa-kernel/src/main/java/org/apache/openjpa/util/ObjectId.java,2,7,5,2,9,2,0,2,0,0.0,0.0,0.0,7,0,4,0,2,1,7,0,0,0,1,0,0,1,0,0,0,0,0,27,4,0,3,0,3,0,1,4,0,2,0,0,0,0,33,17,0,0,0,0,0,0,0,0,0,0,0,0,0,0,0,No
1.0.3,openjpa-kernel/src/main/java/org/apache/openjpa/util/StoreException.java,2,12,10,2,6,5,5,1,15,1.0,0.0,0.0,6,0,6,0,0,0,6,0,0,0,5,5,5,0,0,0,5,0,0,25,1,0,0,0,0,0,5,5,0,5,0,0,0,0,36,1,0,0,1,1,8,8,8.0,0,0,0.0,8,8,8.0,3,3.0,No
1.0.3,openjpa-kernel/src/main/java/org/apache/openjpa/kernel/PNewFlushedDeletedState.java,2,4,2,2,15,2,1,3,105,0.0,0.0,0.0,15,0,0,0,0,15,15,0,0,0,0,0,0,0,0,0,0,0,0,50,15,0,0,0,0,4,0,0,0,0,0,0,0,0,55,0,0,0,0,0,0,0,0,0,0,0,0,0,0,0,0,No
1.1.0,openjpa-kernel/src/main/java/org/apache/openjpa/event/TransactionEvent.java,1,7,6,1,10,1,0,0,5,0.8809525,0.0,0.0,6,0,6,0,0,0,6,0,0,0,14,9,9,5,0,0,14,0,0,39,5,0,4,0,4,0,9,14,0,14,0,0,0,0,121,1,0,0,0,0,0,0,0,0,0,0,0,0,0,0,0,No
1.1.0,openjpa-kernel/src/main/java/org/apache/openjpa/ee/AbstractManagedRuntime.java,1,8,7,1,1,1,7,2,0,0.0,NaN,NaN,1,0,1,0,0,0,1,0,0,0,0,0,0,0,0,0,0,0,0,5,1,0,0,0,0,0,0,0,0,0,0,0,0,0,29,1025,0,0,0,0,0,0,0,0,0,0,0,0,0,0,0,No
1.1.0,openjpa-kernel/src/main/java/org/apache/openjpa/kernel/exps/AndExpression.java,3,5,2,3,6,2,1,5,0,0.16666667,0.0,0.0,6,0,4,0,2,0,6,0,0,0,2,0,0,2,0,0,2,0,0,26,4,0,0,0,0,0,0,2,0,2,0,0,0,0,30,0,0,0,0,0,0,0,0,0,0,0,0,0,0,0,0,No
1.1.0,openjpa-kernel/src/main/java/org/apache/openjpa/kernel/AbstractFieldManager.java,2,3,1,2,20,1,1,0,190,0.0,0.0,0.0,20,0,20,0,0,0,20,0,0,0,0,0,0,0,0,0,0,0,0,62,0,0,0,0,0,0,0,0,0,0,0,0,0,0,26,1024,0,0,0,0,0,0,0,0,0,0,0,0,0,0,0,No
1.1.0,openjpa-lib/src/main/java/org/apache/openjpa/lib/meta/SuffixMetaDataFilter.java,2,3,1,2,3,1,0,2,0,0.0,0.0,0.0,2,0,2,0,0,0,2,0,0,0,1,0,0,1,0,0,1,0,0,10,1,0,1,0,0,0,0,2,0,2,0,0,0,0,23,1,0,0,0,0,0,0,0,0,0,0,0,0,0,0,0,No
1.1.0,openjpa-kernel/src/main/java/org/apache/openjpa/kernel/jpql/SimpleNode.java,2,2,0,2,1,2,0,0,0,0.0,NaN,NaN,1,0,0,0,0,1,1,0,0,0,0,0,0,0,0,0,0,0,0,5,0,0,0,0,0,0,0,0,0,0,0,0,0,0,22,1,0,0,0,0,0,0,0,0,0,0,0,0,0,0,0,No
1.1.0,openjpa-jdbc/src/main/java/org/apache/openjpa/jdbc/meta/strats/AbstractClassStrategy.java,11,17,6,11,7,2,6,0,21,0.85714287,0.0,0.0,7,0,7,0,0,0,7,0,0,0,1,0,0,0,1,0,0,0,0,24,6,0,0,0,0,0,0,2,0,1,0,0,0,0,60,1025,0,0,0,0,0,0,0,0,0,0,0,0,0,0,0,No
1.1.0,openjpa-kernel/src/main/java/org/apache/openjpa/util/OptimisticException.java,5,8,3,5,5,2,0,6,4,0.4,0.0,0.0,5,0,5,0,0,0,5,0,0,0,1,1,0,1,0,0,1,0,2,21,1,0,0,0,0,3,0,1,0,1,0,0,0,0,29,1,0,0,0,0,0,0,0,0,0,0,0,0,0,0,0,No
1.1.0,openjpa-kernel/src/main/java/org/apache/openjpa/kernel/exps/Lit.java,4,5,1,4,9,2,0,2,0,0.4375,0.0,0.0,8,0,7,0,1,0,8,0,0,0,2,0,0,2,0,0,1,0,1,29,5,0,1,0,1,0,0,4,0,2,0,0,0,0,28,0,0,0,0,0,0,0,0,0,0,0,0,0,0,0,0,No
1.1.0,openjpa-kernel/src/main/java/org/apache/openjpa/kernel/exps/UnboundVariable.java,2,3,1,2,6,2,0,0,7,0.5833334,0.0,0.0,6,0,5,0,1,0,6,0,0,0,2,0,0,2,0,0,0,0,0,22,3,0,0,0,0,0,0,5,0,2,0,0,0,0,56,0,0,0,0,0,0,0,0,0,0,0,0,0,0,0,0,No
1.1.0,openjpa-kernel/src/main/java/org/apache/openjpa/kernel/exps/Param.java,4,6,2,4,7,2,0,1,11,0.6666667,0.0,0.0,7,0,6,0,1,0,7,0,0,0,3,0,0,3,0,0,0,0,0,27,4,0,0,0,0,0,1,7,0,3,0,0,0,0,30,0,0,0,0,0,0,0,0,0,0,0,0,0,0,0,0,No
1.1.0,openjpa-jdbc/src/main/java/org/apache/openjpa/jdbc/sql/AbstractDB2Dictionary.java,3,5,2,3,8,2,2,6,0,0.0,0.0,0.0,3,0,3,0,0,0,3,0,0,0,1,0,1,0,0,0,0,0,5,75,0,0,2,0,0,38,2,31,5,4,2,0,0,0,100,1025,0,0,1,1,35,35,35.0,14,14,14.0,49,49,49.0,8,8.0,Yes
1.1.0,openjpa-kernel/src/main/java/org/apache/openjpa/ant/ApplicationIdToolTask.java,7,7,0,7,10,2,0,4,0,0.5,0.0,0.0,9,0,7,0,2,0,9,0,0,0,2,0,0,0,2,0,0,0,1,32,2,0,1,0,1,0,0,9,0,2,0,0,0,0,95,1,0,0,0,0,0,0,0,0,0,0,0,0,0,0,0,No
1.1.0,openjpa-jdbc/src/main/java/org/apache/openjpa/jdbc/kernel/exps/Any.java,2,3,1,2,2,3,0,0,1,0.0,0.0,0.0,2,0,1,0,1,0,2,0,0,0,0,0,0,0,0,0,0,0,0,8,1,0,0,0,0,1,0,0,0,0,0,0,0,0,8,0,0,0,0,0,0,0,0,0,0,0,0,0,0,0,0,Yes
1.1.0,openjpa-kernel/src/main/java/org/apache/openjpa/kernel/PNonTransNewState.java,2,3,1,2,8,2,0,2,28,0.0,0.0,0.0,8,0,0,0,0,8,8,0,0,0,0,0,0,0,0,0,0,0,0,27,7,0,0,0,0,0,0,0,0,0,0,0,0,0,38,0,0,0,0,0,0,0,0,0,0,0,0,0,0,0,0,No
1.1.0,openjpa-jdbc/src/main/java/org/apache/openjpa/jdbc/kernel/exps/All.java,2,3,1,2,2,3,0,0,1,0.0,0.0,0.0,2,0,1,0,1,0,2,0,0,0,0,0,0,0,0,0,0,0,0,8,1,0,0,0,0,1,0,0,0,0,0,0,0,0,8,0,0,0,0,0,0,0,0,0,0,0,0,0,0,0,0,Yes
1.1.0,openjpa-kernel/src/main/java/org/apache/openjpa/kernel/exps/Divide.java,3,4,1,3,2,3,0,1,1,0.0,0.0,0.0,2,0,1,0,1,0,2,0,0,0,0,0,0,0,0,0,0,0,1,8,1,0,0,0,0,0,0,0,0,0,0,0,0,0,21,0,0,0,0,0,0,0,0,0,0,0,0,0,0,0,0,No
1.1.0,openjpa-jdbc/src/main/java/org/apache/openjpa/jdbc/meta/strats/ClobValueHandler.java,5,7,2,5,2,2,0,3,1,0.5,0.0,0.0,2,1,2,0,0,0,2,0,0,0,1,1,0,1,0,0,1,0,0,13,2,0,0,0,0,0,1,2,0,2,0,0,0,0,17,1,0,0,0,0,0,0,0,0,0,0,0,0,0,0,0,No
1.1.0,openjpa-jdbc/src/main/java/org/apache/openjpa/jdbc/meta/SequenceMapping.java,4,5,1,4,13,2,0,2,52,0.8846154,0.0,0.0,13,0,11,0,2,0,13,0,0,0,12,7,3,9,0,0,7,0,0,57,6,0,0,0,0,7,0,17,0,12,0,0,0,0,74,1,0,0,0,0,0,0,0,0,0,0,0,0,0,0,0,Yes
1.1.0,openjpa-kernel/src/main/java/org/apache/openjpa/datacache/ExpirationEvent.java,0,2,2,0,3,1,0,0,0,0.33333334,0.0,0.0,3,0,3,0,0,0,3,0,0,0,2,0,0,2,0,0,2,0,0,15,2,0,0,0,0,0,0,2,0,2,0,0,0,0,40,1,0,0,0,0,0,0,0,0,0,0,0,0,0,0,0,No
1.1.0,openjpa-jdbc/src/main/java/org/apache/openjpa/jdbc/meta/strats/BlobValueHandler.java,5,7,2,5,2,2,0,3,1,0.5,0.0,0.0,2,1,2,0,0,0,2,0,0,0,1,1,0,1,0,0,1,0,0,13,2,0,0,0,0,0,1,2,0,2,0,0,0,0,17,1,0,0,0,0,0,0,0,0,0,0,0,0,0,0,0,No
1.1.0,openjpa-kernel/src/main/java/org/apache/openjpa/kernel/PCleanState.java,2,3,1,2,13,2,0,2,78,0.0,0.0,0.0,13,0,0,0,0,13,13,0,0,0,0,0,0,0,0,0,0,0,0,42,12,0,0,0,0,0,0,0,0,0,0,0,0,0,55,0,0,0,0,0,0,0,0,0,0,0,0,0,0,0,0,No
1.1.0,openjpa-jdbc/src/main/java/org/apache/openjpa/jdbc/kernel/exps/Sqrt.java,2,3,1,2,3,3,0,0,3,0.0,0.0,0.0,3,0,1,0,2,0,3,0,0,0,0,0,0,0,0,0,0,0,0,11,2,0,0,0,0,1,0,0,0,0,0,0,0,0,18,0,0,0,0,0,0,0,0,0,0,0,0,0,0,0,0,Yes
1.1.0,openjpa-kernel/src/main/java/org/apache/openjpa/kernel/exps/BindValueVariableExpression.java,3,4,1,3,3,3,0,1,1,0.0,0.0,0.0,2,0,1,0,1,0,2,0,0,0,0,0,0,0,0,0,0,0,0,9,1,0,1,0,1,0,0,1,0,1,0,0,0,0,23,0,0,0,0,0,0,0,0,0,0,0,0,0,0,0,0,No
1.1.0,openjpa-jdbc/src/main/java/org/apache/openjpa/jdbc/kernel/exps/Avg.java,2,3,1,2,3,3,0,0,3,0.0,0.0,0.0,3,0,2,0,1,0,3,0,0,0,0,0,0,0,0,0,0,0,0,11,2,0,0,0,0,1,0,0,0,0,0,0,0,0,17,0,0,0,0,0,0,0,0,0,0,0,0,0,0,0,0,No
1.1.0,openjpa-kernel/src/main/java/org/apache/openjpa/kernel/exps/Multiply.java,3,4,1,3,2,3,0,1,1,0.0,0.0,0.0,2,0,1,0,1,0,2,0,0,0,0,0,0,0,0,0,0,0,1,8,1,0,0,0,0,0,0,0,0,0,0,0,0,0,20,0,0,0,0,0,0,0,0,0,0,0,0,0,0,0,0,No
1.1.0,openjpa-kernel/src/main/java/org/apache/openjpa/kernel/exps/CompareExpression.java,6,16,10,6,13,2,9,11,0,0.2,0.0,0.0,5,0,2,0,3,0,5,1,0,0,2,0,0,2,0,0,2,0,6,37,2,0,6,0,2,0,0,14,0,10,1,0,0,0,35,1024,0,0,0,0,0,0,0,0,0,0,0,0,0,0,0,No
1.1.0,openjpa-lib/src/main/java/org/apache/openjpa/lib/conf/BootstrapException.java,1,3,2,1,6,4,0,0,13,0.6666667,0.0,0.0,6,0,6,0,0,0,6,0,0,0,1,0,0,1,0,0,0,0,0,22,2,0,0,0,0,0,0,2,0,1,0,0,0,0,19,1,0,0,0,0,0,0,0,0,0,0,0,0,0,0,0,Yes
1.1.0,openjpa-jdbc/src/main/java/org/apache/openjpa/jdbc/meta/strats/SuperclassDiscriminatorStrategy.java,11,14,3,11,8,3,0,14,10,0.0,0.0,0.0,5,0,5,0,0,0,5,0,0,0,0,0,0,0,0,0,0,0,0,24,3,1,2,0,0,0,0,2,0,1,2,0,0,0,43,1,0,0,0,0,0,0,0,0,0,0,0,0,0,0,0,No
1.1.0,openjpa-kernel/src/main/java/org/apache/openjpa/kernel/exps/EqualExpression.java,2,3,1,2,5,3,0,1,1,0.0,0.0,0.0,2,0,1,0,1,0,2,0,0,0,0,0,0,0,0,0,0,0,0,8,1,0,3,0,2,0,0,0,0,0,0,0,0,0,18,0,0,0,0,0,0,0,0,0,0,0,0,0,0,0,0,No
1.1.0,openjpa-kernel/src/main/java/org/apache/openjpa/util/InternalException.java,2,32,30,2,7,2,0,1,21,0.0,0.0,0.0,7,0,7,0,0,0,7,0,0,0,0,0,0,0,0,0,0,0,0,28,1,0,0,0,0,0,0,0,0,0,0,0,0,0,25,1,0,0,0,0,0,0,0,0,0,0,0,0,0,0,0,No
1.1.0,openjpa-jdbc/src/main/java/org/apache/openjpa/jdbc/conf/JDBCProductDerivation.java,4,4,0,4,4,2,0,4,3,0.0,0.0,0.0,3,0,3,0,0,0,3,0,0,0,0,0,0,0,0,0,0,0,0,15,3,0,1,0,0,2,0,0,0,0,1,0,0,0,35,1,0,0,0,0,0,0,0,0,0,0,0,0,0,0,0,No
1.1.0,openjpa-kernel/src/main/java/org/apache/openjpa/util/LongId.java,2,4,2,2,11,2,0,3,0,0.0,0.0,0.0,8,0,6,0,2,0,8,0,0,0,1,0,0,1,0,0,1,0,1,29,4,0,3,0,5,0,3,2,1,1,0,0,0,0,23,17,0,0,0,0,0,0,0,0,0,0,0,0,0,0,0,No
1.1.0,openjpa-slice/src/main/java/org/apache/openjpa/slice/jdbc/DistributedStatement.java,2,3,1,2,1,2,0,0,0,0.0,NaN,NaN,1,0,1,0,0,0,1,0,0,0,0,0,0,0,0,0,0,0,0,5,0,0,0,0,0,0,0,0,0,0,0,0,0,0,13,0,0,0,1,1,33,33,33.0,0,0,0.0,33,33,33.0,27,27.0,Yes
1.1.0,openjpa-kernel/src/main/java/org/apache/openjpa/kernel/EDirtyState.java,3,4,1,3,14,2,0,5,91,0.0,0.0,0.0,14,0,1,0,0,13,14,0,0,0,0,0,0,0,0,0,0,0,0,46,12,0,0,0,0,1,0,0,0,0,0,0,0,0,54,0,0,0,0,0,0,0,0,0,0,0,0,0,0,0,0,No
1.1.0,openjpa-kernel/src/main/java/org/apache/openjpa/kernel/PNewDeletedState.java,2,3,1,2,14,2,0,4,91,0.0,0.0,0.0,14,0,0,0,0,14,14,0,0,0,0,0,0,0,0,0,0,0,0,48,14,0,0,0,0,4,0,0,0,0,0,0,0,0,47,0,0,0,0,0,0,0,0,0,0,0,0,0,0,0,0,No
1.1.0,openjpa-kernel/src/main/java/org/apache/openjpa/kernel/PNonTransDirtyState.java,2,2,0,2,9,2,0,3,36,0.0,0.0,0.0,9,0,0,0,0,9,9,0,0,0,0,0,0,0,0,0,0,0,0,30,8,0,0,0,0,1,0,0,0,0,0,0,0,0,57,0,0,0,0,0,0,0,0,0,0,0,0,0,0,0,0,No
1.1.0,openjpa-kernel/src/main/java/org/apache/openjpa/kernel/TransientState.java,3,3,0,3,1,2,0,6,0,0.0,NaN,NaN,1,0,0,0,0,1,1,0,0,0,0,0,0,0,0,0,0,0,0,7,0,0,0,0,0,0,0,0,0,0,0,0,0,0,31,0,0,0,0,0,0,0,0,0,0,0,0,0,0,0,0,No
1.1.0,openjpa-kernel/src/main/java/org/apache/openjpa/kernel/PDirtyState.java,3,4,1,3,15,2,0,7,105,0.0,0.0,0.0,15,0,0,0,0,15,15,0,0,0,0,0,0,0,0,0,0,0,0,49,13,0,0,0,0,2,0,0,0,0,0,0,0,0,58,0,0,0,0,0,0,0,0,0,0,0,0,0,0,0,0,No
1.1.0,openjpa-jdbc/src/main/java/org/apache/openjpa/jdbc/kernel/exps/InKeyExpression.java,5,6,1,5,3,2,0,3,1,0.0,0.0,0.0,2,0,1,0,1,0,2,0,0,0,0,0,0,0,0,0,0,0,0,9,1,0,1,0,1,0,0,1,0,1,0,0,0,0,36,0,0,0,0,0,0,0,0,0,0,0,0,0,0,0,0,No
1.1.0,openjpa-kernel/src/main/java/org/apache/openjpa/kernel/exps/Mod.java,3,4,1,3,2,3,0,1,1,0.0,0.0,0.0,2,0,1,0,1,0,2,0,0,0,0,0,0,0,0,0,0,0,1,8,1,0,0,0,0,0,0,0,0,0,0,0,0,0,20,0,0,0,0,0,0,0,0,0,0,0,0,0,0,0,0,No
1.1.0,openjpa-jdbc/src/main/java/org/apache/openjpa/jdbc/kernel/exps/Count.java,5,6,1,5,5,3,0,1,10,0.0,0.0,0.0,5,0,3,0,2,0,5,0,0,0,0,0,0,0,0,0,0,0,0,17,4,0,0,0,0,1,0,0,0,0,0,0,0,0,29,0,0,0,0,0,0,0,0,0,0,0,0,0,0,0,0,No
1.1.0,openjpa-kernel/src/main/java/org/apache/openjpa/util/CallbackException.java,2,3,1,2,3,2,0,0,3,0.0,0.0,0.0,3,0,3,0,0,0,3,0,0,0,0,0,0,0,0,0,0,0,0,11,1,0,0,0,0,0,0,0,0,0,0,0,0,0,23,1,0,0,0,0,0,0,0,0,0,0,0,0,0,0,0,No
1.1.0,openjpa-kernel/src/main/java/org/apache/openjpa/kernel/exps/OrExpression.java,3,4,1,3,4,2,0,5,0,0.0,0.0,0.0,4,0,2,0,2,0,4,0,0,0,2,0,0,2,0,0,2,0,0,20,2,0,0,0,0,0,0,2,0,2,0,0,0,0,27,0,0,0,0,0,0,0,0,0,0,0,0,0,0,0,0,No
1.1.0,openjpa-kernel/src/main/java/org/apache/openjpa/event/BrokerFactoryEvent.java,1,4,3,1,3,1,0,1,1,0.6666667,0.0,0.0,3,0,3,0,0,0,3,0,0,0,2,1,1,1,0,0,1,0,0,14,2,0,0,0,0,0,1,2,0,2,0,0,0,0,41,1,0,0,0,0,0,0,0,0,0,0,0,0,0,0,0,Yes
1.1.0,openjpa-kernel/src/main/java/org/apache/openjpa/kernel/PNewProvisionalState.java,3,4,1,3,14,2,0,6,91,0.0,0.0,0.0,14,0,0,0,0,14,14,0,0,0,0,0,0,0,0,0,0,0,0,49,13,0,0,0,0,0,0,0,0,0,0,0,0,0,51,0,0,0,0,0,0,0,0,0,0,0,0,0,0,0,0,No
1.1.0,openjpa-kernel/src/main/java/org/apache/openjpa/kernel/EDeletedState.java,2,3,1,2,10,2,0,3,45,0.0,0.0,0.0,10,0,1,0,0,9,10,0,0,0,0,0,0,0,0,0,0,0,0,35,10,0,0,0,0,1,0,0,0,0,0,0,0,0,41,0,0,0,0,0,0,0,0,0,0,0,0,0,0,0,0,No
1.1.0,openjpa-lib/src/main/java/org/apache/openjpa/lib/jdbc/JDBCEvent.java,1,8,7,1,7,1,0,2,11,0.91596645,0.0,0.0,7,0,7,0,0,0,7,0,6,0,17,12,12,5,0,0,17,0,1,45,6,0,0,0,0,0,12,17,0,17,0,0,0,0,80,1,0,0,0,0,0,0,0,0,0,0,0,0,0,0,0,No
1.1.0,openjpa-kernel/src/main/java/org/apache/openjpa/util/ReferentialIntegrityException.java,3,4,1,3,10,3,0,7,16,0.875,0.0,0.0,8,1,5,3,0,0,5,0,0,0,7,6,5,2,0,0,6,0,1,39,6,0,0,0,0,3,5,9,0,7,1,0,0,0,57,1,0,0,0,0,0,0,0,0,0,0,0,0,0,0,0,No
1.1.0,openjpa-kernel/src/main/java/org/apache/openjpa/util/NoTransactionException.java,2,4,2,2,2,2,0,0,1,0.0,0.0,0.0,2,0,2,0,0,0,2,0,0,0,0,0,0,0,0,0,0,0,0,8,1,0,0,0,0,0,0,0,0,0,0,0,0,0,30,1,0,0,0,0,0,0,0,0,0,0,0,0,0,0,0,No
1.1.0,openjpa-jdbc/src/main/java/org/apache/openjpa/jdbc/kernel/DelegatingJDBCFetchConfiguration.java,6,7,1,6,57,2,0,30,435,0.0,0.0,0.0,30,0,30,0,0,0,30,0,0,0,0,0,0,0,0,0,0,0,0,241,28,0,0,27,0,0,0,0,0,0,1,0,0,0,71,1,0,0,1,1,34,34,34.0,0,0,0.0,34,34,34.0,8,8.0,No
1.1.0,openjpa-kernel/src/main/java/org/apache/openjpa/ant/PCEnhancerTask.java,7,7,0,7,7,2,0,5,1,0.5,0.0,0.0,6,0,4,0,2,0,6,0,0,0,2,0,0,0,2,0,0,0,1,25,1,0,1,0,1,0,0,9,0,4,0,0,0,0,92,1,0,0,0,0,0,0,0,0,0,0,0,0,0,0,0,No
1.1.0,openjpa-kernel/src/main/java/org/apache/openjpa/util/ObjectExistsException.java,2,2,0,2,3,2,0,0,3,0.0,0.0,0.0,3,0,3,0,0,0,3,0,0,0,0,0,0,0,0,0,0,0,0,11,1,0,0,0,0,0,0,0,0,0,0,0,0,0,25,1,0,0,1,1,4,4,4.0,0,0,0.0,4,4,4.0,4,4.0,Yes
1.1.0,openjpa-jdbc/src/main/java/org/apache/openjpa/jdbc/kernel/BatchingConstraintUpdateManager.java,5,5,0,5,2,3,0,3,1,0.0,0.0,0.0,2,0,0,0,2,0,2,0,0,0,0,0,0,0,0,0,0,0,0,12,2,0,0,0,0,0,0,3,0,3,0,0,0,0,73,1,0,0,2,2,74,58,37.0,12,12,6.0,86,58,43.0,6,5.0,No
1.1.0,openjpa-lib/src/main/java/org/apache/openjpa/lib/log/LogFactoryAdapter.java,3,6,3,3,3,1,2,3,1,0.5,0.0,0.0,2,0,1,0,1,0,2,1,0,0,1,0,0,1,0,0,0,0,0,12,1,0,1,0,0,0,0,3,0,2,1,0,0,0,38,1025,0,0,1,1,51,51,51.0,51,51,51.0,102,102,102.0,66,66.0,Yes
1.1.0,openjpa-kernel/src/main/java/org/apache/openjpa/kernel/ECleanState.java,2,3,1,2,13,2,0,2,78,0.0,0.0,0.0,13,0,0,0,0,13,13,0,0,0,0,0,0,0,0,0,0,0,0,42,12,0,0,0,0,0,0,0,0,0,0,0,0,0,59,0,0,0,0,0,0,0,0,0,0,0,0,0,0,0,0,No
1.1.0,openjpa-kernel/src/main/java/org/apache/openjpa/event/NoneOrphanedKeyAction.java,3,3,0,3,1,1,0,0,0,0.0,NaN,NaN,1,0,1,0,0,0,1,0,0,0,0,0,0,0,0,0,0,0,0,5,1,0,0,0,0,0,0,0,0,0,0,0,0,0,26,1,0,0,0,0,0,0,0,0,0,0,0,0,0,0,0,No
1.1.0,openjpa-kernel/src/main/java/org/apache/openjpa/kernel/exps/NotExpression.java,3,4,1,3,4,2,0,5,0,0.0,0.0,0.0,4,0,2,0,2,0,4,0,0,0,1,0,0,1,0,0,1,0,0,17,2,0,0,0,0,0,0,1,0,1,0,0,0,0,22,0,0,0,0,0,0,0,0,0,0,0,0,0,0,0,0,No
1.1.0,openjpa-kernel/src/main/java/org/apache/openjpa/kernel/NoneLockManager.java,2,2,0,2,3,2,0,1,3,0.0,0.0,0.0,3,0,3,0,0,0,3,0,0,0,0,0,0,0,0,0,0,0,0,11,1,0,0,0,0,0,0,0,0,0,0,0,0,0,31,1,0,0,0,0,0,0,0,0,0,0,0,0,0,0,0,No
1.1.0,openjpa-jdbc/src/main/java/org/apache/openjpa/jdbc/meta/NoneStrategyInstaller.java,10,10,0,10,5,2,0,13,10,0.0,0.0,0.0,5,0,5,0,0,0,5,0,0,0,0,0,0,0,0,0,0,0,4,22,0,0,0,0,0,0,0,0,0,0,0,0,0,0,28,1,0,0,0,0,0,0,0,0,0,0,0,0,0,0,0,No
1.1.0,openjpa-slice/src/main/java/org/apache/openjpa/slice/ProductDerivation.java,3,3,0,3,3,2,0,2,3,0.8333334,0.0,0.0,3,0,3,0,0,0,3,0,0,0,2,2,2,0,0,0,2,0,0,13,2,0,0,0,0,4,0,2,0,2,0,0,0,0,63,1,0,0,3,1,67,50,22.333333333333332,4,3,1.3333333333333333,71,50,23.666666666666668,27,15.333333333333334,Yes
1.1.0,openjpa-kernel/src/main/java/org/apache/openjpa/datacache/TypesChangedEvent.java,0,6,6,0,2,1,0,0,0,0.0,0.0,0.0,2,0,2,0,0,0,2,0,0,0,1,0,0,1,0,0,1,0,0,10,1,0,0,0,0,0,0,1,0,1,0,0,0,0,29,1,0,0,0,0,0,0,0,0,0,0,0,0,0,0,0,No
1.1.0,openjpa-jdbc/src/main/java/org/apache/openjpa/jdbc/kernel/exps/SQLValue.java,1,2,1,1,1,2,0,0,0,0.0,NaN,NaN,1,0,1,0,0,0,1,0,0,0,1,1,1,0,0,0,1,0,0,6,1,0,0,0,0,1,0,1,0,1,0,0,0,0,43,1,0,0,0,0,0,0,0,0,0,0,0,0,0,0,0,No
1.1.0,openjpa-kernel/src/main/java/org/apache/openjpa/kernel/exps/Subtract.java,3,4,1,3,2,3,0,1,1,0.0,0.0,0.0,2,0,1,0,1,0,2,0,0,0,0,0,0,0,0,0,0,0,1,8,1,0,0,0,0,0,0,0,0,0,0,0,0,0,22,0,0,0,0,0,0,0,0,0,0,0,0,0,0,0,0,No
1.1.0,openjpa-jdbc/src/main/java/org/apache/openjpa/jdbc/kernel/exps/QueryExpressionsState.java,1,5,4,1,0,1,0,0,0,NaN,-1.0,-1.0,0,0,0,0,0,0,0,0,0,0,6,1,6,0,0,0,1,0,0,8,0,0,0,0,0,0,1,6,0,6,0,0,0,0,29,1,0,0,0,0,0,0,0,0,0,0,0,0,0,0,0,No
1.1.0,openjpa-jdbc/src/main/java/org/apache/openjpa/jdbc/kernel/exps/IsNotEmptyExpression.java,7,8,1,7,5,1,0,8,0,0.0,0.0,0.0,5,0,5,0,0,0,5,0,0,0,1,0,0,1,0,0,1,0,0,22,1,0,0,0,0,0,0,1,0,1,0,0,0,0,38,0,0,0,0,0,0,0,0,0,0,0,0,0,0,0,0,No
1.1.0,openjpa-kernel/src/main/java/org/apache/openjpa/kernel/PNonTransDeletedState.java,2,2,0,2,12,2,0,1,66,0.0,0.0,0.0,12,0,0,0,0,12,12,0,0,0,0,0,0,0,0,0,0,0,0,38,12,0,0,0,0,6,0,0,0,0,0,0,0,0,45,1,0,0,0,0,0,0,0,0,0,0,0,0,0,0,0,No
1.1.0,openjpa-jdbc/src/main/java/org/apache/openjpa/jdbc/conf/JDBCSeqValue.java,6,6,0,6,1,2,0,8,0,0.0,NaN,NaN,1,0,1,0,0,0,1,0,0,0,1,1,0,0,0,1,1,0,0,9,0,0,0,0,0,3,2,1,0,1,0,0,0,0,57,1,0,0,0,0,0,0,0,0,0,0,0,0,0,0,0,No
1.1.0,openjpa-jdbc/src/main/java/org/apache/openjpa/jdbc/kernel/exps/InValueExpression.java,5,6,1,5,3,2,0,3,1,0.0,0.0,0.0,2,0,1,0,1,0,2,0,0,0,0,0,0,0,0,0,0,0,0,9,1,0,1,0,1,0,0,1,0,1,0,0,0,0,35,0,0,0,0,0,0,0,0,0,0,0,0,0,0,0,0,No
1.1.0,openjpa-lib/src/main/java/org/apache/openjpa/lib/graph/NodeInfo.java,0,3,3,0,0,1,0,0,0,NaN,-1.0,-1.0,0,0,0,0,0,0,0,0,0,0,5,3,5,0,0,0,3,0,0,7,0,0,0,0,0,0,4,5,0,5,0,0,0,0,30,0,0,0,0,0,0,0,0,0,0,0,0,0,0,0,0,Yes
1.1.0,openjpa-jdbc/src/main/java/org/apache/openjpa/jdbc/kernel/exps/AbstractVal.java,6,27,21,6,10,1,16,5,45,0.9,0.0,0.0,10,0,10,0,0,0,10,0,0,0,2,2,0,0,2,0,2,0,0,37,4,0,0,0,0,5,2,2,0,2,0,0,0,0,48,1024,0,0,0,0,0,0,0,0,0,0,0,0,0,0,0,Yes
1.1.0,openjpa-jdbc/src/main/java/org/apache/openjpa/jdbc/meta/strats/SuperclassVersionStrategy.java,5,8,3,5,4,3,0,7,6,0.0,0.0,0.0,4,0,4,0,0,0,4,0,0,0,0,0,0,0,0,0,0,0,0,14,3,0,0,0,0,0,0,0,0,0,0,0,0,0,39,1,0,0,0,0,0,0,0,0,0,0,0,0,0,0,0,No
1.1.0,openjpa-kernel/src/main/java/org/apache/openjpa/conf/SeqValue.java,2,3,1,2,1,2,0,4,0,0.0,NaN,NaN,1,0,1,0,0,0,1,0,0,0,1,1,0,1,0,0,1,0,0,9,0,0,0,0,0,1,2,1,0,1,0,0,0,0,40,1,0,0,0,0,0,0,0,0,0,0,0,0,0,0,0,No
1.1.0,openjpa-kernel/src/main/java/org/apache/openjpa/kernel/exps/ValExpression.java,4,5,1,4,8,2,0,8,0,0.0,0.0,0.0,4,0,2,0,2,0,4,0,0,0,1,0,0,1,0,0,1,0,0,20,2,0,3,0,3,0,0,4,0,4,0,0,0,0,26,0,0,0,0,0,0,0,0,0,0,0,0,0,0,0,0,No
1.1.0,openjpa-kernel/src/main/java/org/apache/openjpa/kernel/exps/Add.java,3,4,1,3,2,3,0,1,1,0.0,0.0,0.0,2,0,1,0,1,0,2,0,0,0,0,0,0,0,0,0,0,0,1,8,1,0,0,0,0,0,0,0,0,0,0,0,0,0,20,0,0,0,0,0,0,0,0,0,0,0,0,0,0,0,0,No
1.1.0,openjpa-kernel/src/main/java/org/apache/openjpa/kernel/exps/NotEqualExpression.java,2,3,1,2,5,3,0,1,1,0.0,0.0,0.0,2,0,1,0,1,0,2,0,0,0,0,0,0,0,0,0,0,0,0,8,1,0,3,0,2,0,0,0,0,0,0,0,0,0,19,0,0,0,0,0,0,0,0,0,0,0,0,0,0,0,0,No
1.1.0,openjpa-kernel/src/main/java/org/apache/openjpa/util/ObjectNotFoundException.java,5,10,5,5,4,2,0,6,4,0.5,0.0,0.0,4,0,4,0,0,0,4,0,0,0,1,1,0,1,0,0,1,0,2,17,1,0,0,0,0,2,0,1,0,1,0,0,0,0,35,1,0,0,0,0,0,0,0,0,0,0,0,0,0,0,0,No
1.1.0,openjpa-kernel/src/main/java/org/apache/openjpa/util/InvalidStateException.java,2,18,16,2,3,3,3,1,3,0.0,0.0,0.0,3,0,3,0,0,0,3,0,0,0,0,0,0,0,0,0,0,0,0,12,1,0,0,0,0,0,0,0,0,0,0,0,0,0,39,1,0,0,0,0,0,0,0,0,0,0,0,0,0,0,0,No
1.1.0,openjpa-jdbc/src/main/java/org/apache/openjpa/jdbc/sql/FirebirdDictionary.java,5,6,1,5,4,3,0,4,3,0.0,0.0,0.0,3,0,3,0,0,0,3,0,0,0,0,0,0,0,0,0,0,0,0,25,1,0,1,0,0,10,0,3,1,0,1,0,0,0,43,1,0,0,0,0,0,0,0,0,0,0,0,0,0,0,0,No
1.1.0,openjpa-jdbc/src/main/java/org/apache/openjpa/jdbc/kernel/ConnectionInfo.java,3,5,2,3,0,1,0,0,0,NaN,-1.0,-1.0,0,0,0,0,0,0,0,0,0,0,3,0,3,0,0,0,0,0,0,5,0,0,0,0,0,0,0,3,0,3,0,0,0,0,25,1,0,0,0,0,0,0,0,0,0,0,0,0,0,0,0,No
1.1.0,openjpa-kernel/src/main/java/org/apache/openjpa/kernel/PDeletedFlushedState.java,4,6,2,4,2,3,0,1,1,0.0,0.0,0.0,2,0,0,0,0,2,2,0,0,0,0,0,0,0,0,0,0,0,0,9,2,0,0,0,0,0,0,0,0,0,0,0,0,0,30,0,0,0,0,0,0,0,0,0,0,0,0,0,0,0,0,No
1.1.0,openjpa-kernel/src/main/java/org/apache/openjpa/kernel/exps/ContainsKeyExpression.java,2,3,1,2,3,3,0,1,1,0.0,0.0,0.0,2,0,1,0,1,0,2,0,0,0,0,0,0,0,0,0,0,0,0,8,1,0,1,0,2,0,0,0,0,0,0,0,0,0,26,0,0,0,0,0,0,0,0,0,0,0,0,0,0,0,0,No
1.1.0,openjpa-kernel/src/main/java/org/apache/openjpa/util/NoResultException.java,2,2,0,2,3,2,0,1,3,0.0,0.0,0.0,3,0,3,0,0,0,3,0,0,0,0,0,0,0,0,0,0,0,0,12,1,0,0,0,0,0,0,0,0,0,0,0,0,0,35,1,0,0,0,0,0,0,0,0,0,0,0,0,0,0,0,No
1.1.0,openjpa-lib/src/main/java/org/apache/openjpa/lib/rop/SoftRandomAccessResultList.java,3,4,1,3,2,4,0,0,1,0.0,0.0,0.0,2,0,1,0,1,0,2,0,0,0,0,0,0,0,0,0,0,0,0,8,1,0,0,0,0,0,0,0,0,0,0,0,0,0,23,1,0,0,0,0,0,0,0,0,0,0,0,0,0,0,0,No
1.1.0,openjpa-persistence-jdbc/src/main/java/org/apache/openjpa/persistence/jdbc/JDBCFetchPlanImpl.java,14,16,2,14,50,2,0,43,763,0.56,0.0,0.0,50,0,49,0,1,0,50,0,0,0,1,0,0,1,0,0,0,0,7,167,49,0,0,0,0,0,0,1,0,1,0,0,0,0,70,1,0,0,2,2,36,34,18.0,2,2,1.0,38,34,19.0,20,17.0,No
1.1.0,openjpa-kernel/src/main/java/org/apache/openjpa/util/MetaDataException.java,2,11,9,2,5,2,0,1,10,0.0,0.0,0.0,5,0,5,0,0,0,5,0,0,0,0,0,0,0,0,0,0,0,0,20,1,0,0,0,0,0,0,0,0,0,0,0,0,0,25,1,0,0,0,0,0,0,0,0,0,0,0,0,0,0,0,No
1.1.0,openjpa-kernel/src/main/java/org/apache/openjpa/util/NonUniqueResultException.java,2,2,0,2,3,2,0,1,3,0.0,0.0,0.0,3,0,3,0,0,0,3,0,0,0,0,0,0,0,0,0,0,0,0,12,1,0,0,0,0,0,0,0,0,0,0,0,0,0,39,1,0,0,0,0,0,0,0,0,0,0,0,0,0,0,0,No
1.1.0,openjpa-jdbc/src/main/java/org/apache/openjpa/jdbc/kernel/exps/InSubQExpression.java,9,10,1,9,5,2,0,13,0,0.0,0.0,0.0,5,0,5,0,0,0,5,0,0,0,2,0,0,2,0,0,2,0,0,41,1,0,0,0,0,1,4,6,0,6,0,0,1,0,46,0,0,0,0,0,0,0,0,0,0,0,0,0,0,0,0,No
1.1.0,openjpa-jdbc/src/main/java/org/apache/openjpa/jdbc/meta/strats/AbstractValueHandler.java,5,15,10,5,6,1,10,0,15,0.0,0.0,0.0,6,0,6,0,0,0,6,0,0,0,0,0,0,0,0,0,0,0,0,20,6,0,0,0,0,0,0,0,0,0,0,0,0,0,41,1025,0,0,0,0,0,0,0,0,0,0,0,0,0,0,0,No
1.1.0,openjpa-kernel/src/main/java/org/apache/openjpa/kernel/TLoadedState.java,2,3,1,2,2,2,0,1,1,0.0,0.0,0.0,2,0,0,0,0,2,2,0,0,0,0,0,0,0,0,0,0,0,0,8,1,0,0,0,0,0,0,0,0,0,0,0,0,0,43,0,0,0,0,0,0,0,0,0,0,0,0,0,0,0,0,No
1.1.0,openjpa-jdbc/src/main/java/org/apache/openjpa/jdbc/kernel/exps/Distinct.java,5,6,1,5,3,3,0,1,3,0.0,0.0,0.0,3,0,2,0,1,0,3,0,0,0,0,0,0,0,0,0,0,0,0,11,2,0,0,0,0,1,0,0,0,0,0,0,0,0,17,0,0,0,0,0,0,0,0,0,0,0,0,0,0,0,0,Yes
1.1.0,openjpa-kernel/src/main/java/org/apache/openjpa/kernel/exps/BindKeyVariableExpression.java,3,4,1,3,3,3,0,1,1,0.0,0.0,0.0,2,0,1,0,1,0,2,0,0,0,0,0,0,0,0,0,0,0,0,9,1,0,1,0,1,0,0,1,0,1,0,0,0,0,24,0,0,0,0,0,0,0,0,0,0,0,0,0,0,0,0,No
1.1.0,openjpa-kernel/src/main/java/org/apache/openjpa/kernel/HollowState.java,2,3,1,2,11,2,0,4,55,0.0,0.0,0.0,11,0,0,0,0,11,11,0,0,0,0,0,0,0,0,0,0,0,0,38,10,0,0,0,0,0,0,0,0,0,0,0,0,0,78,0,0,0,0,0,0,0,0,0,0,0,0,0,0,0,0,No
1.1.0,openjpa-jdbc/src/main/java/org/apache/openjpa/jdbc/kernel/exps/Max.java,2,3,1,2,3,3,0,0,3,0.0,0.0,0.0,3,0,2,0,1,0,3,0,0,0,0,0,0,0,0,0,0,0,0,11,2,0,0,0,0,1,0,0,0,0,0,0,0,0,17,0,0,0,0,0,0,0,0,0,0,0,0,0,0,0,0,No
1.1.0,openjpa-kernel/src/main/java/org/apache/openjpa/kernel/exps/ContainsValueExpression.java,2,3,1,2,3,3,0,1,1,0.0,0.0,0.0,2,0,1,0,1,0,2,0,0,0,0,0,0,0,0,0,0,0,0,8,1,0,1,0,2,0,0,0,0,0,0,0,0,0,25,0,0,0,0,0,0,0,0,0,0,0,0,0,0,0,0,No
1.1.0,openjpa-jdbc/src/main/java/org/apache/openjpa/jdbc/schema/ReferenceCounter.java,0,12,12,0,3,1,3,0,0,0.0,0.0,0.0,3,0,3,0,0,0,3,0,0,0,1,0,0,1,0,0,0,0,0,12,1,0,0,0,0,0,1,1,0,1,0,0,0,0,21,0,0,0,0,0,0,0,0,0,0,0,0,0,0,0,0,No
1.1.0,openjpa-kernel/src/main/java/org/apache/openjpa/kernel/ECopyState.java,3,4,1,3,12,2,0,5,66,0.0,0.0,0.0,12,0,0,0,0,12,12,0,0,0,0,0,0,0,0,0,0,0,0,40,10,0,0,0,0,1,0,0,0,0,0,0,0,0,51,0,0,0,0,0,0,0,0,0,0,0,0,0,0,0,0,No
1.1.0,openjpa-kernel/src/main/java/org/apache/openjpa/ee/SunOneManagedRuntime.java,4,6,2,4,4,2,0,6,4,0.5,0.0,0.0,4,0,4,0,0,0,4,0,0,0,2,0,0,2,0,0,0,0,1,19,2,0,0,0,0,3,0,4,0,4,0,0,0,0,28,1,0,0,0,0,0,0,0,0,0,0,0,0,0,0,0,No
1.1.0,openjpa-jdbc/src/main/java/org/apache/openjpa/jdbc/kernel/exps/ToLowerCase.java,8,9,1,8,3,3,0,9,1,0.0,0.0,0.0,2,0,2,0,0,0,2,0,0,0,0,0,0,0,0,0,0,0,0,15,0,0,1,0,0,2,2,4,1,3,0,0,0,0,34,0,0,0,0,0,0,0,0,0,0,0,0,0,0,0,0,Yes
1.1.0,openjpa-kernel/src/main/java/org/apache/openjpa/datacache/ConcurrentQueryCache.java,7,8,1,7,16,3,0,17,0,0.125,0.0,0.0,16,0,8,0,8,0,16,0,0,0,1,0,0,1,0,0,0,0,0,52,10,0,0,0,0,0,0,1,0,1,0,0,0,0,125,1,0,0,0,0,0,0,0,0,0,0,0,0,0,0,0,No
1.1.0,openjpa-jdbc/src/main/java/org/apache/openjpa/jdbc/kernel/exps/SQLExpression.java,1,2,1,1,1,2,0,0,0,0.0,NaN,NaN,1,0,1,0,0,0,1,0,0,0,1,1,1,0,0,0,1,0,0,6,1,0,0,0,0,1,0,1,0,1,0,0,0,0,44,1,0,0,0,0,0,0,0,0,0,0,0,0,0,0,0,No
1.1.0,openjpa-slice/src/main/java/org/apache/openjpa/slice/jdbc/SliceStoreManager.java,2,5,3,2,3,2,0,1,0,0.0,0.0,0.0,3,0,3,0,0,0,3,0,0,0,1,0,0,1,0,0,1,0,0,12,2,0,0,0,0,0,0,1,0,1,0,0,0,0,27,1,0,0,2,1,114,113,57.0,64,64,32.0,178,113,89.0,27,20.0,Yes
1.1.0,openjpa-jdbc/src/main/java/org/apache/openjpa/jdbc/sql/Calendard.java,0,2,2,0,1,1,0,0,0,0.0,NaN,NaN,1,0,1,0,0,0,1,0,0,0,2,0,2,0,0,0,2,0,0,8,0,0,0,0,0,0,0,2,0,2,0,0,0,0,17,1,0,0,0,0,0,0,0,0,0,0,0,0,0,0,0,No
1.1.0,openjpa-jdbc/src/main/java/org/apache/openjpa/jdbc/conf/FetchModeValue.java,1,2,1,1,1,2,0,3,0,0.75,NaN,NaN,1,0,1,0,0,0,1,0,0,0,4,4,3,1,0,0,3,0,5,11,0,0,0,0,0,5,0,4,0,4,0,0,0,0,49,1,0,0,0,0,0,0,0,0,0,0,0,0,0,0,0,No
1.1.0,openjpa-jdbc/src/main/java/org/apache/openjpa/jdbc/sql/CacheDictionary.java,1,2,1,1,1,2,0,0,0,0.0,NaN,NaN,1,0,1,0,0,0,1,0,0,0,0,0,0,0,0,0,0,0,0,14,0,0,0,0,0,8,0,10,0,0,0,0,0,0,46,1,0,0,0,0,0,0,0,0,0,0,0,0,0,0,0,No
1.1.0,openjpa-jdbc/src/main/java/org/apache/openjpa/jdbc/kernel/exps/Min.java,2,3,1,2,3,3,0,0,3,0.0,0.0,0.0,3,0,2,0,1,0,3,0,0,0,0,0,0,0,0,0,0,0,0,11,2,0,0,0,0,1,0,0,0,0,0,0,0,0,17,0,0,0,0,0,0,0,0,0,0,0,0,0,0,0,0,No
1.1.0,openjpa-jdbc/src/main/java/org/apache/openjpa/jdbc/kernel/exps/Size.java,7,8,1,7,5,3,0,5,10,0.0,0.0,0.0,5,0,3,0,2,0,5,0,0,0,0,0,0,0,0,0,0,0,0,19,2,0,0,0,0,0,0,0,0,0,0,0,0,0,27,0,0,0,0,0,0,0,0,0,0,0,0,0,0,0,0,No
1.1.0,openjpa-jdbc/src/main/java/org/apache/openjpa/jdbc/meta/StrategyInstaller.java,5,16,11,5,6,1,6,0,15,0.8333333,0.0,0.0,6,0,6,0,0,0,6,4,0,0,1,0,0,0,1,0,1,0,0,13,1,0,0,0,0,0,0,1,0,1,0,0,0,0,43,1025,0,0,0,0,0,0,0,0,0,0,0,0,0,0,0,No
1.1.0,openjpa-jdbc/src/main/java/org/apache/openjpa/jdbc/sql/Sized.java,0,2,2,0,1,1,0,0,0,0.0,NaN,NaN,1,0,1,0,0,0,1,0,0,0,2,0,2,0,0,0,2,0,0,8,0,0,0,0,0,0,0,2,0,2,0,0,0,0,16,1,0,0,0,0,0,0,0,0,0,0,0,0,0,0,0,No
1.1.0,openjpa-kernel/src/main/java/org/apache/openjpa/kernel/PDeletedState.java,2,4,2,2,16,2,1,6,105,0.0,0.0,0.0,15,0,0,0,0,15,15,0,0,0,0,0,0,0,0,0,0,0,0,50,14,0,0,0,1,4,1,0,0,0,0,0,0,0,56,0,0,0,0,0,0,0,0,0,0,0,0,0,0,0,0,No
1.1.0,openjpa-lib/src/main/java/org/apache/openjpa/lib/rop/ListResultList.java,3,7,4,3,18,2,1,13,0,0.5555556,0.0,0.0,18,0,18,0,0,0,18,0,0,0,2,0,0,2,0,0,1,0,0,67,16,0,0,0,0,0,0,3,0,2,0,0,0,0,47,1,0,0,0,0,0,0,0,0,0,0,0,0,0,0,0,No
1.1.0,openjpa-kernel/src/main/java/org/apache/openjpa/ee/JNDIManagedRuntime.java,4,6,2,4,6,2,0,5,4,0.5,0.0,0.0,5,0,5,0,0,0,5,0,0,0,2,0,0,2,0,0,0,0,0,29,3,0,1,1,0,1,0,6,0,3,2,0,0,0,38,1,0,0,0,0,0,0,0,0,0,0,0,0,0,0,0,No
1.1.0,openjpa-jdbc/src/main/java/org/apache/openjpa/jdbc/kernel/exps/ToUpperCase.java,8,9,1,8,3,3,0,9,1,0.0,0.0,0.0,2,0,2,0,0,0,2,0,0,0,0,0,0,0,0,0,0,0,0,15,0,0,1,0,0,2,2,4,1,3,0,0,0,0,34,0,0,0,0,0,0,0,0,0,0,0,0,0,0,0,0,Yes
1.1.0,openjpa-jdbc/src/main/java/org/apache/openjpa/jdbc/meta/strats/ByteArrayValueHandler.java,8,10,2,8,4,2,0,5,6,0.75,0.0,0.0,4,1,4,0,0,0,4,0,0,0,1,1,0,1,0,0,1,0,2,19,4,0,0,0,0,0,1,2,0,2,0,0,0,0,28,1,0,0,0,0,0,0,0,0,0,0,0,0,0,0,0,No
1.1.0,openjpa-jdbc/src/main/java/org/apache/openjpa/jdbc/kernel/exps/IsEmptyExpression.java,7,8,1,7,5,1,0,8,0,0.0,0.0,0.0,5,0,5,0,0,0,5,0,0,0,1,0,0,1,0,0,1,0,0,22,1,0,0,0,0,0,0,1,0,1,0,0,0,0,37,0,0,0,0,0,0,0,0,0,0,0,0,0,0,0,0,No
1.1.0,openjpa-kernel/src/main/java/org/apache/openjpa/kernel/exps/ValuePath.java,5,6,1,5,4,3,0,6,0,0.0,0.0,0.0,4,0,3,0,1,0,4,0,0,0,1,0,0,1,0,0,1,0,0,17,2,0,0,0,0,0,0,1,0,1,0,0,0,0,31,0,0,0,0,0,0,0,0,0,0,0,0,0,0,0,0,No
1.1.0,openjpa-jdbc/src/main/java/org/apache/openjpa/jdbc/kernel/BatchingOperationOrderUpdateManager.java,5,5,0,5,2,3,0,3,1,0.0,0.0,0.0,2,0,0,0,2,0,2,0,0,0,0,0,0,0,0,0,0,0,0,12,2,0,0,0,0,0,0,3,0,3,0,0,0,0,73,1,0,0,2,2,68,48,34.0,4,4,2.0,72,48,36.0,4,3.0,No
1.1.0,openjpa-kernel/src/main/java/org/apache/openjpa/util/UnsupportedException.java,2,9,7,2,5,5,0,1,10,0.0,0.0,0.0,5,0,5,0,0,0,5,0,0,0,0,0,0,0,0,0,0,0,0,20,1,0,0,0,0,0,0,0,0,0,0,0,0,0,29,1,0,0,0,0,0,0,0,0,0,0,0,0,0,0,0,No
1.1.0,openjpa-kernel/src/main/java/org/apache/openjpa/event/LifecycleEvent.java,1,15,14,1,4,1,0,0,2,0.96,0.0,0.0,4,0,4,0,0,0,4,0,0,0,25,23,23,2,0,0,25,0,0,41,2,0,0,0,0,0,22,25,0,25,0,0,0,0,80,1,0,0,1,1,29,29,29.0,0,0,0.0,29,29,29.0,6,6.0,No
1.1.0,openjpa-jdbc/src/main/java/org/apache/openjpa/jdbc/meta/strats/NanoPrecisionTimestampVersionStrategy.java,1,2,1,1,2,5,0,1,1,0.5,0.0,0.0,2,0,1,0,1,0,2,0,0,0,1,1,1,0,0,0,1,0,0,9,2,0,0,0,0,1,0,1,0,1,0,0,0,0,23,1,0,0,1,1,41,41,41.0,0,0,0.0,41,41,41.0,4,4.0,Yes
1.1.0,openjpa-jdbc/src/main/java/org/apache/openjpa/jdbc/kernel/exps/NotExpression.java,7,8,1,7,5,2,0,8,0,0.0,0.0,0.0,5,0,5,0,0,0,5,0,0,0,1,0,0,1,0,0,1,0,0,30,1,0,0,0,2,2,0,2,0,2,0,0,1,0,34,0,0,0,0,0,0,0,0,0,0,0,0,0,0,0,0,No
1.1.0,openjpa-kernel/src/main/java/org/apache/openjpa/kernel/exps/InstanceofExpression.java,5,6,1,5,6,2,0,9,0,0.125,0.0,0.0,4,0,2,0,2,0,4,0,0,0,2,0,0,2,0,0,2,0,1,21,2,0,1,0,1,0,0,4,0,4,0,0,0,0,42,0,0,0,0,0,0,0,0,0,0,0,0,0,0,0,0,No
1.1.0,openjpa-kernel/src/main/java/org/apache/openjpa/event/ExceptionOrphanedKeyAction.java,6,7,1,6,1,1,0,2,0,0.0,NaN,NaN,1,0,1,0,0,0,1,0,0,0,1,1,0,1,0,0,1,0,0,6,0,0,0,0,0,1,0,1,0,1,0,0,0,0,29,1,0,0,0,0,0,0,0,0,0,0,0,0,0,0,0,No
1.1.0,openjpa-kernel/src/main/java/org/apache/openjpa/util/ObjectId.java,2,7,5,2,9,2,0,2,0,0.0,0.0,0.0,7,0,4,0,2,1,7,0,0,0,1,0,0,1,0,0,0,0,0,27,4,0,3,0,3,0,1,4,0,2,0,0,0,0,33,17,0,0,0,0,0,0,0,0,0,0,0,0,0,0,0,No
1.1.0,openjpa-kernel/src/main/java/org/apache/openjpa/util/StoreException.java,2,18,16,2,4,2,5,1,6,1.0,0.0,0.0,4,0,4,0,0,0,4,0,0,0,5,5,5,0,0,0,5,0,0,19,1,0,0,0,0,0,5,5,0,5,0,0,0,0,36,1,0,0,0,0,0,0,0,0,0,0,0,0,0,0,0,No
1.1.0,openjpa-kernel/src/main/java/org/apache/openjpa/kernel/PNewFlushedDeletedState.java,2,4,2,2,15,2,1,3,105,0.0,0.0,0.0,15,0,0,0,0,15,15,0,0,0,0,0,0,0,0,0,0,0,0,50,15,0,0,0,0,4,0,0,0,0,0,0,0,0,55,0,0,0,0,0,0,0,0,0,0,0,0,0,0,0,0,No
1.2.0,openjpa-kernel/src/main/java/org/apache/openjpa/event/TransactionEvent.java,1,7,6,1,10,1,0,0,5,0.8809525,0.0,0.0,6,0,6,0,0,0,6,0,0,0,14,9,9,5,0,0,14,0,0,39,5,0,4,0,4,0,9,14,0,14,0,0,0,0,121,1,0,0,0,0,0,0,0,0,0,0,0,0,0,0,0,No
1.2.0,openjpa-kernel/src/main/java/org/apache/openjpa/kernel/exps/AndExpression.java,3,5,2,3,6,2,1,5,0,0.16666667,0.0,0.0,6,0,4,0,2,0,6,0,0,0,2,0,0,2,0,0,2,0,0,26,4,0,0,0,0,0,0,2,0,2,0,0,0,0,30,0,0,0,0,0,0,0,0,0,0,0,0,0,0,0,0,No
1.2.0,openjpa-kernel/src/main/java/org/apache/openjpa/kernel/AbstractFieldManager.java,2,3,1,2,20,1,1,0,190,0.0,0.0,0.0,20,0,20,0,0,0,20,0,0,0,0,0,0,0,0,0,0,0,0,62,0,0,0,0,0,0,0,0,0,0,0,0,0,0,26,1024,0,0,0,0,0,0,0,0,0,0,0,0,0,0,0,No
1.2.0,openjpa-lib/src/main/java/org/apache/openjpa/lib/meta/SuffixMetaDataFilter.java,2,3,1,2,3,1,0,2,0,0.0,0.0,0.0,2,0,2,0,0,0,2,0,0,0,1,0,0,1,0,0,1,0,0,10,1,0,1,0,0,0,0,2,0,2,0,0,0,0,23,1,0,0,0,0,0,0,0,0,0,0,0,0,0,0,0,No
1.2.0,openjpa-kernel/src/main/java/org/apache/openjpa/kernel/jpql/SimpleNode.java,2,2,0,2,1,2,0,0,0,0.0,NaN,NaN,1,0,0,0,0,1,1,0,0,0,0,0,0,0,0,0,0,0,0,5,0,0,0,0,0,0,0,0,0,0,0,0,0,0,22,1,0,0,0,0,0,0,0,0,0,0,0,0,0,0,0,No
1.2.0,openjpa-jdbc/src/main/java/org/apache/openjpa/jdbc/meta/strats/AbstractClassStrategy.java,11,17,6,11,7,2,6,0,21,0.85714287,0.0,0.0,7,0,7,0,0,0,7,0,0,0,1,0,0,0,1,0,0,0,0,24,6,0,0,0,0,0,0,2,0,1,0,0,0,0,60,1025,0,0,0,0,0,0,0,0,0,0,0,0,0,0,0,No
1.2.0,openjpa-kernel/src/main/java/org/apache/openjpa/util/OptimisticException.java,6,11,5,6,5,6,0,6,4,0.4,0.0,0.0,5,0,5,0,0,0,5,0,0,0,1,1,0,1,0,0,1,0,2,21,1,0,0,0,0,3,0,1,0,1,0,0,0,0,29,1,0,0,0,0,0,0,0,0,0,0,0,0,0,0,0,No
1.2.0,openjpa-kernel/src/main/java/org/apache/openjpa/kernel/exps/Lit.java,4,5,1,4,9,2,0,2,0,0.4375,0.0,0.0,8,0,7,0,1,0,8,0,0,0,2,0,0,2,0,0,1,0,1,29,5,0,1,0,1,0,0,4,0,2,0,0,0,0,28,0,0,0,0,0,0,0,0,0,0,0,0,0,0,0,0,No
1.2.0,openjpa-kernel/src/main/java/org/apache/openjpa/kernel/exps/UnboundVariable.java,2,3,1,2,6,2,0,0,7,0.5833334,0.0,0.0,6,0,5,0,1,0,6,0,0,0,2,0,0,2,0,0,0,0,0,22,3,0,0,0,0,0,0,5,0,2,0,0,0,0,56,0,0,0,0,0,0,0,0,0,0,0,0,0,0,0,0,No
1.2.0,openjpa-kernel/src/main/java/org/apache/openjpa/kernel/exps/Param.java,4,6,2,4,7,2,0,1,11,0.6666667,0.0,0.0,7,0,6,0,1,0,7,0,0,0,3,0,0,3,0,0,0,0,0,27,4,0,0,0,0,0,1,7,0,3,0,0,0,0,30,0,0,0,0,0,0,0,0,0,0,0,0,0,0,0,0,No
1.2.0,openjpa-jdbc/src/main/java/org/apache/openjpa/jdbc/sql/AbstractDB2Dictionary.java,3,5,2,3,8,2,2,6,0,0.0,0.0,0.0,3,0,3,0,0,0,3,0,0,0,1,0,1,0,0,0,0,0,5,75,0,0,2,0,0,38,2,31,5,4,2,0,0,0,100,1025,0,0,1,1,35,35,35.0,14,14,14.0,49,49,49.0,8,8.0,Yes
1.2.0,openjpa-kernel/src/main/java/org/apache/openjpa/ant/ApplicationIdToolTask.java,7,7,0,7,10,2,0,4,0,0.5,0.0,0.0,9,0,7,0,2,0,9,0,0,0,2,0,0,0,2,0,0,0,1,32,2,0,1,0,1,0,0,9,0,2,0,0,0,0,95,1,0,0,0,0,0,0,0,0,0,0,0,0,0,0,0,No
1.2.0,openjpa-jdbc/src/main/java/org/apache/openjpa/jdbc/kernel/exps/Any.java,2,3,1,2,2,3,0,0,1,0.0,0.0,0.0,2,0,1,0,1,0,2,0,0,0,0,0,0,0,0,0,0,0,0,8,1,0,0,0,0,1,0,0,0,0,0,0,0,0,8,0,0,0,1,1,1,1,1.0,1,1,1.0,2,2,2.0,4,4.0,No
1.2.0,openjpa-kernel/src/main/java/org/apache/openjpa/kernel/PNonTransNewState.java,2,3,1,2,8,2,0,2,28,0.0,0.0,0.0,8,0,0,0,0,8,8,0,0,0,0,0,0,0,0,0,0,0,0,27,7,0,0,0,0,0,0,0,0,0,0,0,0,0,38,0,0,0,0,0,0,0,0,0,0,0,0,0,0,0,0,No
1.2.0,openjpa-jdbc/src/main/java/org/apache/openjpa/jdbc/kernel/exps/All.java,2,3,1,2,2,3,0,0,1,0.0,0.0,0.0,2,0,1,0,1,0,2,0,0,0,0,0,0,0,0,0,0,0,0,8,1,0,0,0,0,1,0,0,0,0,0,0,0,0,8,0,0,0,1,1,1,1,1.0,1,1,1.0,2,2,2.0,4,4.0,No
1.2.0,openjpa-kernel/src/main/java/org/apache/openjpa/kernel/exps/Divide.java,3,4,1,3,2,3,0,1,1,0.0,0.0,0.0,2,0,1,0,1,0,2,0,0,0,0,0,0,0,0,0,0,0,1,8,1,0,0,0,0,0,0,0,0,0,0,0,0,0,21,0,0,0,0,0,0,0,0,0,0,0,0,0,0,0,0,No
1.2.0,openjpa-jdbc/src/main/java/org/apache/openjpa/jdbc/meta/strats/ClobValueHandler.java,5,7,2,5,2,2,0,3,1,0.5,0.0,0.0,2,1,2,0,0,0,2,0,0,0,1,1,0,1,0,0,1,0,0,13,2,0,0,0,0,0,1,2,0,2,0,0,0,0,17,1,0,0,0,0,0,0,0,0,0,0,0,0,0,0,0,No
1.2.0,openjpa-kernel/src/main/java/org/apache/openjpa/datacache/ExpirationEvent.java,0,2,2,0,3,1,0,0,0,0.33333334,0.0,0.0,3,0,3,0,0,0,3,0,0,0,2,0,0,2,0,0,2,0,0,15,2,0,0,0,0,0,0,2,0,2,0,0,0,0,40,1,0,0,0,0,0,0,0,0,0,0,0,0,0,0,0,No
1.2.0,openjpa-jdbc/src/main/java/org/apache/openjpa/jdbc/meta/strats/BlobValueHandler.java,5,7,2,5,2,2,0,3,1,0.5,0.0,0.0,2,1,2,0,0,0,2,0,0,0,1,1,0,1,0,0,1,0,0,13,2,0,0,0,0,0,1,2,0,2,0,0,0,0,17,1,0,0,0,0,0,0,0,0,0,0,0,0,0,0,0,No
1.2.0,openjpa-kernel/src/main/java/org/apache/openjpa/kernel/PCleanState.java,2,3,1,2,13,2,0,2,78,0.0,0.0,0.0,13,0,0,0,0,13,13,0,0,0,0,0,0,0,0,0,0,0,0,42,12,0,0,0,0,0,0,0,0,0,0,0,0,0,55,0,0,0,0,0,0,0,0,0,0,0,0,0,0,0,0,No
1.2.0,openjpa-jdbc/src/main/java/org/apache/openjpa/jdbc/kernel/exps/Sqrt.java,2,4,2,2,4,2,0,0,6,0.0,0.0,0.0,4,0,2,0,2,0,4,0,0,0,0,0,0,0,0,0,0,0,0,14,3,0,0,0,0,1,0,0,0,0,0,0,0,0,19,1,0,0,1,1,5,5,5.0,1,1,1.0,6,6,6.0,6,6.0,No
1.2.0,openjpa-kernel/src/main/java/org/apache/openjpa/kernel/exps/BindValueVariableExpression.java,3,4,1,3,3,3,0,1,1,0.0,0.0,0.0,2,0,1,0,1,0,2,0,0,0,0,0,0,0,0,0,0,0,0,9,1,0,1,0,1,0,0,1,0,1,0,0,0,0,23,0,0,0,0,0,0,0,0,0,0,0,0,0,0,0,0,No
1.2.0,openjpa-jdbc/src/main/java/org/apache/openjpa/jdbc/kernel/exps/Avg.java,2,3,1,2,3,2,0,0,3,0.0,0.0,0.0,3,0,2,0,1,0,3,0,0,0,0,0,0,0,0,0,0,0,0,11,2,0,0,0,0,1,0,0,0,0,0,0,0,0,17,0,0,0,0,0,0,0,0,0,0,0,0,0,0,0,0,No
1.2.0,openjpa-kernel/src/main/java/org/apache/openjpa/kernel/exps/Multiply.java,3,4,1,3,2,3,0,1,1,0.0,0.0,0.0,2,0,1,0,1,0,2,0,0,0,0,0,0,0,0,0,0,0,1,8,1,0,0,0,0,0,0,0,0,0,0,0,0,0,20,0,0,0,0,0,0,0,0,0,0,0,0,0,0,0,0,No
1.2.0,openjpa-kernel/src/main/java/org/apache/openjpa/kernel/exps/CompareExpression.java,6,16,10,6,13,2,9,12,0,0.2,0.0,0.0,5,0,2,0,3,0,5,1,0,0,2,0,0,2,0,0,2,0,6,37,2,0,6,0,2,0,0,14,0,10,1,0,0,0,35,1024,0,0,0,0,0,0,0,0,0,0,0,0,0,0,0,No
1.2.0,openjpa-lib/src/main/java/org/apache/openjpa/lib/conf/BootstrapException.java,1,3,2,1,6,4,0,0,13,0.6666667,0.0,0.0,6,0,6,0,0,0,6,0,0,0,1,0,0,1,0,0,0,0,0,22,2,0,0,0,0,0,0,2,0,1,0,0,0,0,19,1,0,0,0,0,0,0,0,0,0,0,0,0,0,0,0,Yes
1.2.0,openjpa-jdbc/src/main/java/org/apache/openjpa/jdbc/meta/strats/SuperclassDiscriminatorStrategy.java,11,14,3,11,8,3,0,14,10,0.0,0.0,0.0,5,0,5,0,0,0,5,0,0,0,0,0,0,0,0,0,0,0,0,24,3,1,2,0,0,0,0,2,0,1,2,0,0,0,43,1,0,0,0,0,0,0,0,0,0,0,0,0,0,0,0,No
1.2.0,openjpa-kernel/src/main/java/org/apache/openjpa/kernel/exps/EqualExpression.java,2,3,1,2,5,3,0,1,1,0.0,0.0,0.0,2,0,1,0,1,0,2,0,0,0,0,0,0,0,0,0,0,0,0,8,1,0,3,0,2,0,0,0,0,0,0,0,0,0,18,0,0,0,0,0,0,0,0,0,0,0,0,0,0,0,0,No
1.2.0,openjpa-kernel/src/main/java/org/apache/openjpa/util/InternalException.java,2,24,22,2,7,5,0,1,21,0.0,0.0,0.0,7,0,7,0,0,0,7,0,0,0,0,0,0,0,0,0,0,0,0,28,1,0,0,0,0,0,0,0,0,0,0,0,0,0,25,1,0,0,0,0,0,0,0,0,0,0,0,0,0,0,0,No
1.2.0,openjpa-jdbc/src/main/java/org/apache/openjpa/jdbc/conf/JDBCProductDerivation.java,4,4,0,4,4,2,0,4,3,0.0,0.0,0.0,3,0,3,0,0,0,3,0,0,0,0,0,0,0,0,0,0,0,0,15,3,0,1,0,0,2,0,0,0,0,1,0,0,0,35,1,0,0,0,0,0,0,0,0,0,0,0,0,0,0,0,No
1.2.0,openjpa-kernel/src/main/java/org/apache/openjpa/util/LongId.java,2,6,4,2,11,2,0,3,0,0.0,0.0,0.0,8,0,6,0,2,0,8,0,0,0,1,0,0,1,0,0,1,0,1,29,4,0,3,0,5,0,3,2,1,1,0,0,0,0,23,17,0,0,0,0,0,0,0,0,0,0,0,0,0,0,0,No
1.2.0,openjpa-slice/src/main/java/org/apache/openjpa/slice/jdbc/DistributedStatement.java,2,3,1,2,1,2,0,0,0,0.0,NaN,NaN,1,0,1,0,0,0,1,0,0,0,0,0,0,0,0,0,0,0,0,5,0,0,0,0,0,0,0,0,0,0,0,0,0,0,13,0,0,0,1,1,33,33,33.0,0,0,0.0,33,33,33.0,27,27.0,Yes
1.2.0,openjpa-kernel/src/main/java/org/apache/openjpa/kernel/EDirtyState.java,3,4,1,3,14,2,0,5,91,0.0,0.0,0.0,14,0,1,0,0,13,14,0,0,0,0,0,0,0,0,0,0,0,0,46,12,0,0,0,0,1,0,0,0,0,0,0,0,0,54,0,0,0,0,0,0,0,0,0,0,0,0,0,0,0,0,No
1.2.0,openjpa-kernel/src/main/java/org/apache/openjpa/kernel/PNewDeletedState.java,2,3,1,2,14,2,0,4,91,0.0,0.0,0.0,14,0,0,0,0,14,14,0,0,0,0,0,0,0,0,0,0,0,0,48,14,0,0,0,0,4,0,0,0,0,0,0,0,0,47,0,0,0,0,0,0,0,0,0,0,0,0,0,0,0,0,No
1.2.0,openjpa-kernel/src/main/java/org/apache/openjpa/kernel/PNonTransDirtyState.java,2,3,1,2,9,2,0,3,36,0.0,0.0,0.0,9,0,0,0,0,9,9,0,0,0,0,0,0,0,0,0,0,0,0,30,8,0,0,0,0,1,0,0,0,0,0,0,0,0,57,0,0,0,0,0,0,0,0,0,0,0,0,0,0,0,0,No
1.2.0,openjpa-kernel/src/main/java/org/apache/openjpa/kernel/TransientState.java,3,4,1,3,1,2,0,6,0,0.0,NaN,NaN,1,0,0,0,0,1,1,0,0,0,0,0,0,0,0,0,0,0,0,7,0,0,0,0,0,0,0,0,0,0,0,0,0,0,31,0,0,0,0,0,0,0,0,0,0,0,0,0,0,0,0,No
1.2.0,openjpa-kernel/src/main/java/org/apache/openjpa/kernel/PDirtyState.java,3,4,1,3,15,2,0,7,105,0.0,0.0,0.0,15,0,0,0,0,15,15,0,0,0,0,0,0,0,0,0,0,0,0,49,13,0,0,0,0,2,0,0,0,0,0,0,0,0,58,0,0,0,0,0,0,0,0,0,0,0,0,0,0,0,0,No
1.2.0,openjpa-jdbc/src/main/java/org/apache/openjpa/jdbc/kernel/exps/InKeyExpression.java,5,6,1,5,3,2,0,3,1,0.0,0.0,0.0,2,0,1,0,1,0,2,0,0,0,0,0,0,0,0,0,0,0,0,9,1,0,1,0,1,0,0,1,0,1,0,0,0,0,36,0,0,0,0,0,0,0,0,0,0,0,0,0,0,0,0,No
1.2.0,openjpa-kernel/src/main/java/org/apache/openjpa/kernel/exps/Mod.java,3,4,1,3,2,3,0,1,1,0.0,0.0,0.0,2,0,1,0,1,0,2,0,0,0,0,0,0,0,0,0,0,0,1,8,1,0,0,0,0,0,0,0,0,0,0,0,0,0,20,0,0,0,0,0,0,0,0,0,0,0,0,0,0,0,0,No
1.2.0,openjpa-jdbc/src/main/java/org/apache/openjpa/jdbc/kernel/exps/Count.java,5,6,1,5,5,3,0,1,10,0.0,0.0,0.0,5,0,3,0,2,0,5,0,0,0,0,0,0,0,0,0,0,0,0,17,4,0,0,0,0,1,0,0,0,0,0,0,0,0,29,0,0,0,0,0,0,0,0,0,0,0,0,0,0,0,0,No
1.2.0,openjpa-kernel/src/main/java/org/apache/openjpa/util/CallbackException.java,2,3,1,2,3,6,0,0,3,0.0,0.0,0.0,3,0,3,0,0,0,3,0,0,0,0,0,0,0,0,0,0,0,0,11,1,0,0,0,0,0,0,0,0,0,0,0,0,0,23,1,0,0,0,0,0,0,0,0,0,0,0,0,0,0,0,No
1.2.0,openjpa-kernel/src/main/java/org/apache/openjpa/kernel/exps/OrExpression.java,3,4,1,3,4,2,0,5,0,0.0,0.0,0.0,4,0,2,0,2,0,4,0,0,0,2,0,0,2,0,0,2,0,0,20,2,0,0,0,0,0,0,2,0,2,0,0,0,0,27,0,0,0,0,0,0,0,0,0,0,0,0,0,0,0,0,No
1.2.0,openjpa-kernel/src/main/java/org/apache/openjpa/event/BrokerFactoryEvent.java,1,3,2,1,3,1,0,1,1,0.6666667,0.0,0.0,3,0,3,0,0,0,3,0,0,0,2,1,1,1,0,0,1,0,0,14,2,0,0,0,0,0,1,2,0,2,0,0,0,0,41,1,0,0,0,0,0,0,0,0,0,0,0,0,0,0,0,Yes
1.2.0,openjpa-kernel/src/main/java/org/apache/openjpa/kernel/PNewProvisionalState.java,3,4,1,3,14,2,0,6,91,0.0,0.0,0.0,14,0,0,0,0,14,14,0,0,0,0,0,0,0,0,0,0,0,0,49,13,0,0,0,0,0,0,0,0,0,0,0,0,0,51,0,0,0,0,0,0,0,0,0,0,0,0,0,0,0,0,No
1.2.0,openjpa-kernel/src/main/java/org/apache/openjpa/kernel/EDeletedState.java,2,3,1,2,10,2,0,3,45,0.0,0.0,0.0,10,0,1,0,0,9,10,0,0,0,0,0,0,0,0,0,0,0,0,35,10,0,0,0,0,1,0,0,0,0,0,0,0,0,41,0,0,0,0,0,0,0,0,0,0,0,0,0,0,0,0,No
1.2.0,openjpa-lib/src/main/java/org/apache/openjpa/lib/jdbc/JDBCEvent.java,1,8,7,1,7,1,0,2,11,0.91596645,0.0,0.0,7,0,7,0,0,0,7,0,6,0,17,12,12,5,0,0,17,0,1,45,6,0,0,0,0,0,12,17,0,17,0,0,0,0,80,1,0,0,0,0,0,0,0,0,0,0,0,0,0,0,0,No
1.2.0,openjpa-kernel/src/main/java/org/apache/openjpa/util/ReferentialIntegrityException.java,3,4,1,3,10,6,0,7,16,0.875,0.0,0.0,8,1,5,3,0,0,5,0,0,0,7,6,5,2,0,0,6,0,1,39,6,0,0,0,0,3,5,9,0,7,1,0,0,0,57,1,0,0,0,0,0,0,0,0,0,0,0,0,0,0,0,No
1.2.0,openjpa-kernel/src/main/java/org/apache/openjpa/util/NoTransactionException.java,2,3,1,2,2,7,0,0,1,0.0,0.0,0.0,2,0,2,0,0,0,2,0,0,0,0,0,0,0,0,0,0,0,0,8,1,0,0,0,0,0,0,0,0,0,0,0,0,0,30,1,0,0,0,0,0,0,0,0,0,0,0,0,0,0,0,No
1.2.0,openjpa-jdbc/src/main/java/org/apache/openjpa/jdbc/kernel/DelegatingJDBCFetchConfiguration.java,6,7,1,6,57,2,0,30,435,0.0,0.0,0.0,30,0,30,0,0,0,30,0,0,0,0,0,0,0,0,0,0,0,0,241,28,0,0,27,0,0,0,0,0,0,1,0,0,0,71,1,0,0,1,1,34,34,34.0,0,0,0.0,34,34,34.0,8,8.0,No
1.2.0,openjpa-kernel/src/main/java/org/apache/openjpa/ant/PCEnhancerTask.java,7,7,0,7,7,2,0,5,1,0.5,0.0,0.0,6,0,4,0,2,0,6,0,0,0,2,0,0,0,2,0,0,0,1,25,1,0,1,0,1,0,0,9,0,4,0,0,0,0,92,1,0,0,0,0,0,0,0,0,0,0,0,0,0,0,0,No
1.2.0,openjpa-kernel/src/main/java/org/apache/openjpa/util/ObjectExistsException.java,2,2,0,2,3,6,0,0,3,0.0,0.0,0.0,3,0,3,0,0,0,3,0,0,0,0,0,0,0,0,0,0,0,0,11,1,0,0,0,0,0,0,0,0,0,0,0,0,0,25,1,0,0,1,1,4,4,4.0,0,0,0.0,4,4,4.0,4,4.0,No
1.2.0,openjpa-jdbc/src/main/java/org/apache/openjpa/jdbc/kernel/BatchingConstraintUpdateManager.java,6,6,0,6,4,3,0,5,1,0.0,0.0,0.0,2,0,0,0,2,0,2,0,0,0,0,0,0,0,0,0,0,0,0,20,2,0,0,1,0,0,0,5,0,2,1,0,0,0,75,1,0,0,5,3,95,58,19.0,23,12,4.6,118,58,23.6,6,3.4,No
1.2.0,openjpa-lib/src/main/java/org/apache/openjpa/lib/log/LogFactoryAdapter.java,3,6,3,3,3,1,2,3,1,0.5,0.0,0.0,2,0,1,0,1,0,2,1,0,0,1,0,0,1,0,0,0,0,0,12,1,0,1,0,0,0,0,3,0,2,1,0,0,0,38,1025,0,0,1,1,51,51,51.0,51,51,51.0,102,102,102.0,66,66.0,Yes
1.2.0,openjpa-kernel/src/main/java/org/apache/openjpa/kernel/ECleanState.java,2,3,1,2,13,2,0,2,78,0.0,0.0,0.0,13,0,0,0,0,13,13,0,0,0,0,0,0,0,0,0,0,0,0,42,12,0,0,0,0,0,0,0,0,0,0,0,0,0,59,0,0,0,0,0,0,0,0,0,0,0,0,0,0,0,0,No
1.2.0,openjpa-kernel/src/main/java/org/apache/openjpa/event/NoneOrphanedKeyAction.java,3,3,0,3,1,1,0,0,0,0.0,NaN,NaN,1,0,1,0,0,0,1,0,0,0,0,0,0,0,0,0,0,0,0,5,1,0,0,0,0,0,0,0,0,0,0,0,0,0,26,1,0,0,0,0,0,0,0,0,0,0,0,0,0,0,0,No
1.2.0,openjpa-kernel/src/main/java/org/apache/openjpa/kernel/exps/NotExpression.java,3,4,1,3,4,2,0,5,0,0.0,0.0,0.0,4,0,2,0,2,0,4,0,0,0,1,0,0,1,0,0,1,0,0,17,2,0,0,0,0,0,0,1,0,1,0,0,0,0,22,0,0,0,0,0,0,0,0,0,0,0,0,0,0,0,0,No
1.2.0,openjpa-kernel/src/main/java/org/apache/openjpa/kernel/NoneLockManager.java,2,2,0,2,3,2,0,1,3,0.0,0.0,0.0,3,0,3,0,0,0,3,0,0,0,0,0,0,0,0,0,0,0,0,11,1,0,0,0,0,0,0,0,0,0,0,0,0,0,31,1,0,0,0,0,0,0,0,0,0,0,0,0,0,0,0,No
1.2.0,openjpa-jdbc/src/main/java/org/apache/openjpa/jdbc/meta/NoneStrategyInstaller.java,10,10,0,10,5,2,0,13,10,0.0,0.0,0.0,5,0,5,0,0,0,5,0,0,0,0,0,0,0,0,0,0,0,4,22,0,0,0,0,0,0,0,0,0,0,0,0,0,0,28,1,0,0,0,0,0,0,0,0,0,0,0,0,0,0,0,No
1.2.0,openjpa-slice/src/main/java/org/apache/openjpa/slice/ProductDerivation.java,3,3,0,3,3,2,0,2,3,0.8333334,0.0,0.0,3,0,3,0,0,0,3,0,0,0,2,2,2,0,0,0,2,0,0,13,2,0,0,0,0,4,0,2,0,2,0,0,0,0,63,1,0,0,3,1,67,50,22.333333333333332,4,3,1.3333333333333333,71,50,23.666666666666668,27,15.333333333333334,Yes
1.2.0,openjpa-kernel/src/main/java/org/apache/openjpa/datacache/TypesChangedEvent.java,0,6,6,0,2,1,0,0,0,0.0,0.0,0.0,2,0,2,0,0,0,2,0,0,0,1,0,0,1,0,0,1,0,0,10,1,0,0,0,0,0,0,1,0,1,0,0,0,0,29,1,0,0,0,0,0,0,0,0,0,0,0,0,0,0,0,No
1.2.0,openjpa-jdbc/src/main/java/org/apache/openjpa/jdbc/kernel/exps/SQLValue.java,1,1,0,1,1,2,0,0,0,0.0,NaN,NaN,1,0,1,0,0,0,1,0,0,0,1,1,1,0,0,0,1,0,0,6,1,0,0,0,0,1,0,1,0,1,0,0,0,0,43,1,0,0,0,0,0,0,0,0,0,0,0,0,0,0,0,No
1.2.0,openjpa-kernel/src/main/java/org/apache/openjpa/kernel/exps/Subtract.java,3,4,1,3,2,3,0,1,1,0.0,0.0,0.0,2,0,1,0,1,0,2,0,0,0,0,0,0,0,0,0,0,0,1,8,1,0,0,0,0,0,0,0,0,0,0,0,0,0,22,0,0,0,0,0,0,0,0,0,0,0,0,0,0,0,0,No
1.2.0,openjpa-jdbc/src/main/java/org/apache/openjpa/jdbc/kernel/exps/QueryExpressionsState.java,1,3,2,1,0,1,0,0,0,NaN,-1.0,-1.0,0,0,0,0,0,0,0,0,0,0,6,1,6,0,0,0,1,0,0,8,0,0,0,0,0,0,1,6,0,6,0,0,0,0,29,1,0,0,0,0,0,0,0,0,0,0,0,0,0,0,0,No
1.2.0,openjpa-jdbc/src/main/java/org/apache/openjpa/jdbc/kernel/exps/IsNotEmptyExpression.java,7,8,1,7,5,1,0,8,0,0.0,0.0,0.0,5,0,5,0,0,0,5,0,0,0,1,0,0,1,0,0,1,0,0,22,1,0,0,0,0,0,0,1,0,1,0,0,0,0,38,0,0,0,0,0,0,0,0,0,0,0,0,0,0,0,0,No
1.2.0,openjpa-kernel/src/main/java/org/apache/openjpa/kernel/PNonTransDeletedState.java,2,3,1,2,12,2,0,1,66,0.0,0.0,0.0,12,0,0,0,0,12,12,0,0,0,0,0,0,0,0,0,0,0,0,38,12,0,0,0,0,6,0,0,0,0,0,0,0,0,45,1,0,0,0,0,0,0,0,0,0,0,0,0,0,0,0,No
1.2.0,openjpa-jdbc/src/main/java/org/apache/openjpa/jdbc/conf/JDBCSeqValue.java,6,7,1,6,1,2,0,8,0,0.0,NaN,NaN,1,0,1,0,0,0,1,0,0,0,1,1,0,0,0,1,1,0,0,9,0,0,0,0,0,3,2,1,0,1,0,0,0,0,57,1,0,0,0,0,0,0,0,0,0,0,0,0,0,0,0,No
1.2.0,openjpa-jdbc/src/main/java/org/apache/openjpa/jdbc/kernel/exps/InValueExpression.java,5,6,1,5,3,2,0,3,1,0.0,0.0,0.0,2,0,1,0,1,0,2,0,0,0,0,0,0,0,0,0,0,0,0,9,1,0,1,0,1,0,0,1,0,1,0,0,0,0,35,0,0,0,0,0,0,0,0,0,0,0,0,0,0,0,0,No
1.2.0,openjpa-lib/src/main/java/org/apache/openjpa/lib/graph/NodeInfo.java,0,3,3,0,0,1,0,0,0,NaN,-1.0,-1.0,0,0,0,0,0,0,0,0,0,0,5,3,5,0,0,0,3,0,0,7,0,0,0,0,0,0,4,5,0,5,0,0,0,0,30,0,0,0,0,0,0,0,0,0,0,0,0,0,0,0,0,Yes
1.2.0,openjpa-jdbc/src/main/java/org/apache/openjpa/jdbc/kernel/exps/AbstractVal.java,6,22,16,6,11,1,16,5,55,0.90909094,0.0,0.0,11,0,11,0,0,0,11,0,0,0,2,2,0,0,2,0,2,0,0,40,5,0,0,0,0,5,2,2,0,2,0,0,0,0,50,1024,0,0,1,1,4,4,4.0,0,0,0.0,4,4,4.0,11,11.0,No
1.2.0,openjpa-jdbc/src/main/java/org/apache/openjpa/jdbc/meta/strats/SuperclassVersionStrategy.java,5,8,3,5,4,3,0,7,6,0.0,0.0,0.0,4,0,4,0,0,0,4,0,0,0,0,0,0,0,0,0,0,0,0,14,3,0,0,0,0,0,0,0,0,0,0,0,0,0,39,1,0,0,0,0,0,0,0,0,0,0,0,0,0,0,0,No
1.2.0,openjpa-kernel/src/main/java/org/apache/openjpa/conf/SeqValue.java,2,4,2,2,1,2,0,4,0,0.0,NaN,NaN,1,0,1,0,0,0,1,0,0,0,1,1,0,1,0,0,1,0,0,9,0,0,0,0,0,1,2,1,0,1,0,0,0,0,40,1,0,0,0,0,0,0,0,0,0,0,0,0,0,0,0,No
1.2.0,openjpa-kernel/src/main/java/org/apache/openjpa/kernel/exps/ValExpression.java,4,5,1,4,8,2,0,9,0,0.0,0.0,0.0,4,0,2,0,2,0,4,0,0,0,1,0,0,1,0,0,1,0,0,20,2,0,3,0,3,0,0,4,0,4,0,0,0,0,26,0,0,0,0,0,0,0,0,0,0,0,0,0,0,0,0,No
1.2.0,openjpa-kernel/src/main/java/org/apache/openjpa/kernel/exps/Add.java,3,4,1,3,2,3,0,1,1,0.0,0.0,0.0,2,0,1,0,1,0,2,0,0,0,0,0,0,0,0,0,0,0,1,8,1,0,0,0,0,0,0,0,0,0,0,0,0,0,20,0,0,0,0,0,0,0,0,0,0,0,0,0,0,0,0,No
1.2.0,openjpa-kernel/src/main/java/org/apache/openjpa/kernel/exps/NotEqualExpression.java,2,3,1,2,5,3,0,1,1,0.0,0.0,0.0,2,0,1,0,1,0,2,0,0,0,0,0,0,0,0,0,0,0,0,8,1,0,3,0,2,0,0,0,0,0,0,0,0,0,19,0,0,0,0,0,0,0,0,0,0,0,0,0,0,0,0,No
1.2.0,openjpa-kernel/src/main/java/org/apache/openjpa/util/ObjectNotFoundException.java,6,10,4,6,4,6,0,6,4,0.5,0.0,0.0,4,0,4,0,0,0,4,0,0,0,1,1,0,1,0,0,1,0,2,17,1,0,0,0,0,2,0,1,0,1,0,0,0,0,35,1,0,0,0,0,0,0,0,0,0,0,0,0,0,0,0,No
1.2.0,openjpa-kernel/src/main/java/org/apache/openjpa/util/InvalidStateException.java,3,17,14,3,3,6,3,1,3,0.0,0.0,0.0,3,0,3,0,0,0,3,0,0,0,0,0,0,0,0,0,0,0,0,12,1,0,0,0,0,0,0,0,0,0,0,0,0,0,39,1,0,0,0,0,0,0,0,0,0,0,0,0,0,0,0,No
1.2.0,openjpa-jdbc/src/main/java/org/apache/openjpa/jdbc/sql/FirebirdDictionary.java,5,6,1,5,4,3,0,4,3,0.0,0.0,0.0,3,0,3,0,0,0,3,0,0,0,0,0,0,0,0,0,0,0,0,25,1,0,1,0,0,10,0,3,1,0,1,0,0,0,43,1,0,0,0,0,0,0,0,0,0,0,0,0,0,0,0,No
1.2.0,openjpa-jdbc/src/main/java/org/apache/openjpa/jdbc/kernel/ConnectionInfo.java,3,4,1,3,0,1,0,0,0,NaN,-1.0,-1.0,0,0,0,0,0,0,0,0,0,0,3,0,3,0,0,0,0,0,0,5,0,0,0,0,0,0,0,3,0,3,0,0,0,0,25,1,0,0,0,0,0,0,0,0,0,0,0,0,0,0,0,No
1.2.0,openjpa-kernel/src/main/java/org/apache/openjpa/kernel/PDeletedFlushedState.java,4,6,2,4,2,3,0,1,1,0.0,0.0,0.0,2,0,0,0,0,2,2,0,0,0,0,0,0,0,0,0,0,0,0,9,2,0,0,0,0,0,0,0,0,0,0,0,0,0,30,0,0,0,0,0,0,0,0,0,0,0,0,0,0,0,0,No
1.2.0,openjpa-kernel/src/main/java/org/apache/openjpa/kernel/exps/ContainsKeyExpression.java,2,3,1,2,3,3,0,1,1,0.0,0.0,0.0,2,0,1,0,1,0,2,0,0,0,0,0,0,0,0,0,0,0,0,8,1,0,1,0,2,0,0,0,0,0,0,0,0,0,26,0,0,0,0,0,0,0,0,0,0,0,0,0,0,0,0,No
1.2.0,openjpa-kernel/src/main/java/org/apache/openjpa/util/NoResultException.java,3,3,0,3,3,7,0,1,3,0.0,0.0,0.0,3,0,3,0,0,0,3,0,0,0,0,0,0,0,0,0,0,0,0,12,1,0,0,0,0,0,0,0,0,0,0,0,0,0,35,1,0,0,0,0,0,0,0,0,0,0,0,0,0,0,0,No
1.2.0,openjpa-lib/src/main/java/org/apache/openjpa/lib/rop/SoftRandomAccessResultList.java,3,4,1,3,2,4,0,0,1,0.0,0.0,0.0,2,0,1,0,1,0,2,0,0,0,0,0,0,0,0,0,0,0,0,8,1,0,0,0,0,0,0,0,0,0,0,0,0,0,23,1,0,0,0,0,0,0,0,0,0,0,0,0,0,0,0,No
1.2.0,openjpa-persistence-jdbc/src/main/java/org/apache/openjpa/persistence/jdbc/JDBCFetchPlanImpl.java,14,16,2,14,50,2,0,43,763,0.56,0.0,0.0,50,0,49,0,1,0,50,0,0,0,1,0,0,1,0,0,0,0,7,167,49,0,0,0,0,0,0,1,0,1,0,0,0,0,70,1,0,0,2,2,36,34,18.0,2,2,1.0,38,34,19.0,20,17.0,No
1.2.0,openjpa-kernel/src/main/java/org/apache/openjpa/util/MetaDataException.java,3,13,10,3,5,6,0,1,10,0.0,0.0,0.0,5,0,5,0,0,0,5,0,0,0,0,0,0,0,0,0,0,0,0,20,1,0,0,0,0,0,0,0,0,0,0,0,0,0,25,1,0,0,0,0,0,0,0,0,0,0,0,0,0,0,0,No
1.2.0,openjpa-kernel/src/main/java/org/apache/openjpa/util/NonUniqueResultException.java,3,3,0,3,3,7,0,1,3,0.0,0.0,0.0,3,0,3,0,0,0,3,0,0,0,0,0,0,0,0,0,0,0,0,12,1,0,0,0,0,0,0,0,0,0,0,0,0,0,39,1,0,0,0,0,0,0,0,0,0,0,0,0,0,0,0,No
1.2.0,openjpa-jdbc/src/main/java/org/apache/openjpa/jdbc/kernel/exps/InSubQExpression.java,9,10,1,9,5,2,0,8,0,0.0,0.0,0.0,5,0,5,0,0,0,5,0,0,0,2,0,0,2,0,0,2,0,0,41,1,0,0,0,0,1,4,6,0,6,0,0,1,0,46,0,0,0,0,0,0,0,0,0,0,0,0,0,0,0,0,No
1.2.0,openjpa-jdbc/src/main/java/org/apache/openjpa/jdbc/meta/strats/AbstractValueHandler.java,5,15,10,5,6,1,10,0,15,0.0,0.0,0.0,6,0,6,0,0,0,6,0,0,0,0,0,0,0,0,0,0,0,0,20,6,0,0,0,0,0,0,0,0,0,0,0,0,0,41,1025,0,0,0,0,0,0,0,0,0,0,0,0,0,0,0,No
1.2.0,openjpa-kernel/src/main/java/org/apache/openjpa/kernel/TLoadedState.java,2,3,1,2,2,2,0,1,1,0.0,0.0,0.0,2,0,0,0,0,2,2,0,0,0,0,0,0,0,0,0,0,0,0,8,1,0,0,0,0,0,0,0,0,0,0,0,0,0,43,0,0,0,0,0,0,0,0,0,0,0,0,0,0,0,0,No
1.2.0,openjpa-kernel/src/main/java/org/apache/openjpa/kernel/exps/BindKeyVariableExpression.java,3,4,1,3,3,3,0,1,1,0.0,0.0,0.0,2,0,1,0,1,0,2,0,0,0,0,0,0,0,0,0,0,0,0,9,1,0,1,0,1,0,0,1,0,1,0,0,0,0,24,0,0,0,0,0,0,0,0,0,0,0,0,0,0,0,0,No
1.2.0,openjpa-kernel/src/main/java/org/apache/openjpa/kernel/HollowState.java,2,3,1,2,11,2,0,4,55,0.0,0.0,0.0,11,0,0,0,0,11,11,0,0,0,0,0,0,0,0,0,0,0,0,38,10,0,0,0,0,0,0,0,0,0,0,0,0,0,78,0,0,0,0,0,0,0,0,0,0,0,0,0,0,0,0,No
1.2.0,openjpa-jdbc/src/main/java/org/apache/openjpa/jdbc/kernel/exps/Max.java,2,3,1,2,3,2,0,0,3,0.0,0.0,0.0,3,0,2,0,1,0,3,0,0,0,0,0,0,0,0,0,0,0,0,11,2,0,0,0,0,1,0,0,0,0,0,0,0,0,17,0,0,0,0,0,0,0,0,0,0,0,0,0,0,0,0,No
1.2.0,openjpa-kernel/src/main/java/org/apache/openjpa/kernel/exps/ContainsValueExpression.java,2,3,1,2,3,3,0,1,1,0.0,0.0,0.0,2,0,1,0,1,0,2,0,0,0,0,0,0,0,0,0,0,0,0,8,1,0,1,0,2,0,0,0,0,0,0,0,0,0,25,0,0,0,0,0,0,0,0,0,0,0,0,0,0,0,0,No
1.2.0,openjpa-jdbc/src/main/java/org/apache/openjpa/jdbc/schema/ReferenceCounter.java,0,13,13,0,3,1,3,0,0,0.0,0.0,0.0,3,0,3,0,0,0,3,0,0,0,1,0,0,1,0,0,0,0,0,12,1,0,0,0,0,0,1,1,0,1,0,0,0,0,21,0,0,0,0,0,0,0,0,0,0,0,0,0,0,0,0,No
1.2.0,openjpa-kernel/src/main/java/org/apache/openjpa/kernel/ECopyState.java,3,4,1,3,12,2,0,5,66,0.0,0.0,0.0,12,0,0,0,0,12,12,0,0,0,0,0,0,0,0,0,0,0,0,40,10,0,0,0,0,1,0,0,0,0,0,0,0,0,51,0,0,0,0,0,0,0,0,0,0,0,0,0,0,0,0,No
1.2.0,openjpa-kernel/src/main/java/org/apache/openjpa/ee/SunOneManagedRuntime.java,4,6,2,4,4,2,0,6,4,0.5,0.0,0.0,4,0,4,0,0,0,4,0,0,0,2,0,0,2,0,0,0,0,1,19,2,0,0,0,0,3,0,4,0,4,0,0,0,0,28,1,0,0,0,0,0,0,0,0,0,0,0,0,0,0,0,No
1.2.0,openjpa-jdbc/src/main/java/org/apache/openjpa/jdbc/kernel/exps/ToLowerCase.java,7,9,2,7,4,2,0,9,3,0.0,0.0,0.0,3,0,3,0,0,0,3,0,0,0,0,0,0,0,0,0,0,0,0,18,1,0,1,0,0,2,2,4,1,3,0,0,0,0,35,1,0,0,1,1,5,5,5.0,1,1,1.0,6,6,6.0,11,11.0,Yes
1.2.0,openjpa-kernel/src/main/java/org/apache/openjpa/datacache/ConcurrentQueryCache.java,9,11,2,9,16,3,0,17,0,0.125,0.0,0.0,16,0,8,0,8,0,16,0,0,0,1,0,0,1,0,0,0,0,0,52,10,0,0,0,0,0,0,1,0,1,0,0,0,0,125,1,0,0,0,0,0,0,0,0,0,0,0,0,0,0,0,No
1.2.0,openjpa-jdbc/src/main/java/org/apache/openjpa/jdbc/kernel/exps/SQLExpression.java,1,1,0,1,1,2,0,0,0,0.0,NaN,NaN,1,0,1,0,0,0,1,0,0,0,1,1,1,0,0,0,1,0,0,6,1,0,0,0,0,1,0,1,0,1,0,0,0,0,44,1,0,0,0,0,0,0,0,0,0,0,0,0,0,0,0,No
1.2.0,openjpa-slice/src/main/java/org/apache/openjpa/slice/jdbc/SliceStoreManager.java,2,5,3,2,3,2,0,1,0,0.0,0.0,0.0,3,0,3,0,0,0,3,0,0,0,1,0,0,1,0,0,1,0,0,12,2,0,0,0,0,0,0,1,0,1,0,0,0,0,27,1,0,0,2,1,114,113,57.0,64,64,32.0,178,113,89.0,27,20.0,Yes
1.2.0,openjpa-jdbc/src/main/java/org/apache/openjpa/jdbc/sql/Calendard.java,0,2,2,0,1,1,0,0,0,0.0,NaN,NaN,1,0,1,0,0,0,1,0,0,0,2,0,2,0,0,0,2,0,0,8,0,0,0,0,0,0,0,2,0,2,0,0,0,0,17,1,0,0,0,0,0,0,0,0,0,0,0,0,0,0,0,No
1.2.0,openjpa-jdbc/src/main/java/org/apache/openjpa/jdbc/conf/FetchModeValue.java,1,2,1,1,1,2,0,3,0,0.75,NaN,NaN,1,0,1,0,0,0,1,0,0,0,4,4,3,1,0,0,3,0,5,11,0,0,0,0,0,5,0,4,0,4,0,0,0,0,49,1,0,0,0,0,0,0,0,0,0,0,0,0,0,0,0,No
1.2.0,openjpa-jdbc/src/main/java/org/apache/openjpa/jdbc/sql/CacheDictionary.java,1,2,1,1,1,2,0,0,0,0.0,NaN,NaN,1,0,1,0,0,0,1,0,0,0,0,0,0,0,0,0,0,0,0,14,0,0,0,0,0,8,0,10,0,0,0,0,0,0,46,1,0,0,0,0,0,0,0,0,0,0,0,0,0,0,0,No
1.2.0,openjpa-jdbc/src/main/java/org/apache/openjpa/jdbc/kernel/exps/Min.java,2,3,1,2,3,2,0,0,3,0.0,0.0,0.0,3,0,2,0,1,0,3,0,0,0,0,0,0,0,0,0,0,0,0,11,2,0,0,0,0,1,0,0,0,0,0,0,0,0,17,0,0,0,0,0,0,0,0,0,0,0,0,0,0,0,0,No
1.2.0,openjpa-jdbc/src/main/java/org/apache/openjpa/jdbc/kernel/exps/Size.java,7,8,1,7,5,2,0,5,10,0.0,0.0,0.0,5,0,3,0,2,0,5,0,0,0,0,0,0,0,0,0,0,0,0,19,2,0,0,0,0,0,0,0,0,0,0,0,0,0,27,0,0,0,0,0,0,0,0,0,0,0,0,0,0,0,0,No
1.2.0,openjpa-jdbc/src/main/java/org/apache/openjpa/jdbc/meta/StrategyInstaller.java,5,16,11,5,6,1,6,0,15,0.8333333,0.0,0.0,6,0,6,0,0,0,6,4,0,0,1,0,0,0,1,0,1,0,0,13,1,0,0,0,0,0,0,1,0,1,0,0,0,0,43,1025,0,0,0,0,0,0,0,0,0,0,0,0,0,0,0,No
1.2.0,openjpa-jdbc/src/main/java/org/apache/openjpa/jdbc/sql/Sized.java,0,3,3,0,1,1,0,0,0,0.0,NaN,NaN,1,0,1,0,0,0,1,0,0,0,2,0,2,0,0,0,2,0,0,8,0,0,0,0,0,0,0,2,0,2,0,0,0,0,16,1,0,0,0,0,0,0,0,0,0,0,0,0,0,0,0,No
1.2.0,openjpa-kernel/src/main/java/org/apache/openjpa/kernel/PDeletedState.java,2,4,2,2,16,2,1,6,105,0.0,0.0,0.0,15,0,0,0,0,15,15,0,0,0,0,0,0,0,0,0,0,0,0,50,14,0,0,0,1,4,1,0,0,0,0,0,0,0,56,0,0,0,0,0,0,0,0,0,0,0,0,0,0,0,0,No
1.2.0,openjpa-lib/src/main/java/org/apache/openjpa/lib/rop/ListResultList.java,3,7,4,3,18,2,1,13,0,0.5555556,0.0,0.0,18,0,18,0,0,0,18,0,0,0,2,0,0,2,0,0,1,0,0,67,16,0,0,0,0,0,0,3,0,2,0,0,0,0,47,1,0,0,0,0,0,0,0,0,0,0,0,0,0,0,0,No
1.2.0,openjpa-kernel/src/main/java/org/apache/openjpa/ee/JNDIManagedRuntime.java,4,6,2,4,6,2,0,5,4,0.5,0.0,0.0,5,0,5,0,0,0,5,0,0,0,2,0,0,2,0,0,0,0,0,29,3,0,1,1,0,1,0,6,0,3,2,0,0,0,38,1,0,0,0,0,0,0,0,0,0,0,0,0,0,0,0,No
1.2.0,openjpa-jdbc/src/main/java/org/apache/openjpa/jdbc/kernel/exps/ToUpperCase.java,7,9,2,7,4,2,0,9,3,0.0,0.0,0.0,3,0,3,0,0,0,3,0,0,0,0,0,0,0,0,0,0,0,0,18,1,0,1,0,0,2,2,4,1,3,0,0,0,0,35,1,0,0,1,1,5,5,5.0,1,1,1.0,6,6,6.0,11,11.0,Yes
1.2.0,openjpa-jdbc/src/main/java/org/apache/openjpa/jdbc/meta/strats/ByteArrayValueHandler.java,8,10,2,8,4,2,0,5,6,0.75,0.0,0.0,4,1,4,0,0,0,4,0,0,0,1,1,0,1,0,0,1,0,2,19,4,0,0,0,0,0,1,2,0,2,0,0,0,0,28,1,0,0,0,0,0,0,0,0,0,0,0,0,0,0,0,No
1.2.0,openjpa-jdbc/src/main/java/org/apache/openjpa/jdbc/kernel/exps/IsEmptyExpression.java,7,8,1,7,5,1,0,8,0,0.0,0.0,0.0,5,0,5,0,0,0,5,0,0,0,1,0,0,1,0,0,1,0,0,22,1,0,0,0,0,0,0,1,0,1,0,0,0,0,37,0,0,0,0,0,0,0,0,0,0,0,0,0,0,0,0,No
1.2.0,openjpa-kernel/src/main/java/org/apache/openjpa/kernel/exps/ValuePath.java,5,6,1,5,4,3,0,6,0,0.0,0.0,0.0,4,0,3,0,1,0,4,0,0,0,1,0,0,1,0,0,1,0,0,17,2,0,0,0,0,0,0,1,0,1,0,0,0,0,31,0,0,0,0,0,0,0,0,0,0,0,0,0,0,0,0,No
1.2.0,openjpa-jdbc/src/main/java/org/apache/openjpa/jdbc/kernel/BatchingOperationOrderUpdateManager.java,6,6,0,6,4,3,0,5,1,0.0,0.0,0.0,2,0,0,0,2,0,2,0,0,0,0,0,0,0,0,0,0,0,0,20,2,0,0,1,0,0,0,5,0,2,1,0,0,0,75,1,0,0,5,3,89,48,17.8,15,7,3.0,104,48,20.8,4,2.6,No
1.2.0,openjpa-kernel/src/main/java/org/apache/openjpa/util/UnsupportedException.java,2,11,9,2,5,5,0,1,10,0.0,0.0,0.0,5,0,5,0,0,0,5,0,0,0,0,0,0,0,0,0,0,0,0,20,1,0,0,0,0,0,0,0,0,0,0,0,0,0,29,1,0,0,0,0,0,0,0,0,0,0,0,0,0,0,0,No
1.2.0,openjpa-kernel/src/main/java/org/apache/openjpa/event/LifecycleEvent.java,1,15,14,1,4,1,0,0,2,0.96,0.0,0.0,4,0,4,0,0,0,4,0,0,0,25,23,23,2,0,0,25,0,0,41,2,0,0,0,0,0,22,25,0,25,0,0,0,0,80,1,0,0,1,1,29,29,29.0,0,0,0.0,29,29,29.0,6,6.0,No
1.2.0,openjpa-jdbc/src/main/java/org/apache/openjpa/jdbc/meta/strats/NanoPrecisionTimestampVersionStrategy.java,1,2,1,1,2,5,0,1,1,0.5,0.0,0.0,2,0,1,0,1,0,2,0,0,0,1,1,1,0,0,0,1,0,0,9,2,0,0,0,0,1,0,1,0,1,0,0,0,0,23,1,0,0,1,1,41,41,41.0,0,0,0.0,41,41,41.0,4,4.0,Yes
1.2.0,openjpa-jdbc/src/main/java/org/apache/openjpa/jdbc/kernel/exps/NotExpression.java,7,8,1,7,5,2,0,8,0,0.0,0.0,0.0,5,0,5,0,0,0,5,0,0,0,1,0,0,1,0,0,1,0,0,30,1,0,0,0,2,2,0,2,0,2,0,0,1,0,34,0,0,0,0,0,0,0,0,0,0,0,0,0,0,0,0,No
1.2.0,openjpa-kernel/src/main/java/org/apache/openjpa/kernel/exps/InstanceofExpression.java,5,6,1,5,6,2,0,10,0,0.125,0.0,0.0,4,0,2,0,2,0,4,0,0,0,2,0,0,2,0,0,2,0,1,21,2,0,1,0,1,0,0,4,0,4,0,0,0,0,42,0,0,0,0,0,0,0,0,0,0,0,0,0,0,0,0,No
1.2.0,openjpa-kernel/src/main/java/org/apache/openjpa/event/ExceptionOrphanedKeyAction.java,6,7,1,6,1,1,0,2,0,0.0,NaN,NaN,1,0,1,0,0,0,1,0,0,0,1,1,0,1,0,0,1,0,0,6,0,0,0,0,0,1,0,1,0,1,0,0,0,0,29,1,0,0,0,0,0,0,0,0,0,0,0,0,0,0,0,No
1.2.0,openjpa-kernel/src/main/java/org/apache/openjpa/util/ObjectId.java,2,7,5,2,9,2,0,2,0,0.0,0.0,0.0,7,0,4,0,2,1,7,0,0,0,1,0,0,1,0,0,0,0,0,27,4,0,3,0,3,0,1,4,0,2,0,0,0,0,33,17,0,0,0,0,0,0,0,0,0,0,0,0,0,0,0,No
1.2.0,openjpa-kernel/src/main/java/org/apache/openjpa/util/StoreException.java,2,14,12,2,6,5,5,1,15,1.0,0.0,0.0,6,0,6,0,0,0,6,0,0,0,5,5,5,0,0,0,5,0,0,25,1,0,0,0,0,0,5,5,0,5,0,0,0,0,36,1,0,0,1,1,8,8,8.0,0,0,0.0,8,8,8.0,3,3.0,No
1.2.0,openjpa-kernel/src/main/java/org/apache/openjpa/kernel/PNewFlushedDeletedState.java,2,4,2,2,15,2,1,3,105,0.0,0.0,0.0,15,0,0,0,0,15,15,0,0,0,0,0,0,0,0,0,0,0,0,50,15,0,0,0,0,4,0,0,0,0,0,0,0,0,55,0,0,0,0,0,0,0,0,0,0,0,0,0,0,0,0,No
1.2.1,openjpa-kernel/src/main/java/org/apache/openjpa/event/TransactionEvent.java,1,7,6,1,10,1,0,0,5,0.8809525,0.0,0.0,6,0,6,0,0,0,6,0,0,0,14,9,9,5,0,0,14,0,0,39,5,0,4,0,4,0,9,14,0,14,0,0,0,0,121,1,0,0,1,1,0,0,0.0,156,156,156.0,156,156,156.0,2110,2110.0,No
1.2.1,openjpa-kernel/src/main/java/org/apache/openjpa/kernel/exps/AndExpression.java,3,5,2,3,6,2,1,5,0,0.16666667,0.0,0.0,6,0,4,0,2,0,6,0,0,0,2,0,0,2,0,0,2,0,0,26,4,0,0,0,0,0,0,2,0,2,0,0,0,0,30,0,0,0,1,1,0,0,0.0,71,71,71.0,71,71,71.0,2110,2110.0,No
1.2.1,openjpa-kernel/src/main/java/org/apache/openjpa/kernel/AbstractFieldManager.java,2,3,1,2,20,1,1,0,190,0.0,0.0,0.0,20,0,20,0,0,0,20,0,0,0,0,0,0,0,0,0,0,0,0,62,0,0,0,0,0,0,0,0,0,0,0,0,0,0,26,1024,0,0,1,1,0,0,0.0,112,112,112.0,112,112,112.0,2110,2110.0,No
1.2.1,openjpa-lib/src/main/java/org/apache/openjpa/lib/meta/SuffixMetaDataFilter.java,2,3,1,2,3,1,0,2,0,0.0,0.0,0.0,2,0,2,0,0,0,2,0,0,0,1,0,0,1,0,0,1,0,0,10,1,0,1,0,0,0,0,2,0,2,0,0,0,0,23,1,0,0,1,1,0,0,0.0,42,42,42.0,42,42,42.0,2110,2110.0,No
1.2.1,openjpa-kernel/src/main/java/org/apache/openjpa/kernel/jpql/SimpleNode.java,2,2,0,2,1,2,0,0,0,0.0,NaN,NaN,1,0,0,0,0,1,1,0,0,0,0,0,0,0,0,0,0,0,0,5,0,0,0,0,0,0,0,0,0,0,0,0,0,0,22,1,0,0,1,1,0,0,0.0,34,34,34.0,34,34,34.0,2110,2110.0,No
1.2.1,openjpa-jdbc/src/main/java/org/apache/openjpa/jdbc/meta/strats/AbstractClassStrategy.java,11,17,6,11,7,2,6,0,21,0.85714287,0.0,0.0,7,0,7,0,0,0,7,0,0,0,1,0,0,0,1,0,0,0,0,24,6,0,0,0,0,0,0,2,0,1,0,0,0,0,60,1025,0,0,1,1,0,0,0.0,82,82,82.0,82,82,82.0,2110,2110.0,No
1.2.1,openjpa-kernel/src/main/java/org/apache/openjpa/util/OptimisticException.java,6,11,5,6,5,6,0,6,4,0.4,0.0,0.0,5,0,5,0,0,0,5,0,0,0,1,1,0,1,0,0,1,0,2,21,1,0,0,0,0,3,0,1,0,1,0,0,0,0,29,1,0,0,1,1,0,0,0.0,61,61,61.0,61,61,61.0,2110,2110.0,No
1.2.1,openjpa-kernel/src/main/java/org/apache/openjpa/kernel/exps/Lit.java,4,5,1,4,9,2,0,2,0,0.4375,0.0,0.0,8,0,7,0,1,0,8,0,0,0,2,0,0,2,0,0,1,0,1,29,5,0,1,0,1,0,0,4,0,2,0,0,0,0,28,0,0,0,1,1,0,0,0.0,72,72,72.0,72,72,72.0,2110,2110.0,No
1.2.1,openjpa-kernel/src/main/java/org/apache/openjpa/kernel/exps/UnboundVariable.java,2,3,1,2,6,2,0,0,7,0.5833334,0.0,0.0,6,0,5,0,1,0,6,0,0,0,2,0,0,2,0,0,0,0,0,22,3,0,0,0,0,0,0,5,0,2,0,0,0,0,56,0,0,0,1,1,0,0,0.0,69,69,69.0,69,69,69.0,2110,2110.0,No
1.2.1,openjpa-kernel/src/main/java/org/apache/openjpa/kernel/exps/Param.java,4,6,2,4,7,2,0,1,11,0.6666667,0.0,0.0,7,0,6,0,1,0,7,0,0,0,3,0,0,3,0,0,0,0,0,27,4,0,0,0,0,0,1,7,0,3,0,0,0,0,30,0,0,0,1,1,0,0,0.0,69,69,69.0,69,69,69.0,2110,2110.0,No
1.2.1,openjpa-jdbc/src/main/java/org/apache/openjpa/jdbc/sql/AbstractDB2Dictionary.java,3,5,2,3,8,2,2,6,0,0.0,0.0,0.0,3,0,3,0,0,0,3,0,0,0,1,0,1,0,0,0,0,0,5,75,0,0,2,0,0,38,2,31,5,4,2,0,0,0,100,1025,0,0,1,1,0,0,0.0,125,125,125.0,125,125,125.0,2110,2110.0,Yes
1.2.1,openjpa-kernel/src/main/java/org/apache/openjpa/ant/ApplicationIdToolTask.java,7,7,0,7,10,2,0,4,0,0.5,0.0,0.0,9,0,7,0,2,0,9,0,0,0,2,0,0,0,2,0,0,0,0,32,2,0,1,0,1,0,0,9,0,2,0,0,0,0,95,1,0,0,1,1,0,0,0.0,112,112,112.0,112,112,112.0,2110,2110.0,No
1.2.1,openjpa-jdbc/src/main/java/org/apache/openjpa/jdbc/kernel/exps/Any.java,2,3,1,2,2,3,0,0,1,0.0,0.0,0.0,2,0,1,0,1,0,2,0,0,0,0,0,0,0,0,0,0,0,0,8,1,0,0,0,0,1,0,0,0,0,0,0,0,0,8,0,0,0,1,1,0,0,0.0,37,37,37.0,37,37,37.0,2110,2110.0,No
1.2.1,openjpa-kernel/src/main/java/org/apache/openjpa/kernel/PNonTransNewState.java,2,3,1,2,8,2,0,2,28,0.0,0.0,0.0,8,0,0,0,0,8,8,0,0,0,0,0,0,0,0,0,0,0,0,27,7,0,0,0,0,0,0,0,0,0,0,0,0,0,38,0,0,0,1,1,0,0,0.0,63,63,63.0,63,63,63.0,2110,2110.0,No
1.2.1,openjpa-jdbc/src/main/java/org/apache/openjpa/jdbc/kernel/exps/All.java,2,3,1,2,2,3,0,0,1,0.0,0.0,0.0,2,0,1,0,1,0,2,0,0,0,0,0,0,0,0,0,0,0,0,8,1,0,0,0,0,1,0,0,0,0,0,0,0,0,8,0,0,0,1,1,0,0,0.0,37,37,37.0,37,37,37.0,2110,2110.0,No
1.2.1,openjpa-kernel/src/main/java/org/apache/openjpa/kernel/exps/Divide.java,3,4,1,3,2,3,0,1,1,0.0,0.0,0.0,2,0,1,0,1,0,2,0,0,0,0,0,0,0,0,0,0,0,1,8,1,0,0,0,0,0,0,0,0,0,0,0,0,0,21,0,0,0,1,1,0,0,0.0,42,42,42.0,42,42,42.0,2110,2110.0,No
1.2.1,openjpa-jdbc/src/main/java/org/apache/openjpa/jdbc/meta/strats/ClobValueHandler.java,5,7,2,5,2,2,0,3,1,0.5,0.0,0.0,2,1,2,0,0,0,2,0,0,0,1,1,0,1,0,0,1,0,0,13,2,0,0,0,0,0,1,2,0,2,0,0,0,0,17,1,0,0,1,1,0,0,0.0,51,51,51.0,51,51,51.0,2110,2110.0,No
1.2.1,openjpa-kernel/src/main/java/org/apache/openjpa/datacache/ExpirationEvent.java,0,2,2,0,3,1,0,0,0,0.33333334,0.0,0.0,3,0,3,0,0,0,3,0,0,0,2,0,0,2,0,0,2,0,0,15,2,0,0,0,0,0,0,2,0,2,0,0,0,0,40,1,0,0,1,1,0,0,0.0,65,65,65.0,65,65,65.0,2110,2110.0,No
1.2.1,openjpa-jdbc/src/main/java/org/apache/openjpa/jdbc/meta/strats/BlobValueHandler.java,5,7,2,5,2,2,0,3,1,0.5,0.0,0.0,2,1,2,0,0,0,2,0,0,0,1,1,0,1,0,0,1,0,0,13,2,0,0,0,0,0,1,2,0,2,0,0,0,0,17,1,0,0,1,1,0,0,0.0,51,51,51.0,51,51,51.0,2110,2110.0,No
1.2.1,openjpa-kernel/src/main/java/org/apache/openjpa/kernel/PCleanState.java,2,3,1,2,13,2,0,2,78,0.0,0.0,0.0,13,0,0,0,0,13,13,0,0,0,0,0,0,0,0,0,0,0,0,42,12,0,0,0,0,0,0,0,0,0,0,0,0,0,55,0,0,0,1,1,0,0,0.0,85,85,85.0,85,85,85.0,2110,2110.0,No
1.2.1,openjpa-jdbc/src/main/java/org/apache/openjpa/jdbc/kernel/exps/Sqrt.java,2,4,2,2,4,3,0,0,6,0.0,0.0,0.0,4,0,2,0,2,0,4,0,0,0,0,0,0,0,0,0,0,0,0,14,3,0,0,0,0,1,0,0,0,0,0,0,0,0,19,1,0,0,1,1,0,0,0.0,48,48,48.0,48,48,48.0,2110,2110.0,No
1.2.1,openjpa-kernel/src/main/java/org/apache/openjpa/kernel/exps/BindValueVariableExpression.java,3,4,1,3,3,3,0,1,1,0.0,0.0,0.0,2,0,1,0,1,0,2,0,0,0,0,0,0,0,0,0,0,0,0,9,1,0,1,0,1,0,0,1,0,1,0,0,0,0,23,0,0,0,1,1,0,0,0.0,47,47,47.0,47,47,47.0,2110,2110.0,No
1.2.1,openjpa-jdbc/src/main/java/org/apache/openjpa/jdbc/kernel/exps/Avg.java,2,3,1,2,3,3,0,0,3,0.0,0.0,0.0,3,0,2,0,1,0,3,0,0,0,0,0,0,0,0,0,0,0,0,11,2,0,0,0,0,1,0,0,0,0,0,0,0,0,17,0,0,0,1,1,0,0,0.0,44,44,44.0,44,44,44.0,2110,2110.0,No
1.2.1,openjpa-kernel/src/main/java/org/apache/openjpa/kernel/exps/Multiply.java,3,4,1,3,2,3,0,1,1,0.0,0.0,0.0,2,0,1,0,1,0,2,0,0,0,0,0,0,0,0,0,0,0,1,8,1,0,0,0,0,0,0,0,0,0,0,0,0,0,20,0,0,0,1,1,0,0,0.0,42,42,42.0,42,42,42.0,2110,2110.0,No
1.2.1,openjpa-kernel/src/main/java/org/apache/openjpa/kernel/exps/CompareExpression.java,6,16,10,6,13,2,9,12,0,0.2,0.0,0.0,5,0,2,0,3,0,5,1,0,0,2,0,0,2,0,0,2,0,6,37,2,0,6,0,2,0,0,14,0,10,1,0,0,0,35,1024,0,0,1,1,0,0,0.0,85,85,85.0,85,85,85.0,2110,2110.0,No
1.2.1,openjpa-lib/src/main/java/org/apache/openjpa/lib/conf/BootstrapException.java,1,3,2,1,6,4,0,0,13,0.6666667,0.0,0.0,6,0,6,0,0,0,6,0,0,0,1,0,0,1,0,0,0,0,0,22,2,0,0,0,0,0,0,2,0,1,0,0,0,0,19,1,0,0,1,1,0,0,0.0,55,55,55.0,55,55,55.0,2110,2110.0,Yes
1.2.1,openjpa-jdbc/src/main/java/org/apache/openjpa/jdbc/meta/strats/SuperclassDiscriminatorStrategy.java,11,14,3,11,8,3,0,14,10,0.0,0.0,0.0,5,0,5,0,0,0,5,0,0,0,0,0,0,0,0,0,0,0,0,24,3,1,2,0,0,0,0,2,0,1,2,0,0,0,43,1,0,0,1,1,0,0,0.0,77,77,77.0,77,77,77.0,2110,2110.0,No
1.2.1,openjpa-kernel/src/main/java/org/apache/openjpa/kernel/exps/EqualExpression.java,2,3,1,2,5,3,0,1,1,0.0,0.0,0.0,2,0,1,0,1,0,2,0,0,0,0,0,0,0,0,0,0,0,0,8,1,0,3,0,2,0,0,0,0,0,0,0,0,0,18,0,0,0,1,1,0,0,0.0,41,41,41.0,41,41,41.0,2110,2110.0,No
1.2.1,openjpa-kernel/src/main/java/org/apache/openjpa/util/InternalException.java,2,15,13,2,7,5,0,1,21,0.0,0.0,0.0,7,0,7,0,0,0,7,0,0,0,0,0,0,0,0,0,0,0,0,28,1,0,0,0,0,0,0,0,0,0,0,0,0,0,25,1,0,0,1,1,0,0,0.0,64,64,64.0,64,64,64.0,2110,2110.0,No
1.2.1,openjpa-jdbc/src/main/java/org/apache/openjpa/jdbc/conf/JDBCProductDerivation.java,4,4,0,4,4,2,0,4,3,0.0,0.0,0.0,3,0,3,0,0,0,3,0,0,0,0,0,0,0,0,0,0,0,0,15,3,0,1,0,0,2,0,0,0,0,1,0,0,0,35,1,0,0,1,1,0,0,0.0,51,51,51.0,51,51,51.0,2110,2110.0,No
1.2.1,openjpa-kernel/src/main/java/org/apache/openjpa/util/LongId.java,2,4,2,2,11,2,0,3,0,0.0,0.0,0.0,8,0,6,0,2,0,8,0,0,0,1,0,0,1,0,0,1,0,1,29,4,0,3,0,5,0,3,2,1,1,0,0,0,0,23,17,0,0,1,1,0,0,0.0,65,65,65.0,65,65,65.0,2110,2110.0,No
1.2.1,openjpa-slice/src/main/java/org/apache/openjpa/slice/jdbc/DistributedStatement.java,2,3,1,2,1,2,0,0,0,0.0,NaN,NaN,1,0,1,0,0,0,1,0,0,0,0,0,0,0,0,0,0,0,0,5,0,0,0,0,0,0,0,0,0,0,0,0,0,0,13,0,0,0,1,1,0,0,0.0,33,33,33.0,33,33,33.0,2110,2110.0,Yes
1.2.1,openjpa-kernel/src/main/java/org/apache/openjpa/kernel/EDirtyState.java,3,4,1,3,14,2,0,5,91,0.0,0.0,0.0,14,0,1,0,0,13,14,0,0,0,0,0,0,0,0,0,0,0,0,46,12,0,0,0,0,1,0,0,0,0,0,0,0,0,54,0,0,0,1,1,0,0,0.0,90,90,90.0,90,90,90.0,2110,2110.0,No
1.2.1,openjpa-kernel/src/main/java/org/apache/openjpa/kernel/PNewDeletedState.java,2,3,1,2,14,2,0,4,91,0.0,0.0,0.0,14,0,0,0,0,14,14,0,0,0,0,0,0,0,0,0,0,0,0,48,14,0,0,0,0,4,0,0,0,0,0,0,0,0,47,0,0,0,1,1,0,0,0.0,92,92,92.0,92,92,92.0,2110,2110.0,No
1.2.1,openjpa-kernel/src/main/java/org/apache/openjpa/kernel/PNonTransDirtyState.java,2,3,1,2,9,2,0,3,36,0.0,0.0,0.0,9,0,0,0,0,9,9,0,0,0,0,0,0,0,0,0,0,0,0,30,8,0,0,0,0,1,0,0,0,0,0,0,0,0,57,0,0,0,1,1,0,0,0.0,69,69,69.0,69,69,69.0,2110,2110.0,No
1.2.1,openjpa-kernel/src/main/java/org/apache/openjpa/kernel/TransientState.java,4,5,1,4,1,2,0,6,0,0.0,NaN,NaN,1,0,0,0,0,1,1,0,0,0,0,0,0,0,0,0,0,0,0,7,0,0,0,0,0,0,0,0,0,0,0,0,0,0,31,0,0,0,1,1,0,0,0.0,39,39,39.0,39,39,39.0,2110,2110.0,No
1.2.1,openjpa-kernel/src/main/java/org/apache/openjpa/kernel/PDirtyState.java,3,4,1,3,15,2,0,7,105,0.0,0.0,0.0,15,0,0,0,0,15,15,0,0,0,0,0,0,0,0,0,0,0,0,49,13,0,0,0,0,2,0,0,0,0,0,0,0,0,58,0,0,0,1,1,0,0,0.0,94,94,94.0,94,94,94.0,2110,2110.0,No
1.2.1,openjpa-jdbc/src/main/java/org/apache/openjpa/jdbc/kernel/exps/InKeyExpression.java,5,6,1,5,3,2,0,3,1,0.0,0.0,0.0,2,0,1,0,1,0,2,0,0,0,0,0,0,0,0,0,0,0,0,9,1,0,1,0,1,0,0,1,0,1,0,0,0,0,36,0,0,0,1,1,0,0,0.0,47,47,47.0,47,47,47.0,2110,2110.0,No
1.2.1,openjpa-kernel/src/main/java/org/apache/openjpa/kernel/exps/Mod.java,3,4,1,3,2,3,0,1,1,0.0,0.0,0.0,2,0,1,0,1,0,2,0,0,0,0,0,0,0,0,0,0,0,1,8,1,0,0,0,0,0,0,0,0,0,0,0,0,0,20,0,0,0,1,1,0,0,0.0,42,42,42.0,42,42,42.0,2110,2110.0,No
1.2.1,openjpa-jdbc/src/main/java/org/apache/openjpa/jdbc/kernel/exps/Count.java,5,6,1,5,5,3,0,1,10,0.0,0.0,0.0,5,0,3,0,2,0,5,0,0,0,0,0,0,0,0,0,0,0,0,17,4,0,0,0,0,1,0,0,0,0,0,0,0,0,29,0,0,0,1,1,0,0,0.0,55,55,55.0,55,55,55.0,2110,2110.0,No
1.2.1,openjpa-kernel/src/main/java/org/apache/openjpa/util/CallbackException.java,2,2,0,2,3,6,0,0,3,0.0,0.0,0.0,3,0,3,0,0,0,3,0,0,0,0,0,0,0,0,0,0,0,0,11,1,0,0,0,0,0,0,0,0,0,0,0,0,0,23,1,0,0,1,1,0,0,0.0,43,43,43.0,43,43,43.0,2110,2110.0,No
1.2.1,openjpa-kernel/src/main/java/org/apache/openjpa/kernel/exps/OrExpression.java,3,4,1,3,4,2,0,5,0,0.0,0.0,0.0,4,0,2,0,2,0,4,0,0,0,2,0,0,2,0,0,2,0,0,20,2,0,0,0,0,0,0,2,0,2,0,0,0,0,27,0,0,0,1,1,0,0,0.0,63,63,63.0,63,63,63.0,2110,2110.0,No
1.2.1,openjpa-kernel/src/main/java/org/apache/openjpa/event/BrokerFactoryEvent.java,1,3,2,1,3,1,0,1,1,0.6666667,0.0,0.0,3,0,3,0,0,0,3,0,0,0,2,1,1,1,0,0,1,0,0,14,2,0,0,0,0,0,1,2,0,2,0,0,0,0,41,1,0,0,1,1,0,0,0.0,56,56,56.0,56,56,56.0,2110,2110.0,Yes
1.2.1,openjpa-kernel/src/main/java/org/apache/openjpa/kernel/PNewProvisionalState.java,3,4,1,3,14,2,0,6,91,0.0,0.0,0.0,14,0,0,0,0,14,14,0,0,0,0,0,0,0,0,0,0,0,0,49,13,0,0,0,0,0,0,0,0,0,0,0,0,0,51,0,0,0,1,1,0,0,0.0,93,93,93.0,93,93,93.0,2110,2110.0,No
1.2.1,openjpa-kernel/src/main/java/org/apache/openjpa/kernel/EDeletedState.java,2,3,1,2,10,2,0,3,45,0.0,0.0,0.0,10,0,1,0,0,9,10,0,0,0,0,0,0,0,0,0,0,0,0,35,10,0,0,0,0,1,0,0,0,0,0,0,0,0,41,0,0,0,1,1,0,0,0.0,74,74,74.0,74,74,74.0,2110,2110.0,No
1.2.1,openjpa-lib/src/main/java/org/apache/openjpa/lib/jdbc/JDBCEvent.java,1,8,7,1,7,1,0,2,11,0.91596645,0.0,0.0,7,0,7,0,0,0,7,0,6,0,17,12,12,5,0,0,17,0,1,45,6,0,0,0,0,0,12,17,0,17,0,0,0,0,80,1,0,0,1,1,0,0,0.0,162,162,162.0,162,162,162.0,2110,2110.0,No
1.2.1,openjpa-kernel/src/main/java/org/apache/openjpa/util/ReferentialIntegrityException.java,3,4,1,3,10,6,0,7,16,0.875,0.0,0.0,8,1,5,3,0,0,5,0,0,0,7,6,5,2,0,0,6,0,1,39,6,0,0,0,0,3,5,9,0,7,1,0,0,0,57,1,0,0,1,1,0,0,0.0,94,94,94.0,94,94,94.0,2110,2110.0,No
1.2.1,openjpa-kernel/src/main/java/org/apache/openjpa/util/NoTransactionException.java,2,3,1,2,2,7,0,0,1,0.0,0.0,0.0,2,0,2,0,0,0,2,0,0,0,0,0,0,0,0,0,0,0,0,8,1,0,0,0,0,0,0,0,0,0,0,0,0,0,30,1,0,0,1,1,0,0,0.0,40,40,40.0,40,40,40.0,2110,2110.0,No
1.2.1,openjpa-jdbc/src/main/java/org/apache/openjpa/jdbc/kernel/DelegatingJDBCFetchConfiguration.java,6,7,1,6,57,2,0,30,435,0.0,0.0,0.0,30,0,30,0,0,0,30,0,0,0,0,0,0,0,0,0,0,0,0,241,28,0,0,27,0,0,0,0,0,0,1,0,0,0,71,1,0,0,1,1,0,0,0.0,297,297,297.0,297,297,297.0,2110,2110.0,No
1.2.1,openjpa-kernel/src/main/java/org/apache/openjpa/ant/PCEnhancerTask.java,7,7,0,7,7,2,0,5,1,0.5,0.0,0.0,6,0,4,0,2,0,6,0,0,0,2,0,0,0,2,0,0,0,0,25,1,0,1,0,1,0,0,9,0,4,0,0,0,0,92,1,0,0,1,1,0,0,0.0,91,91,91.0,91,91,91.0,2110,2110.0,No
1.2.1,openjpa-kernel/src/main/java/org/apache/openjpa/util/ObjectExistsException.java,2,2,0,2,3,6,0,0,3,0.0,0.0,0.0,3,0,3,0,0,0,3,0,0,0,0,0,0,0,0,0,0,0,0,11,1,0,0,0,0,0,0,0,0,0,0,0,0,0,25,1,0,0,1,1,0,0,0.0,43,43,43.0,43,43,43.0,2110,2110.0,No
1.2.1,openjpa-jdbc/src/main/java/org/apache/openjpa/jdbc/kernel/BatchingConstraintUpdateManager.java,6,6,0,6,4,3,0,5,1,0.0,0.0,0.0,2,0,0,0,2,0,2,0,0,0,0,0,0,0,0,0,0,0,0,20,2,0,0,1,0,0,0,5,0,2,1,0,0,0,75,1,0,0,1,1,0,0,0.0,72,72,72.0,72,72,72.0,2110,2110.0,No
1.2.1,openjpa-lib/src/main/java/org/apache/openjpa/lib/log/LogFactoryAdapter.java,3,6,3,3,3,1,2,3,1,0.5,0.0,0.0,2,0,1,0,1,0,2,1,0,0,1,0,0,1,0,0,0,0,0,12,1,0,1,0,0,0,0,3,0,2,1,0,0,0,38,1025,0,0,1,1,0,0,0.0,51,51,51.0,51,51,51.0,2110,2110.0,Yes
1.2.1,openjpa-kernel/src/main/java/org/apache/openjpa/kernel/ECleanState.java,2,3,1,2,13,2,0,2,78,0.0,0.0,0.0,13,0,0,0,0,13,13,0,0,0,0,0,0,0,0,0,0,0,0,42,12,0,0,0,0,0,0,0,0,0,0,0,0,0,59,0,0,0,1,1,0,0,0.0,86,86,86.0,86,86,86.0,2110,2110.0,No
1.2.1,openjpa-kernel/src/main/java/org/apache/openjpa/event/NoneOrphanedKeyAction.java,3,3,0,3,1,1,0,0,0,0.0,NaN,NaN,1,0,1,0,0,0,1,0,0,0,0,0,0,0,0,0,0,0,0,5,1,0,0,0,0,0,0,0,0,0,0,0,0,0,26,1,0,0,1,1,0,0,0.0,37,37,37.0,37,37,37.0,2110,2110.0,No
1.2.1,openjpa-kernel/src/main/java/org/apache/openjpa/kernel/exps/NotExpression.java,3,4,1,3,4,2,0,5,0,0.0,0.0,0.0,4,0,2,0,2,0,4,0,0,0,1,0,0,1,0,0,1,0,0,17,2,0,0,0,0,0,0,1,0,1,0,0,0,0,22,0,0,0,1,1,0,0,0.0,58,58,58.0,58,58,58.0,2110,2110.0,No
1.2.1,openjpa-kernel/src/main/java/org/apache/openjpa/kernel/NoneLockManager.java,2,2,0,2,3,2,0,1,3,0.0,0.0,0.0,3,0,3,0,0,0,3,0,0,0,0,0,0,0,0,0,0,0,0,11,1,0,0,0,0,0,0,0,0,0,0,0,0,0,31,1,0,0,1,1,0,0,0.0,41,41,41.0,41,41,41.0,2110,2110.0,No
1.2.1,openjpa-jdbc/src/main/java/org/apache/openjpa/jdbc/meta/NoneStrategyInstaller.java,10,10,0,10,5,2,0,13,10,0.0,0.0,0.0,5,0,5,0,0,0,5,0,0,0,0,0,0,0,0,0,0,0,4,22,0,0,0,0,0,0,0,0,0,0,0,0,0,0,28,1,0,0,1,1,0,0,0.0,63,63,63.0,63,63,63.0,2110,2110.0,No
1.2.1,openjpa-slice/src/main/java/org/apache/openjpa/slice/ProductDerivation.java,3,3,0,3,3,2,0,2,3,0.8333334,0.0,0.0,3,0,3,0,0,0,3,0,0,0,2,2,2,0,0,0,2,0,0,13,2,0,0,0,0,4,0,2,0,2,0,0,0,0,63,1,0,0,1,1,0,0,0.0,63,63,63.0,63,63,63.0,2110,2110.0,Yes
1.2.1,openjpa-kernel/src/main/java/org/apache/openjpa/datacache/TypesChangedEvent.java,0,6,6,0,2,1,0,0,0,0.0,0.0,0.0,2,0,2,0,0,0,2,0,0,0,1,0,0,1,0,0,1,0,0,10,1,0,0,0,0,0,0,1,0,1,0,0,0,0,29,1,0,0,1,1,0,0,0.0,52,52,52.0,52,52,52.0,2110,2110.0,No
1.2.1,openjpa-jdbc/src/main/java/org/apache/openjpa/jdbc/kernel/exps/SQLValue.java,1,2,1,1,1,2,0,0,0,0.0,NaN,NaN,1,0,1,0,0,0,1,0,0,0,1,1,1,0,0,0,1,0,0,6,1,0,0,0,0,1,0,1,0,1,0,0,0,0,43,1,0,0,1,1,0,0,0.0,39,39,39.0,39,39,39.0,2110,2110.0,No
1.2.1,openjpa-kernel/src/main/java/org/apache/openjpa/kernel/exps/Subtract.java,3,4,1,3,2,3,0,1,1,0.0,0.0,0.0,2,0,1,0,1,0,2,0,0,0,0,0,0,0,0,0,0,0,1,8,1,0,0,0,0,0,0,0,0,0,0,0,0,0,22,0,0,0,1,1,0,0,0.0,42,42,42.0,42,42,42.0,2110,2110.0,No
1.2.1,openjpa-jdbc/src/main/java/org/apache/openjpa/jdbc/kernel/exps/QueryExpressionsState.java,1,5,4,1,0,1,0,0,0,NaN,-1.0,-1.0,0,0,0,0,0,0,0,0,0,0,6,1,6,0,0,0,1,0,0,8,0,0,0,0,0,0,1,6,0,6,0,0,0,0,29,1,0,0,1,1,0,0,0.0,36,36,36.0,36,36,36.0,2110,2110.0,No
1.2.1,openjpa-jdbc/src/main/java/org/apache/openjpa/jdbc/kernel/exps/IsNotEmptyExpression.java,7,8,1,7,5,1,0,8,0,0.0,0.0,0.0,5,0,5,0,0,0,5,0,0,0,1,0,0,1,0,0,1,0,0,22,1,0,0,0,0,0,0,1,0,1,0,0,0,0,38,0,0,0,1,1,0,0,0.0,65,65,65.0,65,65,65.0,2110,2110.0,No
1.2.1,openjpa-kernel/src/main/java/org/apache/openjpa/kernel/PNonTransDeletedState.java,2,3,1,2,12,2,0,1,66,0.0,0.0,0.0,12,0,0,0,0,12,12,0,0,0,0,0,0,0,0,0,0,0,0,38,12,0,0,0,0,6,0,0,0,0,0,0,0,0,45,1,0,0,1,1,0,0,0.0,79,79,79.0,79,79,79.0,2110,2110.0,No
1.2.1,openjpa-jdbc/src/main/java/org/apache/openjpa/jdbc/conf/JDBCSeqValue.java,6,6,0,6,1,2,0,8,0,0.0,NaN,NaN,1,0,1,0,0,0,1,0,0,0,1,1,0,0,0,1,1,0,0,9,0,0,0,0,0,3,2,1,0,1,0,0,0,0,57,1,0,0,1,1,0,0,0.0,61,61,61.0,61,61,61.0,2110,2110.0,No
1.2.1,openjpa-jdbc/src/main/java/org/apache/openjpa/jdbc/kernel/exps/InValueExpression.java,5,6,1,5,3,2,0,3,1,0.0,0.0,0.0,2,0,1,0,1,0,2,0,0,0,0,0,0,0,0,0,0,0,0,9,1,0,1,0,1,0,0,1,0,1,0,0,0,0,35,0,0,0,1,1,0,0,0.0,47,47,47.0,47,47,47.0,2110,2110.0,No
1.2.1,openjpa-lib/src/main/java/org/apache/openjpa/lib/graph/NodeInfo.java,0,3,3,0,0,1,0,0,0,NaN,-1.0,-1.0,0,0,0,0,0,0,0,0,0,0,5,3,5,0,0,0,3,0,0,7,0,0,0,0,0,0,4,5,0,5,0,0,0,0,30,0,0,0,1,1,0,0,0.0,35,35,35.0,35,35,35.0,2110,2110.0,Yes
1.2.1,openjpa-jdbc/src/main/java/org/apache/openjpa/jdbc/kernel/exps/AbstractVal.java,6,27,21,6,11,1,16,5,55,0.90909094,0.0,0.0,11,0,11,0,0,0,11,0,0,0,2,2,0,0,2,0,2,0,0,40,5,0,0,0,0,5,2,2,0,2,0,0,0,0,50,1024,0,0,1,1,0,0,0.0,89,89,89.0,89,89,89.0,2110,2110.0,No
1.2.1,openjpa-jdbc/src/main/java/org/apache/openjpa/jdbc/meta/strats/SuperclassVersionStrategy.java,3,6,3,3,4,3,0,7,6,0.0,0.0,0.0,4,0,4,0,0,0,4,0,0,0,0,0,0,0,0,0,0,0,0,14,3,0,0,0,0,0,0,0,0,0,0,0,0,0,39,1,0,0,1,1,0,0,0.0,57,57,57.0,57,57,57.0,2110,2110.0,No
1.2.1,openjpa-kernel/src/main/java/org/apache/openjpa/conf/SeqValue.java,2,3,1,2,1,2,0,4,0,0.0,NaN,NaN,1,0,1,0,0,0,1,0,0,0,1,1,0,1,0,0,1,0,0,9,0,0,0,0,0,1,2,1,0,1,0,0,0,0,40,1,0,0,1,1,0,0,0.0,49,49,49.0,49,49,49.0,2110,2110.0,No
1.2.1,openjpa-kernel/src/main/java/org/apache/openjpa/kernel/exps/ValExpression.java,4,5,1,4,8,2,0,9,0,0.0,0.0,0.0,4,0,2,0,2,0,4,0,0,0,1,0,0,1,0,0,1,0,0,20,2,0,3,0,3,0,0,4,0,4,0,0,0,0,26,0,0,0,1,1,0,0,0.0,60,60,60.0,60,60,60.0,2110,2110.0,No
1.2.1,openjpa-kernel/src/main/java/org/apache/openjpa/kernel/exps/Add.java,3,4,1,3,2,3,0,1,1,0.0,0.0,0.0,2,0,1,0,1,0,2,0,0,0,0,0,0,0,0,0,0,0,1,8,1,0,0,0,0,0,0,0,0,0,0,0,0,0,20,0,0,0,1,1,0,0,0.0,41,41,41.0,41,41,41.0,2110,2110.0,No
1.2.1,openjpa-kernel/src/main/java/org/apache/openjpa/kernel/exps/NotEqualExpression.java,2,3,1,2,5,3,0,1,1,0.0,0.0,0.0,2,0,1,0,1,0,2,0,0,0,0,0,0,0,0,0,0,0,0,8,1,0,3,0,2,0,0,0,0,0,0,0,0,0,19,0,0,0,1,1,0,0,0.0,41,41,41.0,41,41,41.0,2110,2110.0,No
1.2.1,openjpa-kernel/src/main/java/org/apache/openjpa/util/ObjectNotFoundException.java,6,10,4,6,4,6,0,6,4,0.5,0.0,0.0,4,0,4,0,0,0,4,0,0,0,1,1,0,1,0,0,1,0,2,17,1,0,0,0,0,2,0,1,0,1,0,0,0,0,35,1,0,0,1,1,0,0,0.0,55,55,55.0,55,55,55.0,2110,2110.0,No
1.2.1,openjpa-kernel/src/main/java/org/apache/openjpa/util/InvalidStateException.java,3,16,13,3,3,6,3,1,3,0.0,0.0,0.0,3,0,3,0,0,0,3,0,0,0,0,0,0,0,0,0,0,0,0,12,1,0,0,0,0,0,0,0,0,0,0,0,0,0,39,1,0,0,1,1,0,0,0.0,45,45,45.0,45,45,45.0,2110,2110.0,No
1.2.1,openjpa-jdbc/src/main/java/org/apache/openjpa/jdbc/sql/FirebirdDictionary.java,5,6,1,5,4,3,0,4,3,0.0,0.0,0.0,3,0,3,0,0,0,3,0,0,0,0,0,0,0,0,0,0,0,0,25,1,0,1,0,0,10,0,3,1,0,1,0,0,0,43,1,0,0,1,1,0,0,0.0,61,61,61.0,61,61,61.0,2110,2110.0,Yes
1.2.1,openjpa-jdbc/src/main/java/org/apache/openjpa/jdbc/kernel/ConnectionInfo.java,3,5,2,3,0,1,0,0,0,NaN,-1.0,-1.0,0,0,0,0,0,0,0,0,0,0,3,0,3,0,0,0,0,0,0,5,0,0,0,0,0,0,0,3,0,3,0,0,0,0,25,1,0,0,1,1,0,0,0.0,35,35,35.0,35,35,35.0,2110,2110.0,No
1.2.1,openjpa-kernel/src/main/java/org/apache/openjpa/kernel/PDeletedFlushedState.java,4,6,2,4,2,3,0,1,1,0.0,0.0,0.0,2,0,0,0,0,2,2,0,0,0,0,0,0,0,0,0,0,0,0,9,2,0,0,0,0,0,0,0,0,0,0,0,0,0,30,0,0,0,1,1,0,0,0.0,39,39,39.0,39,39,39.0,2110,2110.0,No
1.2.1,openjpa-kernel/src/main/java/org/apache/openjpa/kernel/exps/ContainsKeyExpression.java,2,3,1,2,3,3,0,1,1,0.0,0.0,0.0,2,0,1,0,1,0,2,0,0,0,0,0,0,0,0,0,0,0,0,8,1,0,1,0,2,0,0,0,0,0,0,0,0,0,26,0,0,0,1,1,0,0,0.0,46,46,46.0,46,46,46.0,2110,2110.0,No
1.2.1,openjpa-kernel/src/main/java/org/apache/openjpa/util/NoResultException.java,3,3,0,3,3,7,0,1,3,0.0,0.0,0.0,3,0,3,0,0,0,3,0,0,0,0,0,0,0,0,0,0,0,0,12,1,0,0,0,0,0,0,0,0,0,0,0,0,0,35,1,0,0,1,1,0,0,0.0,46,46,46.0,46,46,46.0,2110,2110.0,No
1.2.1,openjpa-lib/src/main/java/org/apache/openjpa/lib/rop/SoftRandomAccessResultList.java,3,4,1,3,2,4,0,0,1,0.0,0.0,0.0,2,0,1,0,1,0,2,0,0,0,0,0,0,0,0,0,0,0,0,8,1,0,0,0,0,0,0,0,0,0,0,0,0,0,23,1,0,0,1,1,0,0,0.0,41,41,41.0,41,41,41.0,2110,2110.0,No
1.2.1,openjpa-persistence-jdbc/src/main/java/org/apache/openjpa/persistence/jdbc/JDBCFetchPlanImpl.java,14,16,2,14,50,2,0,43,763,0.56,0.0,0.0,50,0,49,0,1,0,50,0,0,0,1,0,0,1,0,0,0,0,7,167,49,0,0,0,0,0,0,1,0,1,0,0,0,0,70,1,0,0,1,1,0,0,0.0,290,290,290.0,290,290,290.0,2110,2110.0,No
1.2.1,openjpa-kernel/src/main/java/org/apache/openjpa/util/MetaDataException.java,3,8,5,3,5,6,0,1,10,0.0,0.0,0.0,5,0,5,0,0,0,5,0,0,0,0,0,0,0,0,0,0,0,0,20,1,0,0,0,0,0,0,0,0,0,0,0,0,0,25,1,0,0,1,1,0,0,0.0,54,54,54.0,54,54,54.0,2110,2110.0,No
1.2.1,openjpa-kernel/src/main/java/org/apache/openjpa/util/NonUniqueResultException.java,3,3,0,3,3,7,0,1,3,0.0,0.0,0.0,3,0,3,0,0,0,3,0,0,0,0,0,0,0,0,0,0,0,0,12,1,0,0,0,0,0,0,0,0,0,0,0,0,0,39,1,0,0,1,1,0,0,0.0,46,46,46.0,46,46,46.0,2110,2110.0,No
1.2.1,openjpa-jdbc/src/main/java/org/apache/openjpa/jdbc/kernel/exps/InSubQExpression.java,9,10,1,9,5,2,0,13,0,0.0,0.0,0.0,5,0,5,0,0,0,5,0,0,0,2,0,0,2,0,0,2,0,0,41,1,0,0,0,0,1,4,6,0,6,0,0,1,0,46,0,0,0,1,1,0,0,0.0,93,93,93.0,93,93,93.0,2110,2110.0,No
1.2.1,openjpa-jdbc/src/main/java/org/apache/openjpa/jdbc/meta/strats/AbstractValueHandler.java,5,15,10,5,6,1,10,0,15,0.0,0.0,0.0,6,0,6,0,0,0,6,0,0,0,0,0,0,0,0,0,0,0,0,20,6,0,0,0,0,0,0,0,0,0,0,0,0,0,41,1025,0,0,1,1,0,0,0.0,61,61,61.0,61,61,61.0,2110,2110.0,No
1.2.1,openjpa-kernel/src/main/java/org/apache/openjpa/kernel/TLoadedState.java,2,3,1,2,2,2,0,1,1,0.0,0.0,0.0,2,0,0,0,0,2,2,0,0,0,0,0,0,0,0,0,0,0,0,8,1,0,0,0,0,0,0,0,0,0,0,0,0,0,43,0,0,0,1,1,0,0,0.0,40,40,40.0,40,40,40.0,2110,2110.0,No
1.2.1,openjpa-kernel/src/main/java/org/apache/openjpa/kernel/exps/BindKeyVariableExpression.java,3,4,1,3,3,3,0,1,1,0.0,0.0,0.0,2,0,1,0,1,0,2,0,0,0,0,0,0,0,0,0,0,0,0,9,1,0,1,0,1,0,0,1,0,1,0,0,0,0,24,0,0,0,1,1,0,0,0.0,47,47,47.0,47,47,47.0,2110,2110.0,No
1.2.1,openjpa-kernel/src/main/java/org/apache/openjpa/kernel/HollowState.java,2,3,1,2,11,2,0,4,55,0.0,0.0,0.0,11,0,0,0,0,11,11,0,0,0,0,0,0,0,0,0,0,0,0,38,10,0,0,0,0,0,0,0,0,0,0,0,0,0,78,0,0,0,1,1,0,0,0.0,83,83,83.0,83,83,83.0,2110,2110.0,No
1.2.1,openjpa-jdbc/src/main/java/org/apache/openjpa/jdbc/kernel/exps/Max.java,2,3,1,2,3,3,0,0,3,0.0,0.0,0.0,3,0,2,0,1,0,3,0,0,0,0,0,0,0,0,0,0,0,0,11,2,0,0,0,0,1,0,0,0,0,0,0,0,0,17,0,0,0,1,1,0,0,0.0,44,44,44.0,44,44,44.0,2110,2110.0,No
1.2.1,openjpa-kernel/src/main/java/org/apache/openjpa/kernel/exps/ContainsValueExpression.java,2,3,1,2,3,3,0,1,1,0.0,0.0,0.0,2,0,1,0,1,0,2,0,0,0,0,0,0,0,0,0,0,0,0,8,1,0,1,0,2,0,0,0,0,0,0,0,0,0,25,0,0,0,1,1,0,0,0.0,46,46,46.0,46,46,46.0,2110,2110.0,No
1.2.1,openjpa-jdbc/src/main/java/org/apache/openjpa/jdbc/schema/ReferenceCounter.java,0,12,12,0,3,1,3,0,0,0.0,0.0,0.0,3,0,3,0,0,0,3,0,0,0,1,0,0,1,0,0,0,0,0,12,1,0,0,0,0,0,1,1,0,1,0,0,0,0,21,0,0,0,1,1,0,0,0.0,45,45,45.0,45,45,45.0,2110,2110.0,No
1.2.1,openjpa-kernel/src/main/java/org/apache/openjpa/kernel/ECopyState.java,3,4,1,3,12,2,0,5,66,0.0,0.0,0.0,12,0,0,0,0,12,12,0,0,0,0,0,0,0,0,0,0,0,0,40,10,0,0,0,0,1,0,0,0,0,0,0,0,0,51,0,0,0,1,1,0,0,0.0,83,83,83.0,83,83,83.0,2110,2110.0,No
1.2.1,openjpa-kernel/src/main/java/org/apache/openjpa/ee/SunOneManagedRuntime.java,4,6,2,4,4,2,0,6,4,0.5,0.0,0.0,4,0,4,0,0,0,4,0,0,0,2,0,0,2,0,0,0,0,1,19,2,0,0,0,0,3,0,4,0,4,0,0,0,0,28,1,0,0,1,1,0,0,0.0,61,61,61.0,61,61,61.0,2110,2110.0,No
1.2.1,openjpa-jdbc/src/main/java/org/apache/openjpa/jdbc/kernel/exps/ToLowerCase.java,8,10,2,8,4,3,0,9,3,0.0,0.0,0.0,3,0,3,0,0,0,3,0,0,0,0,0,0,0,0,0,0,0,0,18,1,0,1,0,0,2,2,4,1,3,0,0,0,0,35,1,0,0,1,1,0,0,0.0,57,57,57.0,57,57,57.0,2110,2110.0,Yes
1.2.1,openjpa-kernel/src/main/java/org/apache/openjpa/datacache/ConcurrentQueryCache.java,9,11,2,9,16,3,0,17,0,0.125,0.0,0.0,16,0,8,0,8,0,16,0,0,0,1,0,0,1,0,0,0,0,0,52,10,0,0,0,0,0,0,1,0,1,0,0,0,0,125,1,0,0,1,1,0,0,0.0,140,140,140.0,140,140,140.0,2110,2110.0,No
1.2.1,openjpa-jdbc/src/main/java/org/apache/openjpa/jdbc/kernel/exps/SQLExpression.java,1,2,1,1,1,2,0,0,0,0.0,NaN,NaN,1,0,1,0,0,0,1,0,0,0,1,1,1,0,0,0,1,0,0,6,1,0,0,0,0,1,0,1,0,1,0,0,0,0,44,1,0,0,1,1,0,0,0.0,41,41,41.0,41,41,41.0,2110,2110.0,No
1.2.1,openjpa-slice/src/main/java/org/apache/openjpa/slice/jdbc/SliceStoreManager.java,2,5,3,2,3,2,0,1,0,0.0,0.0,0.0,3,0,3,0,0,0,3,0,0,0,1,0,0,1,0,0,1,0,0,12,2,0,0,0,0,0,0,1,0,1,0,0,0,0,27,1,0,0,1,1,0,0,0.0,50,50,50.0,50,50,50.0,2110,2110.0,Yes
1.2.1,openjpa-jdbc/src/main/java/org/apache/openjpa/jdbc/sql/Calendard.java,0,2,2,0,1,1,0,0,0,0.0,NaN,NaN,1,0,1,0,0,0,1,0,0,0,2,0,2,0,0,0,2,0,0,8,0,0,0,0,0,0,0,2,0,2,0,0,0,0,17,1,0,0,1,1,0,0,0.0,38,38,38.0,38,38,38.0,2110,2110.0,No
1.2.1,openjpa-jdbc/src/main/java/org/apache/openjpa/jdbc/conf/FetchModeValue.java,1,2,1,1,1,2,0,3,0,0.75,NaN,NaN,1,0,1,0,0,0,1,0,0,0,4,4,3,1,0,0,3,0,5,11,0,0,0,0,0,5,0,4,0,4,0,0,0,0,49,1,0,0,1,1,0,0,0.0,53,53,53.0,53,53,53.0,2110,2110.0,No
1.2.1,openjpa-jdbc/src/main/java/org/apache/openjpa/jdbc/sql/CacheDictionary.java,1,2,1,1,1,2,0,0,0,0.0,NaN,NaN,1,0,1,0,0,0,1,0,0,0,0,0,0,0,0,0,0,0,0,14,0,0,0,0,0,8,0,10,0,0,0,0,0,0,46,1,0,0,1,1,0,0,0.0,45,45,45.0,45,45,45.0,2110,2110.0,No
1.2.1,openjpa-jdbc/src/main/java/org/apache/openjpa/jdbc/kernel/exps/Min.java,2,3,1,2,3,3,0,0,3,0.0,0.0,0.0,3,0,2,0,1,0,3,0,0,0,0,0,0,0,0,0,0,0,0,11,2,0,0,0,0,1,0,0,0,0,0,0,0,0,17,0,0,0,1,1,0,0,0.0,44,44,44.0,44,44,44.0,2110,2110.0,No
1.2.1,openjpa-jdbc/src/main/java/org/apache/openjpa/jdbc/kernel/exps/Size.java,7,8,1,7,5,3,0,5,10,0.0,0.0,0.0,5,0,3,0,2,0,5,0,0,0,0,0,0,0,0,0,0,0,0,19,2,0,0,0,0,0,0,0,0,0,0,0,0,0,27,0,0,0,1,1,0,0,0.0,57,57,57.0,57,57,57.0,2110,2110.0,No
1.2.1,openjpa-jdbc/src/main/java/org/apache/openjpa/jdbc/meta/StrategyInstaller.java,5,15,10,5,6,1,6,0,15,0.8333333,0.0,0.0,6,0,6,0,0,0,6,4,0,0,1,0,0,0,1,0,1,0,0,13,1,0,0,0,0,0,0,1,0,1,0,0,0,0,43,1025,0,0,1,1,0,0,0.0,69,69,69.0,69,69,69.0,2110,2110.0,No
1.2.1,openjpa-jdbc/src/main/java/org/apache/openjpa/jdbc/sql/Sized.java,0,3,3,0,1,1,0,0,0,0.0,NaN,NaN,1,0,1,0,0,0,1,0,0,0,2,0,2,0,0,0,2,0,0,8,0,0,0,0,0,0,0,2,0,2,0,0,0,0,16,1,0,0,1,1,0,0,0.0,36,36,36.0,36,36,36.0,2110,2110.0,No
1.2.1,openjpa-kernel/src/main/java/org/apache/openjpa/kernel/PDeletedState.java,2,4,2,2,16,2,1,6,105,0.0,0.0,0.0,15,0,0,0,0,15,15,0,0,0,0,0,0,0,0,0,0,0,0,50,14,0,0,0,1,4,1,0,0,0,0,0,0,0,56,0,0,0,1,1,0,0,0.0,94,94,94.0,94,94,94.0,2110,2110.0,No
1.2.1,openjpa-lib/src/main/java/org/apache/openjpa/lib/rop/ListResultList.java,3,7,4,3,18,2,1,13,0,0.5555556,0.0,0.0,18,0,18,0,0,0,18,0,0,0,2,0,0,2,0,0,1,0,0,67,16,0,0,0,0,0,0,3,0,2,0,0,0,0,47,1,0,0,1,1,0,0,0.0,123,123,123.0,123,123,123.0,2110,2110.0,Yes
1.2.1,openjpa-kernel/src/main/java/org/apache/openjpa/ee/JNDIManagedRuntime.java,4,6,2,4,6,2,0,5,4,0.5,0.0,0.0,5,0,5,0,0,0,5,0,0,0,2,0,0,2,0,0,0,0,0,29,3,0,1,1,0,1,0,6,0,3,2,0,0,0,38,1,0,0,1,1,0,0,0.0,79,79,79.0,79,79,79.0,2110,2110.0,No
1.2.1,openjpa-jdbc/src/main/java/org/apache/openjpa/jdbc/kernel/exps/ToUpperCase.java,8,10,2,8,4,3,0,9,3,0.0,0.0,0.0,3,0,3,0,0,0,3,0,0,0,0,0,0,0,0,0,0,0,0,18,1,0,1,0,0,2,2,4,1,3,0,0,0,0,35,1,0,0,1,1,0,0,0.0,58,58,58.0,58,58,58.0,2110,2110.0,Yes
1.2.1,openjpa-jdbc/src/main/java/org/apache/openjpa/jdbc/meta/strats/ByteArrayValueHandler.java,8,10,2,8,4,2,0,5,6,0.75,0.0,0.0,4,1,4,0,0,0,4,0,0,0,1,1,0,1,0,0,1,0,2,19,4,0,0,0,0,0,1,2,0,2,0,0,0,0,28,1,0,0,1,1,0,0,0.0,62,62,62.0,62,62,62.0,2110,2110.0,No
1.2.1,openjpa-jdbc/src/main/java/org/apache/openjpa/jdbc/kernel/exps/IsEmptyExpression.java,7,8,1,7,5,1,0,8,0,0.0,0.0,0.0,5,0,5,0,0,0,5,0,0,0,1,0,0,1,0,0,1,0,0,22,1,0,0,0,0,0,0,1,0,1,0,0,0,0,37,0,0,0,1,1,0,0,0.0,65,65,65.0,65,65,65.0,2110,2110.0,No
1.2.1,openjpa-kernel/src/main/java/org/apache/openjpa/kernel/exps/ValuePath.java,5,6,1,5,4,3,0,6,0,0.0,0.0,0.0,4,0,3,0,1,0,4,0,0,0,1,0,0,1,0,0,1,0,0,17,2,0,0,0,0,0,0,1,0,1,0,0,0,0,31,0,0,0,1,1,0,0,0.0,57,57,57.0,57,57,57.0,2110,2110.0,No
1.2.1,openjpa-jdbc/src/main/java/org/apache/openjpa/jdbc/kernel/BatchingOperationOrderUpdateManager.java,6,6,0,6,4,3,0,5,1,0.0,0.0,0.0,2,0,0,0,2,0,2,0,0,0,0,0,0,0,0,0,0,0,0,20,2,0,0,1,0,0,0,5,0,2,1,0,0,0,75,1,0,0,1,1,0,0,0.0,74,74,74.0,74,74,74.0,2110,2110.0,No
1.2.1,openjpa-kernel/src/main/java/org/apache/openjpa/util/UnsupportedException.java,2,9,7,2,5,5,0,1,10,0.0,0.0,0.0,5,0,5,0,0,0,5,0,0,0,0,0,0,0,0,0,0,0,0,20,1,0,0,0,0,0,0,0,0,0,0,0,0,0,29,1,0,0,1,1,0,0,0.0,54,54,54.0,54,54,54.0,2110,2110.0,No
1.2.1,openjpa-kernel/src/main/java/org/apache/openjpa/event/LifecycleEvent.java,1,15,14,1,4,1,0,0,2,0.96,0.0,0.0,4,0,4,0,0,0,4,0,0,0,25,23,23,2,0,0,25,0,0,41,2,0,0,0,0,0,22,25,0,25,0,0,0,0,80,1,0,0,1,1,0,0,0.0,217,217,217.0,217,217,217.0,2110,2110.0,No
1.2.1,openjpa-jdbc/src/main/java/org/apache/openjpa/jdbc/meta/strats/NanoPrecisionTimestampVersionStrategy.java,1,2,1,1,2,5,0,1,1,0.5,0.0,0.0,2,0,1,0,1,0,2,0,0,0,1,1,1,0,0,0,1,0,0,9,2,0,0,0,0,1,0,1,0,1,0,0,0,0,23,1,0,0,1,1,0,0,0.0,41,41,41.0,41,41,41.0,2110,2110.0,Yes
1.2.1,openjpa-jdbc/src/main/java/org/apache/openjpa/jdbc/kernel/exps/NotExpression.java,7,8,1,7,5,2,0,8,0,0.0,0.0,0.0,5,0,5,0,0,0,5,0,0,0,1,0,0,1,0,0,1,0,0,30,1,0,0,0,2,2,0,2,0,2,0,0,1,0,34,0,0,0,1,1,0,0,0.0,81,81,81.0,81,81,81.0,2110,2110.0,No
1.2.1,openjpa-kernel/src/main/java/org/apache/openjpa/kernel/exps/InstanceofExpression.java,5,6,1,5,6,2,0,10,0,0.125,0.0,0.0,4,0,2,0,2,0,4,0,0,0,2,0,0,2,0,0,2,0,1,21,2,0,1,0,1,0,0,4,0,4,0,0,0,0,42,0,0,0,1,1,0,0,0.0,69,69,69.0,69,69,69.0,2110,2110.0,No
1.2.1,openjpa-kernel/src/main/java/org/apache/openjpa/event/ExceptionOrphanedKeyAction.java,6,7,1,6,1,1,0,2,0,0.0,NaN,NaN,1,0,1,0,0,0,1,0,0,0,1,1,0,1,0,0,1,0,0,6,0,0,0,0,0,1,0,1,0,1,0,0,0,0,29,1,0,0,1,1,0,0,0.0,42,42,42.0,42,42,42.0,2110,2110.0,No
1.2.1,openjpa-kernel/src/main/java/org/apache/openjpa/util/ObjectId.java,2,4,2,2,9,2,0,2,0,0.0,0.0,0.0,7,0,4,0,2,1,7,0,0,0,1,0,0,1,0,0,0,0,0,27,4,0,3,0,3,0,1,4,0,2,0,0,0,0,33,17,0,0,1,1,0,0,0.0,65,65,65.0,65,65,65.0,2110,2110.0,No
1.2.1,openjpa-kernel/src/main/java/org/apache/openjpa/util/StoreException.java,2,14,12,2,6,5,5,1,15,1.0,0.0,0.0,6,0,6,0,0,0,6,0,0,0,5,5,5,0,0,0,5,0,0,25,1,0,0,0,0,0,5,5,0,5,0,0,0,0,36,1,0,0,1,1,0,0,0.0,61,61,61.0,61,61,61.0,2110,2110.0,Yes
1.2.1,openjpa-kernel/src/main/java/org/apache/openjpa/kernel/PNewFlushedDeletedState.java,2,4,2,2,15,2,1,3,105,0.0,0.0,0.0,15,0,0,0,0,15,15,0,0,0,0,0,0,0,0,0,0,0,0,50,15,0,0,0,0,4,0,0,0,0,0,0,0,0,55,0,0,0,1,1,0,0,0.0,94,94,94.0,94,94,94.0,2110,2110.0,No
1.2.2,openjpa-kernel/src/main/java/org/apache/openjpa/event/TransactionEvent.java,1,7,6,1,10,1,0,0,5,0.8809525,0.0,0.0,6,0,6,0,0,0,6,0,0,0,14,9,9,5,0,0,14,0,0,39,5,0,4,0,4,0,9,14,0,14,0,0,0,0,121,1,0,0,0,0,0,0,0,0,0,0,0,0,0,0,0,No
1.2.2,openjpa-kernel/src/main/java/org/apache/openjpa/kernel/exps/AndExpression.java,3,5,2,3,6,2,1,5,0,0.16666667,0.0,0.0,6,0,4,0,2,0,6,0,0,0,2,0,0,2,0,0,2,0,0,26,4,0,0,0,0,0,0,2,0,2,0,0,0,0,30,0,0,0,0,0,0,0,0,0,0,0,0,0,0,0,0,No
1.2.2,openjpa-kernel/src/main/java/org/apache/openjpa/kernel/AbstractFieldManager.java,2,3,1,2,20,1,1,0,190,0.0,0.0,0.0,20,0,20,0,0,0,20,0,0,0,0,0,0,0,0,0,0,0,0,62,0,0,0,0,0,0,0,0,0,0,0,0,0,0,26,1024,0,0,0,0,0,0,0,0,0,0,0,0,0,0,0,No
1.2.2,openjpa-lib/src/main/java/org/apache/openjpa/lib/meta/SuffixMetaDataFilter.java,2,3,1,2,3,1,0,2,0,0.0,0.0,0.0,2,0,2,0,0,0,2,0,0,0,1,0,0,1,0,0,1,0,0,10,1,0,1,0,0,0,0,2,0,2,0,0,0,0,23,1,0,0,0,0,0,0,0,0,0,0,0,0,0,0,0,No
1.2.2,openjpa-kernel/src/main/java/org/apache/openjpa/kernel/jpql/SimpleNode.java,2,2,0,2,1,2,0,0,0,0.0,NaN,NaN,1,0,0,0,0,1,1,0,0,0,0,0,0,0,0,0,0,0,0,5,0,0,0,0,0,0,0,0,0,0,0,0,0,0,22,1,0,0,0,0,0,0,0,0,0,0,0,0,0,0,0,No
1.2.2,openjpa-jdbc/src/main/java/org/apache/openjpa/jdbc/meta/strats/AbstractClassStrategy.java,11,17,6,11,7,2,6,0,21,0.85714287,0.0,0.0,7,0,7,0,0,0,7,0,0,0,1,0,0,0,1,0,0,0,0,24,6,0,0,0,0,0,0,2,0,1,0,0,0,0,60,1025,0,0,0,0,0,0,0,0,0,0,0,0,0,0,0,No
1.2.2,openjpa-kernel/src/main/java/org/apache/openjpa/util/OptimisticException.java,4,7,3,4,5,2,0,5,4,0.4,0.0,0.0,5,0,5,0,0,0,5,0,0,0,1,1,0,1,0,0,1,0,0,21,1,0,0,0,0,3,0,1,0,1,0,0,0,0,29,1,0,0,0,0,0,0,0,0,0,0,0,0,0,0,0,No
1.2.2,openjpa-kernel/src/main/java/org/apache/openjpa/kernel/exps/Lit.java,4,5,1,4,9,2,0,2,0,0.4375,0.0,0.0,8,0,7,0,1,0,8,0,0,0,2,0,0,2,0,0,1,0,1,29,5,0,1,0,1,0,0,4,0,2,0,0,0,0,28,0,0,0,0,0,0,0,0,0,0,0,0,0,0,0,0,No
1.2.2,openjpa-kernel/src/main/java/org/apache/openjpa/kernel/exps/UnboundVariable.java,2,3,1,2,6,2,0,0,7,0.5833334,0.0,0.0,6,0,5,0,1,0,6,0,0,0,2,0,0,2,0,0,0,0,0,22,3,0,0,0,0,0,0,5,0,2,0,0,0,0,56,0,0,0,0,0,0,0,0,0,0,0,0,0,0,0,0,No
1.2.2,openjpa-kernel/src/main/java/org/apache/openjpa/kernel/exps/Param.java,4,6,2,4,7,2,0,1,11,0.6666667,0.0,0.0,7,0,6,0,1,0,7,0,0,0,3,0,0,3,0,0,0,0,0,27,4,0,0,0,0,0,1,7,0,3,0,0,0,0,30,0,0,0,0,0,0,0,0,0,0,0,0,0,0,0,0,No
1.2.2,openjpa-jdbc/src/main/java/org/apache/openjpa/jdbc/sql/AbstractDB2Dictionary.java,3,5,2,3,8,2,2,6,0,0.0,0.0,0.0,3,0,3,0,0,0,3,0,0,0,1,0,1,0,0,0,0,0,5,74,0,0,2,0,0,35,2,30,3,4,2,0,0,0,100,1025,0,0,1,1,2,2,2.0,5,5,5.0,7,7,7.0,6,6.0,Yes
1.2.2,openjpa-kernel/src/main/java/org/apache/openjpa/ant/ApplicationIdToolTask.java,7,7,0,7,10,2,0,4,0,0.5,0.0,0.0,9,0,7,0,2,0,9,0,0,0,2,0,0,0,2,0,0,0,1,32,2,0,1,0,1,0,0,9,0,2,0,0,0,0,95,1,0,0,0,0,0,0,0,0,0,0,0,0,0,0,0,No
1.2.2,openjpa-jdbc/src/main/java/org/apache/openjpa/jdbc/kernel/exps/Any.java,2,3,1,2,2,3,0,0,1,0.0,0.0,0.0,2,0,1,0,1,0,2,0,0,0,0,0,0,0,0,0,0,0,0,8,1,0,0,0,0,1,0,0,0,0,0,0,0,0,8,0,0,0,0,0,0,0,0,0,0,0,0,0,0,0,0,No
1.2.2,openjpa-kernel/src/main/java/org/apache/openjpa/kernel/PNonTransNewState.java,2,2,0,2,8,2,0,2,28,0.0,0.0,0.0,8,0,0,0,0,8,8,0,0,0,0,0,0,0,0,0,0,0,0,27,7,0,0,0,0,0,0,0,0,0,0,0,0,0,38,0,0,0,0,0,0,0,0,0,0,0,0,0,0,0,0,No
1.2.2,openjpa-jdbc/src/main/java/org/apache/openjpa/jdbc/kernel/exps/All.java,2,3,1,2,2,3,0,0,1,0.0,0.0,0.0,2,0,1,0,1,0,2,0,0,0,0,0,0,0,0,0,0,0,0,8,1,0,0,0,0,1,0,0,0,0,0,0,0,0,8,0,0,0,0,0,0,0,0,0,0,0,0,0,0,0,0,No
1.2.2,openjpa-kernel/src/main/java/org/apache/openjpa/kernel/exps/Divide.java,3,4,1,3,2,3,0,1,1,0.0,0.0,0.0,2,0,1,0,1,0,2,0,0,0,0,0,0,0,0,0,0,0,1,8,1,0,0,0,0,0,0,0,0,0,0,0,0,0,21,0,0,0,0,0,0,0,0,0,0,0,0,0,0,0,0,No
1.2.2,openjpa-jdbc/src/main/java/org/apache/openjpa/jdbc/meta/strats/ClobValueHandler.java,5,7,2,5,2,2,0,3,1,0.5,0.0,0.0,2,1,2,0,0,0,2,0,0,0,1,1,0,1,0,0,1,0,0,13,2,0,0,0,0,0,1,2,0,2,0,0,0,0,17,1,0,0,0,0,0,0,0,0,0,0,0,0,0,0,0,No
1.2.2,openjpa-kernel/src/main/java/org/apache/openjpa/datacache/ExpirationEvent.java,0,2,2,0,3,1,0,0,0,0.33333334,0.0,0.0,3,0,3,0,0,0,3,0,0,0,2,0,0,2,0,0,2,0,0,15,2,0,0,0,0,0,0,2,0,2,0,0,0,0,40,1,0,0,0,0,0,0,0,0,0,0,0,0,0,0,0,No
1.2.2,openjpa-jdbc/src/main/java/org/apache/openjpa/jdbc/meta/strats/BlobValueHandler.java,5,7,2,5,2,2,0,3,1,0.5,0.0,0.0,2,1,2,0,0,0,2,0,0,0,1,1,0,1,0,0,1,0,0,13,2,0,0,0,0,0,1,2,0,2,0,0,0,0,17,1,0,0,0,0,0,0,0,0,0,0,0,0,0,0,0,No
1.2.2,openjpa-kernel/src/main/java/org/apache/openjpa/kernel/PCleanState.java,2,3,1,2,13,2,0,2,78,0.0,0.0,0.0,13,0,0,0,0,13,13,0,0,0,0,0,0,0,0,0,0,0,0,42,12,0,0,0,0,0,0,0,0,0,0,0,0,0,55,0,0,0,0,0,0,0,0,0,0,0,0,0,0,0,0,No
1.2.2,openjpa-jdbc/src/main/java/org/apache/openjpa/jdbc/kernel/exps/Sqrt.java,2,4,2,2,4,3,0,0,6,0.0,0.0,0.0,4,0,2,0,2,0,4,0,0,0,0,0,0,0,0,0,0,0,0,14,3,0,0,0,0,1,0,0,0,0,0,0,0,0,19,1,0,0,0,0,0,0,0,0,0,0,0,0,0,0,0,No
1.2.2,openjpa-kernel/src/main/java/org/apache/openjpa/kernel/exps/BindValueVariableExpression.java,3,4,1,3,3,3,0,1,1,0.0,0.0,0.0,2,0,1,0,1,0,2,0,0,0,0,0,0,0,0,0,0,0,0,9,1,0,1,0,1,0,0,1,0,1,0,0,0,0,23,0,0,0,0,0,0,0,0,0,0,0,0,0,0,0,0,No
1.2.2,openjpa-jdbc/src/main/java/org/apache/openjpa/jdbc/kernel/exps/Avg.java,2,3,1,2,3,3,0,0,3,0.0,0.0,0.0,3,0,2,0,1,0,3,0,0,0,0,0,0,0,0,0,0,0,0,11,2,0,0,0,0,1,0,0,0,0,0,0,0,0,17,0,0,0,0,0,0,0,0,0,0,0,0,0,0,0,0,No
1.2.2,openjpa-kernel/src/main/java/org/apache/openjpa/kernel/exps/Multiply.java,3,4,1,3,2,3,0,1,1,0.0,0.0,0.0,2,0,1,0,1,0,2,0,0,0,0,0,0,0,0,0,0,0,1,8,1,0,0,0,0,0,0,0,0,0,0,0,0,0,20,0,0,0,0,0,0,0,0,0,0,0,0,0,0,0,0,No
1.2.2,openjpa-kernel/src/main/java/org/apache/openjpa/kernel/exps/CompareExpression.java,6,16,10,6,13,2,9,12,0,0.2,0.0,0.0,5,0,2,0,3,0,5,1,0,0,2,0,0,2,0,0,2,0,6,37,2,0,6,0,2,0,0,14,0,10,1,0,0,0,35,1024,0,0,0,0,0,0,0,0,0,0,0,0,0,0,0,No
1.2.2,openjpa-lib/src/main/java/org/apache/openjpa/lib/conf/BootstrapException.java,1,3,2,1,6,4,0,0,13,0.6666667,0.0,0.0,6,0,6,0,0,0,6,0,0,0,1,0,0,1,0,0,0,0,0,22,2,0,0,0,0,0,0,2,0,1,0,0,0,0,19,1,0,0,1,1,55,55,55.0,55,55,55.0,110,110,110.0,135,135.0,No
1.2.2,openjpa-jdbc/src/main/java/org/apache/openjpa/jdbc/meta/strats/SuperclassDiscriminatorStrategy.java,11,14,3,11,8,3,0,14,10,0.0,0.0,0.0,5,0,5,0,0,0,5,0,0,0,0,0,0,0,0,0,0,0,0,24,3,1,2,0,0,0,0,2,0,1,2,0,0,0,43,1,0,0,0,0,0,0,0,0,0,0,0,0,0,0,0,No
1.2.2,openjpa-kernel/src/main/java/org/apache/openjpa/kernel/exps/EqualExpression.java,2,3,1,2,5,3,0,1,1,0.0,0.0,0.0,2,0,1,0,1,0,2,0,0,0,0,0,0,0,0,0,0,0,0,8,1,0,3,0,2,0,0,0,0,0,0,0,0,0,18,0,0,0,0,0,0,0,0,0,0,0,0,0,0,0,0,No
1.2.2,openjpa-kernel/src/main/java/org/apache/openjpa/util/InternalException.java,2,32,30,2,7,5,0,1,21,0.0,0.0,0.0,7,0,7,0,0,0,7,0,0,0,0,0,0,0,0,0,0,0,0,28,1,0,0,0,0,0,0,0,0,0,0,0,0,0,25,1,0,0,0,0,0,0,0,0,0,0,0,0,0,0,0,No
1.2.2,openjpa-jdbc/src/main/java/org/apache/openjpa/jdbc/conf/JDBCProductDerivation.java,4,4,0,4,4,2,0,4,3,0.0,0.0,0.0,3,0,3,0,0,0,3,0,0,0,0,0,0,0,0,0,0,0,0,15,3,0,1,0,0,2,0,0,0,0,1,0,0,0,35,1,0,0,0,0,0,0,0,0,0,0,0,0,0,0,0,No
1.2.2,openjpa-kernel/src/main/java/org/apache/openjpa/util/LongId.java,2,4,2,2,11,2,0,3,0,0.0,0.0,0.0,8,0,6,0,2,0,8,0,0,0,1,0,0,1,0,0,1,0,1,29,4,0,3,0,5,0,3,2,1,1,0,0,0,0,23,17,0,0,0,0,0,0,0,0,0,0,0,0,0,0,0,No
1.2.2,openjpa-slice/src/main/java/org/apache/openjpa/slice/jdbc/DistributedStatement.java,2,3,1,2,1,2,0,0,0,0.0,NaN,NaN,1,0,1,0,0,0,1,0,0,0,0,0,0,0,0,0,0,0,0,5,0,0,0,0,0,0,0,0,0,0,0,0,0,0,13,0,0,0,1,1,33,33,33.0,33,33,33.0,66,66,66.0,135,135.0,No
1.2.2,openjpa-kernel/src/main/java/org/apache/openjpa/kernel/EDirtyState.java,3,4,1,3,14,2,0,5,91,0.0,0.0,0.0,14,0,1,0,0,13,14,0,0,0,0,0,0,0,0,0,0,0,0,46,12,0,0,0,0,1,0,0,0,0,0,0,0,0,54,0,0,0,0,0,0,0,0,0,0,0,0,0,0,0,0,No
1.2.2,openjpa-kernel/src/main/java/org/apache/openjpa/kernel/PNewDeletedState.java,2,3,1,2,14,2,0,4,91,0.0,0.0,0.0,14,0,0,0,0,14,14,0,0,0,0,0,0,0,0,0,0,0,0,48,14,0,0,0,0,4,0,0,0,0,0,0,0,0,47,0,0,0,0,0,0,0,0,0,0,0,0,0,0,0,0,Yes
1.2.2,openjpa-kernel/src/main/java/org/apache/openjpa/kernel/PNonTransDirtyState.java,2,2,0,2,9,2,0,3,36,0.0,0.0,0.0,9,0,0,0,0,9,9,0,0,0,0,0,0,0,0,0,0,0,0,30,8,0,0,0,0,1,0,0,0,0,0,0,0,0,57,0,0,0,0,0,0,0,0,0,0,0,0,0,0,0,0,No
1.2.2,openjpa-kernel/src/main/java/org/apache/openjpa/kernel/TransientState.java,3,3,0,3,1,2,0,6,0,0.0,NaN,NaN,1,0,0,0,0,1,1,0,0,0,0,0,0,0,0,0,0,0,0,7,0,0,0,0,0,0,0,0,0,0,0,0,0,0,31,0,0,0,0,0,0,0,0,0,0,0,0,0,0,0,0,No
1.2.2,openjpa-kernel/src/main/java/org/apache/openjpa/kernel/PDirtyState.java,3,4,1,3,15,2,0,7,105,0.0,0.0,0.0,15,0,0,0,0,15,15,0,0,0,0,0,0,0,0,0,0,0,0,49,13,0,0,0,0,2,0,0,0,0,0,0,0,0,58,0,0,0,0,0,0,0,0,0,0,0,0,0,0,0,0,No
1.2.2,openjpa-jdbc/src/main/java/org/apache/openjpa/jdbc/kernel/exps/InKeyExpression.java,5,6,1,5,3,2,0,3,1,0.0,0.0,0.0,2,0,1,0,1,0,2,0,0,0,0,0,0,0,0,0,0,0,0,9,1,0,1,0,1,0,0,1,0,1,0,0,0,0,36,0,0,0,0,0,0,0,0,0,0,0,0,0,0,0,0,No
1.2.2,openjpa-kernel/src/main/java/org/apache/openjpa/kernel/exps/Mod.java,3,4,1,3,2,3,0,1,1,0.0,0.0,0.0,2,0,1,0,1,0,2,0,0,0,0,0,0,0,0,0,0,0,1,8,1,0,0,0,0,0,0,0,0,0,0,0,0,0,20,0,0,0,0,0,0,0,0,0,0,0,0,0,0,0,0,No
1.2.2,openjpa-jdbc/src/main/java/org/apache/openjpa/jdbc/kernel/exps/Count.java,5,6,1,5,5,3,0,1,10,0.0,0.0,0.0,5,0,3,0,2,0,5,0,0,0,0,0,0,0,0,0,0,0,0,17,4,0,0,0,0,1,0,0,0,0,0,0,0,0,29,0,0,0,0,0,0,0,0,0,0,0,0,0,0,0,0,No
1.2.2,openjpa-kernel/src/main/java/org/apache/openjpa/util/CallbackException.java,2,4,2,2,3,2,0,0,3,0.0,0.0,0.0,3,0,3,0,0,0,3,0,0,0,0,0,0,0,0,0,0,0,0,11,1,0,0,0,0,0,0,0,0,0,0,0,0,0,23,1,0,0,0,0,0,0,0,0,0,0,0,0,0,0,0,No
1.2.2,openjpa-kernel/src/main/java/org/apache/openjpa/kernel/exps/OrExpression.java,3,4,1,3,4,2,0,5,0,0.0,0.0,0.0,4,0,2,0,2,0,4,0,0,0,2,0,0,2,0,0,2,0,0,20,2,0,0,0,0,0,0,2,0,2,0,0,0,0,27,0,0,0,0,0,0,0,0,0,0,0,0,0,0,0,0,No
1.2.2,openjpa-kernel/src/main/java/org/apache/openjpa/event/BrokerFactoryEvent.java,1,4,3,1,3,1,0,1,1,0.6666667,0.0,0.0,3,0,3,0,0,0,3,0,0,0,2,1,1,1,0,0,1,0,0,14,2,0,0,0,0,0,1,2,0,2,0,0,0,0,41,1,0,0,1,1,56,56,56.0,56,56,56.0,112,112,112.0,135,135.0,No
1.2.2,openjpa-kernel/src/main/java/org/apache/openjpa/kernel/PNewProvisionalState.java,3,4,1,3,14,2,0,6,91,0.0,0.0,0.0,14,0,0,0,0,14,14,0,0,0,0,0,0,0,0,0,0,0,0,49,13,0,0,0,0,0,0,0,0,0,0,0,0,0,51,0,0,0,0,0,0,0,0,0,0,0,0,0,0,0,0,No
1.2.2,openjpa-kernel/src/main/java/org/apache/openjpa/kernel/EDeletedState.java,2,3,1,2,10,2,0,3,45,0.0,0.0,0.0,10,0,1,0,0,9,10,0,0,0,0,0,0,0,0,0,0,0,0,35,10,0,0,0,0,1,0,0,0,0,0,0,0,0,41,0,0,0,0,0,0,0,0,0,0,0,0,0,0,0,0,Yes
1.2.2,openjpa-lib/src/main/java/org/apache/openjpa/lib/jdbc/JDBCEvent.java,1,8,7,1,7,1,0,2,11,0.91596645,0.0,0.0,7,0,7,0,0,0,7,0,6,0,17,12,12,5,0,0,17,0,1,45,6,0,0,0,0,0,12,17,0,17,0,0,0,0,80,1,0,0,0,0,0,0,0,0,0,0,0,0,0,0,0,No
1.2.2,openjpa-kernel/src/main/java/org/apache/openjpa/util/ReferentialIntegrityException.java,3,4,1,3,10,6,0,7,16,0.875,0.0,0.0,8,1,5,3,0,0,5,0,0,0,7,6,5,2,0,0,6,0,1,39,6,0,0,0,0,3,5,9,0,7,1,0,0,0,57,1,0,0,0,0,0,0,0,0,0,0,0,0,0,0,0,No
1.2.2,openjpa-kernel/src/main/java/org/apache/openjpa/util/NoTransactionException.java,2,2,0,2,2,7,0,0,1,0.0,0.0,0.0,2,0,2,0,0,0,2,0,0,0,0,0,0,0,0,0,0,0,0,8,1,0,0,0,0,0,0,0,0,0,0,0,0,0,30,1,0,0,0,0,0,0,0,0,0,0,0,0,0,0,0,No
1.2.2,openjpa-jdbc/src/main/java/org/apache/openjpa/jdbc/kernel/DelegatingJDBCFetchConfiguration.java,6,7,1,6,57,2,0,30,435,0.0,0.0,0.0,30,0,30,0,0,0,30,0,0,0,0,0,0,0,0,0,0,0,0,241,28,0,0,27,0,0,0,0,0,0,1,0,0,0,71,1,0,0,0,0,0,0,0,0,0,0,0,0,0,0,0,No
1.2.2,openjpa-kernel/src/main/java/org/apache/openjpa/ant/PCEnhancerTask.java,7,7,0,7,7,2,0,5,1,0.5,0.0,0.0,6,0,4,0,2,0,6,0,0,0,2,0,0,0,2,0,0,0,1,25,1,0,1,0,1,0,0,9,0,4,0,0,0,0,92,1,0,0,0,0,0,0,0,0,0,0,0,0,0,0,0,No
1.2.2,openjpa-kernel/src/main/java/org/apache/openjpa/util/ObjectExistsException.java,2,2,0,2,3,2,0,0,3,0.0,0.0,0.0,3,0,3,0,0,0,3,0,0,0,0,0,0,0,0,0,0,0,0,11,1,0,0,0,0,0,0,0,0,0,0,0,0,0,25,1,0,0,0,0,0,0,0,0,0,0,0,0,0,0,0,No
1.2.2,openjpa-jdbc/src/main/java/org/apache/openjpa/jdbc/kernel/BatchingConstraintUpdateManager.java,6,6,0,6,4,3,0,5,1,0.0,0.0,0.0,2,0,0,0,2,0,2,0,0,0,0,0,0,0,0,0,0,0,0,20,2,0,0,1,0,0,0,5,0,2,1,0,0,0,75,1,0,0,0,0,0,0,0,0,0,0,0,0,0,0,0,No
1.2.2,openjpa-lib/src/main/java/org/apache/openjpa/lib/log/LogFactoryAdapter.java,3,6,3,3,3,1,2,3,1,0.5,0.0,0.0,2,0,1,0,1,0,2,1,0,0,1,0,0,1,0,0,0,0,0,12,1,0,1,0,0,0,0,3,0,2,1,0,0,0,38,1025,0,0,1,1,51,51,51.0,51,51,51.0,102,102,102.0,135,135.0,No
1.2.2,openjpa-kernel/src/main/java/org/apache/openjpa/kernel/ECleanState.java,2,2,0,2,13,2,0,2,78,0.0,0.0,0.0,13,0,0,0,0,13,13,0,0,0,0,0,0,0,0,0,0,0,0,42,12,0,0,0,0,0,0,0,0,0,0,0,0,0,59,0,0,0,0,0,0,0,0,0,0,0,0,0,0,0,0,No
1.2.2,openjpa-kernel/src/main/java/org/apache/openjpa/event/NoneOrphanedKeyAction.java,3,3,0,3,1,1,0,0,0,0.0,NaN,NaN,1,0,1,0,0,0,1,0,0,0,0,0,0,0,0,0,0,0,0,5,1,0,0,0,0,0,0,0,0,0,0,0,0,0,26,1,0,0,0,0,0,0,0,0,0,0,0,0,0,0,0,No
1.2.2,openjpa-kernel/src/main/java/org/apache/openjpa/kernel/exps/NotExpression.java,3,4,1,3,4,2,0,5,0,0.0,0.0,0.0,4,0,2,0,2,0,4,0,0,0,1,0,0,1,0,0,1,0,0,17,2,0,0,0,0,0,0,1,0,1,0,0,0,0,22,0,0,0,0,0,0,0,0,0,0,0,0,0,0,0,0,No
1.2.2,openjpa-kernel/src/main/java/org/apache/openjpa/kernel/NoneLockManager.java,2,2,0,2,3,2,0,1,3,0.0,0.0,0.0,3,0,3,0,0,0,3,0,0,0,0,0,0,0,0,0,0,0,0,11,1,0,0,0,0,0,0,0,0,0,0,0,0,0,31,1,0,0,0,0,0,0,0,0,0,0,0,0,0,0,0,No
1.2.2,openjpa-jdbc/src/main/java/org/apache/openjpa/jdbc/meta/NoneStrategyInstaller.java,10,10,0,10,5,2,0,13,10,0.0,0.0,0.0,5,0,5,0,0,0,5,0,0,0,0,0,0,0,0,0,0,0,4,22,0,0,0,0,0,0,0,0,0,0,0,0,0,0,28,1,0,0,0,0,0,0,0,0,0,0,0,0,0,0,0,No
1.2.2,openjpa-slice/src/main/java/org/apache/openjpa/slice/ProductDerivation.java,3,3,0,3,3,2,0,2,3,0.8333334,0.0,0.0,3,0,3,0,0,0,3,0,0,0,2,2,2,0,0,0,2,0,0,13,2,0,0,0,0,4,0,2,0,2,0,0,0,0,63,1,0,0,1,1,63,63,63.0,63,63,63.0,126,126,126.0,135,135.0,No
1.2.2,openjpa-kernel/src/main/java/org/apache/openjpa/datacache/TypesChangedEvent.java,0,6,6,0,2,1,0,0,0,0.0,0.0,0.0,2,0,2,0,0,0,2,0,0,0,1,0,0,1,0,0,1,0,0,10,1,0,0,0,0,0,0,1,0,1,0,0,0,0,29,1,0,0,0,0,0,0,0,0,0,0,0,0,0,0,0,No
1.2.2,openjpa-jdbc/src/main/java/org/apache/openjpa/jdbc/kernel/exps/SQLValue.java,1,2,1,1,1,2,0,0,0,0.0,NaN,NaN,1,0,1,0,0,0,1,0,0,0,1,1,1,0,0,0,1,0,0,6,1,0,0,0,0,1,0,1,0,1,0,0,0,0,43,1,0,0,0,0,0,0,0,0,0,0,0,0,0,0,0,No
1.2.2,openjpa-kernel/src/main/java/org/apache/openjpa/kernel/exps/Subtract.java,3,4,1,3,2,3,0,1,1,0.0,0.0,0.0,2,0,1,0,1,0,2,0,0,0,0,0,0,0,0,0,0,0,1,8,1,0,0,0,0,0,0,0,0,0,0,0,0,0,22,0,0,0,0,0,0,0,0,0,0,0,0,0,0,0,0,No
1.2.2,openjpa-jdbc/src/main/java/org/apache/openjpa/jdbc/kernel/exps/QueryExpressionsState.java,1,5,4,1,0,1,0,0,0,NaN,-1.0,-1.0,0,0,0,0,0,0,0,0,0,0,6,1,6,0,0,0,1,0,0,8,0,0,0,0,0,0,1,6,0,6,0,0,0,0,29,1,0,0,0,0,0,0,0,0,0,0,0,0,0,0,0,No
1.2.2,openjpa-jdbc/src/main/java/org/apache/openjpa/jdbc/kernel/exps/IsNotEmptyExpression.java,7,8,1,7,5,1,0,8,0,0.0,0.0,0.0,5,0,5,0,0,0,5,0,0,0,1,0,0,1,0,0,1,0,0,22,1,0,0,0,0,0,0,1,0,1,0,0,0,0,38,0,0,0,0,0,0,0,0,0,0,0,0,0,0,0,0,No
1.2.2,openjpa-kernel/src/main/java/org/apache/openjpa/kernel/PNonTransDeletedState.java,2,2,0,2,12,2,0,1,66,0.0,0.0,0.0,12,0,0,0,0,12,12,0,0,0,0,0,0,0,0,0,0,0,0,38,12,0,0,0,0,6,0,0,0,0,0,0,0,0,45,1,0,0,0,0,0,0,0,0,0,0,0,0,0,0,0,No
1.2.2,openjpa-jdbc/src/main/java/org/apache/openjpa/jdbc/conf/JDBCSeqValue.java,6,6,0,6,1,2,0,8,0,0.0,NaN,NaN,1,0,1,0,0,0,1,0,0,0,1,1,0,0,0,1,1,0,0,9,0,0,0,0,0,3,2,1,0,1,0,0,0,0,57,1,0,0,0,0,0,0,0,0,0,0,0,0,0,0,0,No
1.2.2,openjpa-jdbc/src/main/java/org/apache/openjpa/jdbc/kernel/exps/InValueExpression.java,5,6,1,5,3,2,0,3,1,0.0,0.0,0.0,2,0,1,0,1,0,2,0,0,0,0,0,0,0,0,0,0,0,0,9,1,0,1,0,1,0,0,1,0,1,0,0,0,0,35,0,0,0,0,0,0,0,0,0,0,0,0,0,0,0,0,No
1.2.2,openjpa-lib/src/main/java/org/apache/openjpa/lib/graph/NodeInfo.java,0,3,3,0,0,1,0,0,0,NaN,-1.0,-1.0,0,0,0,0,0,0,0,0,0,0,5,3,5,0,0,0,3,0,0,7,0,0,0,0,0,0,4,5,0,5,0,0,0,0,30,0,0,0,1,1,35,35,35.0,35,35,35.0,70,70,70.0,135,135.0,No
1.2.2,openjpa-jdbc/src/main/java/org/apache/openjpa/jdbc/kernel/exps/AbstractVal.java,6,27,21,6,11,1,16,5,55,0.90909094,0.0,0.0,11,0,11,0,0,0,11,0,0,0,2,2,0,0,2,0,2,0,0,40,5,0,0,0,0,5,2,2,0,2,0,0,0,0,50,1024,0,0,0,0,0,0,0,0,0,0,0,0,0,0,0,Yes
1.2.2,openjpa-jdbc/src/main/java/org/apache/openjpa/jdbc/meta/strats/SuperclassVersionStrategy.java,5,8,3,5,4,3,0,7,6,0.0,0.0,0.0,4,0,4,0,0,0,4,0,0,0,0,0,0,0,0,0,0,0,0,14,3,0,0,0,0,0,0,0,0,0,0,0,0,0,39,1,0,0,0,0,0,0,0,0,0,0,0,0,0,0,0,No
1.2.2,openjpa-kernel/src/main/java/org/apache/openjpa/conf/SeqValue.java,2,3,1,2,1,2,0,4,0,0.0,NaN,NaN,1,0,1,0,0,0,1,0,0,0,1,1,0,1,0,0,1,0,0,9,0,0,0,0,0,1,2,1,0,1,0,0,0,0,40,1,0,0,0,0,0,0,0,0,0,0,0,0,0,0,0,No
1.2.2,openjpa-kernel/src/main/java/org/apache/openjpa/kernel/exps/ValExpression.java,4,5,1,4,8,2,0,9,0,0.0,0.0,0.0,4,0,2,0,2,0,4,0,0,0,1,0,0,1,0,0,1,0,0,20,2,0,3,0,3,0,0,4,0,4,0,0,0,0,26,0,0,0,0,0,0,0,0,0,0,0,0,0,0,0,0,No
1.2.2,openjpa-kernel/src/main/java/org/apache/openjpa/kernel/exps/Add.java,3,4,1,3,2,3,0,1,1,0.0,0.0,0.0,2,0,1,0,1,0,2,0,0,0,0,0,0,0,0,0,0,0,1,8,1,0,0,0,0,0,0,0,0,0,0,0,0,0,20,0,0,0,0,0,0,0,0,0,0,0,0,0,0,0,0,No
1.2.2,openjpa-kernel/src/main/java/org/apache/openjpa/kernel/exps/NotEqualExpression.java,2,3,1,2,5,3,0,1,1,0.0,0.0,0.0,2,0,1,0,1,0,2,0,0,0,0,0,0,0,0,0,0,0,0,8,1,0,3,0,2,0,0,0,0,0,0,0,0,0,19,0,0,0,0,0,0,0,0,0,0,0,0,0,0,0,0,No
1.2.2,openjpa-kernel/src/main/java/org/apache/openjpa/util/ObjectNotFoundException.java,6,7,1,6,4,6,0,6,4,0.5,0.0,0.0,4,0,4,0,0,0,4,0,0,0,1,1,0,1,0,0,1,0,2,17,1,0,0,0,0,2,0,1,0,1,0,0,0,0,35,1,0,0,0,0,0,0,0,0,0,0,0,0,0,0,0,No
1.2.2,openjpa-kernel/src/main/java/org/apache/openjpa/util/InvalidStateException.java,3,16,13,3,3,6,3,1,3,0.0,0.0,0.0,3,0,3,0,0,0,3,0,0,0,0,0,0,0,0,0,0,0,0,12,1,0,0,0,0,0,0,0,0,0,0,0,0,0,39,1,0,0,0,0,0,0,0,0,0,0,0,0,0,0,0,No
1.2.2,openjpa-jdbc/src/main/java/org/apache/openjpa/jdbc/sql/FirebirdDictionary.java,5,6,1,5,4,3,0,4,3,0.0,0.0,0.0,3,0,3,0,0,0,3,0,0,0,0,0,0,0,0,0,0,0,0,25,1,0,1,0,0,10,0,3,1,0,1,0,0,0,43,1,0,0,0,0,0,0,0,0,0,0,0,0,0,0,0,Yes
1.2.2,openjpa-jdbc/src/main/java/org/apache/openjpa/jdbc/kernel/ConnectionInfo.java,3,5,2,3,0,1,0,0,0,NaN,-1.0,-1.0,0,0,0,0,0,0,0,0,0,0,3,0,3,0,0,0,0,0,0,5,0,0,0,0,0,0,0,3,0,3,0,0,0,0,25,1,0,0,0,0,0,0,0,0,0,0,0,0,0,0,0,No
1.2.2,openjpa-kernel/src/main/java/org/apache/openjpa/kernel/PDeletedFlushedState.java,4,6,2,4,2,3,0,1,1,0.0,0.0,0.0,2,0,0,0,0,2,2,0,0,0,0,0,0,0,0,0,0,0,0,9,2,0,0,0,0,0,0,0,0,0,0,0,0,0,30,0,0,0,0,0,0,0,0,0,0,0,0,0,0,0,0,No
1.2.2,openjpa-kernel/src/main/java/org/apache/openjpa/kernel/exps/ContainsKeyExpression.java,2,3,1,2,3,3,0,1,1,0.0,0.0,0.0,2,0,1,0,1,0,2,0,0,0,0,0,0,0,0,0,0,0,0,8,1,0,1,0,2,0,0,0,0,0,0,0,0,0,26,0,0,0,0,0,0,0,0,0,0,0,0,0,0,0,0,No
1.2.2,openjpa-kernel/src/main/java/org/apache/openjpa/util/NoResultException.java,3,3,0,3,3,7,0,1,3,0.0,0.0,0.0,3,0,3,0,0,0,3,0,0,0,0,0,0,0,0,0,0,0,0,12,1,0,0,0,0,0,0,0,0,0,0,0,0,0,35,1,0,0,0,0,0,0,0,0,0,0,0,0,0,0,0,No
1.2.2,openjpa-lib/src/main/java/org/apache/openjpa/lib/rop/SoftRandomAccessResultList.java,3,4,1,3,2,4,0,0,1,0.0,0.0,0.0,2,0,1,0,1,0,2,0,0,0,0,0,0,0,0,0,0,0,0,8,1,0,0,0,0,0,0,0,0,0,0,0,0,0,23,1,0,0,0,0,0,0,0,0,0,0,0,0,0,0,0,No
1.2.2,openjpa-persistence-jdbc/src/main/java/org/apache/openjpa/persistence/jdbc/JDBCFetchPlanImpl.java,14,16,2,14,50,2,0,43,763,0.56,0.0,0.0,50,0,49,0,1,0,50,0,0,0,1,0,0,1,0,0,0,0,7,167,49,0,0,0,0,0,0,1,0,1,0,0,0,0,70,1,0,0,0,0,0,0,0,0,0,0,0,0,0,0,0,No
1.2.2,openjpa-kernel/src/main/java/org/apache/openjpa/util/MetaDataException.java,3,56,53,3,5,6,0,1,10,0.0,0.0,0.0,5,0,5,0,0,0,5,0,0,0,0,0,0,0,0,0,0,0,0,20,1,0,0,0,0,0,0,0,0,0,0,0,0,0,25,1,0,0,0,0,0,0,0,0,0,0,0,0,0,0,0,No
1.2.2,openjpa-kernel/src/main/java/org/apache/openjpa/util/NonUniqueResultException.java,2,2,0,2,3,2,0,1,3,0.0,0.0,0.0,3,0,3,0,0,0,3,0,0,0,0,0,0,0,0,0,0,0,0,12,1,0,0,0,0,0,0,0,0,0,0,0,0,0,39,1,0,0,0,0,0,0,0,0,0,0,0,0,0,0,0,No
1.2.2,openjpa-jdbc/src/main/java/org/apache/openjpa/jdbc/kernel/exps/InSubQExpression.java,9,10,1,9,5,2,0,13,0,0.0,0.0,0.0,5,0,5,0,0,0,5,0,0,0,2,0,0,2,0,0,2,0,0,41,1,0,0,0,0,1,4,6,0,6,0,0,1,0,46,0,0,0,0,0,0,0,0,0,0,0,0,0,0,0,0,No
1.2.2,openjpa-jdbc/src/main/java/org/apache/openjpa/jdbc/meta/strats/AbstractValueHandler.java,5,15,10,5,6,1,10,0,15,0.0,0.0,0.0,6,0,6,0,0,0,6,0,0,0,0,0,0,0,0,0,0,0,0,20,6,0,0,0,0,0,0,0,0,0,0,0,0,0,41,1025,0,0,0,0,0,0,0,0,0,0,0,0,0,0,0,No
1.2.2,openjpa-kernel/src/main/java/org/apache/openjpa/kernel/TLoadedState.java,2,3,1,2,2,2,0,1,1,0.0,0.0,0.0,2,0,0,0,0,2,2,0,0,0,0,0,0,0,0,0,0,0,0,8,1,0,0,0,0,0,0,0,0,0,0,0,0,0,43,0,0,0,0,0,0,0,0,0,0,0,0,0,0,0,0,No
1.2.2,openjpa-kernel/src/main/java/org/apache/openjpa/kernel/exps/BindKeyVariableExpression.java,3,4,1,3,3,3,0,1,1,0.0,0.0,0.0,2,0,1,0,1,0,2,0,0,0,0,0,0,0,0,0,0,0,0,9,1,0,1,0,1,0,0,1,0,1,0,0,0,0,24,0,0,0,0,0,0,0,0,0,0,0,0,0,0,0,0,No
1.2.2,openjpa-kernel/src/main/java/org/apache/openjpa/kernel/HollowState.java,2,3,1,2,11,2,0,4,55,0.0,0.0,0.0,11,0,0,0,0,11,11,0,0,0,0,0,0,0,0,0,0,0,0,38,10,0,0,0,0,0,0,0,0,0,0,0,0,0,78,0,0,0,0,0,0,0,0,0,0,0,0,0,0,0,0,No
1.2.2,openjpa-jdbc/src/main/java/org/apache/openjpa/jdbc/kernel/exps/Max.java,2,3,1,2,3,3,0,0,3,0.0,0.0,0.0,3,0,2,0,1,0,3,0,0,0,0,0,0,0,0,0,0,0,0,11,2,0,0,0,0,1,0,0,0,0,0,0,0,0,17,0,0,0,0,0,0,0,0,0,0,0,0,0,0,0,0,No
1.2.2,openjpa-kernel/src/main/java/org/apache/openjpa/kernel/exps/ContainsValueExpression.java,2,3,1,2,3,3,0,1,1,0.0,0.0,0.0,2,0,1,0,1,0,2,0,0,0,0,0,0,0,0,0,0,0,0,8,1,0,1,0,2,0,0,0,0,0,0,0,0,0,25,0,0,0,0,0,0,0,0,0,0,0,0,0,0,0,0,No
1.2.2,openjpa-jdbc/src/main/java/org/apache/openjpa/jdbc/schema/ReferenceCounter.java,0,7,7,0,3,1,3,0,0,0.0,0.0,0.0,3,0,3,0,0,0,3,0,0,0,1,0,0,1,0,0,0,0,0,12,1,0,0,0,0,0,1,1,0,1,0,0,0,0,21,0,0,0,0,0,0,0,0,0,0,0,0,0,0,0,0,No
1.2.2,openjpa-kernel/src/main/java/org/apache/openjpa/kernel/ECopyState.java,3,4,1,3,12,2,0,5,66,0.0,0.0,0.0,12,0,0,0,0,12,12,0,0,0,0,0,0,0,0,0,0,0,0,40,10,0,0,0,0,1,0,0,0,0,0,0,0,0,51,0,0,0,0,0,0,0,0,0,0,0,0,0,0,0,0,No
1.2.2,openjpa-kernel/src/main/java/org/apache/openjpa/ee/SunOneManagedRuntime.java,4,6,2,4,4,2,0,6,4,0.5,0.0,0.0,4,0,4,0,0,0,4,0,0,0,2,0,0,2,0,0,0,0,1,19,2,0,0,0,0,3,0,4,0,4,0,0,0,0,28,1,0,0,0,0,0,0,0,0,0,0,0,0,0,0,0,No
1.2.2,openjpa-jdbc/src/main/java/org/apache/openjpa/jdbc/kernel/exps/ToLowerCase.java,10,12,2,10,5,3,0,11,3,0.0,0.0,0.0,3,0,3,0,0,0,3,0,0,0,0,0,0,0,0,0,0,0,0,23,1,0,1,0,1,2,3,5,1,3,1,0,0,0,39,1,0,0,1,1,5,5,5.0,1,1,1.0,6,6,6.0,6,6.0,No
1.2.2,openjpa-kernel/src/main/java/org/apache/openjpa/datacache/ConcurrentQueryCache.java,7,8,1,7,16,3,0,17,0,0.125,0.0,0.0,16,0,8,0,8,0,16,0,0,0,1,0,0,1,0,0,0,0,0,52,10,0,0,0,0,0,0,1,0,1,0,0,0,0,125,1,0,0,0,0,0,0,0,0,0,0,0,0,0,0,0,No
1.2.2,openjpa-jdbc/src/main/java/org/apache/openjpa/jdbc/kernel/exps/SQLExpression.java,1,2,1,1,1,2,0,0,0,0.0,NaN,NaN,1,0,1,0,0,0,1,0,0,0,1,1,1,0,0,0,1,0,0,6,1,0,0,0,0,1,0,1,0,1,0,0,0,0,44,1,0,0,0,0,0,0,0,0,0,0,0,0,0,0,0,No
1.2.2,openjpa-slice/src/main/java/org/apache/openjpa/slice/jdbc/SliceStoreManager.java,2,5,3,2,3,2,0,1,0,0.0,0.0,0.0,3,0,3,0,0,0,3,0,0,0,1,0,0,1,0,0,1,0,0,12,2,0,0,0,0,0,0,1,0,1,0,0,0,0,27,1,0,0,1,1,50,50,50.0,50,50,50.0,100,100,100.0,135,135.0,No
1.2.2,openjpa-jdbc/src/main/java/org/apache/openjpa/jdbc/sql/Calendard.java,0,2,2,0,1,1,0,0,0,0.0,NaN,NaN,1,0,1,0,0,0,1,0,0,0,2,0,2,0,0,0,2,0,0,8,0,0,0,0,0,0,0,2,0,2,0,0,0,0,17,1,0,0,0,0,0,0,0,0,0,0,0,0,0,0,0,No
1.2.2,openjpa-jdbc/src/main/java/org/apache/openjpa/jdbc/conf/FetchModeValue.java,1,2,1,1,1,2,0,3,0,0.75,NaN,NaN,1,0,1,0,0,0,1,0,0,0,4,4,3,1,0,0,3,0,5,11,0,0,0,0,0,5,0,4,0,4,0,0,0,0,49,1,0,0,0,0,0,0,0,0,0,0,0,0,0,0,0,No
1.2.2,openjpa-jdbc/src/main/java/org/apache/openjpa/jdbc/sql/CacheDictionary.java,1,2,1,1,1,2,0,0,0,0.0,NaN,NaN,1,0,1,0,0,0,1,0,0,0,0,0,0,0,0,0,0,0,0,14,0,0,0,0,0,8,0,10,0,0,0,0,0,0,46,1,0,0,0,0,0,0,0,0,0,0,0,0,0,0,0,No
1.2.2,openjpa-jdbc/src/main/java/org/apache/openjpa/jdbc/kernel/exps/Min.java,2,3,1,2,3,3,0,0,3,0.0,0.0,0.0,3,0,2,0,1,0,3,0,0,0,0,0,0,0,0,0,0,0,0,11,2,0,0,0,0,1,0,0,0,0,0,0,0,0,17,0,0,0,0,0,0,0,0,0,0,0,0,0,0,0,0,No
1.2.2,openjpa-jdbc/src/main/java/org/apache/openjpa/jdbc/kernel/exps/Size.java,7,8,1,7,5,3,0,5,10,0.0,0.0,0.0,5,0,3,0,2,0,5,0,0,0,0,0,0,0,0,0,0,0,0,19,2,0,0,0,0,0,0,0,0,0,0,0,0,0,27,0,0,0,0,0,0,0,0,0,0,0,0,0,0,0,0,No
1.2.2,openjpa-jdbc/src/main/java/org/apache/openjpa/jdbc/meta/StrategyInstaller.java,5,16,11,5,6,1,6,0,15,0.8333333,0.0,0.0,6,0,6,0,0,0,6,4,0,0,1,0,0,0,1,0,1,0,0,13,1,0,0,0,0,0,0,1,0,1,0,0,0,0,43,1025,0,0,0,0,0,0,0,0,0,0,0,0,0,0,0,No
1.2.2,openjpa-jdbc/src/main/java/org/apache/openjpa/jdbc/sql/Sized.java,0,2,2,0,1,1,0,0,0,0.0,NaN,NaN,1,0,1,0,0,0,1,0,0,0,2,0,2,0,0,0,2,0,0,8,0,0,0,0,0,0,0,2,0,2,0,0,0,0,16,1,0,0,0,0,0,0,0,0,0,0,0,0,0,0,0,No
1.2.2,openjpa-kernel/src/main/java/org/apache/openjpa/kernel/PDeletedState.java,2,4,2,2,16,2,1,6,105,0.0,0.0,0.0,15,0,0,0,0,15,15,0,0,0,0,0,0,0,0,0,0,0,0,50,14,0,0,0,1,4,1,0,0,0,0,0,0,0,56,0,0,0,0,0,0,0,0,0,0,0,0,0,0,0,0,Yes
1.2.2,openjpa-lib/src/main/java/org/apache/openjpa/lib/rop/ListResultList.java,3,7,4,3,19,2,1,14,0,0.55263156,0.0,0.0,19,0,19,0,0,0,19,0,0,0,2,0,0,2,0,0,1,0,0,71,17,0,0,0,0,0,0,3,0,2,0,0,0,0,48,1,0,0,1,1,5,5,5.0,0,0,0.0,5,5,5.0,3,3.0,No
1.2.2,openjpa-kernel/src/main/java/org/apache/openjpa/ee/JNDIManagedRuntime.java,4,6,2,4,6,2,0,5,4,0.5,0.0,0.0,5,0,5,0,0,0,5,0,0,0,2,0,0,2,0,0,0,0,0,29,3,0,1,1,0,1,0,6,0,3,2,0,0,0,38,1,0,0,0,0,0,0,0,0,0,0,0,0,0,0,0,No
1.2.2,openjpa-jdbc/src/main/java/org/apache/openjpa/jdbc/kernel/exps/ToUpperCase.java,10,12,2,10,5,3,0,11,3,0.0,0.0,0.0,3,0,3,0,0,0,3,0,0,0,0,0,0,0,0,0,0,0,0,23,1,0,1,0,1,2,3,5,1,3,1,0,0,0,39,1,0,0,1,1,5,5,5.0,1,1,1.0,6,6,6.0,6,6.0,No
1.2.2,openjpa-jdbc/src/main/java/org/apache/openjpa/jdbc/meta/strats/ByteArrayValueHandler.java,8,10,2,8,4,2,0,5,6,0.75,0.0,0.0,4,1,4,0,0,0,4,0,0,0,1,1,0,1,0,0,1,0,2,19,4,0,0,0,0,0,1,2,0,2,0,0,0,0,28,1,0,0,0,0,0,0,0,0,0,0,0,0,0,0,0,No
1.2.2,openjpa-jdbc/src/main/java/org/apache/openjpa/jdbc/kernel/exps/IsEmptyExpression.java,7,8,1,7,5,1,0,8,0,0.0,0.0,0.0,5,0,5,0,0,0,5,0,0,0,1,0,0,1,0,0,1,0,0,22,1,0,0,0,0,0,0,1,0,1,0,0,0,0,37,0,0,0,0,0,0,0,0,0,0,0,0,0,0,0,0,No
1.2.2,openjpa-kernel/src/main/java/org/apache/openjpa/kernel/exps/ValuePath.java,5,6,1,5,4,3,0,6,0,0.0,0.0,0.0,4,0,3,0,1,0,4,0,0,0,1,0,0,1,0,0,1,0,0,17,2,0,0,0,0,0,0,1,0,1,0,0,0,0,31,0,0,0,0,0,0,0,0,0,0,0,0,0,0,0,0,No
1.2.2,openjpa-jdbc/src/main/java/org/apache/openjpa/jdbc/kernel/BatchingOperationOrderUpdateManager.java,6,6,0,6,4,3,0,5,1,0.0,0.0,0.0,2,0,0,0,2,0,2,0,0,0,0,0,0,0,0,0,0,0,0,20,2,0,0,1,0,0,0,5,0,2,1,0,0,0,75,1,0,0,0,0,0,0,0,0,0,0,0,0,0,0,0,No
1.2.2,openjpa-kernel/src/main/java/org/apache/openjpa/util/UnsupportedException.java,2,10,8,2,5,5,0,1,10,0.0,0.0,0.0,5,0,5,0,0,0,5,0,0,0,0,0,0,0,0,0,0,0,0,20,1,0,0,0,0,0,0,0,0,0,0,0,0,0,29,1,0,0,0,0,0,0,0,0,0,0,0,0,0,0,0,No
1.2.2,openjpa-kernel/src/main/java/org/apache/openjpa/event/LifecycleEvent.java,1,15,14,1,4,1,0,0,2,0.96,0.0,0.0,4,0,4,0,0,0,4,0,0,0,25,23,23,2,0,0,25,0,0,41,2,0,0,0,0,0,22,25,0,25,0,0,0,0,80,1,0,0,0,0,0,0,0,0,0,0,0,0,0,0,0,No
1.2.2,openjpa-jdbc/src/main/java/org/apache/openjpa/jdbc/meta/strats/NanoPrecisionTimestampVersionStrategy.java,1,2,1,1,2,5,0,1,1,0.5,0.0,0.0,2,0,1,0,1,0,2,0,0,0,1,1,1,0,0,0,1,0,0,9,2,0,0,0,0,1,0,1,0,1,0,0,0,0,23,1,0,0,1,1,41,41,41.0,41,41,41.0,82,82,82.0,135,135.0,No
1.2.2,openjpa-jdbc/src/main/java/org/apache/openjpa/jdbc/kernel/exps/NotExpression.java,7,8,1,7,5,2,0,8,0,0.0,0.0,0.0,5,0,5,0,0,0,5,0,0,0,1,0,0,1,0,0,1,0,0,30,1,0,0,0,2,2,0,2,0,2,0,0,1,0,34,0,0,0,0,0,0,0,0,0,0,0,0,0,0,0,0,No
1.2.2,openjpa-kernel/src/main/java/org/apache/openjpa/kernel/exps/InstanceofExpression.java,5,6,1,5,6,2,0,10,0,0.125,0.0,0.0,4,0,2,0,2,0,4,0,0,0,2,0,0,2,0,0,2,0,1,21,2,0,1,0,1,0,0,4,0,4,0,0,0,0,42,0,0,0,0,0,0,0,0,0,0,0,0,0,0,0,0,No
1.2.2,openjpa-kernel/src/main/java/org/apache/openjpa/event/ExceptionOrphanedKeyAction.java,6,7,1,6,1,1,0,2,0,0.0,NaN,NaN,1,0,1,0,0,0,1,0,0,0,1,1,0,1,0,0,1,0,0,6,0,0,0,0,0,1,0,1,0,1,0,0,0,0,29,1,0,0,0,0,0,0,0,0,0,0,0,0,0,0,0,No
1.2.2,openjpa-kernel/src/main/java/org/apache/openjpa/util/ObjectId.java,2,4,2,2,9,2,0,2,0,0.0,0.0,0.0,7,0,4,0,2,1,7,0,0,0,1,0,0,1,0,0,0,0,0,27,4,0,3,0,3,0,1,4,0,2,0,0,0,0,33,17,0,0,0,0,0,0,0,0,0,0,0,0,0,0,0,No
1.2.2,openjpa-kernel/src/main/java/org/apache/openjpa/util/StoreException.java,2,16,14,2,6,5,5,1,15,1.0,0.0,0.0,6,0,6,0,0,0,6,0,0,0,5,5,5,0,0,0,5,0,0,25,1,0,0,0,0,0,5,5,0,5,0,0,0,0,36,1,0,0,0,0,0,0,0,0,0,0,0,0,0,0,0,Yes
1.2.2,openjpa-kernel/src/main/java/org/apache/openjpa/kernel/PNewFlushedDeletedState.java,2,4,2,2,15,2,1,3,105,0.0,0.0,0.0,15,0,0,0,0,15,15,0,0,0,0,0,0,0,0,0,0,0,0,50,15,0,0,0,0,4,0,0,0,0,0,0,0,0,55,0,0,0,0,0,0,0,0,0,0,0,0,0,0,0,0,Yes
2.0.0-M1,openjpa-kernel/src/main/java/org/apache/openjpa/event/TransactionEvent.java,1,7,6,1,10,1,0,0,5,0.8809525,0.0,0.0,6,0,6,0,0,0,6,0,0,0,14,9,9,5,0,0,14,0,0,39,5,0,4,0,4,0,9,14,0,14,0,0,0,0,121,1,0,0,0,0,0,0,0,0,0,0,0,0,0,0,0,No
2.0.0-M1,openjpa-persistence/src/main/java/org/apache/openjpa/persistence/query/LocateExpression.java,6,7,1,6,6,4,0,6,0,0.0,0.0,0.0,5,0,5,0,0,0,5,0,0,0,1,0,0,1,0,0,1,0,0,23,1,0,1,0,3,0,0,5,1,2,0,0,0,0,47,1,0,0,3,1,73,33,24.333333333333332,7,4,2.3333333333333335,80,35,26.666666666666668,82,47.333333333333336,Yes
2.0.0-M1,openjpa-persistence/src/main/java/org/apache/openjpa/persistence/query/LiteralExpression.java,1,2,1,1,1,4,0,0,0,0.0,NaN,NaN,1,0,1,0,0,0,1,0,0,0,0,0,0,0,0,0,0,0,0,5,0,0,0,0,0,0,0,0,0,0,0,0,0,0,9,1,0,0,1,1,31,31,31.0,0,0,0.0,31,31,31.0,82,82.0,Yes
2.0.0-M1,openjpa-persistence/src/main/java/org/apache/openjpa/persistence/query/NotEqualExpression.java,2,3,1,2,1,2,0,0,0,0.0,NaN,NaN,1,0,1,0,0,0,1,0,0,0,0,0,0,0,0,0,0,0,0,5,0,0,0,0,0,0,0,0,0,0,0,0,0,0,11,1,0,0,1,1,35,35,35.0,0,0,0.0,35,35,35.0,82,82.0,Yes
2.0.0-M1,openjpa-lib/src/main/java/org/apache/openjpa/lib/meta/SuffixMetaDataFilter.java,2,3,1,2,3,1,0,2,0,0.0,0.0,0.0,2,0,2,0,0,0,2,0,0,0,1,0,0,1,0,0,1,0,0,10,1,0,1,0,0,0,0,2,0,2,0,0,0,0,23,1,0,0,0,0,0,0,0,0,0,0,0,0,0,0,0,No
2.0.0-M1,openjpa-kernel/src/main/java/org/apache/openjpa/kernel/jpql/SimpleNode.java,2,2,0,2,1,2,0,0,0,0.0,NaN,NaN,1,0,0,0,0,1,1,0,0,0,0,0,0,0,0,0,0,0,0,5,0,0,0,0,0,0,0,0,0,0,0,0,0,0,22,1,0,0,0,0,0,0,0,0,0,0,0,0,0,0,0,No
2.0.0-M1,openjpa-jdbc/src/main/java/org/apache/openjpa/jdbc/meta/strats/AbstractClassStrategy.java,11,17,6,11,7,2,6,0,21,0.85714287,0.0,0.0,7,0,7,0,0,0,7,0,0,0,1,0,0,0,1,0,0,0,0,24,6,0,0,0,0,0,0,2,0,1,0,0,0,0,60,1025,0,0,0,0,0,0,0,0,0,0,0,0,0,0,0,No
2.0.0-M1,openjpa-kernel/src/main/java/org/apache/openjpa/util/OptimisticException.java,6,10,4,6,5,6,0,6,4,0.4,0.0,0.0,5,0,5,0,0,0,5,0,0,0,1,1,0,1,0,0,1,0,2,21,1,0,0,0,0,3,0,1,0,1,0,0,0,0,29,1,0,0,0,0,0,0,0,0,0,0,0,0,0,0,0,No
2.0.0-M1,openjpa-kernel/src/main/java/org/apache/openjpa/kernel/exps/Lit.java,4,5,1,4,9,2,0,2,0,0.4375,0.0,0.0,8,0,7,0,1,0,8,0,0,0,2,0,0,2,0,0,1,0,1,29,5,0,1,0,1,0,0,4,0,2,0,0,0,0,28,0,0,0,0,0,0,0,0,0,0,0,0,0,0,0,0,No
2.0.0-M1,openjpa-kernel/src/main/java/org/apache/openjpa/kernel/exps/UnboundVariable.java,2,3,1,2,6,2,0,0,7,0.5833334,0.0,0.0,6,0,5,0,1,0,6,0,0,0,2,0,0,2,0,0,0,0,0,22,3,0,0,0,0,0,0,5,0,2,0,0,0,0,56,0,0,0,0,0,0,0,0,0,0,0,0,0,0,0,0,No
2.0.0-M1,openjpa-kernel/src/main/java/org/apache/openjpa/kernel/exps/Param.java,4,6,2,4,7,2,0,1,11,0.6666667,0.0,0.0,7,0,6,0,1,0,7,0,0,0,3,0,0,3,0,0,0,0,0,27,4,0,0,0,0,0,1,7,0,3,0,0,0,0,30,0,0,0,0,0,0,0,0,0,0,0,0,0,0,0,0,No
2.0.0-M1,openjpa-jdbc/src/main/java/org/apache/openjpa/jdbc/sql/AbstractDB2Dictionary.java,3,5,2,3,8,2,2,6,0,0.0,0.0,0.0,3,0,3,0,0,0,3,0,0,0,1,0,1,0,0,0,0,0,5,75,0,0,2,0,0,38,2,31,5,4,2,0,0,0,100,1025,0,0,1,1,1,1,1.0,1,1,1.0,2,2,2.0,23,23.0,Yes
2.0.0-M1,openjpa-kernel/src/main/java/org/apache/openjpa/ant/ApplicationIdToolTask.java,7,7,0,7,10,2,0,4,0,0.5,0.0,0.0,9,0,7,0,2,0,9,0,0,0,2,0,0,0,2,0,0,0,0,32,2,0,1,0,1,0,0,9,0,2,0,0,0,0,95,1,0,0,0,0,0,0,0,0,0,0,0,0,0,0,0,No
2.0.0-M1,openjpa-jdbc/src/main/java/org/apache/openjpa/jdbc/meta/strats/ClobValueHandler.java,5,7,2,5,2,2,0,3,1,0.5,0.0,0.0,2,1,2,0,0,0,2,0,0,0,1,1,0,1,0,0,1,0,0,13,2,0,0,0,0,0,1,2,0,2,0,0,0,0,17,1,0,0,0,0,0,0,0,0,0,0,0,0,0,0,0,No
2.0.0-M1,openjpa-jdbc/src/main/java/org/apache/openjpa/jdbc/meta/strats/BlobValueHandler.java,5,7,2,5,2,2,0,3,1,0.5,0.0,0.0,2,1,2,0,0,0,2,0,0,0,1,1,0,1,0,0,1,0,0,13,2,0,0,0,0,0,1,2,0,2,0,0,0,0,17,1,0,0,0,0,0,0,0,0,0,0,0,0,0,0,0,No
2.0.0-M1,openjpa-jdbc/src/main/java/org/apache/openjpa/jdbc/kernel/exps/Sqrt.java,2,4,2,2,4,3,0,0,6,0.0,0.0,0.0,4,0,2,0,2,0,4,0,0,0,0,0,0,0,0,0,0,0,0,14,3,0,0,0,0,1,0,0,0,0,0,0,0,0,19,1,0,0,0,0,0,0,0,0,0,0,0,0,0,0,0,No
2.0.0-M1,openjpa-kernel/src/main/java/org/apache/openjpa/kernel/exps/BindValueVariableExpression.java,3,4,1,3,3,3,0,1,1,0.0,0.0,0.0,2,0,1,0,1,0,2,0,0,0,0,0,0,0,0,0,0,0,0,9,1,0,1,0,1,0,0,1,0,1,0,0,0,0,23,0,0,0,0,0,0,0,0,0,0,0,0,0,0,0,0,No
2.0.0-M1,openjpa-kernel/src/main/java/org/apache/openjpa/kernel/exps/CompareExpression.java,6,16,10,6,13,2,9,12,0,0.2,0.0,0.0,5,0,2,0,3,0,5,1,0,0,2,0,0,2,0,0,2,0,6,37,2,0,6,0,2,0,0,14,0,10,1,0,0,0,35,1024,0,0,0,0,0,0,0,0,0,0,0,0,0,0,0,No
2.0.0-M1,openjpa-persistence/src/main/java/org/apache/openjpa/persistence/query/MemberOfExpression.java,2,3,1,2,1,2,0,0,0,0.0,NaN,NaN,1,0,1,0,0,0,1,0,0,0,0,0,0,0,0,0,0,0,0,5,0,0,0,0,0,0,0,0,0,0,0,0,0,0,17,1,0,0,1,1,34,34,34.0,0,0,0.0,34,34,34.0,82,82.0,Yes
2.0.0-M1,openjpa-lib/src/main/java/org/apache/openjpa/lib/conf/BootstrapException.java,1,3,2,1,6,4,0,0,13,0.8333334,0.0,0.0,6,0,6,0,0,0,6,0,0,0,2,1,0,2,0,0,1,0,0,23,2,0,0,0,0,0,1,3,0,2,0,0,0,0,26,1,0,0,1,1,2,2,2.0,2,2,2.0,4,4,4.0,18,18.0,Yes
2.0.0-M1,openjpa-jdbc/src/main/java/org/apache/openjpa/jdbc/meta/strats/SuperclassDiscriminatorStrategy.java,11,14,3,11,8,3,0,14,10,0.0,0.0,0.0,5,0,5,0,0,0,5,0,0,0,0,0,0,0,0,0,0,0,0,24,3,1,2,0,0,0,0,2,0,1,2,0,0,0,43,1,0,0,0,0,0,0,0,0,0,0,0,0,0,0,0,No
2.0.0-M1,openjpa-kernel/src/main/java/org/apache/openjpa/kernel/exps/EqualExpression.java,2,3,1,2,5,3,0,1,1,0.0,0.0,0.0,2,0,1,0,1,0,2,0,0,0,0,0,0,0,0,0,0,0,0,8,1,0,3,0,2,0,0,0,0,0,0,0,0,0,18,0,0,0,0,0,0,0,0,0,0,0,0,0,0,0,0,No
2.0.0-M1,openjpa-kernel/src/main/java/org/apache/openjpa/util/InternalException.java,2,19,17,2,7,5,0,1,21,0.0,0.0,0.0,7,0,7,0,0,0,7,0,0,0,0,0,0,0,0,0,0,0,0,28,1,0,0,0,0,0,0,0,0,0,0,0,0,0,25,1,0,0,0,0,0,0,0,0,0,0,0,0,0,0,0,No
2.0.0-M1,openjpa-jdbc/src/main/java/org/apache/openjpa/jdbc/conf/JDBCProductDerivation.java,4,4,0,4,4,2,0,4,3,0.0,0.0,0.0,3,0,3,0,0,0,3,0,0,0,0,0,0,0,0,0,0,0,0,15,3,0,1,0,0,2,0,0,0,0,1,0,0,0,35,1,0,0,0,0,0,0,0,0,0,0,0,0,0,0,0,No
2.0.0-M1,openjpa-kernel/src/main/java/org/apache/openjpa/kernel/PNewDeletedState.java,2,3,1,2,14,2,0,4,91,0.0,0.0,0.0,14,0,0,0,0,14,14,0,0,0,0,0,0,0,0,0,0,0,0,48,14,0,0,0,0,4,0,0,0,0,0,0,0,0,47,0,0,0,0,0,0,0,0,0,0,0,0,0,0,0,0,No
2.0.0-M1,openjpa-kernel/src/main/java/org/apache/openjpa/kernel/PNonTransDirtyState.java,2,3,1,2,9,2,0,3,36,0.0,0.0,0.0,9,0,0,0,0,9,9,0,0,0,0,0,0,0,0,0,0,0,0,30,8,0,0,0,0,1,0,0,0,0,0,0,0,0,57,0,0,0,0,0,0,0,0,0,0,0,0,0,0,0,0,No
2.0.0-M1,openjpa-jdbc/src/main/java/org/apache/openjpa/jdbc/kernel/exps/InKeyExpression.java,5,6,1,5,3,2,0,3,1,0.0,0.0,0.0,2,0,1,0,1,0,2,0,0,0,0,0,0,0,0,0,0,0,0,9,1,0,1,0,1,0,0,1,0,1,0,0,0,0,36,0,0,0,0,0,0,0,0,0,0,0,0,0,0,0,0,No
2.0.0-M1,openjpa-persistence/src/main/java/org/apache/openjpa/persistence/query/EntryExpression.java,2,3,1,2,1,2,0,0,0,0.0,NaN,NaN,1,0,1,0,0,0,1,0,0,0,0,0,0,0,0,0,0,0,0,5,0,0,0,0,0,0,0,0,0,0,0,0,0,0,19,1,0,0,1,1,31,31,31.0,0,0,0.0,31,31,31.0,82,82.0,Yes
2.0.0-M1,openjpa-kernel/src/main/java/org/apache/openjpa/kernel/exps/Mod.java,3,4,1,3,2,3,0,1,1,0.0,0.0,0.0,2,0,1,0,1,0,2,0,0,0,0,0,0,0,0,0,0,0,1,8,1,0,0,0,0,0,0,0,0,0,0,0,0,0,20,0,0,0,0,0,0,0,0,0,0,0,0,0,0,0,0,No
2.0.0-M1,openjpa-jdbc/src/main/java/org/apache/openjpa/jdbc/kernel/exps/Count.java,5,6,1,5,5,3,0,1,10,0.0,0.0,0.0,5,0,3,0,2,0,5,0,0,0,0,0,0,0,0,0,0,0,0,17,4,0,0,0,0,1,0,0,0,0,0,0,0,0,29,0,0,0,0,0,0,0,0,0,0,0,0,0,0,0,0,No
2.0.0-M1,openjpa-kernel/src/main/java/org/apache/openjpa/kernel/exps/OrExpression.java,3,4,1,3,4,2,0,5,0,0.0,0.0,0.0,4,0,2,0,2,0,4,0,0,0,2,0,0,2,0,0,2,0,0,20,2,0,0,0,0,0,0,2,0,2,0,0,0,0,27,0,0,0,0,0,0,0,0,0,0,0,0,0,0,0,0,No
2.0.0-M1,openjpa-kernel/src/main/java/org/apache/openjpa/kernel/PNewProvisionalState.java,3,4,1,3,14,2,0,6,91,0.0,0.0,0.0,14,0,0,0,0,14,14,0,0,0,0,0,0,0,0,0,0,0,0,49,13,0,0,0,0,0,0,0,0,0,0,0,0,0,51,0,0,0,0,0,0,0,0,0,0,0,0,0,0,0,0,No
2.0.0-M1,openjpa-kernel/src/main/java/org/apache/openjpa/kernel/EDeletedState.java,2,3,1,2,10,2,0,3,45,0.0,0.0,0.0,10,0,1,0,0,9,10,0,0,0,0,0,0,0,0,0,0,0,0,35,10,0,0,0,0,1,0,0,0,0,0,0,0,0,41,0,0,0,0,0,0,0,0,0,0,0,0,0,0,0,0,No
2.0.0-M1,openjpa-kernel/src/main/java/org/apache/openjpa/util/NoTransactionException.java,2,3,1,2,2,7,0,0,1,0.0,0.0,0.0,2,0,2,0,0,0,2,0,0,0,0,0,0,0,0,0,0,0,0,8,1,0,0,0,0,0,0,0,0,0,0,0,0,0,30,1,0,0,0,0,0,0,0,0,0,0,0,0,0,0,0,No
2.0.0-M1,openjpa-jdbc/src/main/java/org/apache/openjpa/jdbc/kernel/DelegatingJDBCFetchConfiguration.java,6,7,1,6,57,2,0,30,435,0.0,0.0,0.0,30,0,30,0,0,0,30,0,0,0,0,0,0,0,0,0,0,0,0,241,28,0,0,27,0,0,0,0,0,0,1,0,0,0,71,1,0,0,0,0,0,0,0,0,0,0,0,0,0,0,0,No
2.0.0-M1,openjpa-jdbc/src/main/java/org/apache/openjpa/jdbc/kernel/BatchingConstraintUpdateManager.java,6,6,0,6,4,3,0,5,1,0.0,0.0,0.0,2,0,0,0,2,0,2,0,0,0,0,0,0,0,0,0,0,0,0,20,2,0,0,1,0,0,0,5,0,2,1,0,0,0,75,1,0,0,0,0,0,0,0,0,0,0,0,0,0,0,0,No
2.0.0-M1,openjpa-lib/src/main/java/org/apache/openjpa/lib/log/LogFactoryAdapter.java,3,6,3,3,3,1,2,3,1,0.5,0.0,0.0,2,0,1,0,1,0,2,1,0,0,1,0,0,1,0,0,0,0,0,12,1,0,1,0,0,0,0,3,0,2,1,0,0,0,35,1025,0,0,1,1,2,2,2.0,2,2,2.0,4,4,4.0,36,36.0,Yes
2.0.0-M1,openjpa-kernel/src/main/java/org/apache/openjpa/event/NoneOrphanedKeyAction.java,3,3,0,3,1,1,0,0,0,0.0,NaN,NaN,1,0,1,0,0,0,1,0,0,0,0,0,0,0,0,0,0,0,0,5,1,0,0,0,0,0,0,0,0,0,0,0,0,0,26,1,0,0,0,0,0,0,0,0,0,0,0,0,0,0,0,No
2.0.0-M1,openjpa-persistence/src/main/java/org/apache/openjpa/persistence/query/SizeExpression.java,2,3,1,2,1,2,0,0,0,0.0,NaN,NaN,1,0,1,0,0,0,1,0,0,0,0,0,0,0,0,0,0,0,0,5,0,0,0,0,0,0,0,0,0,0,0,0,0,0,13,1,0,0,1,1,33,33,33.0,0,0,0.0,33,33,33.0,82,82.0,Yes
2.0.0-M1,openjpa-kernel/src/main/java/org/apache/openjpa/kernel/exps/NotExpression.java,3,4,1,3,4,2,0,5,0,0.0,0.0,0.0,4,0,2,0,2,0,4,0,0,0,1,0,0,1,0,0,1,0,0,17,2,0,0,0,0,0,0,1,0,1,0,0,0,0,22,0,0,0,0,0,0,0,0,0,0,0,0,0,0,0,0,No
2.0.0-M1,openjpa-persistence/src/main/java/org/apache/openjpa/persistence/query/SumExpression.java,2,3,1,2,1,3,0,0,0,0.0,NaN,NaN,1,0,1,0,0,0,1,0,0,0,0,0,0,0,0,0,0,0,0,5,0,0,0,0,0,0,0,0,0,0,0,0,0,0,12,1,0,0,1,1,33,33,33.0,0,0,0.0,33,33,33.0,82,82.0,Yes
2.0.0-M1,openjpa-jdbc/src/main/java/org/apache/openjpa/jdbc/meta/NoneStrategyInstaller.java,10,10,0,10,5,2,0,13,10,0.0,0.0,0.0,5,0,5,0,0,0,5,0,0,0,0,0,0,0,0,0,0,0,4,22,0,0,0,0,0,0,0,0,0,0,0,0,0,0,28,1,0,0,0,0,0,0,0,0,0,0,0,0,0,0,0,No
2.0.0-M1,openjpa-jdbc/src/main/java/org/apache/openjpa/jdbc/kernel/exps/WhenCondition.java,8,10,2,8,9,1,0,9,0,0.2777778,0.0,0.0,9,0,9,0,0,0,9,0,0,0,2,0,0,2,0,0,2,0,0,43,5,0,0,0,0,2,2,6,0,6,0,0,0,0,53,1,0,0,1,1,94,94,94.0,0,0,0.0,94,94,94.0,8,8.0,No
2.0.0-M1,openjpa-persistence/src/main/java/org/apache/openjpa/persistence/query/LessThanExpression.java,2,3,1,2,1,2,0,0,0,0.0,NaN,NaN,1,0,1,0,0,0,1,0,0,0,0,0,0,0,0,0,0,0,0,5,0,0,0,0,0,0,0,0,0,0,0,0,0,0,11,1,0,0,1,1,35,35,35.0,0,0,0.0,35,35,35.0,82,82.0,Yes
2.0.0-M1,openjpa-persistence/src/main/java/org/apache/openjpa/persistence/query/AbstractDomainObject.java,20,31,11,20,60,4,5,24,1770,0.0,0.0,0.0,60,0,59,0,1,0,60,0,0,0,0,0,0,0,0,0,0,0,0,182,55,0,0,0,0,0,0,0,0,0,0,0,0,0,137,1025,0,0,3,1,406,395,135.33333333333334,71,70,23.666666666666668,477,395,159.0,82,43.666666666666664,Yes
2.0.0-M1,openjpa-jdbc/src/main/java/org/apache/openjpa/jdbc/kernel/exps/QueryExpressionsState.java,1,4,3,1,0,1,0,0,0,NaN,-1.0,-1.0,0,0,0,0,0,0,0,0,0,0,6,1,6,0,0,0,1,0,0,8,0,0,0,0,0,0,1,6,0,6,0,0,0,0,29,1,0,0,0,0,0,0,0,0,0,0,0,0,0,0,0,No
2.0.0-M1,openjpa-kernel/src/main/java/org/apache/openjpa/kernel/PNonTransDeletedState.java,2,3,1,2,12,2,0,1,66,0.0,0.0,0.0,12,0,0,0,0,12,12,0,0,0,0,0,0,0,0,0,0,0,0,38,12,0,0,0,0,6,0,0,0,0,0,0,0,0,45,1,0,0,0,0,0,0,0,0,0,0,0,0,0,0,0,No
2.0.0-M1,openjpa-jdbc/src/main/java/org/apache/openjpa/jdbc/conf/JDBCSeqValue.java,6,7,1,6,1,2,0,8,0,0.0,NaN,NaN,1,0,1,0,0,0,1,0,0,0,1,1,0,0,0,1,1,0,0,9,0,0,0,0,0,3,2,1,0,1,0,0,0,0,57,1,0,0,0,0,0,0,0,0,0,0,0,0,0,0,0,No
2.0.0-M1,openjpa-persistence/src/main/java/org/apache/openjpa/persistence/query/AbstractVisitable.java,2,9,7,2,4,1,6,2,6,1.0,0.0,0.0,4,0,4,0,0,0,4,0,0,0,5,5,5,0,0,0,5,0,0,19,0,0,0,0,0,5,0,5,0,5,0,0,0,0,35,1024,0,0,3,1,56,50,18.666666666666668,5,4,1.6666666666666667,61,50,20.333333333333332,36,24.333333333333332,Yes
2.0.0-M1,openjpa-lib/src/main/java/org/apache/openjpa/lib/graph/NodeInfo.java,0,3,3,0,0,1,0,0,0,NaN,-1.0,-1.0,0,0,0,0,0,0,0,0,0,0,5,3,5,0,0,0,3,0,0,7,0,0,0,0,0,0,4,5,0,5,0,0,0,0,30,0,0,0,0,0,0,0,0,0,0,0,0,0,0,0,0,Yes
2.0.0-M1,openjpa-persistence/src/main/java/org/apache/openjpa/persistence/query/ValueExpression.java,2,3,1,2,1,2,0,0,0,0.0,NaN,NaN,1,0,1,0,0,0,1,0,0,0,0,0,0,0,0,0,0,0,0,5,0,0,0,0,0,0,0,0,0,0,0,0,0,0,17,1,0,0,1,1,31,31,31.0,0,0,0.0,31,31,31.0,82,82.0,Yes
2.0.0-M1,openjpa-jdbc/src/main/java/org/apache/openjpa/jdbc/kernel/exps/AbstractVal.java,7,30,23,7,17,1,19,5,114,0.8958333,0.0,0.0,16,0,16,0,0,0,16,0,0,0,3,2,0,1,2,0,2,0,0,56,7,0,1,0,0,7,2,4,0,3,0,0,0,0,57,1024,0,0,3,1,24,14,8.0,0,0,0.0,24,14,8.0,23,18.666666666666668,No
2.0.0-M1,openjpa-kernel/src/main/java/org/apache/openjpa/conf/SeqValue.java,2,4,2,2,1,2,0,4,0,0.0,NaN,NaN,1,0,1,0,0,0,1,0,0,0,1,1,0,1,0,0,1,0,0,9,0,0,0,0,0,1,2,1,0,1,0,0,0,0,40,1,0,0,0,0,0,0,0,0,0,0,0,0,0,0,0,No
2.0.0-M1,openjpa-kernel/src/main/java/org/apache/openjpa/kernel/exps/Add.java,3,4,1,3,2,3,0,1,1,0.0,0.0,0.0,2,0,1,0,1,0,2,0,0,0,0,0,0,0,0,0,0,0,1,8,1,0,0,0,0,0,0,0,0,0,0,0,0,0,20,0,0,0,0,0,0,0,0,0,0,0,0,0,0,0,0,No
2.0.0-M1,openjpa-persistence/src/main/java/org/apache/openjpa/persistence/query/EqualExpression.java,2,3,1,2,1,2,0,0,0,0.0,NaN,NaN,1,0,1,0,0,0,1,0,0,0,0,0,0,0,0,0,0,0,0,5,0,0,0,0,0,0,0,0,0,0,0,0,0,0,10,1,0,0,1,1,34,34,34.0,0,0,0.0,34,34,34.0,82,82.0,Yes
2.0.0-M1,openjpa-kernel/src/main/java/org/apache/openjpa/util/ObjectNotFoundException.java,6,10,4,6,4,6,0,6,4,0.5,0.0,0.0,4,0,4,0,0,0,4,0,0,0,1,1,0,1,0,0,1,0,2,17,1,0,0,0,0,2,0,1,0,1,0,0,0,0,35,1,0,0,0,0,0,0,0,0,0,0,0,0,0,0,0,No
2.0.0-M1,openjpa-persistence/src/main/java/org/apache/openjpa/persistence/query/CountExpression.java,2,3,1,2,1,3,0,0,0,0.0,NaN,NaN,1,0,1,0,0,0,1,0,0,0,0,0,0,0,0,0,0,0,0,5,0,0,0,0,0,0,0,0,0,0,0,0,0,0,14,1,0,0,1,1,33,33,33.0,0,0,0.0,33,33,33.0,82,82.0,Yes
2.0.0-M1,openjpa-jdbc/src/main/java/org/apache/openjpa/jdbc/kernel/ConnectionInfo.java,3,4,1,3,0,1,0,0,0,NaN,-1.0,-1.0,0,0,0,0,0,0,0,0,0,0,3,0,3,0,0,0,0,0,0,5,0,0,0,0,0,0,0,3,0,3,0,0,0,0,25,1,0,0,0,0,0,0,0,0,0,0,0,0,0,0,0,No
2.0.0-M1,openjpa-kernel/src/main/java/org/apache/openjpa/conf/CallbackOptions.java,0,2,2,0,4,1,0,0,2,0.5,0.0,0.0,4,0,4,0,0,0,4,0,0,0,2,0,0,2,0,0,0,0,0,16,2,0,0,0,0,0,0,4,0,2,0,0,0,0,50,1,0,0,1,1,67,67,67.0,0,0,0.0,67,67,67.0,8,8.0,No
2.0.0-M1,openjpa-kernel/src/main/java/org/apache/openjpa/util/MetaDataException.java,3,12,9,3,5,6,0,1,10,0.0,0.0,0.0,5,0,5,0,0,0,5,0,0,0,0,0,0,0,0,0,0,0,0,20,1,0,0,0,0,0,0,0,0,0,0,0,0,0,25,1,0,0,0,0,0,0,0,0,0,0,0,0,0,0,0,No
2.0.0-M1,openjpa-kernel/src/main/java/org/apache/openjpa/util/NonUniqueResultException.java,3,3,0,3,3,7,0,1,3,0.0,0.0,0.0,3,0,3,0,0,0,3,0,0,0,0,0,0,0,0,0,0,0,0,12,1,0,0,0,0,0,0,0,0,0,0,0,0,0,39,1,0,0,0,0,0,0,0,0,0,0,0,0,0,0,0,No
2.0.0-M1,openjpa-jdbc/src/main/java/org/apache/openjpa/jdbc/kernel/exps/InSubQExpression.java,9,10,1,9,5,2,0,8,0,0.0,0.0,0.0,5,0,5,0,0,0,5,0,0,0,2,0,0,2,0,0,2,0,0,41,1,0,0,0,0,1,4,6,0,6,0,0,1,0,46,0,0,0,0,0,0,0,0,0,0,0,0,0,0,0,0,No
2.0.0-M1,openjpa-jdbc/src/main/java/org/apache/openjpa/jdbc/meta/strats/AbstractValueHandler.java,5,15,10,5,6,1,10,0,15,0.0,0.0,0.0,6,0,6,0,0,0,6,0,0,0,0,0,0,0,0,0,0,0,0,20,6,0,0,0,0,0,0,0,0,0,0,0,0,0,41,1025,0,0,0,0,0,0,0,0,0,0,0,0,0,0,0,No
2.0.0-M1,openjpa-kernel/src/main/java/org/apache/openjpa/kernel/TLoadedState.java,2,3,1,2,2,2,0,1,1,0.0,0.0,0.0,2,0,0,0,0,2,2,0,0,0,0,0,0,0,0,0,0,0,0,8,1,0,0,0,0,0,0,0,0,0,0,0,0,0,43,0,0,0,0,0,0,0,0,0,0,0,0,0,0,0,0,No
2.0.0-M1,openjpa-persistence/src/main/java/org/apache/openjpa/persistence/query/PlusExpression.java,2,3,1,2,1,4,0,0,0,0.0,NaN,NaN,1,0,1,0,0,0,1,0,0,0,0,0,0,0,0,0,0,0,0,5,0,0,0,0,0,0,0,0,0,0,0,0,0,0,10,1,0,0,1,1,33,33,33.0,0,0,0.0,33,33,33.0,82,82.0,Yes
2.0.0-M1,openjpa-kernel/src/main/java/org/apache/openjpa/kernel/exps/BindKeyVariableExpression.java,3,4,1,3,3,3,0,1,1,0.0,0.0,0.0,2,0,1,0,1,0,2,0,0,0,0,0,0,0,0,0,0,0,0,9,1,0,1,0,1,0,0,1,0,1,0,0,0,0,24,0,0,0,0,0,0,0,0,0,0,0,0,0,0,0,0,No
2.0.0-M1,openjpa-kernel/src/main/java/org/apache/openjpa/kernel/HollowState.java,2,3,1,2,11,2,0,4,55,0.0,0.0,0.0,11,0,0,0,0,11,11,0,0,0,0,0,0,0,0,0,0,0,0,38,10,0,0,0,0,0,0,0,0,0,0,0,0,0,78,0,0,0,0,0,0,0,0,0,0,0,0,0,0,0,0,No
2.0.0-M1,openjpa-jdbc/src/main/java/org/apache/openjpa/jdbc/schema/ReferenceCounter.java,0,13,13,0,3,1,3,0,0,0.0,0.0,0.0,3,0,3,0,0,0,3,0,0,0,1,0,0,1,0,0,0,0,0,12,1,0,0,0,0,0,1,1,0,1,0,0,0,0,21,0,0,0,0,0,0,0,0,0,0,0,0,0,0,0,0,No
2.0.0-M1,openjpa-kernel/src/main/java/org/apache/openjpa/kernel/ECopyState.java,3,4,1,3,12,2,0,5,66,0.0,0.0,0.0,12,0,0,0,0,12,12,0,0,0,0,0,0,0,0,0,0,0,0,40,10,0,0,0,0,1,0,0,0,0,0,0,0,0,51,0,0,0,0,0,0,0,0,0,0,0,0,0,0,0,0,No
2.0.0-M1,openjpa-kernel/src/main/java/org/apache/openjpa/ee/SunOneManagedRuntime.java,4,6,2,4,4,2,0,6,4,0.5,0.0,0.0,4,0,4,0,0,0,4,0,0,0,2,0,0,2,0,0,0,0,1,19,2,0,0,0,0,3,0,4,0,4,0,0,0,0,28,1,0,0,0,0,0,0,0,0,0,0,0,0,0,0,0,No
2.0.0-M1,openjpa-persistence/src/main/java/org/apache/openjpa/persistence/query/OrPredicate.java,2,5,3,2,1,3,0,0,0,0.0,NaN,NaN,1,0,1,0,0,0,1,0,0,0,0,0,0,0,0,0,0,0,0,5,0,0,0,0,0,0,0,0,0,0,0,0,0,0,11,1,0,0,1,1,35,35,35.0,0,0,0.0,35,35,35.0,82,82.0,Yes
2.0.0-M1,openjpa-slice/src/main/java/org/apache/openjpa/slice/jdbc/SliceStoreManager.java,2,5,3,2,3,2,0,1,0,0.0,0.0,0.0,3,0,3,0,0,0,3,0,0,0,1,0,0,1,0,0,1,0,0,12,2,0,0,0,0,0,0,1,0,1,0,0,0,0,27,1,0,0,0,0,0,0,0,0,0,0,0,0,0,0,0,Yes
2.0.0-M1,openjpa-jdbc/src/main/java/org/apache/openjpa/jdbc/sql/Calendard.java,0,2,2,0,1,1,0,0,0,0.0,NaN,NaN,1,0,1,0,0,0,1,0,0,0,2,0,2,0,0,0,2,0,0,8,0,0,0,0,0,0,0,2,0,2,0,0,0,0,17,1,0,0,0,0,0,0,0,0,0,0,0,0,0,0,0,No
2.0.0-M1,openjpa-jdbc/src/main/java/org/apache/openjpa/jdbc/conf/FetchModeValue.java,1,2,1,1,1,2,0,3,0,0.75,NaN,NaN,1,0,1,0,0,0,1,0,0,0,4,4,3,1,0,0,3,0,5,11,0,0,0,0,0,5,0,4,0,4,0,0,0,0,49,1,0,0,0,0,0,0,0,0,0,0,0,0,0,0,0,No
2.0.0-M1,openjpa-jdbc/src/main/java/org/apache/openjpa/jdbc/kernel/exps/Size.java,7,8,1,7,5,3,0,5,10,0.0,0.0,0.0,5,0,3,0,2,0,5,0,0,0,0,0,0,0,0,0,0,0,0,19,2,0,0,0,0,0,0,0,0,0,0,0,0,0,27,0,0,0,0,0,0,0,0,0,0,0,0,0,0,0,0,No
2.0.0-M1,openjpa-persistence/src/main/java/org/apache/openjpa/persistence/query/LengthExpression.java,2,3,1,2,1,2,0,0,0,0.0,NaN,NaN,1,0,1,0,0,0,1,0,0,0,0,0,0,0,0,0,0,0,0,5,0,0,0,0,0,0,0,0,0,0,0,0,0,0,15,1,0,0,1,1,33,33,33.0,0,0,0.0,33,33,33.0,82,82.0,Yes
2.0.0-M1,openjpa-lib/src/main/java/org/apache/openjpa/lib/rop/ListResultList.java,3,7,4,3,18,2,1,13,0,0.5555556,0.0,0.0,18,0,18,0,0,0,18,0,0,0,2,0,0,2,0,0,1,0,0,67,16,0,0,0,0,0,0,3,0,2,0,0,0,0,47,1,0,0,0,0,0,0,0,0,0,0,0,0,0,0,0,No
2.0.0-M1,openjpa-persistence/src/main/java/org/apache/openjpa/persistence/query/TimesExpression.java,2,3,1,2,1,4,0,0,0,0.0,NaN,NaN,1,0,1,0,0,0,1,0,0,0,0,0,0,0,0,0,0,0,0,5,0,0,0,0,0,0,0,0,0,0,0,0,0,0,10,1,0,0,1,1,33,33,33.0,0,0,0.0,33,33,33.0,82,82.0,Yes
2.0.0-M1,openjpa-persistence/src/main/java/org/apache/openjpa/persistence/query/TrimExpression.java,6,7,1,6,5,2,0,2,0,0.33333334,0.0,0.0,3,0,3,0,0,0,3,0,0,0,4,2,0,4,0,0,4,0,0,21,1,0,2,0,2,2,0,8,1,6,0,0,0,0,40,1,0,0,3,1,78,41,26.0,15,8,5.0,93,41,31.0,82,47.333333333333336,Yes
2.0.0-M1,openjpa-persistence/src/main/java/org/apache/openjpa/persistence/query/UnaryOperatorExpression.java,7,28,21,7,7,2,21,4,0,0.33333334,0.0,0.0,6,0,6,0,0,0,6,0,0,0,2,0,0,0,2,0,2,0,0,23,5,0,0,0,3,6,0,2,3,2,0,0,0,0,20,0,0,0,2,1,54,52,27.0,1,1,0.5,55,52,27.5,82,59.0,Yes
2.0.0-M1,openjpa-jdbc/src/main/java/org/apache/openjpa/jdbc/meta/strats/ByteArrayValueHandler.java,8,10,2,8,4,2,0,5,6,0.75,0.0,0.0,4,1,4,0,0,0,4,0,0,0,1,1,0,1,0,0,1,0,2,19,4,0,0,0,0,0,1,2,0,2,0,0,0,0,28,1,0,0,0,0,0,0,0,0,0,0,0,0,0,0,0,No
2.0.0-M1,openjpa-kernel/src/main/java/org/apache/openjpa/kernel/exps/ValuePath.java,5,6,1,5,4,3,0,6,0,0.0,0.0,0.0,4,0,3,0,1,0,4,0,0,0,1,0,0,1,0,0,1,0,0,17,2,0,0,0,0,0,0,1,0,1,0,0,0,0,31,0,0,0,0,0,0,0,0,0,0,0,0,0,0,0,0,No
2.0.0-M1,openjpa-persistence/src/main/java/org/apache/openjpa/persistence/query/RangeExpression.java,4,6,2,4,2,4,0,1,1,0.0,0.0,0.0,2,0,2,0,0,0,2,0,0,0,0,0,0,0,0,0,0,0,0,8,1,0,0,0,2,1,0,0,1,0,0,0,0,0,29,1,0,0,2,1,42,39,21.0,3,3,1.5,45,39,22.5,82,53.0,Yes
2.0.0-M1,openjpa-jdbc/src/main/java/org/apache/openjpa/jdbc/kernel/BatchingOperationOrderUpdateManager.java,6,6,0,6,4,3,0,5,1,0.0,0.0,0.0,2,0,0,0,2,0,2,0,0,0,0,0,0,0,0,0,0,0,0,20,2,0,0,1,0,0,0,5,0,2,1,0,0,0,75,1,0,0,0,0,0,0,0,0,0,0,0,0,0,0,0,No
2.0.0-M1,openjpa-jdbc/src/main/java/org/apache/openjpa/jdbc/meta/strats/NanoPrecisionTimestampVersionStrategy.java,1,2,1,1,2,5,0,1,1,0.5,0.0,0.0,2,0,1,0,1,0,2,0,0,0,1,1,1,0,0,0,1,0,0,9,2,0,0,0,0,1,0,1,0,1,0,0,0,0,23,1,0,0,0,0,0,0,0,0,0,0,0,0,0,0,0,Yes
2.0.0-M1,openjpa-jdbc/src/main/java/org/apache/openjpa/jdbc/kernel/exps/NotExpression.java,7,8,1,7,5,2,0,8,0,0.0,0.0,0.0,5,0,5,0,0,0,5,0,0,0,1,0,0,1,0,0,1,0,0,30,1,0,0,0,2,2,0,2,0,2,0,0,1,0,34,0,0,0,0,0,0,0,0,0,0,0,0,0,0,0,0,No
2.0.0-M1,openjpa-persistence/src/main/java/org/apache/openjpa/persistence/query/BetweenExpression.java,3,4,1,3,1,2,0,0,0,0.0,NaN,NaN,1,0,1,0,0,0,1,0,0,0,0,0,0,0,0,0,0,0,0,5,0,0,0,0,0,0,0,0,0,0,0,0,0,0,19,1,0,0,2,1,39,39,19.5,4,4,2.0,43,39,21.5,82,53.0,Yes
2.0.0-M1,openjpa-kernel/src/main/java/org/apache/openjpa/kernel/exps/InstanceofExpression.java,5,6,1,5,6,2,0,10,0,0.125,0.0,0.0,4,0,2,0,2,0,4,0,0,0,2,0,0,2,0,0,2,0,1,21,2,0,1,0,1,0,0,4,0,4,0,0,0,0,42,0,0,0,0,0,0,0,0,0,0,0,0,0,0,0,0,No
2.0.0-M1,openjpa-persistence/src/main/java/org/apache/openjpa/persistence/query/FetchPath.java,5,6,1,5,2,1,0,5,1,0.0,0.0,0.0,2,0,1,0,0,1,2,0,0,0,0,0,0,0,0,0,0,0,0,8,1,0,0,0,0,0,0,0,1,0,0,0,0,0,39,1,0,0,4,1,64,42,16.0,18,10,4.5,82,42,20.5,82,38.75,Yes
2.0.0-M1,openjpa-kernel/src/main/java/org/apache/openjpa/util/ObjectId.java,2,4,2,2,9,2,0,2,0,0.0,0.0,0.0,7,0,4,0,2,1,7,0,0,0,1,0,0,1,0,0,0,0,0,27,4,0,3,0,3,0,1,4,0,2,0,0,0,0,33,17,0,0,0,0,0,0,0,0,0,0,0,0,0,0,0,No
2.0.0-M1,openjpa-kernel/src/main/java/org/apache/openjpa/kernel/PNewFlushedDeletedState.java,2,4,2,2,15,2,1,3,105,0.0,0.0,0.0,15,0,0,0,0,15,15,0,0,0,0,0,0,0,0,0,0,0,0,50,15,0,0,0,0,4,0,0,0,0,0,0,0,0,55,0,0,0,0,0,0,0,0,0,0,0,0,0,0,0,0,No
2.0.0-M1,openjpa-persistence/src/main/java/org/apache/openjpa/persistence/query/ElseExpression.java,5,6,1,5,3,2,0,2,0,0.0,0.0,0.0,3,0,3,0,0,0,3,0,0,0,2,0,0,2,0,0,2,0,0,14,2,0,0,0,4,4,0,2,2,2,0,0,0,0,23,1,0,0,3,1,75,63,25.0,24,16,8.0,99,63,33.0,82,47.333333333333336,Yes
2.0.0-M1,openjpa-kernel/src/main/java/org/apache/openjpa/kernel/exps/AndExpression.java,3,5,2,3,6,2,1,5,0,0.16666667,0.0,0.0,6,0,4,0,2,0,6,0,0,0,2,0,0,2,0,0,2,0,0,26,4,0,0,0,0,0,0,2,0,2,0,0,0,0,30,0,0,0,0,0,0,0,0,0,0,0,0,0,0,0,0,No
2.0.0-M1,openjpa-kernel/src/main/java/org/apache/openjpa/kernel/AbstractFieldManager.java,2,3,1,2,20,1,1,0,190,0.0,0.0,0.0,20,0,20,0,0,0,20,0,0,0,0,0,0,0,0,0,0,0,0,62,0,0,0,0,0,0,0,0,0,0,0,0,0,0,26,1024,0,0,0,0,0,0,0,0,0,0,0,0,0,0,0,No
2.0.0-M1,openjpa-persistence/src/main/java/org/apache/openjpa/persistence/query/KeyExpression.java,2,3,1,2,1,2,0,0,0,0.0,NaN,NaN,1,0,1,0,0,0,1,0,0,0,0,0,0,0,0,0,0,0,0,5,0,0,0,0,0,0,0,0,0,0,0,0,0,0,15,1,0,0,1,1,31,31,31.0,0,0,0.0,31,31,31.0,82,82.0,Yes
2.0.0-M1,openjpa-kernel/src/main/java/org/apache/openjpa/kernel/exps/Index.java,5,7,2,5,3,3,0,2,3,0.6666667,0.0,0.0,3,0,2,0,1,0,3,0,0,0,1,1,0,1,0,0,1,0,0,12,1,0,0,0,0,1,0,1,0,1,0,0,0,0,26,0,0,0,1,1,47,47,47.0,0,0,0.0,47,47,47.0,16,16.0,No
2.0.0-M1,openjpa-jdbc/src/main/java/org/apache/openjpa/jdbc/kernel/exps/Any.java,2,3,1,2,2,3,0,0,1,0.0,0.0,0.0,2,0,1,0,1,0,2,0,0,0,0,0,0,0,0,0,0,0,0,8,1,0,0,0,0,1,0,0,0,0,0,0,0,0,8,0,0,0,0,0,0,0,0,0,0,0,0,0,0,0,0,No
2.0.0-M1,openjpa-kernel/src/main/java/org/apache/openjpa/kernel/PNonTransNewState.java,2,3,1,2,8,2,0,2,28,0.0,0.0,0.0,8,0,0,0,0,8,8,0,0,0,0,0,0,0,0,0,0,0,0,27,7,0,0,0,0,0,0,0,0,0,0,0,0,0,38,0,0,0,0,0,0,0,0,0,0,0,0,0,0,0,0,No
2.0.0-M1,openjpa-persistence/src/main/java/org/apache/openjpa/persistence/query/MinExpression.java,2,3,1,2,1,2,0,0,0,0.0,NaN,NaN,1,0,1,0,0,0,1,0,0,0,0,0,0,0,0,0,0,0,0,5,0,0,0,0,0,0,0,0,0,0,0,0,0,0,12,1,0,0,1,1,33,33,33.0,0,0,0.0,33,33,33.0,82,82.0,Yes
2.0.0-M1,openjpa-jdbc/src/main/java/org/apache/openjpa/jdbc/kernel/exps/All.java,2,3,1,2,2,3,0,0,1,0.0,0.0,0.0,2,0,1,0,1,0,2,0,0,0,0,0,0,0,0,0,0,0,0,8,1,0,0,0,0,1,0,0,0,0,0,0,0,0,8,0,0,0,0,0,0,0,0,0,0,0,0,0,0,0,0,No
2.0.0-M1,openjpa-kernel/src/main/java/org/apache/openjpa/kernel/exps/Divide.java,3,4,1,3,2,3,0,1,1,0.0,0.0,0.0,2,0,1,0,1,0,2,0,0,0,0,0,0,0,0,0,0,0,1,8,1,0,0,0,0,0,0,0,0,0,0,0,0,0,21,0,0,0,0,0,0,0,0,0,0,0,0,0,0,0,0,No
2.0.0-M1,openjpa-persistence/src/main/java/org/apache/openjpa/persistence/query/LikeExpression.java,4,5,1,4,4,2,0,2,0,0.0,0.0,0.0,3,0,3,0,0,0,3,0,0,0,2,0,0,2,0,0,2,0,1,17,1,0,0,0,1,1,0,4,2,2,0,0,0,0,29,1,0,0,3,1,65,44,21.666666666666668,11,10,3.6666666666666665,76,44,25.333333333333332,82,47.333333333333336,Yes
2.0.0-M1,openjpa-persistence/src/main/java/org/apache/openjpa/persistence/query/AbsExpression.java,2,3,1,2,1,2,0,0,0,0.0,NaN,NaN,1,0,1,0,0,0,1,0,0,0,0,0,0,0,0,0,0,0,0,5,0,0,0,0,0,0,0,0,0,0,0,0,0,0,16,1,0,0,1,1,31,31,31.0,0,0,0.0,31,31,31.0,82,82.0,Yes
2.0.0-M1,openjpa-kernel/src/main/java/org/apache/openjpa/datacache/ExpirationEvent.java,0,2,2,0,3,1,0,0,0,0.33333334,0.0,0.0,3,0,3,0,0,0,3,0,0,0,2,0,0,2,0,0,2,0,0,15,2,0,0,0,0,0,0,2,0,2,0,0,0,0,40,1,0,0,0,0,0,0,0,0,0,0,0,0,0,0,0,No
2.0.0-M1,openjpa-kernel/src/main/java/org/apache/openjpa/kernel/PCleanState.java,2,3,1,2,13,2,0,2,78,0.0,0.0,0.0,13,0,0,0,0,13,13,0,0,0,0,0,0,0,0,0,0,0,0,42,12,0,0,0,0,0,0,0,0,0,0,0,0,0,55,0,0,0,0,0,0,0,0,0,0,0,0,0,0,0,0,No
2.0.0-M1,openjpa-persistence/src/main/java/org/apache/openjpa/persistence/query/DistinctExpression.java,2,3,1,2,1,3,0,0,0,0.0,NaN,NaN,1,0,1,0,0,0,1,0,0,0,0,0,0,0,0,0,0,0,0,5,0,0,0,0,0,0,0,0,0,0,0,0,0,0,15,1,0,0,1,1,35,35,35.0,0,0,0.0,35,35,35.0,82,82.0,Yes
2.0.0-M1,openjpa-persistence/src/main/java/org/apache/openjpa/persistence/query/ConcatExpression.java,2,3,1,2,1,2,0,0,0,0.0,NaN,NaN,1,0,1,0,0,0,1,0,0,0,0,0,0,0,0,0,0,0,0,5,0,0,0,0,0,0,0,0,0,0,0,0,0,0,15,1,0,0,1,1,1,1,1.0,1,1,1.0,2,2,2.0,24,24.0,Yes
2.0.0-M1,openjpa-persistence/src/main/java/org/apache/openjpa/persistence/query/SomeExpression.java,3,4,1,3,1,2,0,0,0,0.0,NaN,NaN,1,0,1,0,0,0,1,0,0,0,0,0,0,0,0,0,0,0,0,5,0,0,0,0,0,0,0,0,0,0,0,0,0,0,16,0,0,0,1,1,33,33,33.0,0,0,0.0,33,33,33.0,82,82.0,Yes
2.0.0-M1,openjpa-jdbc/src/main/java/org/apache/openjpa/jdbc/kernel/exps/Avg.java,2,3,1,2,3,2,0,0,3,0.0,0.0,0.0,3,0,2,0,1,0,3,0,0,0,0,0,0,0,0,0,0,0,0,11,2,0,0,0,0,1,0,0,0,0,0,0,0,0,17,0,0,0,0,0,0,0,0,0,0,0,0,0,0,0,0,No
2.0.0-M1,openjpa-kernel/src/main/java/org/apache/openjpa/kernel/exps/Multiply.java,3,4,1,3,2,3,0,1,1,0.0,0.0,0.0,2,0,1,0,1,0,2,0,0,0,0,0,0,0,0,0,0,0,1,8,1,0,0,0,0,0,0,0,0,0,0,0,0,0,20,0,0,0,0,0,0,0,0,0,0,0,0,0,0,0,0,No
2.0.0-M1,openjpa-persistence/src/main/java/org/apache/openjpa/persistence/query/UnaryMinusExpression.java,2,3,1,2,1,3,0,0,0,0.0,NaN,NaN,1,0,1,0,0,0,1,0,0,0,0,0,0,0,0,0,0,0,0,5,0,0,0,0,0,0,0,0,0,0,0,0,0,0,9,1,0,0,1,1,35,35,35.0,0,0,0.0,35,35,35.0,82,82.0,Yes
2.0.0-M1,openjpa-persistence/src/main/java/org/apache/openjpa/persistence/query/LessEqualExpression.java,2,3,1,2,1,2,0,0,0,0.0,NaN,NaN,1,0,1,0,0,0,1,0,0,0,0,0,0,0,0,0,0,0,0,5,0,0,0,0,0,0,0,0,0,0,0,0,0,0,11,1,0,0,1,1,34,34,34.0,0,0,0.0,34,34,34.0,82,82.0,Yes
2.0.0-M1,openjpa-kernel/src/main/java/org/apache/openjpa/util/LongId.java,2,4,2,2,11,2,0,3,0,0.0,0.0,0.0,8,0,6,0,2,0,8,0,0,0,1,0,0,1,0,0,1,0,1,29,4,0,3,0,5,0,3,2,1,1,0,0,0,0,23,17,0,0,0,0,0,0,0,0,0,0,0,0,0,0,0,No
2.0.0-M1,openjpa-slice/src/main/java/org/apache/openjpa/slice/jdbc/DistributedStatement.java,2,3,1,2,1,2,0,0,0,0.0,NaN,NaN,1,0,1,0,0,0,1,0,0,0,0,0,0,0,0,0,0,0,0,5,0,0,0,0,0,0,0,0,0,0,0,0,0,0,13,0,0,0,0,0,0,0,0,0,0,0,0,0,0,0,0,Yes
2.0.0-M1,openjpa-kernel/src/main/java/org/apache/openjpa/kernel/EDirtyState.java,3,4,1,3,14,2,0,5,91,0.0,0.0,0.0,14,0,1,0,0,13,14,0,0,0,0,0,0,0,0,0,0,0,0,46,12,0,0,0,0,1,0,0,0,0,0,0,0,0,54,0,0,0,0,0,0,0,0,0,0,0,0,0,0,0,0,No
2.0.0-M1,openjpa-persistence/src/main/java/org/apache/openjpa/persistence/query/IsNullExpression.java,4,5,1,4,2,2,0,1,1,0.0,0.0,0.0,2,0,2,0,0,0,2,0,0,0,0,0,0,0,0,0,0,0,0,8,1,0,0,0,1,0,0,0,1,0,0,0,0,0,26,1,0,0,2,1,40,39,20.0,1,1,0.5,41,39,20.5,82,53.0,Yes
2.0.0-M1,openjpa-kernel/src/main/java/org/apache/openjpa/kernel/TransientState.java,4,5,1,4,1,2,0,6,0,0.0,NaN,NaN,1,0,0,0,0,1,1,0,0,0,0,0,0,0,0,0,0,0,0,7,0,0,0,0,0,0,0,0,0,0,0,0,0,0,31,0,0,0,0,0,0,0,0,0,0,0,0,0,0,0,0,No
2.0.0-M1,openjpa-kernel/src/main/java/org/apache/openjpa/kernel/PDirtyState.java,3,4,1,3,15,2,0,7,105,0.0,0.0,0.0,15,0,0,0,0,15,15,0,0,0,0,0,0,0,0,0,0,0,0,49,13,0,0,0,0,2,0,0,0,0,0,0,0,0,58,0,0,0,0,0,0,0,0,0,0,0,0,0,0,0,0,No
2.0.0-M1,openjpa-persistence/src/main/java/org/apache/openjpa/persistence/query/ModExpression.java,4,5,1,4,2,4,0,1,1,0.0,0.0,0.0,2,0,2,0,0,0,2,0,0,0,0,0,0,0,0,0,0,0,0,8,1,0,0,0,2,2,0,0,1,0,0,0,0,0,21,0,0,0,1,1,37,37,37.0,0,0,0.0,37,37,37.0,82,82.0,Yes
2.0.0-M1,openjpa-kernel/src/main/java/org/apache/openjpa/util/CallbackException.java,2,2,0,2,3,6,0,0,3,0.0,0.0,0.0,3,0,3,0,0,0,3,0,0,0,0,0,0,0,0,0,0,0,0,11,1,0,0,0,0,0,0,0,0,0,0,0,0,0,23,1,0,0,0,0,0,0,0,0,0,0,0,0,0,0,0,No
2.0.0-M1,openjpa-kernel/src/main/java/org/apache/openjpa/event/BrokerFactoryEvent.java,1,3,2,1,3,1,0,1,1,0.6666667,0.0,0.0,3,0,3,0,0,0,3,0,0,0,2,1,1,1,0,0,1,0,0,14,2,0,0,0,0,0,1,2,0,2,0,0,0,0,41,1,0,0,0,0,0,0,0,0,0,0,0,0,0,0,0,Yes
2.0.0-M1,openjpa-persistence/src/main/java/org/apache/openjpa/persistence/query/DividedByExpression.java,2,3,1,2,1,4,0,0,0,0.0,NaN,NaN,1,0,1,0,0,0,1,0,0,0,0,0,0,0,0,0,0,0,0,5,0,0,0,0,0,0,0,0,0,0,0,0,0,0,11,1,0,0,1,1,33,33,33.0,0,0,0.0,33,33,33.0,82,82.0,Yes
2.0.0-M1,openjpa-persistence/src/main/java/org/apache/openjpa/persistence/query/IsEmptyExpression.java,4,5,1,4,2,3,0,1,1,0.0,0.0,0.0,2,0,2,0,0,0,2,0,0,0,0,0,0,0,0,0,0,0,0,8,1,0,0,0,1,0,0,0,1,0,0,0,0,0,18,1,0,0,2,1,17,16,8.5,1,1,0.5,18,16,9.0,82,53.0,Yes
2.0.0-M1,openjpa-persistence/src/main/java/org/apache/openjpa/persistence/query/ExistsExpression.java,2,3,1,2,1,3,0,0,0,0.0,NaN,NaN,1,0,1,0,0,0,1,0,0,0,0,0,0,0,0,0,0,0,0,5,0,0,0,0,0,0,0,0,0,0,0,0,0,0,17,1,0,0,2,1,34,32,17.0,1,1,0.5,35,32,17.5,82,59.0,Yes
2.0.0-M1,openjpa-lib/src/main/java/org/apache/openjpa/lib/jdbc/JDBCEvent.java,1,8,7,1,7,1,0,2,11,0.91596645,0.0,0.0,7,0,7,0,0,0,7,0,6,0,17,12,12,5,0,0,17,0,1,45,6,0,0,0,0,1,12,17,0,17,0,0,0,0,80,1,0,0,1,1,1,1,1.0,0,0,0.0,1,1,1.0,36,36.0,No
2.0.0-M1,openjpa-kernel/src/main/java/org/apache/openjpa/util/ReferentialIntegrityException.java,3,4,1,3,10,6,0,7,16,0.875,0.0,0.0,8,1,5,3,0,0,5,0,0,0,7,6,5,2,0,0,6,0,1,39,6,0,0,0,0,3,5,9,0,7,1,0,0,0,57,1,0,0,0,0,0,0,0,0,0,0,0,0,0,0,0,No
2.0.0-M1,openjpa-kernel/src/main/java/org/apache/openjpa/ant/PCEnhancerTask.java,7,7,0,7,7,2,0,5,1,0.5,0.0,0.0,6,0,4,0,2,0,6,0,0,0,2,0,0,0,2,0,0,0,0,25,1,0,1,0,1,0,0,9,0,4,0,0,0,0,92,1,0,0,0,0,0,0,0,0,0,0,0,0,0,0,0,No
2.0.0-M1,openjpa-kernel/src/main/java/org/apache/openjpa/util/ObjectExistsException.java,2,2,0,2,3,6,0,0,3,0.0,0.0,0.0,3,0,3,0,0,0,3,0,0,0,0,0,0,0,0,0,0,0,0,11,1,0,0,0,0,0,0,0,0,0,0,0,0,0,25,1,0,0,0,0,0,0,0,0,0,0,0,0,0,0,0,No
2.0.0-M1,openjpa-persistence/src/main/java/org/apache/openjpa/persistence/query/GreaterEqualExpression.java,2,3,1,2,1,2,0,0,0,0.0,NaN,NaN,1,0,1,0,0,0,1,0,0,0,0,0,0,0,0,0,0,0,0,5,0,0,0,0,0,0,0,0,0,0,0,0,0,0,11,1,0,0,1,1,34,34,34.0,0,0,0.0,34,34,34.0,82,82.0,Yes
2.0.0-M1,openjpa-persistence/src/main/java/org/apache/openjpa/persistence/query/MinusExpression.java,2,3,1,2,1,2,0,0,0,0.0,NaN,NaN,1,0,1,0,0,0,1,0,0,0,0,0,0,0,0,0,0,0,0,5,0,0,0,0,0,0,0,0,0,0,0,0,0,0,10,1,0,0,1,1,33,33,33.0,0,0,0.0,33,33,33.0,82,82.0,Yes
2.0.0-M1,openjpa-kernel/src/main/java/org/apache/openjpa/kernel/ECleanState.java,2,3,1,2,13,2,0,2,78,0.0,0.0,0.0,13,0,0,0,0,13,13,0,0,0,0,0,0,0,0,0,0,0,0,42,12,0,0,0,0,0,0,0,0,0,0,0,0,0,59,0,0,0,0,0,0,0,0,0,0,0,0,0,0,0,0,No
2.0.0-M1,openjpa-persistence/src/main/java/org/apache/openjpa/persistence/query/MaxExpression.java,2,3,1,2,1,2,0,0,0,0.0,NaN,NaN,1,0,1,0,0,0,1,0,0,0,0,0,0,0,0,0,0,0,0,5,0,0,0,0,0,0,0,0,0,0,0,0,0,0,12,1,0,0,1,1,33,33,33.0,0,0,0.0,33,33,33.0,82,82.0,Yes
2.0.0-M1,openjpa-kernel/src/main/java/org/apache/openjpa/kernel/NoneLockManager.java,2,2,0,2,3,2,0,1,3,0.0,0.0,0.0,3,0,3,0,0,0,3,0,0,0,0,0,0,0,0,0,0,0,0,11,1,0,0,0,0,0,0,0,0,0,0,0,0,0,31,1,0,0,0,0,0,0,0,0,0,0,0,0,0,0,0,No
2.0.0-M1,openjpa-kernel/src/main/java/org/apache/openjpa/datacache/TypesChangedEvent.java,0,6,6,0,2,1,0,0,0,0.0,0.0,0.0,2,0,2,0,0,0,2,0,0,0,1,0,0,1,0,0,1,0,0,10,1,0,0,0,0,0,0,1,0,1,0,0,0,0,29,1,0,0,0,0,0,0,0,0,0,0,0,0,0,0,0,No
2.0.0-M1,openjpa-jdbc/src/main/java/org/apache/openjpa/jdbc/kernel/exps/SQLValue.java,1,1,0,1,1,2,0,0,0,0.0,NaN,NaN,1,0,1,0,0,0,1,0,0,0,1,1,1,0,0,0,1,0,0,6,1,0,0,0,0,1,0,1,0,1,0,0,0,0,43,1,0,0,0,0,0,0,0,0,0,0,0,0,0,0,0,No
2.0.0-M1,openjpa-kernel/src/main/java/org/apache/openjpa/kernel/exps/Subtract.java,3,4,1,3,2,3,0,1,1,0.0,0.0,0.0,2,0,1,0,1,0,2,0,0,0,0,0,0,0,0,0,0,0,1,8,1,0,0,0,0,0,0,0,0,0,0,0,0,0,22,0,0,0,0,0,0,0,0,0,0,0,0,0,0,0,0,No
2.0.0-M1,openjpa-persistence/src/main/java/org/apache/openjpa/persistence/query/UpperExpression.java,2,3,1,2,1,2,0,0,0,0.0,NaN,NaN,1,0,1,0,0,0,1,0,0,0,0,0,0,0,0,0,0,0,0,5,0,0,0,0,0,0,0,0,0,0,0,0,0,0,13,1,0,0,0,0,0,0,0,0,0,0,0,0,0,0,0,Yes
2.0.0-M1,openjpa-persistence/src/main/java/org/apache/openjpa/persistence/query/ParameterExpression.java,2,3,1,2,3,3,0,0,0,0.0,0.0,0.0,3,0,3,0,0,0,3,0,0,0,1,0,0,1,0,0,1,0,0,12,2,0,0,0,0,1,0,1,1,1,0,0,0,0,16,1,0,0,2,1,45,36,22.5,3,3,1.5,48,36,24.0,82,59.0,Yes
2.0.0-M1,openjpa-persistence/src/main/java/org/apache/openjpa/persistence/query/AndPredicate.java,2,5,3,2,1,3,0,0,0,0.0,NaN,NaN,1,0,1,0,0,0,1,0,0,0,0,0,0,0,0,0,0,0,0,5,0,0,0,0,0,0,0,0,0,0,0,0,0,0,12,1,0,0,1,1,34,34,34.0,0,0,0.0,34,34,34.0,82,82.0,Yes
2.0.0-M1,openjpa-jdbc/src/main/java/org/apache/openjpa/jdbc/kernel/exps/IsNotEmptyExpression.java,7,8,1,7,5,1,0,8,0,0.0,0.0,0.0,5,0,5,0,0,0,5,0,0,0,1,0,0,1,0,0,1,0,0,22,1,0,0,0,0,0,0,1,0,1,0,0,0,0,38,0,0,0,0,0,0,0,0,0,0,0,0,0,0,0,0,No
2.0.0-M1,openjpa-jdbc/src/main/java/org/apache/openjpa/jdbc/kernel/exps/InValueExpression.java,5,6,1,5,3,2,0,3,1,0.0,0.0,0.0,2,0,1,0,1,0,2,0,0,0,0,0,0,0,0,0,0,0,0,9,1,0,1,0,1,0,0,1,0,1,0,0,0,0,35,0,0,0,0,0,0,0,0,0,0,0,0,0,0,0,0,No
2.0.0-M1,openjpa-persistence/src/main/java/org/apache/openjpa/persistence/query/IndexExpression.java,2,3,1,2,1,2,0,0,0,0.0,NaN,NaN,1,0,1,0,0,0,1,0,0,0,0,0,0,0,0,0,0,0,0,5,0,0,0,0,0,0,0,0,0,0,0,0,0,0,14,1,0,0,1,1,34,34,34.0,0,0,0.0,34,34,34.0,82,82.0,Yes
2.0.0-M1,openjpa-jdbc/src/main/java/org/apache/openjpa/jdbc/meta/strats/SuperclassVersionStrategy.java,5,8,3,5,4,3,0,7,6,0.0,0.0,0.0,4,0,4,0,0,0,4,0,0,0,0,0,0,0,0,0,0,0,0,14,3,0,0,0,0,0,0,0,0,0,0,0,0,0,39,1,0,0,0,0,0,0,0,0,0,0,0,0,0,0,0,No
2.0.0-M1,openjpa-kernel/src/main/java/org/apache/openjpa/kernel/exps/ValExpression.java,4,5,1,4,8,2,0,9,0,0.0,0.0,0.0,4,0,2,0,2,0,4,0,0,0,1,0,0,1,0,0,1,0,0,20,2,0,3,0,3,0,0,4,0,4,0,0,0,0,26,0,0,0,0,0,0,0,0,0,0,0,0,0,0,0,0,No
2.0.0-M1,openjpa-kernel/src/main/java/org/apache/openjpa/kernel/exps/NotEqualExpression.java,2,3,1,2,5,3,0,1,1,0.0,0.0,0.0,2,0,1,0,1,0,2,0,0,0,0,0,0,0,0,0,0,0,0,8,1,0,3,0,2,0,0,0,0,0,0,0,0,0,19,0,0,0,0,0,0,0,0,0,0,0,0,0,0,0,0,No
2.0.0-M1,openjpa-kernel/src/main/java/org/apache/openjpa/util/InvalidStateException.java,3,16,13,3,3,6,3,1,3,0.0,0.0,0.0,3,0,3,0,0,0,3,0,0,0,0,0,0,0,0,0,0,0,0,12,1,0,0,0,0,0,0,0,0,0,0,0,0,0,39,1,0,0,0,0,0,0,0,0,0,0,0,0,0,0,0,No
2.0.0-M1,openjpa-persistence/src/main/java/org/apache/openjpa/persistence/query/QueryExpression.java,4,5,1,4,1,2,1,0,0,0.0,NaN,NaN,1,0,1,0,0,0,1,0,0,0,0,0,0,0,0,0,0,0,0,5,0,0,0,0,0,0,0,0,0,0,0,0,0,0,27,1024,0,0,2,1,41,41,20.5,6,6,3.0,47,41,23.5,82,43.5,Yes
2.0.0-M1,openjpa-jdbc/src/main/java/org/apache/openjpa/jdbc/sql/FirebirdDictionary.java,5,6,1,5,4,3,0,4,3,0.0,0.0,0.0,3,0,3,0,0,0,3,0,0,0,0,0,0,0,0,0,0,0,0,25,1,0,1,0,0,10,0,3,1,0,1,0,0,0,43,1,0,0,0,0,0,0,0,0,0,0,0,0,0,0,0,Yes
2.0.0-M1,openjpa-kernel/src/main/java/org/apache/openjpa/kernel/PDeletedFlushedState.java,4,6,2,4,2,3,0,1,1,0.0,0.0,0.0,2,0,0,0,0,2,2,0,0,0,0,0,0,0,0,0,0,0,0,9,2,0,0,0,0,0,0,0,0,0,0,0,0,0,30,0,0,0,0,0,0,0,0,0,0,0,0,0,0,0,0,No
2.0.0-M1,openjpa-kernel/src/main/java/org/apache/openjpa/kernel/exps/ContainsKeyExpression.java,2,3,1,2,3,3,0,1,1,0.0,0.0,0.0,2,0,1,0,1,0,2,0,0,0,0,0,0,0,0,0,0,0,0,8,1,0,1,0,2,0,0,0,0,0,0,0,0,0,26,0,0,0,0,0,0,0,0,0,0,0,0,0,0,0,0,No
2.0.0-M1,openjpa-kernel/src/main/java/org/apache/openjpa/util/NoResultException.java,3,3,0,3,3,7,0,1,3,0.0,0.0,0.0,3,0,3,0,0,0,3,0,0,0,0,0,0,0,0,0,0,0,0,12,1,0,0,0,0,0,0,0,0,0,0,0,0,0,35,1,0,0,0,0,0,0,0,0,0,0,0,0,0,0,0,No
2.0.0-M1,openjpa-persistence/src/main/java/org/apache/openjpa/persistence/query/LogicalPredicate.java,8,11,3,8,5,2,2,2,4,0.45000002,0.0,0.0,5,0,5,0,0,0,5,0,0,0,4,0,0,4,0,0,4,0,0,24,4,0,0,0,2,2,0,4,1,4,0,0,0,0,33,1,0,0,2,1,61,59,30.5,1,1,0.5,62,59,31.0,82,59.0,Yes
2.0.0-M1,openjpa-lib/src/main/java/org/apache/openjpa/lib/rop/SoftRandomAccessResultList.java,3,4,1,3,2,4,0,0,1,0.0,0.0,0.0,2,0,1,0,1,0,2,0,0,0,0,0,0,0,0,0,0,0,0,8,1,0,0,0,0,0,0,0,0,0,0,0,0,0,23,1,0,0,0,0,0,0,0,0,0,0,0,0,0,0,0,No
2.0.0-M1,openjpa-jdbc/src/main/java/org/apache/openjpa/jdbc/kernel/exps/WhenScalar.java,8,10,2,8,9,1,0,9,0,0.2777778,0.0,0.0,9,0,9,0,0,0,9,0,0,0,2,0,0,2,0,0,2,0,0,42,5,0,0,0,0,1,4,6,0,6,0,0,0,0,54,1,0,0,1,1,90,90,90.0,0,0,0.0,90,90,90.0,8,8.0,No
2.0.0-M1,openjpa-persistence/src/main/java/org/apache/openjpa/persistence/query/SquareRootExpression.java,2,3,1,2,1,2,0,0,0,0.0,NaN,NaN,1,0,1,0,0,0,1,0,0,0,0,0,0,0,0,0,0,0,0,5,0,0,0,0,0,0,0,0,0,0,0,0,0,0,14,1,0,0,1,1,33,33,33.0,0,0,0.0,33,33,33.0,82,82.0,Yes
2.0.0-M1,openjpa-persistence/src/main/java/org/apache/openjpa/persistence/query/LowerExpression.java,2,3,1,2,1,3,0,0,0,0.0,NaN,NaN,1,0,1,0,0,0,1,0,0,0,0,0,0,0,0,0,0,0,0,5,0,0,0,0,0,0,0,0,0,0,0,0,0,0,14,1,0,0,1,1,33,33,33.0,0,0,0.0,33,33,33.0,82,82.0,Yes
2.0.0-M1,openjpa-jdbc/src/main/java/org/apache/openjpa/jdbc/kernel/exps/Index.java,7,8,1,7,5,2,0,5,10,0.0,0.0,0.0,5,0,3,0,2,0,5,0,0,0,0,0,0,0,0,0,0,0,0,19,2,0,0,0,0,0,0,0,0,0,0,0,0,0,28,0,0,0,1,1,57,57,57.0,0,0,0.0,57,57,57.0,16,16.0,No
2.0.0-M1,openjpa-persistence-jdbc/src/main/java/org/apache/openjpa/persistence/jdbc/JDBCFetchPlanImpl.java,14,16,2,14,50,2,0,43,763,0.56,0.0,0.0,50,0,49,0,1,0,50,0,0,0,1,0,0,1,0,0,0,0,7,167,49,0,0,0,0,0,0,1,0,1,0,0,0,0,70,1,0,0,0,0,0,0,0,0,0,0,0,0,0,0,0,No
2.0.0-M1,openjpa-persistence/src/main/java/org/apache/openjpa/persistence/query/SubStringExpression.java,5,6,1,5,6,2,0,1,0,0.0,0.0,0.0,5,0,5,0,0,0,5,0,0,0,2,0,0,2,0,0,2,0,0,27,1,0,1,0,4,5,0,8,2,2,0,0,0,0,27,1,0,0,2,1,69,45,34.5,7,7,3.5,76,45,38.0,82,59.0,Yes
2.0.0-M1,openjpa-kernel/src/main/java/org/apache/openjpa/kernel/exps/WhenScalar.java,3,5,2,3,4,2,0,3,0,0.25,0.0,0.0,4,0,3,0,0,1,4,0,0,0,2,0,0,2,0,0,2,0,0,20,2,0,0,0,0,0,0,2,0,2,0,0,0,0,16,1,0,0,1,1,49,49,49.0,0,0,0.0,49,49,49.0,7,7.0,No
2.0.0-M1,openjpa-jdbc/src/main/java/org/apache/openjpa/jdbc/kernel/exps/Max.java,2,3,1,2,3,3,0,0,3,0.0,0.0,0.0,3,0,2,0,1,0,3,0,0,0,0,0,0,0,0,0,0,0,0,11,2,0,0,0,0,1,0,0,0,0,0,0,0,0,17,0,0,0,0,0,0,0,0,0,0,0,0,0,0,0,0,No
2.0.0-M1,openjpa-kernel/src/main/java/org/apache/openjpa/kernel/exps/ContainsValueExpression.java,2,3,1,2,3,3,0,1,1,0.0,0.0,0.0,2,0,1,0,1,0,2,0,0,0,0,0,0,0,0,0,0,0,0,8,1,0,1,0,2,0,0,0,0,0,0,0,0,0,25,0,0,0,0,0,0,0,0,0,0,0,0,0,0,0,0,No
2.0.0-M1,openjpa-persistence/src/main/java/org/apache/openjpa/persistence/query/AverageExpression.java,2,3,1,2,1,2,0,0,0,0.0,NaN,NaN,1,0,1,0,0,0,1,0,0,0,0,0,0,0,0,0,0,0,0,5,0,0,0,0,0,0,0,0,0,0,0,0,0,0,15,1,0,0,1,1,31,31,31.0,0,0,0.0,31,31,31.0,82,82.0,Yes
2.0.0-M1,openjpa-jdbc/src/main/java/org/apache/openjpa/jdbc/kernel/exps/ToLowerCase.java,7,9,2,7,4,2,0,9,3,0.0,0.0,0.0,3,0,3,0,0,0,3,0,0,0,0,0,0,0,0,0,0,0,0,18,1,0,1,0,0,2,2,4,1,3,0,0,0,0,35,1,0,0,0,0,0,0,0,0,0,0,0,0,0,0,0,Yes
2.0.0-M1,openjpa-kernel/src/main/java/org/apache/openjpa/datacache/ConcurrentQueryCache.java,10,12,2,10,17,3,0,17,0,0.1764706,0.0,0.0,17,0,9,0,8,0,17,0,0,0,1,0,0,1,0,0,0,0,0,55,11,0,0,0,0,0,0,1,0,1,0,0,0,0,129,1,0,0,2,2,8,7,4.0,1,1,0.5,9,7,4.5,5,4.0,No
2.0.0-M1,openjpa-jdbc/src/main/java/org/apache/openjpa/jdbc/kernel/exps/SQLExpression.java,1,1,0,1,1,2,0,0,0,0.0,NaN,NaN,1,0,1,0,0,0,1,0,0,0,1,1,1,0,0,0,1,0,0,6,1,0,0,0,0,1,0,1,0,1,0,0,0,0,44,1,0,0,0,0,0,0,0,0,0,0,0,0,0,0,0,No
2.0.0-M1,openjpa-kernel/src/main/java/org/apache/openjpa/kernel/exps/TypeLit.java,4,5,1,4,9,2,0,2,0,0.4375,0.0,0.0,8,0,7,0,1,0,8,0,0,0,2,0,0,2,0,0,1,0,1,29,5,0,1,0,1,0,0,4,0,2,0,0,0,0,28,0,0,0,1,1,72,72,72.0,0,0,0.0,72,72,72.0,17,17.0,No
2.0.0-M1,openjpa-jdbc/src/main/java/org/apache/openjpa/jdbc/sql/CacheDictionary.java,1,2,1,1,1,2,0,0,0,0.0,NaN,NaN,1,0,1,0,0,0,1,0,0,0,0,0,0,0,0,0,0,0,0,14,0,0,0,0,0,8,0,10,0,0,0,0,0,0,46,1,0,0,0,0,0,0,0,0,0,0,0,0,0,0,0,No
2.0.0-M1,openjpa-jdbc/src/main/java/org/apache/openjpa/jdbc/kernel/exps/Min.java,2,3,1,2,3,2,0,0,3,0.0,0.0,0.0,3,0,2,0,1,0,3,0,0,0,0,0,0,0,0,0,0,0,0,11,2,0,0,0,0,1,0,0,0,0,0,0,0,0,17,0,0,0,0,0,0,0,0,0,0,0,0,0,0,0,0,No
2.0.0-M1,openjpa-jdbc/src/main/java/org/apache/openjpa/jdbc/meta/StrategyInstaller.java,5,16,11,5,6,1,6,0,15,0.8333333,0.0,0.0,6,0,6,0,0,0,6,4,0,0,1,0,0,0,1,0,1,0,0,13,1,0,0,0,0,0,0,1,0,1,0,0,0,0,43,1025,0,0,0,0,0,0,0,0,0,0,0,0,0,0,0,No
2.0.0-M1,openjpa-jdbc/src/main/java/org/apache/openjpa/jdbc/sql/Sized.java,0,3,3,0,1,1,0,0,0,0.0,NaN,NaN,1,0,1,0,0,0,1,0,0,0,2,0,2,0,0,0,2,0,0,8,0,0,0,0,0,0,0,2,0,2,0,0,0,0,16,1,0,0,0,0,0,0,0,0,0,0,0,0,0,0,0,No
2.0.0-M1,openjpa-kernel/src/main/java/org/apache/openjpa/kernel/exps/WhenCondition.java,3,5,2,3,4,2,0,4,0,0.25,0.0,0.0,4,0,3,0,0,1,4,0,0,0,2,0,0,2,0,0,2,0,0,20,2,0,0,0,0,0,0,2,0,2,0,0,0,0,14,1,0,0,1,1,49,49,49.0,0,0,0.0,49,49,49.0,7,7.0,No
2.0.0-M1,openjpa-kernel/src/main/java/org/apache/openjpa/kernel/PDeletedState.java,2,4,2,2,16,2,1,6,105,0.0,0.0,0.0,15,0,0,0,0,15,15,0,0,0,0,0,0,0,0,0,0,0,0,50,14,0,0,0,1,4,1,0,0,0,0,0,0,0,56,0,0,0,0,0,0,0,0,0,0,0,0,0,0,0,0,No
2.0.0-M1,openjpa-kernel/src/main/java/org/apache/openjpa/ee/JNDIManagedRuntime.java,4,6,2,4,6,2,0,5,4,0.5,0.0,0.0,5,0,5,0,0,0,5,0,0,0,2,0,0,2,0,0,0,0,0,29,3,0,1,1,0,1,0,6,0,3,2,0,0,0,38,1,0,0,0,0,0,0,0,0,0,0,0,0,0,0,0,No
2.0.0-M1,openjpa-jdbc/src/main/java/org/apache/openjpa/jdbc/kernel/exps/ToUpperCase.java,7,9,2,7,4,2,0,9,3,0.0,0.0,0.0,3,0,3,0,0,0,3,0,0,0,0,0,0,0,0,0,0,0,0,18,1,0,1,0,0,2,2,4,1,3,0,0,0,0,35,1,0,0,0,0,0,0,0,0,0,0,0,0,0,0,0,Yes
2.0.0-M1,openjpa-persistence/src/main/java/org/apache/openjpa/persistence/query/GreaterThanExpression.java,2,3,1,2,1,2,0,0,0,0.0,NaN,NaN,1,0,1,0,0,0,1,0,0,0,0,0,0,0,0,0,0,0,0,5,0,0,0,0,0,0,0,0,0,0,0,0,0,0,11,1,0,0,1,1,34,34,34.0,0,0,0.0,34,34,34.0,82,82.0,Yes
2.0.0-M1,openjpa-jdbc/src/main/java/org/apache/openjpa/jdbc/kernel/exps/IsEmptyExpression.java,7,8,1,7,5,1,0,8,0,0.0,0.0,0.0,5,0,5,0,0,0,5,0,0,0,1,0,0,1,0,0,1,0,0,22,1,0,0,0,0,0,0,1,0,1,0,0,0,0,37,0,0,0,0,0,0,0,0,0,0,0,0,0,0,0,0,No
2.0.0-M1,openjpa-kernel/src/main/java/org/apache/openjpa/util/UnsupportedException.java,2,10,8,2,5,5,0,1,10,0.0,0.0,0.0,5,0,5,0,0,0,5,0,0,0,0,0,0,0,0,0,0,0,0,20,1,0,0,0,0,0,0,0,0,0,0,0,0,0,29,1,0,0,0,0,0,0,0,0,0,0,0,0,0,0,0,No
2.0.0-M1,openjpa-kernel/src/main/java/org/apache/openjpa/event/LifecycleEvent.java,1,15,14,1,4,1,0,0,2,0.96,0.0,0.0,4,0,4,0,0,0,4,0,0,0,25,23,23,2,0,0,25,0,0,41,2,0,0,0,0,0,22,25,0,25,0,0,0,0,80,1,0,0,0,0,0,0,0,0,0,0,0,0,0,0,0,No
2.0.0-M1,openjpa-persistence/src/main/java/org/apache/openjpa/persistence/query/TypeExpression.java,2,3,1,2,1,2,0,0,0,0.0,NaN,NaN,1,0,1,0,0,0,1,0,0,0,0,0,0,0,0,0,0,0,0,5,0,0,0,0,0,0,0,0,0,0,0,0,0,0,13,1,0,0,1,1,33,33,33.0,0,0,0.0,33,33,33.0,82,82.0,Yes
2.0.0-M1,openjpa-jdbc/src/main/java/org/apache/openjpa/jdbc/schema/Unique.java,4,28,24,4,6,4,0,4,15,0.0,0.0,0.0,6,0,6,0,0,0,6,0,0,0,0,0,0,0,0,0,0,0,0,21,2,0,0,0,0,0,0,0,0,0,0,0,0,0,70,1,0,0,2,1,10,5,5.0,60,58,30.0,70,63,35.0,1,1.0,Yes
2.0.0-M1,openjpa-kernel/src/main/java/org/apache/openjpa/event/ExceptionOrphanedKeyAction.java,6,7,1,6,1,1,0,2,0,0.0,NaN,NaN,1,0,1,0,0,0,1,0,0,0,1,1,0,1,0,0,1,0,0,6,0,0,0,0,0,1,0,1,0,1,0,0,0,0,29,1,0,0,0,0,0,0,0,0,0,0,0,0,0,0,0,No
2.0.0-M1,openjpa-kernel/src/main/java/org/apache/openjpa/util/StoreException.java,2,14,12,2,6,5,5,1,15,1.0,0.0,0.0,6,0,6,0,0,0,6,0,0,0,5,5,5,0,0,0,5,0,0,25,1,0,0,0,0,0,5,5,0,5,0,0,0,0,36,1,0,0,0,0,0,0,0,0,0,0,0,0,0,0,0,Yes
2.0.0-M2,openjpa-kernel/src/main/java/org/apache/openjpa/event/TransactionEvent.java,1,7,6,1,10,1,0,0,5,0.8809525,0.0,0.0,6,0,6,0,0,0,6,0,0,0,14,9,9,5,0,0,14,0,0,39,5,0,4,0,4,0,9,14,0,14,0,0,0,0,121,1,0,0,0,0,0,0,0,0,0,0,0,0,0,0,0,No
2.0.0-M2,openjpa-persistence/src/main/java/org/apache/openjpa/persistence/query/LocateExpression.java,6,7,1,6,6,4,0,4,0,0.0,0.0,0.0,5,0,5,0,0,0,5,0,0,0,1,0,0,1,0,0,1,0,0,23,1,0,1,0,3,0,0,5,1,2,0,0,0,0,47,1,0,0,6,2,145,64,24.166666666666668,78,64,13.0,223,128,37.166666666666664,264,109.83333333333333,No
2.0.0-M2,openjpa-kernel/src/main/java/org/apache/openjpa/validation/ValidationException.java,1,4,3,1,1,6,0,0,0,0.0,NaN,NaN,1,0,1,0,0,0,1,0,0,0,0,0,0,0,0,0,0,0,0,5,0,0,0,0,0,1,0,0,0,0,0,0,0,0,5,1,0,0,1,1,29,29,29.0,0,0,0.0,29,29,29.0,7,7.0,No
2.0.0-M2,openjpa-kernel/src/main/java/org/apache/openjpa/util/WrappedException.java,1,2,1,1,3,5,1,0,1,0.33333334,0.0,0.0,3,0,3,0,0,0,3,0,0,0,1,0,0,1,0,0,0,0,0,12,2,0,0,0,0,1,0,2,0,1,0,0,0,0,16,1,0,0,1,1,41,41,41.0,0,0,0.0,41,41,41.0,7,7.0,No
2.0.0-M2,openjpa-persistence/src/main/java/org/apache/openjpa/persistence/query/LiteralExpression.java,1,2,1,1,1,4,0,0,0,0.0,NaN,NaN,1,0,1,0,0,0,1,0,0,0,0,0,0,0,0,0,0,0,0,5,0,0,0,0,0,0,0,0,0,0,0,0,0,0,9,1,0,0,2,2,62,31,31.0,31,31,15.5,93,62,46.5,264,173.0,No
2.0.0-M2,openjpa-persistence/src/main/java/org/apache/openjpa/persistence/query/NotEqualExpression.java,2,3,1,2,1,3,0,0,0,0.0,NaN,NaN,1,0,1,0,0,0,1,0,0,0,0,0,0,0,0,0,0,0,0,5,0,0,0,0,0,0,0,0,0,0,0,0,0,0,11,1,0,0,3,2,68,35,22.666666666666668,35,33,11.666666666666666,103,66,34.333333333333336,264,141.66666666666666,No
2.0.0-M2,openjpa-lib/src/main/java/org/apache/openjpa/lib/meta/SuffixMetaDataFilter.java,2,3,1,2,3,1,0,2,0,0.0,0.0,0.0,2,0,2,0,0,0,2,0,0,0,1,0,0,1,0,0,1,0,0,10,1,0,1,0,0,0,0,2,0,2,0,0,0,0,23,1,0,0,0,0,0,0,0,0,0,0,0,0,0,0,0,No
2.0.0-M2,openjpa-kernel/src/main/java/org/apache/openjpa/kernel/jpql/SimpleNode.java,2,2,0,2,1,2,0,0,0,0.0,NaN,NaN,1,0,0,0,0,1,1,0,0,0,0,0,0,0,0,0,0,0,0,5,0,0,0,0,0,0,0,0,0,0,0,0,0,0,22,1,0,0,0,0,0,0,0,0,0,0,0,0,0,0,0,No
2.0.0-M2,openjpa-jdbc/src/main/java/org/apache/openjpa/jdbc/meta/strats/AbstractClassStrategy.java,11,17,6,11,7,2,6,0,21,0.85714287,0.0,0.0,7,0,7,0,0,0,7,0,0,0,1,0,0,0,1,0,0,0,0,24,6,0,0,0,0,0,0,2,0,1,0,0,0,0,60,1025,0,0,0,0,0,0,0,0,0,0,0,0,0,0,0,No
2.0.0-M2,openjpa-kernel/src/main/java/org/apache/openjpa/util/OptimisticException.java,6,9,3,6,5,6,0,6,4,0.4,0.0,0.0,5,0,5,0,0,0,5,0,0,0,1,1,0,1,0,0,1,0,2,21,1,0,0,0,0,3,0,1,0,1,0,0,0,0,29,1,0,0,0,0,0,0,0,0,0,0,0,0,0,0,0,No
2.0.0-M2,openjpa-kernel/src/main/java/org/apache/openjpa/kernel/exps/Lit.java,4,5,1,4,9,2,0,2,0,0.4375,0.0,0.0,8,0,7,0,1,0,8,0,0,0,2,0,0,2,0,0,1,0,1,29,5,0,1,0,1,0,0,4,0,2,0,0,0,0,28,0,0,0,0,0,0,0,0,0,0,0,0,0,0,0,0,No
2.0.0-M2,openjpa-kernel/src/main/java/org/apache/openjpa/kernel/exps/UnboundVariable.java,2,3,1,2,6,2,0,0,7,0.5833334,0.0,0.0,6,0,5,0,1,0,6,0,0,0,2,0,0,2,0,0,0,0,0,22,3,0,0,0,0,0,0,5,0,2,0,0,0,0,56,0,0,0,0,0,0,0,0,0,0,0,0,0,0,0,0,No
2.0.0-M2,openjpa-kernel/src/main/java/org/apache/openjpa/kernel/exps/Param.java,4,6,2,4,7,2,0,1,11,0.6666667,0.0,0.0,7,0,6,0,1,0,7,0,0,0,3,0,0,3,0,0,0,0,0,27,4,0,0,0,0,0,1,7,0,3,0,0,0,0,31,0,0,0,1,1,5,5,5.0,5,5,5.0,10,10,10.0,40,40.0,No
2.0.0-M2,openjpa-jdbc/src/main/java/org/apache/openjpa/jdbc/sql/AbstractDB2Dictionary.java,3,5,2,3,8,2,2,6,0,0.0,0.0,0.0,3,0,3,0,0,0,3,0,0,0,1,0,1,0,0,0,0,0,5,75,0,0,2,0,0,38,2,31,5,4,2,0,0,0,100,1025,0,0,1,1,1,1,1.0,1,1,1.0,2,2,2.0,23,23.0,Yes
2.0.0-M2,openjpa-kernel/src/main/java/org/apache/openjpa/ant/ApplicationIdToolTask.java,7,7,0,7,10,2,0,4,0,0.5,0.0,0.0,9,0,7,0,2,0,9,0,0,0,2,0,0,0,2,0,0,0,1,32,2,0,1,0,1,0,0,9,0,2,0,0,0,0,95,1,0,0,0,0,0,0,0,0,0,0,0,0,0,0,0,No
2.0.0-M2,openjpa-jdbc/src/main/java/org/apache/openjpa/jdbc/meta/strats/ClobValueHandler.java,5,7,2,5,2,2,0,3,1,0.5,0.0,0.0,2,1,2,0,0,0,2,0,0,0,1,1,0,1,0,0,1,0,0,13,2,0,0,0,0,0,1,2,0,2,0,0,0,0,17,1,0,0,0,0,0,0,0,0,0,0,0,0,0,0,0,No
2.0.0-M2,openjpa-jdbc/src/main/java/org/apache/openjpa/jdbc/meta/strats/BlobValueHandler.java,5,7,2,5,2,2,0,3,1,0.5,0.0,0.0,2,1,2,0,0,0,2,0,0,0,1,1,0,1,0,0,1,0,0,13,2,0,0,0,0,0,1,2,0,2,0,0,0,0,17,1,0,0,0,0,0,0,0,0,0,0,0,0,0,0,0,No
2.0.0-M2,openjpa-jdbc/src/main/java/org/apache/openjpa/jdbc/kernel/exps/Sqrt.java,2,4,2,2,4,3,0,0,6,0.0,0.0,0.0,4,0,2,0,2,0,4,0,0,0,0,0,0,0,0,0,0,0,0,14,3,0,0,0,0,1,0,0,0,0,0,0,0,0,19,1,0,0,0,0,0,0,0,0,0,0,0,0,0,0,0,No
2.0.0-M2,openjpa-kernel/src/main/java/org/apache/openjpa/kernel/exps/BindValueVariableExpression.java,3,4,1,3,3,2,0,1,1,0.0,0.0,0.0,2,0,1,0,1,0,2,0,0,0,0,0,0,0,0,0,0,0,0,9,1,0,1,0,1,0,0,1,0,1,0,0,0,0,23,0,0,0,0,0,0,0,0,0,0,0,0,0,0,0,0,No
2.0.0-M2,openjpa-kernel/src/main/java/org/apache/openjpa/kernel/exps/CompareExpression.java,5,15,10,5,13,2,9,11,0,0.2,0.0,0.0,5,0,2,0,3,0,5,1,0,0,2,0,0,2,0,0,2,0,0,37,2,0,6,0,2,0,0,14,0,10,1,0,0,0,35,1024,0,0,0,0,0,0,0,0,0,0,0,0,0,0,0,No
2.0.0-M2,openjpa-persistence/src/main/java/org/apache/openjpa/persistence/query/MemberOfExpression.java,2,3,1,2,1,3,0,0,0,0.0,NaN,NaN,1,0,1,0,0,0,1,0,0,0,0,0,0,0,0,0,0,0,0,5,0,0,0,0,0,0,0,0,0,0,0,0,0,0,17,1,0,0,3,2,66,34,22.0,34,32,11.333333333333334,100,64,33.333333333333336,264,141.66666666666666,No
2.0.0-M2,openjpa-lib/src/main/java/org/apache/openjpa/lib/conf/BootstrapException.java,1,3,2,1,6,4,0,0,13,0.8333334,0.0,0.0,6,0,6,0,0,0,6,0,0,0,2,1,0,2,0,0,1,0,0,23,2,0,0,0,0,0,1,3,0,2,0,0,0,0,26,1,0,0,2,1,57,55,28.5,57,55,28.5,114,110,57.0,264,141.0,No
2.0.0-M2,openjpa-jdbc/src/main/java/org/apache/openjpa/jdbc/meta/strats/SuperclassDiscriminatorStrategy.java,11,14,3,11,8,3,0,14,10,0.0,0.0,0.0,5,0,5,0,0,0,5,0,0,0,0,0,0,0,0,0,0,0,0,24,3,1,2,0,0,0,0,2,0,1,2,0,0,0,43,1,0,0,0,0,0,0,0,0,0,0,0,0,0,0,0,No
2.0.0-M2,openjpa-kernel/src/main/java/org/apache/openjpa/kernel/exps/EqualExpression.java,2,3,1,2,5,3,0,1,1,0.0,0.0,0.0,2,0,1,0,1,0,2,0,0,0,0,0,0,0,0,0,0,0,0,8,1,0,3,0,2,0,0,0,0,0,0,0,0,0,18,0,0,0,0,0,0,0,0,0,0,0,0,0,0,0,0,No
2.0.0-M2,openjpa-kernel/src/main/java/org/apache/openjpa/util/InternalException.java,2,22,20,2,7,5,0,1,21,0.0,0.0,0.0,7,0,7,0,0,0,7,0,0,0,0,0,0,0,0,0,0,0,0,28,1,0,0,0,0,0,0,0,0,0,0,0,0,0,25,1,0,0,0,0,0,0,0,0,0,0,0,0,0,0,0,No
2.0.0-M2,openjpa-jdbc/src/main/java/org/apache/openjpa/jdbc/conf/JDBCProductDerivation.java,4,4,0,4,5,2,0,5,6,0.0,0.0,0.0,4,0,4,0,0,0,4,0,0,0,0,0,0,0,0,0,0,0,1,18,4,0,1,0,0,2,0,0,0,0,1,0,0,0,38,1,0,0,1,1,8,8,8.0,0,0,0.0,8,8,8.0,11,11.0,No
2.0.0-M2,openjpa-kernel/src/main/java/org/apache/openjpa/kernel/PNewDeletedState.java,2,3,1,2,14,2,0,4,91,0.0,0.0,0.0,14,0,0,0,0,14,14,0,0,0,0,0,0,0,0,0,0,0,0,48,14,0,0,0,0,4,0,0,0,0,0,0,0,0,47,0,0,0,0,0,0,0,0,0,0,0,0,0,0,0,0,No
2.0.0-M2,openjpa-kernel/src/main/java/org/apache/openjpa/kernel/PNonTransDirtyState.java,2,3,1,2,9,2,0,3,36,0.0,0.0,0.0,9,0,0,0,0,9,9,0,0,0,0,0,0,0,0,0,0,0,0,30,8,0,0,0,0,1,0,0,0,0,0,0,0,0,57,0,0,0,0,0,0,0,0,0,0,0,0,0,0,0,0,No
2.0.0-M2,openjpa-jdbc/src/main/java/org/apache/openjpa/jdbc/kernel/exps/InKeyExpression.java,5,6,1,5,3,2,0,3,1,0.0,0.0,0.0,2,0,1,0,1,0,2,0,0,0,0,0,0,0,0,0,0,0,0,9,1,0,1,0,1,0,0,1,0,1,0,0,0,0,36,0,0,0,0,0,0,0,0,0,0,0,0,0,0,0,0,No
2.0.0-M2,openjpa-persistence/src/main/java/org/apache/openjpa/persistence/query/EntryExpression.java,2,3,1,2,1,2,0,0,0,0.0,NaN,NaN,1,0,1,0,0,0,1,0,0,0,0,0,0,0,0,0,0,0,0,5,0,0,0,0,0,0,0,0,0,0,0,0,0,0,19,1,0,0,2,2,62,31,31.0,31,31,15.5,93,62,46.5,264,173.0,No
2.0.0-M2,openjpa-kernel/src/main/java/org/apache/openjpa/kernel/exps/Mod.java,3,4,1,3,2,3,0,1,1,0.0,0.0,0.0,2,0,1,0,1,0,2,0,0,0,0,0,0,0,0,0,0,0,1,8,1,0,0,0,0,0,0,0,0,0,0,0,0,0,20,0,0,0,0,0,0,0,0,0,0,0,0,0,0,0,0,No
2.0.0-M2,openjpa-jdbc/src/main/java/org/apache/openjpa/jdbc/kernel/exps/Count.java,5,6,1,5,5,3,0,1,10,0.0,0.0,0.0,5,0,3,0,2,0,5,0,0,0,0,0,0,0,0,0,0,0,0,17,4,0,0,0,0,1,0,0,0,0,0,0,0,0,29,0,0,0,0,0,0,0,0,0,0,0,0,0,0,0,0,No
2.0.0-M2,openjpa-kernel/src/main/java/org/apache/openjpa/kernel/exps/OrExpression.java,3,4,1,3,4,2,0,4,0,0.0,0.0,0.0,4,0,2,0,2,0,4,0,0,0,2,0,0,2,0,0,2,0,0,20,2,0,0,0,0,0,0,2,0,2,0,0,0,0,27,0,0,0,0,0,0,0,0,0,0,0,0,0,0,0,0,No
2.0.0-M2,openjpa-kernel/src/main/java/org/apache/openjpa/kernel/PNewProvisionalState.java,3,4,1,3,14,2,0,6,91,0.0,0.0,0.0,14,0,0,0,0,14,14,0,0,0,0,0,0,0,0,0,0,0,0,49,13,0,0,0,0,0,0,0,0,0,0,0,0,0,51,0,0,0,0,0,0,0,0,0,0,0,0,0,0,0,0,No
2.0.0-M2,openjpa-kernel/src/main/java/org/apache/openjpa/kernel/EDeletedState.java,2,3,1,2,10,2,0,3,45,0.0,0.0,0.0,10,0,1,0,0,9,10,0,0,0,0,0,0,0,0,0,0,0,0,35,10,0,0,0,0,1,0,0,0,0,0,0,0,0,41,0,0,0,0,0,0,0,0,0,0,0,0,0,0,0,0,No
2.0.0-M2,openjpa-kernel/src/main/java/org/apache/openjpa/util/NoTransactionException.java,2,3,1,2,2,7,0,0,1,0.0,0.0,0.0,2,0,2,0,0,0,2,0,0,0,0,0,0,0,0,0,0,0,0,8,1,0,0,0,0,0,0,0,0,0,0,0,0,0,30,1,0,0,0,0,0,0,0,0,0,0,0,0,0,0,0,No
2.0.0-M2,openjpa-jdbc/src/main/java/org/apache/openjpa/jdbc/kernel/DelegatingJDBCFetchConfiguration.java,6,7,1,6,57,2,0,30,435,0.0,0.0,0.0,30,0,30,0,0,0,30,0,0,0,0,0,0,0,0,0,0,0,0,241,28,0,0,27,0,0,0,0,0,0,1,0,0,0,71,1,0,0,0,0,0,0,0,0,0,0,0,0,0,0,0,No
2.0.0-M2,openjpa-jdbc/src/main/java/org/apache/openjpa/jdbc/kernel/BatchingConstraintUpdateManager.java,6,6,0,6,4,3,0,5,1,0.0,0.0,0.0,2,0,0,0,2,0,2,0,0,0,0,0,0,0,0,0,0,0,0,20,2,0,0,1,0,0,0,5,0,2,1,0,0,0,75,1,0,0,1,1,1,1,1.0,1,1,1.0,2,2,2.0,174,174.0,No
2.0.0-M2,openjpa-lib/src/main/java/org/apache/openjpa/lib/log/LogFactoryAdapter.java,3,6,3,3,3,1,2,3,1,0.5,0.0,0.0,2,0,1,0,1,0,2,1,0,0,1,0,0,1,0,0,0,0,0,12,1,0,1,0,0,0,0,3,0,2,1,0,0,0,35,1025,0,0,2,1,53,51,26.5,53,51,26.5,106,102,53.0,264,150.0,No
2.0.0-M2,openjpa-kernel/src/main/java/org/apache/openjpa/event/NoneOrphanedKeyAction.java,3,3,0,3,1,1,0,0,0,0.0,NaN,NaN,1,0,1,0,0,0,1,0,0,0,0,0,0,0,0,0,0,0,0,5,1,0,0,0,0,0,0,0,0,0,0,0,0,0,26,1,0,0,0,0,0,0,0,0,0,0,0,0,0,0,0,No
2.0.0-M2,openjpa-persistence/src/main/java/org/apache/openjpa/persistence/query/SizeExpression.java,2,3,1,2,1,4,0,0,0,0.0,NaN,NaN,1,0,1,0,0,0,1,0,0,0,0,0,0,0,0,0,0,0,0,5,0,0,0,0,0,0,0,0,0,0,0,0,0,0,13,1,0,0,3,2,64,33,21.333333333333332,33,31,11.0,97,62,32.333333333333336,264,141.66666666666666,No
2.0.0-M2,openjpa-kernel/src/main/java/org/apache/openjpa/kernel/exps/NotExpression.java,3,4,1,3,4,2,0,5,0,0.0,0.0,0.0,4,0,2,0,2,0,4,0,0,0,1,0,0,1,0,0,1,0,0,17,2,0,0,0,0,0,0,1,0,1,0,0,0,0,22,0,0,0,0,0,0,0,0,0,0,0,0,0,0,0,0,No
2.0.0-M2,openjpa-persistence/src/main/java/org/apache/openjpa/persistence/query/SumExpression.java,2,3,1,2,1,4,0,0,0,0.0,NaN,NaN,1,0,1,0,0,0,1,0,0,0,0,0,0,0,0,0,0,0,0,5,0,0,0,0,0,0,0,0,0,0,0,0,0,0,12,1,0,0,3,2,64,33,21.333333333333332,33,31,11.0,97,62,32.333333333333336,264,141.66666666666666,No
2.0.0-M2,openjpa-jdbc/src/main/java/org/apache/openjpa/jdbc/meta/NoneStrategyInstaller.java,10,10,0,10,5,2,0,13,10,0.0,0.0,0.0,5,0,5,0,0,0,5,0,0,0,0,0,0,0,0,0,0,0,4,22,0,0,0,0,0,0,0,0,0,0,0,0,0,0,28,1,0,0,0,0,0,0,0,0,0,0,0,0,0,0,0,No
2.0.0-M2,openjpa-jdbc/src/main/java/org/apache/openjpa/jdbc/kernel/exps/WhenCondition.java,8,10,2,8,9,1,0,12,0,0.2777778,0.0,0.0,9,0,9,0,0,0,9,0,0,0,2,0,0,2,0,0,2,0,0,43,5,0,0,0,0,2,2,6,0,6,0,0,0,0,53,1,0,0,1,1,94,94,94.0,0,0,0.0,94,94,94.0,8,8.0,No
2.0.0-M2,openjpa-persistence/src/main/java/org/apache/openjpa/persistence/query/LessThanExpression.java,2,3,1,2,1,3,0,0,0,0.0,NaN,NaN,1,0,1,0,0,0,1,0,0,0,0,0,0,0,0,0,0,0,0,5,0,0,0,0,0,0,0,0,0,0,0,0,0,0,11,1,0,0,3,2,68,35,22.666666666666668,35,33,11.666666666666666,103,66,34.333333333333336,264,141.66666666666666,No
2.0.0-M2,openjpa-persistence/src/main/java/org/apache/openjpa/persistence/query/AbstractDomainObject.java,20,31,11,20,60,4,5,48,1770,0.0,0.0,0.0,60,0,59,0,1,0,60,0,0,0,0,0,0,0,0,0,0,0,0,182,55,0,0,0,0,0,0,0,0,0,0,0,0,0,137,1025,0,0,6,2,734,395,122.33333333333333,410,324,68.33333333333333,1144,648,190.66666666666666,264,108.0,No
2.0.0-M2,openjpa-jdbc/src/main/java/org/apache/openjpa/jdbc/kernel/exps/QueryExpressionsState.java,1,5,4,1,0,1,0,0,0,NaN,-1.0,-1.0,0,0,0,0,0,0,0,0,0,0,6,1,6,0,0,0,1,0,0,8,0,0,0,0,0,0,1,6,0,6,0,0,0,0,29,1,0,0,0,0,0,0,0,0,0,0,0,0,0,0,0,No
2.0.0-M2,openjpa-kernel/src/main/java/org/apache/openjpa/kernel/PNonTransDeletedState.java,2,3,1,2,12,2,0,1,66,0.0,0.0,0.0,12,0,0,0,0,12,12,0,0,0,0,0,0,0,0,0,0,0,0,38,12,0,0,0,0,6,0,0,0,0,0,0,0,0,45,1,0,0,0,0,0,0,0,0,0,0,0,0,0,0,0,No
2.0.0-M2,openjpa-jdbc/src/main/java/org/apache/openjpa/jdbc/conf/JDBCSeqValue.java,6,6,0,6,1,2,0,8,0,0.0,NaN,NaN,1,0,1,0,0,0,1,0,0,0,1,1,0,0,0,1,1,0,0,9,0,0,0,0,0,3,2,1,0,1,0,0,0,0,57,1,0,0,0,0,0,0,0,0,0,0,0,0,0,0,0,No
2.0.0-M2,openjpa-persistence/src/main/java/org/apache/openjpa/persistence/query/AbstractVisitable.java,2,12,10,2,4,1,6,2,6,1.0,0.0,0.0,4,0,4,0,0,0,4,0,0,0,5,5,5,0,0,0,5,0,0,19,0,0,0,0,0,5,0,5,0,5,0,0,0,0,35,1024,0,0,5,2,111,51,22.2,60,51,12.0,171,102,34.2,264,102.2,No
2.0.0-M2,openjpa-lib/src/main/java/org/apache/openjpa/lib/graph/NodeInfo.java,0,3,3,0,0,1,0,0,0,NaN,-1.0,-1.0,0,0,0,0,0,0,0,0,0,0,5,3,5,0,0,0,3,0,0,7,0,0,0,0,0,0,4,5,0,5,0,0,0,0,30,0,0,0,1,1,35,35,35.0,35,35,35.0,70,70,70.0,264,264.0,No
2.0.0-M2,openjpa-persistence/src/main/java/org/apache/openjpa/persistence/query/ValueExpression.java,2,3,1,2,1,2,0,0,0,0.0,NaN,NaN,1,0,1,0,0,0,1,0,0,0,0,0,0,0,0,0,0,0,0,5,0,0,0,0,0,0,0,0,0,0,0,0,0,0,17,1,0,0,2,2,62,31,31.0,31,31,15.5,93,62,46.5,264,173.0,No
2.0.0-M2,openjpa-jdbc/src/main/java/org/apache/openjpa/jdbc/kernel/exps/AbstractVal.java,8,33,25,8,18,1,21,5,130,0.9019608,0.0,0.0,17,0,17,0,0,0,17,0,0,0,3,2,0,1,2,0,2,0,0,59,8,0,1,0,0,7,2,4,0,3,0,0,0,0,57,1024,0,0,4,1,29,14,7.25,0,0,0.0,29,14,7.25,23,16.25,No
2.0.0-M2,openjpa-kernel/src/main/java/org/apache/openjpa/conf/SeqValue.java,2,4,2,2,1,2,0,4,0,0.0,NaN,NaN,1,0,1,0,0,0,1,0,0,0,1,1,0,1,0,0,1,0,0,9,0,0,0,0,0,1,2,1,0,1,0,0,0,0,40,1,0,0,0,0,0,0,0,0,0,0,0,0,0,0,0,No
2.0.0-M2,openjpa-kernel/src/main/java/org/apache/openjpa/kernel/exps/Add.java,3,4,1,3,2,3,0,1,1,0.0,0.0,0.0,2,0,1,0,1,0,2,0,0,0,0,0,0,0,0,0,0,0,1,8,1,0,0,0,0,0,0,0,0,0,0,0,0,0,20,0,0,0,0,0,0,0,0,0,0,0,0,0,0,0,0,No
2.0.0-M2,openjpa-persistence/src/main/java/org/apache/openjpa/persistence/query/EqualExpression.java,2,3,1,2,1,3,0,0,0,0.0,NaN,NaN,1,0,1,0,0,0,1,0,0,0,0,0,0,0,0,0,0,0,0,5,0,0,0,0,0,0,0,0,0,0,0,0,0,0,10,1,0,0,3,2,73,35,24.333333333333332,38,35,12.666666666666666,111,70,37.0,264,141.66666666666666,No
2.0.0-M2,openjpa-kernel/src/main/java/org/apache/openjpa/util/ObjectNotFoundException.java,6,10,4,6,4,6,0,6,4,0.5,0.0,0.0,4,0,4,0,0,0,4,0,0,0,1,1,0,1,0,0,1,0,2,17,1,0,0,0,0,2,0,1,0,1,0,0,0,0,35,1,0,0,0,0,0,0,0,0,0,0,0,0,0,0,0,No
2.0.0-M2,openjpa-persistence/src/main/java/org/apache/openjpa/persistence/query/CountExpression.java,2,3,1,2,1,4,0,0,0,0.0,NaN,NaN,1,0,1,0,0,0,1,0,0,0,0,0,0,0,0,0,0,0,0,5,0,0,0,0,0,0,0,0,0,0,0,0,0,0,14,1,0,0,3,2,64,33,21.333333333333332,33,31,11.0,97,62,32.333333333333336,264,141.66666666666666,No
2.0.0-M2,openjpa-jdbc/src/main/java/org/apache/openjpa/jdbc/kernel/ConnectionInfo.java,3,5,2,3,0,1,0,0,0,NaN,-1.0,-1.0,0,0,0,0,0,0,0,0,0,0,3,0,3,0,0,0,0,0,0,5,0,0,0,0,0,0,0,3,0,3,0,0,0,0,25,1,0,0,0,0,0,0,0,0,0,0,0,0,0,0,0,No
2.0.0-M2,openjpa-kernel/src/main/java/org/apache/openjpa/conf/CallbackOptions.java,0,2,2,0,4,1,0,0,2,0.5,0.0,0.0,4,0,4,0,0,0,4,0,0,0,2,0,0,2,0,0,0,0,0,16,2,0,0,0,0,0,0,4,0,2,0,0,0,0,50,1,0,0,1,1,67,67,67.0,0,0,0.0,67,67,67.0,8,8.0,No
2.0.0-M2,openjpa-kernel/src/main/java/org/apache/openjpa/util/MetaDataException.java,3,13,10,3,5,6,0,1,10,0.0,0.0,0.0,5,0,5,0,0,0,5,0,0,0,0,0,0,0,0,0,0,0,0,20,1,0,0,0,0,0,0,0,0,0,0,0,0,0,25,1,0,0,0,0,0,0,0,0,0,0,0,0,0,0,0,No
2.0.0-M2,openjpa-kernel/src/main/java/org/apache/openjpa/util/NonUniqueResultException.java,3,3,0,3,3,7,0,1,3,0.0,0.0,0.0,3,0,3,0,0,0,3,0,0,0,0,0,0,0,0,0,0,0,0,12,1,0,0,0,0,0,0,0,0,0,0,0,0,0,39,1,0,0,0,0,0,0,0,0,0,0,0,0,0,0,0,No
2.0.0-M2,openjpa-jdbc/src/main/java/org/apache/openjpa/jdbc/kernel/exps/InSubQExpression.java,9,10,1,9,5,2,0,13,0,0.0,0.0,0.0,5,0,5,0,0,0,5,0,0,0,2,0,0,2,0,0,2,0,0,41,1,0,0,0,0,1,4,6,0,6,0,0,1,0,46,0,0,0,0,0,0,0,0,0,0,0,0,0,0,0,0,No
2.0.0-M2,openjpa-jdbc/src/main/java/org/apache/openjpa/jdbc/meta/strats/AbstractValueHandler.java,5,15,10,5,6,1,10,0,15,0.0,0.0,0.0,6,0,6,0,0,0,6,0,0,0,0,0,0,0,0,0,0,0,0,20,6,0,0,0,0,0,0,0,0,0,0,0,0,0,41,1025,0,0,0,0,0,0,0,0,0,0,0,0,0,0,0,No
2.0.0-M2,openjpa-kernel/src/main/java/org/apache/openjpa/kernel/TLoadedState.java,2,3,1,2,2,2,0,1,1,0.0,0.0,0.0,2,0,0,0,0,2,2,0,0,0,0,0,0,0,0,0,0,0,0,8,1,0,0,0,0,0,0,0,0,0,0,0,0,0,43,0,0,0,0,0,0,0,0,0,0,0,0,0,0,0,0,No
2.0.0-M2,openjpa-persistence/src/main/java/org/apache/openjpa/persistence/query/PlusExpression.java,2,3,1,2,1,4,0,0,0,0.0,NaN,NaN,1,0,1,0,0,0,1,0,0,0,0,0,0,0,0,0,0,0,0,5,0,0,0,0,0,0,0,0,0,0,0,0,0,0,10,1,0,0,3,2,64,33,21.333333333333332,33,31,11.0,97,62,32.333333333333336,264,141.66666666666666,No
2.0.0-M2,openjpa-kernel/src/main/java/org/apache/openjpa/kernel/exps/BindKeyVariableExpression.java,3,4,1,3,3,2,0,1,1,0.0,0.0,0.0,2,0,1,0,1,0,2,0,0,0,0,0,0,0,0,0,0,0,0,9,1,0,1,0,1,0,0,1,0,1,0,0,0,0,24,0,0,0,0,0,0,0,0,0,0,0,0,0,0,0,0,No
2.0.0-M2,openjpa-kernel/src/main/java/org/apache/openjpa/kernel/HollowState.java,2,3,1,2,11,2,0,4,55,0.0,0.0,0.0,11,0,0,0,0,11,11,0,0,0,0,0,0,0,0,0,0,0,0,38,10,0,0,0,0,0,0,0,0,0,0,0,0,0,78,0,0,0,0,0,0,0,0,0,0,0,0,0,0,0,0,No
2.0.0-M2,openjpa-jdbc/src/main/java/org/apache/openjpa/jdbc/schema/ReferenceCounter.java,0,12,12,0,3,1,3,0,0,0.0,0.0,0.0,3,0,3,0,0,0,3,0,0,0,1,0,0,1,0,0,0,0,0,12,1,0,0,0,0,0,1,1,0,1,0,0,0,0,21,0,0,0,0,0,0,0,0,0,0,0,0,0,0,0,0,No
2.0.0-M2,openjpa-kernel/src/main/java/org/apache/openjpa/kernel/ECopyState.java,3,4,1,3,12,2,0,5,66,0.0,0.0,0.0,12,0,0,0,0,12,12,0,0,0,0,0,0,0,0,0,0,0,0,40,10,0,0,0,0,1,0,0,0,0,0,0,0,0,51,0,0,0,0,0,0,0,0,0,0,0,0,0,0,0,0,No
2.0.0-M2,openjpa-kernel/src/main/java/org/apache/openjpa/ee/SunOneManagedRuntime.java,4,6,2,4,4,2,0,6,4,0.5,0.0,0.0,4,0,4,0,0,0,4,0,0,0,2,0,0,2,0,0,0,0,1,19,2,0,0,0,0,3,0,4,0,4,0,0,0,0,28,1,0,0,0,0,0,0,0,0,0,0,0,0,0,0,0,No
2.0.0-M2,openjpa-persistence/src/main/java/org/apache/openjpa/persistence/query/AnyExpression.java,3,4,1,3,1,4,0,0,0,0.0,NaN,NaN,1,0,1,0,0,0,1,0,0,0,0,0,0,0,0,0,0,0,0,5,0,0,0,0,0,0,0,0,0,0,0,0,0,0,17,0,0,0,3,2,65,34,21.666666666666668,34,31,11.333333333333334,99,62,33.0,264,141.66666666666666,No
2.0.0-M2,openjpa-persistence/src/main/java/org/apache/openjpa/persistence/query/OrPredicate.java,2,5,3,2,1,3,0,0,0,0.0,NaN,NaN,1,0,1,0,0,0,1,0,0,0,0,0,0,0,0,0,0,0,0,5,0,0,0,0,0,0,0,0,0,0,0,0,0,0,11,1,0,0,3,2,69,35,23.0,35,34,11.666666666666666,104,68,34.666666666666664,264,141.66666666666666,No
2.0.0-M2,openjpa-slice/src/main/java/org/apache/openjpa/slice/jdbc/SliceStoreManager.java,2,6,4,2,3,2,0,1,0,0.0,0.0,0.0,3,0,3,0,0,0,3,0,0,0,1,0,0,1,0,0,1,0,0,12,2,0,0,0,0,0,0,1,0,1,0,0,0,0,27,1,0,0,1,1,50,50,50.0,50,50,50.0,100,100,100.0,264,264.0,No
2.0.0-M2,openjpa-jdbc/src/main/java/org/apache/openjpa/jdbc/sql/Calendard.java,0,2,2,0,1,1,0,0,0,0.0,NaN,NaN,1,0,1,0,0,0,1,0,0,0,2,0,2,0,0,0,2,0,0,8,0,0,0,0,0,0,0,2,0,2,0,0,0,0,17,1,0,0,0,0,0,0,0,0,0,0,0,0,0,0,0,No
2.0.0-M2,openjpa-jdbc/src/main/java/org/apache/openjpa/jdbc/conf/FetchModeValue.java,1,2,1,1,1,2,0,3,0,0.75,NaN,NaN,1,0,1,0,0,0,1,0,0,0,4,4,3,1,0,0,3,0,5,11,0,0,0,0,0,5,0,4,0,4,0,0,0,0,49,1,0,0,0,0,0,0,0,0,0,0,0,0,0,0,0,No
2.0.0-M2,openjpa-jdbc/src/main/java/org/apache/openjpa/jdbc/kernel/exps/Size.java,7,8,1,7,5,3,0,5,10,0.0,0.0,0.0,5,0,3,0,2,0,5,0,0,0,0,0,0,0,0,0,0,0,0,19,2,0,0,0,0,0,0,0,0,0,0,0,0,0,27,0,0,0,0,0,0,0,0,0,0,0,0,0,0,0,0,No
2.0.0-M2,openjpa-persistence/src/main/java/org/apache/openjpa/persistence/query/LengthExpression.java,2,3,1,2,1,4,0,0,0,0.0,NaN,NaN,1,0,1,0,0,0,1,0,0,0,0,0,0,0,0,0,0,0,0,5,0,0,0,0,0,0,0,0,0,0,0,0,0,0,15,1,0,0,3,2,64,33,21.333333333333332,33,31,11.0,97,62,32.333333333333336,264,141.66666666666666,No
2.0.0-M2,openjpa-persistence/src/main/java/org/apache/openjpa/persistence/query/TimesExpression.java,2,3,1,2,1,4,0,0,0,0.0,NaN,NaN,1,0,1,0,0,0,1,0,0,0,0,0,0,0,0,0,0,0,0,5,0,0,0,0,0,0,0,0,0,0,0,0,0,0,10,1,0,0,3,2,64,33,21.333333333333332,33,31,11.0,97,62,32.333333333333336,264,141.66666666666666,No
2.0.0-M2,openjpa-persistence/src/main/java/org/apache/openjpa/persistence/query/TrimExpression.java,7,8,1,7,5,4,0,3,0,0.33333334,0.0,0.0,3,0,3,0,0,0,3,0,0,0,4,2,0,4,0,0,4,0,0,21,1,0,2,0,2,2,0,8,1,6,0,0,0,0,40,1,0,0,5,2,138,60,27.6,78,60,15.6,216,120,43.2,264,97.0,No
2.0.0-M2,openjpa-persistence/src/main/java/org/apache/openjpa/persistence/query/UnaryOperatorExpression.java,7,28,21,7,7,3,21,4,0,0.33333334,0.0,0.0,6,0,6,0,0,0,6,0,0,0,2,0,0,0,2,0,2,0,0,23,5,0,0,0,3,6,0,2,3,2,0,0,0,0,20,0,0,0,5,2,105,52,21.0,55,50,11.0,160,100,32.0,264,127.0,No
2.0.0-M2,openjpa-persistence/src/main/java/org/apache/openjpa/persistence/query/InExpression.java,3,4,1,3,2,3,0,0,1,0.0,0.0,0.0,2,0,2,0,0,0,2,0,0,0,0,0,0,0,0,0,0,0,0,8,0,0,0,0,0,0,0,0,0,0,0,0,0,0,14,1,0,0,4,2,79,37,19.75,42,37,10.5,121,74,30.25,264,115.25,No
2.0.0-M2,openjpa-jdbc/src/main/java/org/apache/openjpa/jdbc/meta/strats/ByteArrayValueHandler.java,8,10,2,8,4,2,0,5,6,0.75,0.0,0.0,4,1,4,0,0,0,4,0,0,0,1,1,0,1,0,0,1,0,2,19,4,0,0,0,0,0,1,2,0,2,0,0,0,0,28,1,0,0,0,0,0,0,0,0,0,0,0,0,0,0,0,No
2.0.0-M2,openjpa-kernel/src/main/java/org/apache/openjpa/kernel/exps/ValuePath.java,5,6,1,5,4,2,0,6,0,0.0,0.0,0.0,4,0,3,0,1,0,4,0,0,0,1,0,0,1,0,0,1,0,0,17,2,0,0,0,0,0,0,1,0,1,0,0,0,0,31,0,0,0,0,0,0,0,0,0,0,0,0,0,0,0,0,No
2.0.0-M2,openjpa-persistence/src/main/java/org/apache/openjpa/persistence/query/AllExpression.java,3,4,1,3,1,5,0,0,0,0.0,NaN,NaN,1,0,1,0,0,0,1,0,0,0,0,0,0,0,0,0,0,0,0,5,0,0,0,0,0,0,0,0,0,0,0,0,0,0,11,0,0,0,3,2,66,35,22.0,35,31,11.666666666666666,101,62,33.666666666666664,264,141.66666666666666,No
2.0.0-M2,openjpa-persistence/src/main/java/org/apache/openjpa/persistence/query/RangeExpression.java,4,6,2,4,2,4,0,1,1,0.0,0.0,0.0,2,0,2,0,0,0,2,0,0,0,0,0,0,0,0,0,0,0,0,8,1,0,0,0,2,1,0,0,1,0,0,0,0,0,29,1,0,0,4,2,79,39,19.75,42,37,10.5,121,74,30.25,264,112.25,No
2.0.0-M2,openjpa-jdbc/src/main/java/org/apache/openjpa/jdbc/kernel/BatchingOperationOrderUpdateManager.java,6,6,0,6,4,3,0,5,1,0.0,0.0,0.0,2,0,0,0,2,0,2,0,0,0,0,0,0,0,0,0,0,0,0,20,2,0,0,1,0,0,0,5,0,2,1,0,0,0,75,1,0,0,0,0,0,0,0,0,0,0,0,0,0,0,0,No
2.0.0-M2,openjpa-jdbc/src/main/java/org/apache/openjpa/jdbc/meta/strats/NanoPrecisionTimestampVersionStrategy.java,1,2,1,1,2,5,0,1,1,0.5,0.0,0.0,2,0,1,0,1,0,2,0,0,0,1,1,1,0,0,0,1,0,0,9,2,0,0,0,0,1,0,1,0,1,0,0,0,0,23,1,0,0,1,1,41,41,41.0,41,41,41.0,82,82,82.0,264,264.0,No
2.0.0-M2,openjpa-jdbc/src/main/java/org/apache/openjpa/jdbc/kernel/exps/NotExpression.java,7,8,1,7,5,2,0,8,0,0.0,0.0,0.0,5,0,5,0,0,0,5,0,0,0,1,0,0,1,0,0,1,0,0,30,1,0,0,0,2,2,0,2,0,2,0,0,1,0,34,0,0,0,0,0,0,0,0,0,0,0,0,0,0,0,0,No
2.0.0-M2,openjpa-persistence/src/main/java/org/apache/openjpa/persistence/query/BetweenExpression.java,3,4,1,3,1,3,0,0,0,0.0,NaN,NaN,1,0,1,0,0,0,1,0,0,0,0,0,0,0,0,0,0,0,0,5,0,0,0,0,0,0,0,0,0,0,0,0,0,0,19,1,0,0,4,2,71,39,17.75,39,32,9.75,110,64,27.5,264,112.25,No
2.0.0-M2,openjpa-kernel/src/main/java/org/apache/openjpa/kernel/exps/InstanceofExpression.java,5,6,1,5,6,2,0,9,0,0.125,0.0,0.0,4,0,2,0,2,0,4,0,0,0,2,0,0,2,0,0,2,0,1,21,2,0,1,0,1,0,0,4,0,4,0,0,0,0,42,0,0,0,0,0,0,0,0,0,0,0,0,0,0,0,0,No
2.0.0-M2,openjpa-persistence/src/main/java/org/apache/openjpa/persistence/query/FetchPath.java,7,9,2,7,2,1,0,5,1,0.0,0.0,0.0,2,0,1,0,0,1,2,0,0,0,0,0,0,0,0,0,0,0,0,8,1,0,0,0,0,0,0,0,1,0,0,0,0,0,39,1,0,0,7,2,109,44,15.571428571428571,65,44,9.285714285714286,174,88,24.857142857142858,264,96.0,No
2.0.0-M2,openjpa-kernel/src/main/java/org/apache/openjpa/util/ObjectId.java,2,7,5,2,9,2,0,2,0,0.0,0.0,0.0,7,0,4,0,2,1,7,0,0,0,1,0,0,1,0,0,0,0,0,27,4,0,3,0,3,0,1,4,0,2,0,0,0,0,33,17,0,0,0,0,0,0,0,0,0,0,0,0,0,0,0,No
2.0.0-M2,openjpa-kernel/src/main/java/org/apache/openjpa/kernel/PNewFlushedDeletedState.java,2,4,2,2,15,2,1,3,105,0.0,0.0,0.0,15,0,0,0,0,15,15,0,0,0,0,0,0,0,0,0,0,0,0,50,15,0,0,0,0,4,0,0,0,0,0,0,0,0,55,0,0,0,0,0,0,0,0,0,0,0,0,0,0,0,0,No
2.0.0-M2,openjpa-persistence/src/main/java/org/apache/openjpa/persistence/query/ElseExpression.java,5,6,1,5,3,3,0,2,0,0.0,0.0,0.0,3,0,3,0,0,0,3,0,0,0,2,0,0,2,0,0,2,0,0,14,2,0,0,0,4,4,0,2,2,2,0,0,0,0,23,1,0,0,5,2,124,63,24.8,75,49,15.0,199,98,39.8,264,97.0,No
2.0.0-M2,openjpa-kernel/src/main/java/org/apache/openjpa/kernel/exps/AndExpression.java,3,5,2,3,6,2,1,5,0,0.16666667,0.0,0.0,6,0,4,0,2,0,6,0,0,0,2,0,0,2,0,0,2,0,0,26,4,0,0,0,0,0,0,2,0,2,0,0,0,0,30,0,0,0,0,0,0,0,0,0,0,0,0,0,0,0,0,No
2.0.0-M2,openjpa-kernel/src/main/java/org/apache/openjpa/kernel/AbstractFieldManager.java,2,3,1,2,20,1,1,0,190,0.0,0.0,0.0,20,0,20,0,0,0,20,0,0,0,0,0,0,0,0,0,0,0,0,62,0,0,0,0,0,0,0,0,0,0,0,0,0,0,26,1024,0,0,0,0,0,0,0,0,0,0,0,0,0,0,0,No
2.0.0-M2,openjpa-persistence/src/main/java/org/apache/openjpa/persistence/query/KeyExpression.java,2,3,1,2,1,2,0,0,0,0.0,NaN,NaN,1,0,1,0,0,0,1,0,0,0,0,0,0,0,0,0,0,0,0,5,0,0,0,0,0,0,0,0,0,0,0,0,0,0,15,1,0,0,2,2,62,31,31.0,31,31,15.5,93,62,46.5,264,173.0,No
2.0.0-M2,openjpa-kernel/src/main/java/org/apache/openjpa/kernel/exps/Index.java,5,7,2,5,3,2,0,2,3,0.6666667,0.0,0.0,3,0,2,0,1,0,3,0,0,0,1,1,0,1,0,0,1,0,0,12,1,0,0,0,0,1,0,1,0,1,0,0,0,0,26,0,0,0,1,1,47,47,47.0,0,0,0.0,47,47,47.0,16,16.0,No
2.0.0-M2,openjpa-jdbc/src/main/java/org/apache/openjpa/jdbc/kernel/exps/Any.java,2,3,1,2,2,3,0,0,1,0.0,0.0,0.0,2,0,1,0,1,0,2,0,0,0,0,0,0,0,0,0,0,0,0,8,1,0,0,0,0,1,0,0,0,0,0,0,0,0,8,0,0,0,0,0,0,0,0,0,0,0,0,0,0,0,0,No
2.0.0-M2,openjpa-kernel/src/main/java/org/apache/openjpa/kernel/PNonTransNewState.java,2,3,1,2,8,2,0,2,28,0.0,0.0,0.0,8,0,0,0,0,8,8,0,0,0,0,0,0,0,0,0,0,0,0,27,7,0,0,0,0,0,0,0,0,0,0,0,0,0,38,0,0,0,0,0,0,0,0,0,0,0,0,0,0,0,0,No
2.0.0-M2,openjpa-persistence/src/main/java/org/apache/openjpa/persistence/query/MinExpression.java,2,3,1,2,1,4,0,0,0,0.0,NaN,NaN,1,0,1,0,0,0,1,0,0,0,0,0,0,0,0,0,0,0,0,5,0,0,0,0,0,0,0,0,0,0,0,0,0,0,12,1,0,0,3,2,64,33,21.333333333333332,33,31,11.0,97,62,32.333333333333336,264,141.66666666666666,No
2.0.0-M2,openjpa-jdbc/src/main/java/org/apache/openjpa/jdbc/kernel/exps/All.java,2,3,1,2,2,3,0,0,1,0.0,0.0,0.0,2,0,1,0,1,0,2,0,0,0,0,0,0,0,0,0,0,0,0,8,1,0,0,0,0,1,0,0,0,0,0,0,0,0,8,0,0,0,0,0,0,0,0,0,0,0,0,0,0,0,0,No
2.0.0-M2,openjpa-kernel/src/main/java/org/apache/openjpa/kernel/exps/Divide.java,3,4,1,3,2,3,0,1,1,0.0,0.0,0.0,2,0,1,0,1,0,2,0,0,0,0,0,0,0,0,0,0,0,1,8,1,0,0,0,0,0,0,0,0,0,0,0,0,0,21,0,0,0,0,0,0,0,0,0,0,0,0,0,0,0,0,No
2.0.0-M2,openjpa-persistence/src/main/java/org/apache/openjpa/persistence/query/LikeExpression.java,4,5,1,4,4,3,0,2,0,0.0,0.0,0.0,3,0,3,0,0,0,3,0,0,0,2,0,0,2,0,0,2,0,1,17,1,0,0,0,1,1,0,4,2,2,0,0,0,0,29,1,0,0,6,2,119,52,19.833333333333332,67,52,11.166666666666666,186,104,31.0,264,109.83333333333333,No
2.0.0-M2,openjpa-persistence/src/main/java/org/apache/openjpa/persistence/query/AbsExpression.java,2,3,1,2,1,4,0,0,0,0.0,NaN,NaN,1,0,1,0,0,0,1,0,0,0,0,0,0,0,0,0,0,0,0,5,0,0,0,0,0,0,0,0,0,0,0,0,0,0,16,1,0,0,2,2,62,31,31.0,31,31,15.5,93,62,46.5,264,173.0,No
2.0.0-M2,openjpa-kernel/src/main/java/org/apache/openjpa/datacache/ExpirationEvent.java,0,2,2,0,3,1,0,0,0,0.33333334,0.0,0.0,3,0,3,0,0,0,3,0,0,0,2,0,0,2,0,0,2,0,0,15,2,0,0,0,0,0,0,2,0,2,0,0,0,0,40,1,0,0,0,0,0,0,0,0,0,0,0,0,0,0,0,No
2.0.0-M2,openjpa-kernel/src/main/java/org/apache/openjpa/kernel/PCleanState.java,2,3,1,2,13,2,0,2,78,0.0,0.0,0.0,13,0,0,0,0,13,13,0,0,0,0,0,0,0,0,0,0,0,0,42,12,0,0,0,0,0,0,0,0,0,0,0,0,0,55,0,0,0,0,0,0,0,0,0,0,0,0,0,0,0,0,No
2.0.0-M2,openjpa-persistence/src/main/java/org/apache/openjpa/persistence/query/DistinctExpression.java,2,3,1,2,1,4,0,0,0,0.0,NaN,NaN,1,0,1,0,0,0,1,0,0,0,0,0,0,0,0,0,0,0,0,5,0,0,0,0,0,0,0,0,0,0,0,0,0,0,15,1,0,0,3,2,68,35,22.666666666666668,35,33,11.666666666666666,103,66,34.333333333333336,264,141.66666666666666,No
2.0.0-M2,openjpa-persistence/src/main/java/org/apache/openjpa/persistence/query/VarArgsExpression.java,5,8,3,5,5,3,0,4,1,0.33333334,0.0,0.0,3,0,3,0,0,0,3,0,0,0,1,0,0,1,0,0,1,0,0,17,2,1,1,0,0,2,2,4,1,4,1,0,0,0,40,1,0,0,3,2,108,56,36.0,56,52,18.666666666666668,164,104,54.666666666666664,264,122.33333333333333,No
2.0.0-M2,openjpa-persistence/src/main/java/org/apache/openjpa/persistence/query/ConcatExpression.java,2,3,1,2,1,4,0,0,0,0.0,NaN,NaN,1,0,1,0,0,0,1,0,0,0,0,0,0,0,0,0,0,0,0,5,0,0,0,0,0,0,0,0,0,0,0,0,0,0,15,1,0,0,2,2,33,32,16.5,33,32,16.5,66,64,33.0,264,144.0,No
2.0.0-M2,openjpa-persistence/src/main/java/org/apache/openjpa/persistence/query/SomeExpression.java,3,4,1,3,1,4,0,0,0,0.0,NaN,NaN,1,0,1,0,0,0,1,0,0,0,0,0,0,0,0,0,0,0,0,5,0,0,0,0,0,0,0,0,0,0,0,0,0,0,16,0,0,0,3,2,64,33,21.333333333333332,33,31,11.0,97,62,32.333333333333336,264,141.66666666666666,No
2.0.0-M2,openjpa-jdbc/src/main/java/org/apache/openjpa/jdbc/kernel/exps/Avg.java,2,3,1,2,3,3,0,0,3,0.0,0.0,0.0,3,0,2,0,1,0,3,0,0,0,0,0,0,0,0,0,0,0,0,11,2,0,0,0,0,1,0,0,0,0,0,0,0,0,17,0,0,0,0,0,0,0,0,0,0,0,0,0,0,0,0,No
2.0.0-M2,openjpa-kernel/src/main/java/org/apache/openjpa/kernel/exps/Multiply.java,3,4,1,3,2,3,0,1,1,0.0,0.0,0.0,2,0,1,0,1,0,2,0,0,0,0,0,0,0,0,0,0,0,1,8,1,0,0,0,0,0,0,0,0,0,0,0,0,0,20,0,0,0,0,0,0,0,0,0,0,0,0,0,0,0,0,No
2.0.0-M2,openjpa-persistence/src/main/java/org/apache/openjpa/persistence/query/UnaryMinusExpression.java,2,3,1,2,1,4,0,0,0,0.0,NaN,NaN,1,0,1,0,0,0,1,0,0,0,0,0,0,0,0,0,0,0,0,5,0,0,0,0,0,0,0,0,0,0,0,0,0,0,9,1,0,0,3,2,68,35,22.666666666666668,35,33,11.666666666666666,103,66,34.333333333333336,264,141.66666666666666,No
2.0.0-M2,openjpa-persistence/src/main/java/org/apache/openjpa/persistence/query/LessEqualExpression.java,2,3,1,2,1,3,0,0,0,0.0,NaN,NaN,1,0,1,0,0,0,1,0,0,0,0,0,0,0,0,0,0,0,0,5,0,0,0,0,0,0,0,0,0,0,0,0,0,0,11,1,0,0,3,2,66,34,22.0,34,32,11.333333333333334,100,64,33.333333333333336,264,141.66666666666666,No
2.0.0-M2,openjpa-kernel/src/main/java/org/apache/openjpa/util/LongId.java,2,6,4,2,11,2,0,3,0,0.0,0.0,0.0,8,0,6,0,2,0,8,0,0,0,1,0,0,1,0,0,1,0,1,29,4,0,3,0,5,0,3,2,1,1,0,0,0,0,23,17,0,0,0,0,0,0,0,0,0,0,0,0,0,0,0,No
2.0.0-M2,openjpa-slice/src/main/java/org/apache/openjpa/slice/jdbc/DistributedStatement.java,4,6,2,4,4,2,0,2,1,0.5,0.0,0.0,2,1,2,0,0,0,3,0,0,0,1,1,0,0,0,1,1,0,2,17,1,0,0,1,0,0,0,1,0,1,1,0,0,0,23,1025,0,0,2,2,58,33,29.0,39,33,19.5,97,66,48.5,264,146.5,No
2.0.0-M2,openjpa-kernel/src/main/java/org/apache/openjpa/kernel/EDirtyState.java,3,4,1,3,14,2,0,5,91,0.0,0.0,0.0,14,0,1,0,0,13,14,0,0,0,0,0,0,0,0,0,0,0,0,46,12,0,0,0,0,1,0,0,0,0,0,0,0,0,54,0,0,0,0,0,0,0,0,0,0,0,0,0,0,0,0,No
2.0.0-M2,openjpa-persistence/src/main/java/org/apache/openjpa/persistence/query/IsNullExpression.java,4,5,1,4,2,3,0,1,1,0.0,0.0,0.0,2,0,2,0,0,0,2,0,0,0,0,0,0,0,0,0,0,0,0,8,1,0,0,0,1,0,0,0,1,0,0,0,0,0,26,1,0,0,4,2,77,39,19.25,40,37,10.0,117,74,29.25,264,112.25,No
2.0.0-M2,openjpa-kernel/src/main/java/org/apache/openjpa/kernel/TransientState.java,2,2,0,2,1,2,0,6,0,0.0,NaN,NaN,1,0,0,0,0,1,1,0,0,0,0,0,0,0,0,0,0,0,0,7,0,0,0,0,0,0,0,0,0,0,0,0,0,0,31,0,0,0,0,0,0,0,0,0,0,0,0,0,0,0,0,No
2.0.0-M2,openjpa-kernel/src/main/java/org/apache/openjpa/kernel/PDirtyState.java,3,4,1,3,15,2,0,7,105,0.0,0.0,0.0,15,0,0,0,0,15,15,0,0,0,0,0,0,0,0,0,0,0,0,49,13,0,0,0,0,2,0,0,0,0,0,0,0,0,58,0,0,0,0,0,0,0,0,0,0,0,0,0,0,0,0,No
2.0.0-M2,openjpa-persistence/src/main/java/org/apache/openjpa/persistence/query/ModExpression.java,4,5,1,4,2,4,0,1,1,0.0,0.0,0.0,2,0,2,0,0,0,2,0,0,0,0,0,0,0,0,0,0,0,0,8,1,0,0,0,2,2,0,0,1,0,0,0,0,0,21,0,0,0,2,2,74,37,37.0,37,37,18.5,111,74,55.5,264,173.0,No
2.0.0-M2,openjpa-kernel/src/main/java/org/apache/openjpa/util/CallbackException.java,2,3,1,2,3,6,0,0,3,0.0,0.0,0.0,3,0,3,0,0,0,3,0,0,0,0,0,0,0,0,0,0,0,0,11,1,0,0,0,0,0,0,0,0,0,0,0,0,0,23,1,0,0,0,0,0,0,0,0,0,0,0,0,0,0,0,No
2.0.0-M2,openjpa-kernel/src/main/java/org/apache/openjpa/event/BrokerFactoryEvent.java,1,4,3,1,3,1,0,1,1,0.6666667,0.0,0.0,3,0,3,0,0,0,3,0,0,0,2,1,1,1,0,0,1,0,0,14,2,0,0,0,0,0,1,2,0,2,0,0,0,0,41,1,0,0,1,1,56,56,56.0,56,56,56.0,112,112,112.0,264,264.0,No
2.0.0-M2,openjpa-persistence/src/main/java/org/apache/openjpa/persistence/query/DividedByExpression.java,2,3,1,2,1,4,0,0,0,0.0,NaN,NaN,1,0,1,0,0,0,1,0,0,0,0,0,0,0,0,0,0,0,0,5,0,0,0,0,0,0,0,0,0,0,0,0,0,0,11,1,0,0,3,2,64,33,21.333333333333332,33,31,11.0,97,62,32.333333333333336,264,141.66666666666666,No
2.0.0-M2,openjpa-persistence/src/main/java/org/apache/openjpa/persistence/query/IsEmptyExpression.java,4,5,1,4,2,3,0,1,1,0.0,0.0,0.0,2,0,2,0,0,0,2,0,0,0,0,0,0,0,0,0,0,0,0,8,1,0,0,0,1,0,0,0,1,0,0,0,0,0,18,1,0,0,4,2,66,31,16.5,35,31,8.75,101,62,25.25,264,112.25,No
2.0.0-M2,openjpa-persistence/src/main/java/org/apache/openjpa/persistence/query/ExistsExpression.java,2,3,1,2,1,3,0,0,0,0.0,NaN,NaN,1,0,1,0,0,0,1,0,0,0,0,0,0,0,0,0,0,0,0,5,0,0,0,0,0,0,0,0,0,0,0,0,0,0,17,1,0,0,3,2,67,33,22.333333333333332,34,33,11.333333333333334,101,66,33.666666666666664,264,127.33333333333333,No
2.0.0-M2,openjpa-lib/src/main/java/org/apache/openjpa/lib/jdbc/JDBCEvent.java,1,8,7,1,7,1,0,2,11,0.91596645,0.0,0.0,7,0,7,0,0,0,7,0,6,0,17,12,12,5,0,0,17,0,1,45,6,0,0,0,0,1,12,17,0,17,0,0,0,0,80,1,0,0,1,1,1,1,1.0,0,0,0.0,1,1,1.0,36,36.0,No
2.0.0-M2,openjpa-kernel/src/main/java/org/apache/openjpa/util/ReferentialIntegrityException.java,3,4,1,3,10,6,0,7,16,0.875,0.0,0.0,8,1,5,3,0,0,5,0,0,0,7,6,5,2,0,0,6,0,1,39,6,0,0,0,0,3,5,9,0,7,1,0,0,0,57,1,0,0,0,0,0,0,0,0,0,0,0,0,0,0,0,No
2.0.0-M2,openjpa-kernel/src/main/java/org/apache/openjpa/ant/PCEnhancerTask.java,7,7,0,7,7,2,0,5,1,0.5,0.0,0.0,6,0,4,0,2,0,6,0,0,0,2,0,0,0,2,0,0,0,1,25,1,0,1,0,1,0,0,9,0,4,0,0,0,0,92,1,0,0,0,0,0,0,0,0,0,0,0,0,0,0,0,No
2.0.0-M2,openjpa-slice/src/main/java/org/apache/openjpa/slice/DistributedQueryImpl.java,4,5,1,4,3,2,0,2,0,0.0,0.0,0.0,3,0,3,0,0,0,3,0,0,0,1,0,0,1,0,0,1,0,0,13,0,0,0,0,0,0,0,1,0,1,0,0,0,0,24,1,0,0,3,2,102,50,34.0,51,50,17.0,153,100,51.0,264,149.0,Yes
2.0.0-M2,openjpa-kernel/src/main/java/org/apache/openjpa/util/ObjectExistsException.java,2,2,0,2,3,6,0,0,3,0.0,0.0,0.0,3,0,3,0,0,0,3,0,0,0,0,0,0,0,0,0,0,0,0,11,1,0,0,0,0,0,0,0,0,0,0,0,0,0,25,1,0,0,0,0,0,0,0,0,0,0,0,0,0,0,0,No
2.0.0-M2,openjpa-persistence/src/main/java/org/apache/openjpa/persistence/query/GreaterEqualExpression.java,2,3,1,2,1,3,0,0,0,0.0,NaN,NaN,1,0,1,0,0,0,1,0,0,0,0,0,0,0,0,0,0,0,0,5,0,0,0,0,0,0,0,0,0,0,0,0,0,0,11,1,0,0,3,2,73,35,24.333333333333332,38,35,12.666666666666666,111,70,37.0,264,141.66666666666666,No
2.0.0-M2,openjpa-persistence/src/main/java/org/apache/openjpa/persistence/query/MinusExpression.java,2,3,1,2,1,4,0,0,0,0.0,NaN,NaN,1,0,1,0,0,0,1,0,0,0,0,0,0,0,0,0,0,0,0,5,0,0,0,0,0,0,0,0,0,0,0,0,0,0,10,1,0,0,3,2,64,33,21.333333333333332,33,31,11.0,97,62,32.333333333333336,264,141.66666666666666,No
2.0.0-M2,openjpa-kernel/src/main/java/org/apache/openjpa/kernel/ECleanState.java,2,3,1,2,13,2,0,2,78,0.0,0.0,0.0,13,0,0,0,0,13,13,0,0,0,0,0,0,0,0,0,0,0,0,42,12,0,0,0,0,0,0,0,0,0,0,0,0,0,59,0,0,0,0,0,0,0,0,0,0,0,0,0,0,0,0,No
2.0.0-M2,openjpa-persistence/src/main/java/org/apache/openjpa/persistence/query/MaxExpression.java,2,3,1,2,1,4,0,0,0,0.0,NaN,NaN,1,0,1,0,0,0,1,0,0,0,0,0,0,0,0,0,0,0,0,5,0,0,0,0,0,0,0,0,0,0,0,0,0,0,12,1,0,0,3,2,64,33,21.333333333333332,33,31,11.0,97,62,32.333333333333336,264,141.66666666666666,No
2.0.0-M2,openjpa-persistence/src/main/java/org/apache/openjpa/persistence/criteria/SelectionImpl.java,10,14,4,10,5,2,0,6,0,0.25,0.0,0.0,4,0,3,0,0,1,4,0,0,0,1,0,0,1,0,0,0,0,1,23,3,1,0,0,3,0,1,4,0,3,1,0,0,0,33,1,0,0,3,2,71,38,23.666666666666668,2,1,0.6666666666666666,73,38,24.333333333333332,18,12.0,No
2.0.0-M2,openjpa-kernel/src/main/java/org/apache/openjpa/kernel/NoneLockManager.java,2,2,0,2,4,2,0,1,6,0.0,0.0,0.0,4,0,4,0,0,0,4,0,0,0,0,0,0,0,0,0,0,0,0,14,1,0,0,0,0,0,0,0,0,0,0,0,0,0,34,1,0,0,1,1,7,7,7.0,0,0,0.0,7,7,7.0,8,8.0,No
2.0.0-M2,openjpa-kernel/src/main/java/org/apache/openjpa/datacache/TypesChangedEvent.java,0,6,6,0,2,1,0,0,0,0.0,0.0,0.0,2,0,2,0,0,0,2,0,0,0,1,0,0,1,0,0,1,0,0,10,1,0,0,0,0,0,0,1,0,1,0,0,0,0,29,1,0,0,0,0,0,0,0,0,0,0,0,0,0,0,0,No
2.0.0-M2,openjpa-jdbc/src/main/java/org/apache/openjpa/jdbc/kernel/exps/SQLValue.java,1,2,1,1,1,2,0,0,0,0.0,NaN,NaN,1,0,1,0,0,0,1,0,0,0,1,1,1,0,0,0,1,0,0,6,1,0,0,0,0,1,0,1,0,1,0,0,0,0,43,1,0,0,0,0,0,0,0,0,0,0,0,0,0,0,0,No
2.0.0-M2,openjpa-kernel/src/main/java/org/apache/openjpa/kernel/exps/Subtract.java,2,3,1,2,2,2,0,1,1,0.0,0.0,0.0,2,0,1,0,1,0,2,0,0,0,0,0,0,0,0,0,0,0,0,8,1,0,0,0,0,0,0,0,0,0,0,0,0,0,22,0,0,0,0,0,0,0,0,0,0,0,0,0,0,0,0,No
2.0.0-M2,openjpa-persistence/src/main/java/org/apache/openjpa/persistence/query/UpperExpression.java,2,3,1,2,1,4,0,0,0,0.0,NaN,NaN,1,0,1,0,0,0,1,0,0,0,0,0,0,0,0,0,0,0,0,5,0,0,0,0,0,0,0,0,0,0,0,0,0,0,13,1,0,0,2,2,31,31,15.5,33,31,16.5,64,62,32.0,264,171.5,No
2.0.0-M2,openjpa-kernel/src/main/java/org/apache/openjpa/validation/AbstractValidator.java,3,3,0,3,4,1,0,0,6,0.0,0.0,0.0,4,0,4,0,0,0,4,3,0,0,0,0,0,0,0,0,0,0,0,8,1,0,0,0,0,0,0,0,0,0,0,0,0,0,16,1025,0,0,1,1,37,37,37.0,0,0,0.0,37,37,37.0,7,7.0,No
2.0.0-M2,openjpa-persistence/src/main/java/org/apache/openjpa/persistence/query/ParameterExpression.java,2,3,1,2,3,3,0,0,0,0.0,0.0,0.0,3,0,3,0,0,0,3,0,0,0,1,0,0,1,0,0,1,0,0,12,2,0,0,0,0,1,0,1,1,1,0,0,0,0,16,1,0,0,3,2,87,42,29.0,45,42,15.0,132,84,44.0,264,127.33333333333333,No
2.0.0-M2,openjpa-jdbc/src/main/java/org/apache/openjpa/jdbc/kernel/PreparedResultObjectProvider.java,6,7,1,6,2,3,0,0,1,0.0,0.0,0.0,2,0,2,0,0,0,2,0,0,0,0,0,0,0,0,0,0,0,0,8,0,0,0,0,0,0,0,1,0,0,0,0,0,0,48,1,0,0,2,2,106,53,53.0,53,53,26.5,159,106,79.5,264,137.0,No
2.0.0-M2,openjpa-persistence/src/main/java/org/apache/openjpa/persistence/query/AndPredicate.java,2,5,3,2,1,3,0,0,0,0.0,NaN,NaN,1,0,1,0,0,0,1,0,0,0,0,0,0,0,0,0,0,0,0,5,0,0,0,0,0,0,0,0,0,0,0,0,0,0,12,1,0,0,3,2,67,34,22.333333333333332,34,33,11.333333333333334,101,66,33.666666666666664,264,141.66666666666666,No
2.0.0-M2,openjpa-jdbc/src/main/java/org/apache/openjpa/jdbc/kernel/exps/IsNotEmptyExpression.java,7,8,1,7,5,1,0,8,0,0.0,0.0,0.0,5,0,5,0,0,0,5,0,0,0,1,0,0,1,0,0,1,0,0,22,1,0,0,0,0,0,0,1,0,1,0,0,0,0,38,0,0,0,0,0,0,0,0,0,0,0,0,0,0,0,0,No
2.0.0-M2,openjpa-jdbc/src/main/java/org/apache/openjpa/jdbc/kernel/exps/InValueExpression.java,5,6,1,5,3,2,0,3,1,0.0,0.0,0.0,2,0,1,0,1,0,2,0,0,0,0,0,0,0,0,0,0,0,0,9,1,0,1,0,1,0,0,1,0,1,0,0,0,0,35,0,0,0,0,0,0,0,0,0,0,0,0,0,0,0,0,No
2.0.0-M2,openjpa-persistence/src/main/java/org/apache/openjpa/persistence/query/IndexExpression.java,2,3,1,2,1,4,0,0,0,0.0,NaN,NaN,1,0,1,0,0,0,1,0,0,0,0,0,0,0,0,0,0,0,0,5,0,0,0,0,0,0,0,0,0,0,0,0,0,0,14,1,0,0,3,2,66,34,22.0,34,32,11.333333333333334,100,64,33.333333333333336,264,141.66666666666666,No
2.0.0-M2,openjpa-jdbc/src/main/java/org/apache/openjpa/jdbc/meta/strats/SuperclassVersionStrategy.java,5,8,3,5,4,3,0,7,6,0.0,0.0,0.0,4,0,4,0,0,0,4,0,0,0,0,0,0,0,0,0,0,0,0,14,3,0,0,0,0,0,0,0,0,0,0,0,0,0,39,1,0,0,0,0,0,0,0,0,0,0,0,0,0,0,0,No
2.0.0-M2,openjpa-kernel/src/main/java/org/apache/openjpa/kernel/exps/ValExpression.java,4,5,1,4,8,2,0,8,0,0.0,0.0,0.0,4,0,2,0,2,0,4,0,0,0,1,0,0,1,0,0,1,0,0,20,2,0,3,0,3,0,0,4,0,4,0,0,0,0,26,0,0,0,0,0,0,0,0,0,0,0,0,0,0,0,0,No
2.0.0-M2,openjpa-kernel/src/main/java/org/apache/openjpa/kernel/exps/NotEqualExpression.java,2,3,1,2,5,3,0,1,1,0.0,0.0,0.0,2,0,1,0,1,0,2,0,0,0,0,0,0,0,0,0,0,0,0,8,1,0,3,0,2,0,0,0,0,0,0,0,0,0,19,0,0,0,0,0,0,0,0,0,0,0,0,0,0,0,0,No
2.0.0-M2,openjpa-kernel/src/main/java/org/apache/openjpa/util/InvalidStateException.java,3,17,14,3,3,6,3,1,3,0.0,0.0,0.0,3,0,3,0,0,0,3,0,0,0,0,0,0,0,0,0,0,0,0,12,1,0,0,0,0,0,0,0,0,0,0,0,0,0,39,1,0,0,0,0,0,0,0,0,0,0,0,0,0,0,0,No
2.0.0-M2,openjpa-persistence/src/main/java/org/apache/openjpa/persistence/query/QueryExpression.java,4,5,1,4,1,4,1,0,0,0.0,NaN,NaN,1,0,1,0,0,0,1,0,0,0,0,0,0,0,0,0,0,0,0,5,0,0,0,0,0,0,0,0,0,0,0,0,0,0,27,1024,0,0,5,2,75,41,15.0,42,33,8.4,117,66,23.4,264,120.8,No
2.0.0-M2,openjpa-kernel/src/main/java/org/apache/openjpa/kernel/PDeletedFlushedState.java,4,6,2,4,2,3,0,1,1,0.0,0.0,0.0,2,0,0,0,0,2,2,0,0,0,0,0,0,0,0,0,0,0,0,9,2,0,0,0,0,0,0,0,0,0,0,0,0,0,30,0,0,0,0,0,0,0,0,0,0,0,0,0,0,0,0,No
2.0.0-M2,openjpa-kernel/src/main/java/org/apache/openjpa/kernel/exps/ContainsKeyExpression.java,2,3,1,2,3,3,0,1,1,0.0,0.0,0.0,2,0,1,0,1,0,2,0,0,0,0,0,0,0,0,0,0,0,0,8,1,0,1,0,2,0,0,0,0,0,0,0,0,0,26,0,0,0,0,0,0,0,0,0,0,0,0,0,0,0,0,No
2.0.0-M2,openjpa-kernel/src/main/java/org/apache/openjpa/util/NoResultException.java,3,3,0,3,3,7,0,1,3,0.0,0.0,0.0,3,0,3,0,0,0,3,0,0,0,0,0,0,0,0,0,0,0,0,12,1,0,0,0,0,0,0,0,0,0,0,0,0,0,35,1,0,0,0,0,0,0,0,0,0,0,0,0,0,0,0,No
2.0.0-M2,openjpa-persistence/src/main/java/org/apache/openjpa/persistence/query/LogicalPredicate.java,8,11,3,8,5,2,2,2,4,0.45000002,0.0,0.0,5,0,5,0,0,0,5,0,0,0,4,0,0,4,0,0,4,0,0,24,4,0,0,0,2,0,0,4,1,4,0,0,0,0,44,1,0,0,6,2,148,59,24.666666666666668,90,58,15.0,238,116,39.666666666666664,264,77.33333333333333,No
2.0.0-M2,openjpa-lib/src/main/java/org/apache/openjpa/lib/rop/SoftRandomAccessResultList.java,3,4,1,3,2,4,0,0,1,0.0,0.0,0.0,2,0,1,0,1,0,2,0,0,0,0,0,0,0,0,0,0,0,0,8,1,0,0,0,0,0,0,0,0,0,0,0,0,0,23,1,0,0,0,0,0,0,0,0,0,0,0,0,0,0,0,No
2.0.0-M2,openjpa-jdbc/src/main/java/org/apache/openjpa/jdbc/kernel/exps/WhenScalar.java,8,10,2,8,9,1,0,9,0,0.2777778,0.0,0.0,9,0,9,0,0,0,9,0,0,0,2,0,0,2,0,0,2,0,0,42,5,0,0,0,0,1,4,6,0,6,0,0,0,0,54,1,0,0,1,1,90,90,90.0,0,0,0.0,90,90,90.0,8,8.0,No
2.0.0-M2,openjpa-persistence/src/main/java/org/apache/openjpa/persistence/query/SquareRootExpression.java,2,3,1,2,1,4,0,0,0,0.0,NaN,NaN,1,0,1,0,0,0,1,0,0,0,0,0,0,0,0,0,0,0,0,5,0,0,0,0,0,0,0,0,0,0,0,0,0,0,14,1,0,0,3,2,64,33,21.333333333333332,33,31,11.0,97,62,32.333333333333336,264,141.66666666666666,No
2.0.0-M2,openjpa-persistence/src/main/java/org/apache/openjpa/persistence/query/LowerExpression.java,2,3,1,2,1,4,0,0,0,0.0,NaN,NaN,1,0,1,0,0,0,1,0,0,0,0,0,0,0,0,0,0,0,0,5,0,0,0,0,0,0,0,0,0,0,0,0,0,0,14,1,0,0,3,2,64,33,21.333333333333332,33,31,11.0,97,62,32.333333333333336,264,141.66666666666666,No
2.0.0-M2,openjpa-jdbc/src/main/java/org/apache/openjpa/jdbc/kernel/exps/Index.java,7,8,1,7,5,3,0,5,10,0.0,0.0,0.0,5,0,3,0,2,0,5,0,0,0,0,0,0,0,0,0,0,0,0,19,2,0,0,0,0,0,0,0,0,0,0,0,0,0,28,0,0,0,1,1,57,57,57.0,0,0,0.0,57,57,57.0,16,16.0,No
2.0.0-M2,openjpa-persistence-jdbc/src/main/java/org/apache/openjpa/persistence/jdbc/JDBCFetchPlanImpl.java,14,16,2,14,51,2,0,44,813,0.5686275,0.0,0.0,51,0,50,0,1,0,51,0,0,0,1,0,0,1,0,0,0,0,7,170,50,0,0,0,0,0,0,1,0,1,0,0,0,0,70,1,0,0,2,2,7,5,3.5,1,1,0.5,8,5,4.0,174,88.0,No
2.0.0-M2,openjpa-kernel/src/main/java/org/apache/openjpa/kernel/exps/CollectionParam.java,4,6,2,4,7,2,0,1,11,0.6666667,0.0,0.0,7,0,6,0,1,0,7,0,0,0,3,0,0,3,0,0,0,0,0,27,4,0,0,0,0,0,1,7,0,3,0,0,0,0,34,0,0,0,2,2,74,69,37.0,5,5,2.5,79,69,39.5,40,23.0,No
2.0.0-M2,openjpa-persistence/src/main/java/org/apache/openjpa/persistence/query/SubStringExpression.java,5,6,1,5,6,4,0,1,0,0.0,0.0,0.0,5,0,5,0,0,0,5,0,0,0,2,0,0,2,0,0,2,0,0,27,1,0,1,0,4,5,0,8,2,2,0,0,0,0,27,1,0,0,5,2,132,60,26.4,72,60,14.4,204,120,40.8,264,127.0,No
2.0.0-M2,openjpa-kernel/src/main/java/org/apache/openjpa/kernel/exps/WhenScalar.java,3,5,2,3,4,2,0,3,0,0.25,0.0,0.0,4,0,3,0,0,1,4,0,0,0,2,0,0,2,0,0,2,0,0,20,2,0,0,0,0,0,0,2,0,2,0,0,0,0,16,1,0,0,1,1,49,49,49.0,0,0,0.0,49,49,49.0,7,7.0,No
2.0.0-M2,openjpa-persistence/src/main/java/org/apache/openjpa/persistence/criteria/OrderImpl.java,3,5,2,3,6,1,0,0,0,0.4166667,0.0,0.0,6,0,6,0,0,0,6,0,0,0,2,0,0,2,0,0,1,0,0,23,3,0,0,0,0,0,0,3,0,2,0,0,0,0,18,1,0,0,2,2,58,54,29.0,0,0,0.0,58,54,29.0,15,8.5,No
2.0.0-M2,openjpa-jdbc/src/main/java/org/apache/openjpa/jdbc/kernel/exps/Max.java,2,3,1,2,3,3,0,0,3,0.0,0.0,0.0,3,0,2,0,1,0,3,0,0,0,0,0,0,0,0,0,0,0,0,11,2,0,0,0,0,1,0,0,0,0,0,0,0,0,17,0,0,0,0,0,0,0,0,0,0,0,0,0,0,0,0,No
2.0.0-M2,openjpa-kernel/src/main/java/org/apache/openjpa/kernel/exps/ContainsValueExpression.java,2,3,1,2,3,2,0,1,1,0.0,0.0,0.0,2,0,1,0,1,0,2,0,0,0,0,0,0,0,0,0,0,0,0,8,1,0,1,0,2,0,0,0,0,0,0,0,0,0,25,0,0,0,0,0,0,0,0,0,0,0,0,0,0,0,0,No
2.0.0-M2,openjpa-persistence/src/main/java/org/apache/openjpa/persistence/query/AverageExpression.java,2,3,1,2,1,4,0,0,0,0.0,NaN,NaN,1,0,1,0,0,0,1,0,0,0,0,0,0,0,0,0,0,0,0,5,0,0,0,0,0,0,0,0,0,0,0,0,0,0,15,1,0,0,2,2,62,31,31.0,31,31,15.5,93,62,46.5,264,173.0,No
2.0.0-M2,openjpa-jdbc/src/main/java/org/apache/openjpa/jdbc/kernel/exps/ToLowerCase.java,8,10,2,8,4,3,0,9,3,0.0,0.0,0.0,3,0,3,0,0,0,3,0,0,0,0,0,0,0,0,0,0,0,0,18,1,0,1,0,0,2,2,4,1,3,0,0,0,0,35,1,0,0,0,0,0,0,0,0,0,0,0,0,0,0,0,Yes
2.0.0-M2,openjpa-kernel/src/main/java/org/apache/openjpa/datacache/ConcurrentQueryCache.java,10,12,2,10,17,3,0,17,0,0.1764706,0.0,0.0,17,0,9,0,8,0,17,0,0,0,1,0,0,1,0,0,0,0,0,55,11,0,0,0,0,0,0,1,0,1,0,0,0,0,129,1,0,0,2,2,8,7,4.0,1,1,0.5,9,7,4.5,5,4.0,No
2.0.0-M2,openjpa-jdbc/src/main/java/org/apache/openjpa/jdbc/kernel/exps/SQLExpression.java,1,2,1,1,1,2,0,0,0,0.0,NaN,NaN,1,0,1,0,0,0,1,0,0,0,1,1,1,0,0,0,1,0,0,6,1,0,0,0,0,1,0,1,0,1,0,0,0,0,44,1,0,0,0,0,0,0,0,0,0,0,0,0,0,0,0,No
2.0.0-M2,openjpa-kernel/src/main/java/org/apache/openjpa/kernel/exps/TypeLit.java,4,5,1,4,9,2,0,2,0,0.4375,0.0,0.0,8,0,7,0,1,0,8,0,0,0,2,0,0,2,0,0,1,0,1,29,5,0,1,0,1,0,0,4,0,2,0,0,0,0,28,0,0,0,1,1,72,72,72.0,0,0,0.0,72,72,72.0,17,17.0,No
2.0.0-M2,openjpa-jdbc/src/main/java/org/apache/openjpa/jdbc/sql/CacheDictionary.java,1,2,1,1,1,2,0,0,0,0.0,NaN,NaN,1,0,1,0,0,0,1,0,0,0,0,0,0,0,0,0,0,0,0,14,0,0,0,0,0,8,0,10,0,0,0,0,0,0,46,1,0,0,0,0,0,0,0,0,0,0,0,0,0,0,0,No
2.0.0-M2,openjpa-jdbc/src/main/java/org/apache/openjpa/jdbc/kernel/exps/Min.java,2,3,1,2,3,3,0,0,3,0.0,0.0,0.0,3,0,2,0,1,0,3,0,0,0,0,0,0,0,0,0,0,0,0,11,2,0,0,0,0,1,0,0,0,0,0,0,0,0,17,0,0,0,0,0,0,0,0,0,0,0,0,0,0,0,0,No
2.0.0-M2,openjpa-persistence/src/main/java/org/apache/openjpa/persistence/criteria/CriteriaBuilder.java,70,73,3,70,135,1,0,18,9043,0.98888886,0.0,0.0,135,0,135,0,0,0,135,0,0,0,2,1,1,1,0,0,1,0,0,414,114,0,0,0,0,2,0,4,0,4,0,0,0,0,155,1,0,0,4,2,679,675,169.75,4,3,1.0,683,675,170.75,18,9.5,No
2.0.0-M2,openjpa-jdbc/src/main/java/org/apache/openjpa/jdbc/meta/StrategyInstaller.java,5,16,11,5,6,1,6,0,15,0.8333333,0.0,0.0,6,0,6,0,0,0,6,4,0,0,1,0,0,0,1,0,1,0,0,13,1,0,0,0,0,0,0,1,0,1,0,0,0,0,43,1025,0,0,0,0,0,0,0,0,0,0,0,0,0,0,0,No
2.0.0-M2,openjpa-jdbc/src/main/java/org/apache/openjpa/jdbc/sql/Sized.java,0,2,2,0,1,1,0,0,0,0.0,NaN,NaN,1,0,1,0,0,0,1,0,0,0,2,0,2,0,0,0,2,0,0,8,0,0,0,0,0,0,0,2,0,2,0,0,0,0,16,1,0,0,0,0,0,0,0,0,0,0,0,0,0,0,0,No
2.0.0-M2,openjpa-kernel/src/main/java/org/apache/openjpa/kernel/exps/WhenCondition.java,3,5,2,3,4,2,0,3,0,0.25,0.0,0.0,4,0,3,0,0,1,4,0,0,0,2,0,0,2,0,0,2,0,0,20,2,0,0,0,0,0,0,2,0,2,0,0,0,0,14,1,0,0,1,1,49,49,49.0,0,0,0.0,49,49,49.0,7,7.0,No
2.0.0-M2,openjpa-kernel/src/main/java/org/apache/openjpa/kernel/PDeletedState.java,2,4,2,2,16,2,1,6,105,0.0,0.0,0.0,15,0,0,0,0,15,15,0,0,0,0,0,0,0,0,0,0,0,0,50,14,0,0,0,1,4,1,0,0,0,0,0,0,0,56,0,0,0,0,0,0,0,0,0,0,0,0,0,0,0,0,No
2.0.0-M2,openjpa-kernel/src/main/java/org/apache/openjpa/ee/JNDIManagedRuntime.java,4,6,2,4,6,2,0,5,4,0.5,0.0,0.0,5,0,5,0,0,0,5,0,0,0,2,0,0,2,0,0,0,0,0,29,3,0,1,1,0,1,0,6,0,3,2,0,0,0,38,1,0,0,0,0,0,0,0,0,0,0,0,0,0,0,0,No
2.0.0-M2,openjpa-jdbc/src/main/java/org/apache/openjpa/jdbc/kernel/exps/ToUpperCase.java,8,10,2,8,4,3,0,9,3,0.0,0.0,0.0,3,0,3,0,0,0,3,0,0,0,0,0,0,0,0,0,0,0,0,18,1,0,1,0,0,2,2,4,1,3,0,0,0,0,35,1,0,0,0,0,0,0,0,0,0,0,0,0,0,0,0,Yes
2.0.0-M2,openjpa-persistence/src/main/java/org/apache/openjpa/persistence/query/GreaterThanExpression.java,2,3,1,2,1,3,0,0,0,0.0,NaN,NaN,1,0,1,0,0,0,1,0,0,0,0,0,0,0,0,0,0,0,0,5,0,0,0,0,0,0,0,0,0,0,0,0,0,0,11,1,0,0,4,2,68,34,17.0,35,32,8.75,103,64,25.75,264,149.75,No
2.0.0-M2,openjpa-jdbc/src/main/java/org/apache/openjpa/jdbc/kernel/exps/IsEmptyExpression.java,7,8,1,7,5,1,0,8,0,0.0,0.0,0.0,5,0,5,0,0,0,5,0,0,0,1,0,0,1,0,0,1,0,0,22,1,0,0,0,0,0,0,1,0,1,0,0,0,0,37,0,0,0,0,0,0,0,0,0,0,0,0,0,0,0,0,No
2.0.0-M2,openjpa-kernel/src/main/java/org/apache/openjpa/util/UnsupportedException.java,2,8,6,2,5,5,0,1,10,0.0,0.0,0.0,5,0,5,0,0,0,5,0,0,0,0,0,0,0,0,0,0,0,0,20,1,0,0,0,0,0,0,0,0,0,0,0,0,0,29,1,0,0,0,0,0,0,0,0,0,0,0,0,0,0,0,No
2.0.0-M2,openjpa-kernel/src/main/java/org/apache/openjpa/event/LifecycleEvent.java,1,15,14,1,4,1,0,0,2,0.96,0.0,0.0,4,0,4,0,0,0,4,0,0,0,25,23,23,2,0,0,25,0,0,41,2,0,0,0,0,0,22,25,0,25,0,0,0,0,80,1,0,0,0,0,0,0,0,0,0,0,0,0,0,0,0,No
2.0.0-M2,openjpa-persistence/src/main/java/org/apache/openjpa/persistence/query/TypeExpression.java,2,3,1,2,1,4,0,0,0,0.0,NaN,NaN,1,0,1,0,0,0,1,0,0,0,0,0,0,0,0,0,0,0,0,5,0,0,0,0,0,0,0,0,0,0,0,0,0,0,13,1,0,0,3,2,64,33,21.333333333333332,33,31,11.0,97,62,32.333333333333336,264,141.66666666666666,No
2.0.0-M2,openjpa-jdbc/src/main/java/org/apache/openjpa/jdbc/schema/Unique.java,4,26,22,4,6,4,0,4,15,0.0,0.0,0.0,6,0,6,0,0,0,6,0,0,0,0,0,0,0,0,0,0,0,0,21,2,0,0,0,0,0,0,0,0,0,0,0,0,0,70,1,0,0,2,1,10,5,5.0,60,58,30.0,70,63,35.0,1,1.0,Yes
2.0.0-M2,openjpa-kernel/src/main/java/org/apache/openjpa/event/ExceptionOrphanedKeyAction.java,6,7,1,6,1,1,0,2,0,0.0,NaN,NaN,1,0,1,0,0,0,1,0,0,0,1,1,0,1,0,0,1,0,0,6,0,0,0,0,0,1,0,1,0,1,0,0,0,0,29,1,0,0,0,0,0,0,0,0,0,0,0,0,0,0,0,No
2.0.0-M2,openjpa-kernel/src/main/java/org/apache/openjpa/util/StoreException.java,2,10,8,2,6,5,6,1,15,1.0,0.0,0.0,6,0,6,0,0,0,6,0,0,0,6,6,6,0,0,0,6,0,0,26,1,0,0,0,0,0,6,6,0,6,0,0,0,0,37,1,0,0,3,2,11,10,3.6666666666666665,10,10,3.3333333333333335,21,10,7.0,18,8.0,Yes
2.0.0-M3,openjpa-kernel/src/main/java/org/apache/openjpa/event/TransactionEvent.java,1,7,6,1,10,1,0,0,5,0.8809525,0.0,0.0,6,0,6,0,0,0,6,0,0,0,14,9,9,5,0,0,14,0,0,39,5,0,4,0,4,0,9,14,0,14,0,0,0,0,121,1,0,0,0,0,0,0,0,0,0,0,0,0,0,0,0,No
2.0.0-M3,openjpa-persistence/src/main/java/org/apache/openjpa/persistence/query/LocateExpression.java,6,7,1,6,6,4,0,4,0,0.0,0.0,0.0,5,0,5,0,0,0,5,0,0,0,1,0,0,1,0,0,1,0,0,23,1,0,1,0,3,0,0,5,1,2,0,0,0,0,47,1,0,0,0,0,0,0,0,0,0,0,0,0,0,0,0,No
2.0.0-M3,openjpa-kernel/src/main/java/org/apache/openjpa/validation/ValidationException.java,1,4,3,1,2,2,0,1,1,0.0,0.0,0.0,2,0,2,0,0,0,2,0,0,0,0,0,0,0,0,0,0,0,0,9,0,0,0,0,0,1,0,0,0,0,0,0,0,0,8,1,0,0,1,1,5,5,5.0,0,0,0.0,5,5,5.0,3,3.0,No
2.0.0-M3,openjpa-kernel/src/main/java/org/apache/openjpa/util/WrappedException.java,2,2,0,2,6,5,0,1,15,0.0,0.0,0.0,6,0,6,0,0,0,6,0,0,0,0,0,0,0,0,0,0,0,0,20,1,0,0,0,0,1,0,0,0,0,0,0,0,0,16,1,0,0,1,1,23,23,23.0,7,7,7.0,30,30,30.0,3,3.0,No
2.0.0-M3,openjpa-persistence/src/main/java/org/apache/openjpa/persistence/query/LiteralExpression.java,1,2,1,1,1,4,0,0,0,0.0,NaN,NaN,1,0,1,0,0,0,1,0,0,0,0,0,0,0,0,0,0,0,0,5,0,0,0,0,0,0,0,0,0,0,0,0,0,0,9,1,0,0,0,0,0,0,0,0,0,0,0,0,0,0,0,No
2.0.0-M3,openjpa-persistence/src/main/java/org/apache/openjpa/persistence/query/NotEqualExpression.java,2,3,1,2,1,3,0,0,0,0.0,NaN,NaN,1,0,1,0,0,0,1,0,0,0,0,0,0,0,0,0,0,0,0,5,0,0,0,0,0,0,0,0,0,0,0,0,0,0,11,1,0,0,0,0,0,0,0,0,0,0,0,0,0,0,0,No
2.0.0-M3,openjpa-lib/src/main/java/org/apache/openjpa/lib/meta/SuffixMetaDataFilter.java,2,3,1,2,3,1,0,2,0,0.0,0.0,0.0,2,0,2,0,0,0,2,0,0,0,1,0,0,1,0,0,1,0,0,10,1,0,1,0,0,0,0,2,0,2,0,0,0,0,23,1,0,0,0,0,0,0,0,0,0,0,0,0,0,0,0,No
2.0.0-M3,openjpa-kernel/src/main/java/org/apache/openjpa/kernel/jpql/SimpleNode.java,2,2,0,2,1,2,0,0,0,0.0,NaN,NaN,1,0,0,0,0,1,1,0,0,0,0,0,0,0,0,0,0,0,0,5,0,0,0,0,0,0,0,0,0,0,0,0,0,0,22,1,0,0,0,0,0,0,0,0,0,0,0,0,0,0,0,No
2.0.0-M3,openjpa-jdbc/src/main/java/org/apache/openjpa/jdbc/meta/strats/AbstractClassStrategy.java,11,17,6,11,7,2,6,0,21,0.85714287,0.0,0.0,7,0,7,0,0,0,7,0,0,0,1,0,0,0,1,0,0,0,0,24,6,0,0,0,0,0,0,2,0,1,0,0,0,0,60,1025,0,0,0,0,0,0,0,0,0,0,0,0,0,0,0,No
2.0.0-M3,openjpa-kernel/src/main/java/org/apache/openjpa/util/OptimisticException.java,6,11,5,6,5,6,0,6,4,0.4,0.0,0.0,5,0,5,0,0,0,5,0,0,0,1,1,0,1,0,0,1,0,2,21,1,0,0,0,0,3,0,1,0,1,0,0,0,0,29,1,0,0,0,0,0,0,0,0,0,0,0,0,0,0,0,No
2.0.0-M3,openjpa-kernel/src/main/java/org/apache/openjpa/kernel/exps/Lit.java,4,5,1,4,9,2,0,2,0,0.4375,0.0,0.0,8,0,7,0,1,0,8,0,0,0,2,0,0,2,0,0,1,0,1,29,5,0,1,0,1,0,0,4,0,2,0,0,0,0,28,0,0,0,0,0,0,0,0,0,0,0,0,0,0,0,0,No
2.0.0-M3,openjpa-kernel/src/main/java/org/apache/openjpa/kernel/exps/UnboundVariable.java,2,3,1,2,6,2,0,0,7,0.5833334,0.0,0.0,6,0,5,0,1,0,6,0,0,0,2,0,0,2,0,0,0,0,0,22,3,0,0,0,0,0,0,5,0,2,0,0,0,0,56,0,0,0,0,0,0,0,0,0,0,0,0,0,0,0,0,No
2.0.0-M3,openjpa-kernel/src/main/java/org/apache/openjpa/kernel/exps/Param.java,4,6,2,4,7,2,0,1,11,0.6666667,0.0,0.0,7,0,6,0,1,0,7,0,0,0,3,0,0,3,0,0,0,0,0,27,4,0,0,0,0,0,1,7,0,3,0,0,0,0,31,0,0,0,0,0,0,0,0,0,0,0,0,0,0,0,0,No
2.0.0-M3,openjpa-jdbc/src/main/java/org/apache/openjpa/jdbc/sql/AbstractDB2Dictionary.java,3,5,2,3,8,2,2,6,0,0.0,0.0,0.0,3,0,3,0,0,0,3,0,0,0,1,0,1,0,0,0,0,0,5,75,0,0,2,0,0,38,2,31,5,4,2,0,0,0,100,1025,0,0,2,1,1,1,0.5,1,1,0.5,2,1,1.0,2,2.0,Yes
2.0.0-M3,openjpa-kernel/src/main/java/org/apache/openjpa/ant/ApplicationIdToolTask.java,7,7,0,7,10,2,0,4,0,0.5,0.0,0.0,9,0,7,0,2,0,9,0,0,0,2,0,0,0,2,0,0,0,0,32,2,0,1,0,1,0,0,9,0,2,0,0,0,0,95,1,0,0,0,0,0,0,0,0,0,0,0,0,0,0,0,No
2.0.0-M3,openjpa-jdbc/src/main/java/org/apache/openjpa/jdbc/kernel/PreparedProjectionResultObjectProvider.java,6,7,1,6,4,3,0,0,6,0.0,0.0,0.0,4,0,4,0,0,0,4,0,0,0,0,0,0,0,0,0,0,0,0,15,1,0,0,0,0,0,0,2,0,0,0,0,0,0,33,0,0,0,1,1,57,57,57.0,0,0,0.0,57,57,57.0,17,17.0,No
2.0.0-M3,openjpa-jdbc/src/main/java/org/apache/openjpa/jdbc/meta/strats/ClobValueHandler.java,5,7,2,5,2,2,0,3,1,0.5,0.0,0.0,2,1,2,0,0,0,2,0,0,0,1,1,0,1,0,0,1,0,0,13,2,0,0,0,0,0,1,2,0,2,0,0,0,0,17,1,0,0,0,0,0,0,0,0,0,0,0,0,0,0,0,No
2.0.0-M3,openjpa-jdbc/src/main/java/org/apache/openjpa/jdbc/meta/strats/BlobValueHandler.java,5,7,2,5,2,2,0,3,1,0.5,0.0,0.0,2,1,2,0,0,0,2,0,0,0,1,1,0,1,0,0,1,0,0,13,2,0,0,0,0,0,1,2,0,2,0,0,0,0,17,1,0,0,0,0,0,0,0,0,0,0,0,0,0,0,0,No
2.0.0-M3,openjpa-jdbc/src/main/java/org/apache/openjpa/jdbc/kernel/exps/Sqrt.java,2,4,2,2,4,3,0,0,6,0.0,0.0,0.0,4,0,2,0,2,0,4,0,0,0,0,0,0,0,0,0,0,0,0,14,3,0,0,0,0,1,0,0,0,0,0,0,0,0,19,1,0,0,0,0,0,0,0,0,0,0,0,0,0,0,0,No
2.0.0-M3,openjpa-kernel/src/main/java/org/apache/openjpa/kernel/exps/BindValueVariableExpression.java,3,4,1,3,3,3,0,1,1,0.0,0.0,0.0,2,0,1,0,1,0,2,0,0,0,0,0,0,0,0,0,0,0,0,9,1,0,1,0,1,0,0,1,0,1,0,0,0,0,23,0,0,0,0,0,0,0,0,0,0,0,0,0,0,0,0,No
2.0.0-M3,openjpa-kernel/src/main/java/org/apache/openjpa/kernel/exps/CompareExpression.java,6,16,10,6,13,2,9,12,0,0.2,0.0,0.0,5,0,2,0,3,0,5,1,0,0,2,0,0,2,0,0,2,0,6,37,2,0,6,0,2,0,0,14,0,10,1,0,0,0,35,1024,0,0,0,0,0,0,0,0,0,0,0,0,0,0,0,No
2.0.0-M3,openjpa-persistence/src/main/java/org/apache/openjpa/persistence/query/MemberOfExpression.java,2,3,1,2,1,3,0,0,0,0.0,NaN,NaN,1,0,1,0,0,0,1,0,0,0,0,0,0,0,0,0,0,0,0,5,0,0,0,0,0,0,0,0,0,0,0,0,0,0,17,1,0,0,0,0,0,0,0,0,0,0,0,0,0,0,0,No
2.0.0-M3,openjpa-lib/src/main/java/org/apache/openjpa/lib/conf/BootstrapException.java,1,3,2,1,6,4,0,0,13,0.6666667,0.0,0.0,6,0,6,0,0,0,6,0,0,0,1,0,0,1,0,0,0,0,0,22,2,0,0,0,0,0,0,2,0,1,0,0,0,0,19,1,0,0,1,1,0,0,0.0,1,1,1.0,1,1,1.0,5,5.0,No
2.0.0-M3,openjpa-jdbc/src/main/java/org/apache/openjpa/jdbc/meta/strats/SuperclassDiscriminatorStrategy.java,11,14,3,11,8,3,0,14,10,0.0,0.0,0.0,5,0,5,0,0,0,5,0,0,0,0,0,0,0,0,0,0,0,0,24,3,1,2,0,0,0,0,2,0,1,2,0,0,0,43,1,0,0,0,0,0,0,0,0,0,0,0,0,0,0,0,No
2.0.0-M3,openjpa-kernel/src/main/java/org/apache/openjpa/kernel/exps/EqualExpression.java,2,3,1,2,5,3,0,1,1,0.0,0.0,0.0,2,0,1,0,1,0,2,0,0,0,0,0,0,0,0,0,0,0,0,8,1,0,3,0,2,0,0,0,0,0,0,0,0,0,18,0,0,0,0,0,0,0,0,0,0,0,0,0,0,0,0,No
2.0.0-M3,openjpa-kernel/src/main/java/org/apache/openjpa/util/InternalException.java,2,18,16,2,7,5,0,1,21,0.0,0.0,0.0,7,0,7,0,0,0,7,0,0,0,0,0,0,0,0,0,0,0,0,28,1,0,0,0,0,0,0,0,0,0,0,0,0,0,25,1,0,0,0,0,0,0,0,0,0,0,0,0,0,0,0,No
2.0.0-M3,openjpa-jdbc/src/main/java/org/apache/openjpa/jdbc/conf/JDBCProductDerivation.java,4,4,0,4,6,2,0,6,6,0.75,0.0,0.0,4,0,4,0,0,0,5,0,0,0,1,1,0,1,0,0,0,0,1,24,4,0,1,0,0,2,1,2,0,1,1,0,0,0,39,1,0,0,1,1,11,11,11.0,1,1,1.0,12,12,12.0,2,2.0,No
2.0.0-M3,openjpa-kernel/src/main/java/org/apache/openjpa/kernel/PNewDeletedState.java,2,3,1,2,14,2,0,4,91,0.0,0.0,0.0,14,0,0,0,0,14,14,0,0,0,0,0,0,0,0,0,0,0,0,48,14,0,0,0,0,4,0,0,0,0,0,0,0,0,47,0,0,0,0,0,0,0,0,0,0,0,0,0,0,0,0,No
2.0.0-M3,openjpa-kernel/src/main/java/org/apache/openjpa/kernel/PNonTransDirtyState.java,2,3,1,2,9,2,0,3,36,0.0,0.0,0.0,9,0,0,0,0,9,9,0,0,0,0,0,0,0,0,0,0,0,0,30,8,0,0,0,0,1,0,0,0,0,0,0,0,0,57,0,0,0,0,0,0,0,0,0,0,0,0,0,0,0,0,No
2.0.0-M3,openjpa-jdbc/src/main/java/org/apache/openjpa/jdbc/kernel/exps/InKeyExpression.java,5,6,1,5,3,2,0,3,1,0.0,0.0,0.0,2,0,1,0,1,0,2,0,0,0,0,0,0,0,0,0,0,0,0,9,1,0,1,0,1,0,0,1,0,1,0,0,0,0,36,0,0,0,0,0,0,0,0,0,0,0,0,0,0,0,0,No
2.0.0-M3,openjpa-persistence/src/main/java/org/apache/openjpa/persistence/query/EntryExpression.java,2,3,1,2,1,2,0,0,0,0.0,NaN,NaN,1,0,1,0,0,0,1,0,0,0,0,0,0,0,0,0,0,0,0,5,0,0,0,0,0,0,0,0,0,0,0,0,0,0,19,1,0,0,0,0,0,0,0,0,0,0,0,0,0,0,0,No
2.0.0-M3,openjpa-kernel/src/main/java/org/apache/openjpa/kernel/exps/Mod.java,3,4,1,3,2,3,0,1,1,0.0,0.0,0.0,2,0,1,0,1,0,2,0,0,0,0,0,0,0,0,0,0,0,1,8,1,0,0,0,0,0,0,0,0,0,0,0,0,0,20,0,0,0,0,0,0,0,0,0,0,0,0,0,0,0,0,No
2.0.0-M3,openjpa-jdbc/src/main/java/org/apache/openjpa/jdbc/kernel/exps/Count.java,5,6,1,5,5,3,0,1,10,0.0,0.0,0.0,5,0,3,0,2,0,5,0,0,0,0,0,0,0,0,0,0,0,0,17,4,0,0,0,0,1,0,0,0,0,0,0,0,0,29,0,0,0,0,0,0,0,0,0,0,0,0,0,0,0,0,No
2.0.0-M3,openjpa-kernel/src/main/java/org/apache/openjpa/kernel/exps/OrExpression.java,3,4,1,3,4,2,0,5,0,0.0,0.0,0.0,4,0,2,0,2,0,4,0,0,0,2,0,0,2,0,0,2,0,0,20,2,0,0,0,0,0,0,2,0,2,0,0,0,0,27,0,0,0,0,0,0,0,0,0,0,0,0,0,0,0,0,No
2.0.0-M3,openjpa-kernel/src/main/java/org/apache/openjpa/kernel/PNewProvisionalState.java,3,4,1,3,14,2,0,6,91,0.0,0.0,0.0,14,0,0,0,0,14,14,0,0,0,0,0,0,0,0,0,0,0,0,49,13,0,0,0,0,0,0,0,0,0,0,0,0,0,51,0,0,0,0,0,0,0,0,0,0,0,0,0,0,0,0,No
2.0.0-M3,openjpa-kernel/src/main/java/org/apache/openjpa/kernel/EDeletedState.java,2,3,1,2,10,2,0,3,45,0.0,0.0,0.0,10,0,1,0,0,9,10,0,0,0,0,0,0,0,0,0,0,0,0,35,10,0,0,0,0,1,0,0,0,0,0,0,0,0,41,0,0,0,0,0,0,0,0,0,0,0,0,0,0,0,0,No
2.0.0-M3,openjpa-kernel/src/main/java/org/apache/openjpa/util/NoTransactionException.java,2,3,1,2,2,7,0,0,1,0.0,0.0,0.0,2,0,2,0,0,0,2,0,0,0,0,0,0,0,0,0,0,0,0,8,1,0,0,0,0,0,0,0,0,0,0,0,0,0,30,1,0,0,0,0,0,0,0,0,0,0,0,0,0,0,0,No
2.0.0-M3,openjpa-jdbc/src/main/java/org/apache/openjpa/jdbc/kernel/DelegatingJDBCFetchConfiguration.java,6,7,1,6,57,2,0,30,435,0.0,0.0,0.0,30,0,30,0,0,0,30,0,0,0,0,0,0,0,0,0,0,0,0,241,28,0,0,27,0,0,0,0,0,0,1,0,0,0,71,1,0,0,0,0,0,0,0,0,0,0,0,0,0,0,0,No
2.0.0-M3,openjpa-jdbc/src/main/java/org/apache/openjpa/jdbc/kernel/BatchingConstraintUpdateManager.java,6,6,0,6,4,3,0,5,1,0.0,0.0,0.0,2,0,0,0,2,0,2,0,0,0,0,0,0,0,0,0,0,0,0,20,2,0,0,1,0,0,0,5,0,2,1,0,0,0,75,1,0,0,0,0,0,0,0,0,0,0,0,0,0,0,0,No
2.0.0-M3,openjpa-lib/src/main/java/org/apache/openjpa/lib/log/LogFactoryAdapter.java,3,6,3,3,3,1,2,3,1,0.5,0.0,0.0,2,0,1,0,1,0,2,1,0,0,1,0,0,1,0,0,0,0,0,12,1,0,1,0,0,0,0,3,0,2,1,0,0,0,35,1025,0,0,0,0,0,0,0,0,0,0,0,0,0,0,0,No
2.0.0-M3,openjpa-kernel/src/main/java/org/apache/openjpa/event/NoneOrphanedKeyAction.java,3,3,0,3,1,1,0,0,0,0.0,NaN,NaN,1,0,1,0,0,0,1,0,0,0,0,0,0,0,0,0,0,0,0,5,1,0,0,0,0,0,0,0,0,0,0,0,0,0,26,1,0,0,0,0,0,0,0,0,0,0,0,0,0,0,0,No
2.0.0-M3,openjpa-persistence/src/main/java/org/apache/openjpa/persistence/query/SizeExpression.java,2,3,1,2,1,4,0,0,0,0.0,NaN,NaN,1,0,1,0,0,0,1,0,0,0,0,0,0,0,0,0,0,0,0,5,0,0,0,0,0,0,0,0,0,0,0,0,0,0,13,1,0,0,0,0,0,0,0,0,0,0,0,0,0,0,0,No
2.0.0-M3,openjpa-kernel/src/main/java/org/apache/openjpa/kernel/exps/NotExpression.java,3,4,1,3,4,2,0,5,0,0.0,0.0,0.0,4,0,2,0,2,0,4,0,0,0,1,0,0,1,0,0,1,0,0,17,2,0,0,0,0,0,0,1,0,1,0,0,0,0,22,0,0,0,0,0,0,0,0,0,0,0,0,0,0,0,0,No
2.0.0-M3,openjpa-persistence/src/main/java/org/apache/openjpa/persistence/query/SumExpression.java,2,3,1,2,1,4,0,0,0,0.0,NaN,NaN,1,0,1,0,0,0,1,0,0,0,0,0,0,0,0,0,0,0,0,5,0,0,0,0,0,0,0,0,0,0,0,0,0,0,12,1,0,0,0,0,0,0,0,0,0,0,0,0,0,0,0,No
2.0.0-M3,openjpa-jdbc/src/main/java/org/apache/openjpa/jdbc/meta/NoneStrategyInstaller.java,10,10,0,10,5,2,0,13,10,0.0,0.0,0.0,5,0,5,0,0,0,5,0,0,0,0,0,0,0,0,0,0,0,4,22,0,0,0,0,0,0,0,0,0,0,0,0,0,0,28,1,0,0,0,0,0,0,0,0,0,0,0,0,0,0,0,No
2.0.0-M3,openjpa-jdbc/src/main/java/org/apache/openjpa/jdbc/kernel/exps/WhenCondition.java,8,10,2,8,9,1,0,9,0,0.2777778,0.0,0.0,9,0,9,0,0,0,9,0,0,0,2,0,0,2,0,0,2,0,0,43,5,0,0,0,0,2,2,6,0,6,0,0,0,0,53,1,0,0,0,0,0,0,0,0,0,0,0,0,0,0,0,No
2.0.0-M3,openjpa-persistence/src/main/java/org/apache/openjpa/persistence/query/LessThanExpression.java,2,3,1,2,1,3,0,0,0,0.0,NaN,NaN,1,0,1,0,0,0,1,0,0,0,0,0,0,0,0,0,0,0,0,5,0,0,0,0,0,0,0,0,0,0,0,0,0,0,11,1,0,0,0,0,0,0,0,0,0,0,0,0,0,0,0,No
2.0.0-M3,openjpa-persistence/src/main/java/org/apache/openjpa/persistence/query/AbstractDomainObject.java,20,31,11,20,60,4,5,48,1770,0.0,0.0,0.0,60,0,59,0,1,0,60,0,0,0,0,0,0,0,0,0,0,0,0,182,55,0,0,0,0,0,0,0,0,0,0,0,0,0,137,1025,0,0,0,0,0,0,0,0,0,0,0,0,0,0,0,No
2.0.0-M3,openjpa-jdbc/src/main/java/org/apache/openjpa/jdbc/kernel/exps/QueryExpressionsState.java,1,3,2,1,0,1,0,0,0,NaN,-1.0,-1.0,0,0,0,0,0,0,0,0,0,0,6,1,6,0,0,0,1,0,0,8,0,0,0,0,0,0,1,6,0,6,0,0,0,0,29,1,0,0,0,0,0,0,0,0,0,0,0,0,0,0,0,No
2.0.0-M3,openjpa-kernel/src/main/java/org/apache/openjpa/kernel/PNonTransDeletedState.java,2,3,1,2,12,2,0,1,66,0.0,0.0,0.0,12,0,0,0,0,12,12,0,0,0,0,0,0,0,0,0,0,0,0,38,12,0,0,0,0,6,0,0,0,0,0,0,0,0,45,1,0,0,0,0,0,0,0,0,0,0,0,0,0,0,0,No
2.0.0-M3,openjpa-jdbc/src/main/java/org/apache/openjpa/jdbc/conf/JDBCSeqValue.java,6,7,1,6,1,2,0,8,0,0.0,NaN,NaN,1,0,1,0,0,0,1,0,0,0,1,1,0,0,0,1,1,0,0,9,0,0,0,0,0,3,2,1,0,1,0,0,0,0,57,1,0,0,0,0,0,0,0,0,0,0,0,0,0,0,0,No
2.0.0-M3,openjpa-persistence/src/main/java/org/apache/openjpa/persistence/query/AbstractVisitable.java,2,12,10,2,4,1,6,2,6,1.0,0.0,0.0,4,0,4,0,0,0,4,0,0,0,5,5,5,0,0,0,5,0,0,19,0,0,0,0,0,5,0,5,0,5,0,0,0,0,35,1024,0,0,0,0,0,0,0,0,0,0,0,0,0,0,0,No
2.0.0-M3,openjpa-lib/src/main/java/org/apache/openjpa/lib/graph/NodeInfo.java,0,3,3,0,0,1,0,0,0,NaN,-1.0,-1.0,0,0,0,0,0,0,0,0,0,0,5,3,5,0,0,0,3,0,0,7,0,0,0,0,0,0,4,5,0,5,0,0,0,0,30,0,0,0,0,0,0,0,0,0,0,0,0,0,0,0,0,No
2.0.0-M3,openjpa-persistence/src/main/java/org/apache/openjpa/persistence/query/ValueExpression.java,2,3,1,2,1,2,0,0,0,0.0,NaN,NaN,1,0,1,0,0,0,1,0,0,0,0,0,0,0,0,0,0,0,0,5,0,0,0,0,0,0,0,0,0,0,0,0,0,0,17,1,0,0,0,0,0,0,0,0,0,0,0,0,0,0,0,No
2.0.0-M3,openjpa-jdbc/src/main/java/org/apache/openjpa/jdbc/kernel/exps/AbstractVal.java,8,33,25,8,19,1,21,5,147,0.90740734,0.0,0.0,18,0,18,0,0,0,18,0,0,0,3,2,0,1,2,0,2,0,0,62,9,0,1,0,0,7,2,4,0,3,0,0,0,0,58,1024,0,0,1,1,4,4,4.0,0,0,0.0,4,4,4.0,28,28.0,Yes
2.0.0-M3,openjpa-kernel/src/main/java/org/apache/openjpa/conf/SeqValue.java,2,3,1,2,1,2,0,4,0,0.0,NaN,NaN,1,0,1,0,0,0,1,0,0,0,1,1,0,1,0,0,1,0,0,9,0,0,0,0,0,1,2,1,0,1,0,0,0,0,40,1,0,0,0,0,0,0,0,0,0,0,0,0,0,0,0,No
2.0.0-M3,openjpa-kernel/src/main/java/org/apache/openjpa/kernel/exps/Add.java,3,4,1,3,2,3,0,1,1,0.0,0.0,0.0,2,0,1,0,1,0,2,0,0,0,0,0,0,0,0,0,0,0,1,8,1,0,0,0,0,0,0,0,0,0,0,0,0,0,20,0,0,0,0,0,0,0,0,0,0,0,0,0,0,0,0,No
2.0.0-M3,openjpa-persistence/src/main/java/org/apache/openjpa/persistence/query/EqualExpression.java,2,3,1,2,1,3,0,0,0,0.0,NaN,NaN,1,0,1,0,0,0,1,0,0,0,0,0,0,0,0,0,0,0,0,5,0,0,0,0,0,0,0,0,0,0,0,0,0,0,10,1,0,0,0,0,0,0,0,0,0,0,0,0,0,0,0,No
2.0.0-M3,openjpa-kernel/src/main/java/org/apache/openjpa/util/ObjectNotFoundException.java,6,10,4,6,4,6,0,6,4,0.5,0.0,0.0,4,0,4,0,0,0,4,0,0,0,1,1,0,1,0,0,1,0,2,17,1,0,0,0,0,2,0,1,0,1,0,0,0,0,35,1,0,0,0,0,0,0,0,0,0,0,0,0,0,0,0,No
2.0.0-M3,openjpa-persistence/src/main/java/org/apache/openjpa/persistence/query/CountExpression.java,2,3,1,2,1,4,0,0,0,0.0,NaN,NaN,1,0,1,0,0,0,1,0,0,0,0,0,0,0,0,0,0,0,0,5,0,0,0,0,0,0,0,0,0,0,0,0,0,0,14,1,0,0,0,0,0,0,0,0,0,0,0,0,0,0,0,No
2.0.0-M3,openjpa-jdbc/src/main/java/org/apache/openjpa/jdbc/kernel/ConnectionInfo.java,3,4,1,3,0,1,0,0,0,NaN,-1.0,-1.0,0,0,0,0,0,0,0,0,0,0,3,0,3,0,0,0,0,0,0,5,0,0,0,0,0,0,0,3,0,3,0,0,0,0,25,1,0,0,0,0,0,0,0,0,0,0,0,0,0,0,0,No
2.0.0-M3,openjpa-kernel/src/main/java/org/apache/openjpa/conf/CallbackOptions.java,0,2,2,0,4,1,0,0,2,0.5,0.0,0.0,4,0,4,0,0,0,4,0,0,0,2,0,0,2,0,0,0,0,0,16,2,0,0,0,0,0,0,4,0,2,0,0,0,0,50,1,0,0,0,0,0,0,0,0,0,0,0,0,0,0,0,No
2.0.0-M3,openjpa-kernel/src/main/java/org/apache/openjpa/util/MetaDataException.java,3,10,7,3,5,6,0,1,10,0.0,0.0,0.0,5,0,5,0,0,0,5,0,0,0,0,0,0,0,0,0,0,0,0,20,1,0,0,0,0,0,0,0,0,0,0,0,0,0,25,1,0,0,0,0,0,0,0,0,0,0,0,0,0,0,0,No
2.0.0-M3,openjpa-kernel/src/main/java/org/apache/openjpa/util/NonUniqueResultException.java,3,3,0,3,3,7,0,1,3,0.0,0.0,0.0,3,0,3,0,0,0,3,0,0,0,0,0,0,0,0,0,0,0,0,12,1,0,0,0,0,0,0,0,0,0,0,0,0,0,39,1,0,0,0,0,0,0,0,0,0,0,0,0,0,0,0,No
2.0.0-M3,openjpa-jdbc/src/main/java/org/apache/openjpa/jdbc/kernel/exps/InSubQExpression.java,9,10,1,9,5,2,0,8,0,0.0,0.0,0.0,5,0,5,0,0,0,5,0,0,0,2,0,0,2,0,0,2,0,0,41,1,0,0,0,0,1,4,6,0,6,0,0,1,0,46,0,0,0,0,0,0,0,0,0,0,0,0,0,0,0,0,No
2.0.0-M3,openjpa-jdbc/src/main/java/org/apache/openjpa/jdbc/meta/strats/AbstractValueHandler.java,5,15,10,5,6,1,10,0,15,0.0,0.0,0.0,6,0,6,0,0,0,6,0,0,0,0,0,0,0,0,0,0,0,0,20,6,0,0,0,0,0,0,0,0,0,0,0,0,0,41,1025,0,0,0,0,0,0,0,0,0,0,0,0,0,0,0,No
2.0.0-M3,openjpa-kernel/src/main/java/org/apache/openjpa/kernel/TLoadedState.java,2,3,1,2,2,2,0,1,1,0.0,0.0,0.0,2,0,0,0,0,2,2,0,0,0,0,0,0,0,0,0,0,0,0,8,1,0,0,0,0,0,0,0,0,0,0,0,0,0,43,0,0,0,0,0,0,0,0,0,0,0,0,0,0,0,0,No
2.0.0-M3,openjpa-persistence/src/main/java/org/apache/openjpa/persistence/query/PlusExpression.java,2,3,1,2,1,4,0,0,0,0.0,NaN,NaN,1,0,1,0,0,0,1,0,0,0,0,0,0,0,0,0,0,0,0,5,0,0,0,0,0,0,0,0,0,0,0,0,0,0,10,1,0,0,0,0,0,0,0,0,0,0,0,0,0,0,0,No
2.0.0-M3,openjpa-kernel/src/main/java/org/apache/openjpa/kernel/exps/BindKeyVariableExpression.java,3,4,1,3,3,3,0,1,1,0.0,0.0,0.0,2,0,1,0,1,0,2,0,0,0,0,0,0,0,0,0,0,0,0,9,1,0,1,0,1,0,0,1,0,1,0,0,0,0,24,0,0,0,0,0,0,0,0,0,0,0,0,0,0,0,0,No
2.0.0-M3,openjpa-kernel/src/main/java/org/apache/openjpa/kernel/HollowState.java,2,3,1,2,11,2,0,4,55,0.0,0.0,0.0,11,0,0,0,0,11,11,0,0,0,0,0,0,0,0,0,0,0,0,38,10,0,0,0,0,0,0,0,0,0,0,0,0,0,78,0,0,0,0,0,0,0,0,0,0,0,0,0,0,0,0,No
2.0.0-M3,openjpa-jdbc/src/main/java/org/apache/openjpa/jdbc/schema/ReferenceCounter.java,0,13,13,0,3,1,3,0,0,0.0,0.0,0.0,3,0,3,0,0,0,3,0,0,0,1,0,0,1,0,0,0,0,0,12,1,0,0,0,0,0,1,1,0,1,0,0,0,0,21,0,0,0,0,0,0,0,0,0,0,0,0,0,0,0,0,No
2.0.0-M3,openjpa-kernel/src/main/java/org/apache/openjpa/kernel/ECopyState.java,3,4,1,3,12,2,0,5,66,0.0,0.0,0.0,12,0,0,0,0,12,12,0,0,0,0,0,0,0,0,0,0,0,0,40,10,0,0,0,0,1,0,0,0,0,0,0,0,0,51,0,0,0,0,0,0,0,0,0,0,0,0,0,0,0,0,No
2.0.0-M3,openjpa-kernel/src/main/java/org/apache/openjpa/ee/SunOneManagedRuntime.java,4,6,2,4,4,2,0,6,4,0.5,0.0,0.0,4,0,4,0,0,0,4,0,0,0,2,0,0,2,0,0,0,0,1,19,2,0,0,0,0,3,0,4,0,4,0,0,0,0,28,1,0,0,0,0,0,0,0,0,0,0,0,0,0,0,0,No
2.0.0-M3,openjpa-persistence/src/main/java/org/apache/openjpa/persistence/query/AnyExpression.java,3,4,1,3,1,4,0,0,0,0.0,NaN,NaN,1,0,1,0,0,0,1,0,0,0,0,0,0,0,0,0,0,0,0,5,0,0,0,0,0,0,0,0,0,0,0,0,0,0,17,0,0,0,0,0,0,0,0,0,0,0,0,0,0,0,0,No
2.0.0-M3,openjpa-persistence/src/main/java/org/apache/openjpa/persistence/query/OrPredicate.java,2,5,3,2,1,3,0,0,0,0.0,NaN,NaN,1,0,1,0,0,0,1,0,0,0,0,0,0,0,0,0,0,0,0,5,0,0,0,0,0,0,0,0,0,0,0,0,0,0,11,1,0,0,0,0,0,0,0,0,0,0,0,0,0,0,0,No
2.0.0-M3,openjpa-slice/src/main/java/org/apache/openjpa/slice/jdbc/SliceStoreManager.java,2,6,4,2,3,2,0,1,0,0.0,0.0,0.0,3,0,3,0,0,0,3,0,0,0,1,0,0,1,0,0,1,0,0,12,2,0,0,0,0,0,0,1,0,1,0,0,0,0,27,1,0,0,0,0,0,0,0,0,0,0,0,0,0,0,0,No
2.0.0-M3,openjpa-jdbc/src/main/java/org/apache/openjpa/jdbc/sql/Calendard.java,0,2,2,0,1,1,0,0,0,0.0,NaN,NaN,1,0,1,0,0,0,1,0,0,0,2,0,2,0,0,0,2,0,0,8,0,0,0,0,0,0,0,2,0,2,0,0,0,0,17,1,0,0,0,0,0,0,0,0,0,0,0,0,0,0,0,No
2.0.0-M3,openjpa-jdbc/src/main/java/org/apache/openjpa/jdbc/conf/FetchModeValue.java,1,2,1,1,1,2,0,3,0,0.75,NaN,NaN,1,0,1,0,0,0,1,0,0,0,4,4,3,1,0,0,3,0,5,11,0,0,0,0,0,5,0,4,0,4,0,0,0,0,49,1,0,0,0,0,0,0,0,0,0,0,0,0,0,0,0,No
2.0.0-M3,openjpa-jdbc/src/main/java/org/apache/openjpa/jdbc/kernel/exps/Size.java,7,8,1,7,5,3,0,5,10,0.0,0.0,0.0,5,0,3,0,2,0,5,0,0,0,0,0,0,0,0,0,0,0,0,19,2,0,0,0,0,0,0,0,0,0,0,0,0,0,27,0,0,0,0,0,0,0,0,0,0,0,0,0,0,0,0,No
2.0.0-M3,openjpa-kernel/src/main/java/org/apache/openjpa/validation/ValidationUnavailableException.java,1,1,0,1,4,2,0,1,6,0.0,0.0,0.0,4,0,4,0,0,0,4,0,0,0,0,0,0,0,0,0,0,0,0,15,1,0,0,0,0,1,0,0,0,0,0,0,0,0,22,1,0,0,1,1,44,44,44.0,0,0,0.0,44,44,44.0,5,5.0,No
2.0.0-M3,openjpa-persistence/src/main/java/org/apache/openjpa/persistence/query/LengthExpression.java,2,3,1,2,1,4,0,0,0,0.0,NaN,NaN,1,0,1,0,0,0,1,0,0,0,0,0,0,0,0,0,0,0,0,5,0,0,0,0,0,0,0,0,0,0,0,0,0,0,15,1,0,0,0,0,0,0,0,0,0,0,0,0,0,0,0,No
2.0.0-M3,openjpa-persistence/src/main/java/org/apache/openjpa/persistence/query/TimesExpression.java,2,3,1,2,1,4,0,0,0,0.0,NaN,NaN,1,0,1,0,0,0,1,0,0,0,0,0,0,0,0,0,0,0,0,5,0,0,0,0,0,0,0,0,0,0,0,0,0,0,10,1,0,0,0,0,0,0,0,0,0,0,0,0,0,0,0,No
2.0.0-M3,openjpa-persistence/src/main/java/org/apache/openjpa/persistence/query/TrimExpression.java,7,8,1,7,5,4,0,3,0,0.33333334,0.0,0.0,3,0,3,0,0,0,3,0,0,0,4,2,0,4,0,0,4,0,0,21,1,0,2,0,2,2,0,8,1,6,0,0,0,0,40,1,0,0,0,0,0,0,0,0,0,0,0,0,0,0,0,No
2.0.0-M3,openjpa-persistence/src/main/java/org/apache/openjpa/persistence/query/UnaryOperatorExpression.java,7,28,21,7,7,3,21,4,0,0.33333334,0.0,0.0,6,0,6,0,0,0,6,0,0,0,2,0,0,0,2,0,2,0,0,23,5,0,0,0,3,6,0,2,3,2,0,0,0,0,20,0,0,0,0,0,0,0,0,0,0,0,0,0,0,0,0,No
2.0.0-M3,openjpa-persistence/src/main/java/org/apache/openjpa/persistence/query/InExpression.java,3,4,1,3,2,3,0,0,1,0.0,0.0,0.0,2,0,2,0,0,0,2,0,0,0,0,0,0,0,0,0,0,0,0,8,0,0,0,0,0,0,0,0,0,0,0,0,0,0,14,1,0,0,0,0,0,0,0,0,0,0,0,0,0,0,0,No
2.0.0-M3,openjpa-jdbc/src/main/java/org/apache/openjpa/jdbc/meta/strats/ByteArrayValueHandler.java,8,10,2,8,4,2,0,5,6,0.75,0.0,0.0,4,1,4,0,0,0,4,0,0,0,1,1,0,1,0,0,1,0,2,19,4,0,0,0,0,0,1,2,0,2,0,0,0,0,28,1,0,0,0,0,0,0,0,0,0,0,0,0,0,0,0,No
2.0.0-M3,openjpa-kernel/src/main/java/org/apache/openjpa/kernel/exps/ValuePath.java,5,6,1,5,4,3,0,6,0,0.0,0.0,0.0,4,0,3,0,1,0,4,0,0,0,1,0,0,1,0,0,1,0,0,17,2,0,0,0,0,0,0,1,0,1,0,0,0,0,31,0,0,0,0,0,0,0,0,0,0,0,0,0,0,0,0,No
2.0.0-M3,openjpa-persistence/src/main/java/org/apache/openjpa/persistence/query/AllExpression.java,3,4,1,3,1,5,0,0,0,0.0,NaN,NaN,1,0,1,0,0,0,1,0,0,0,0,0,0,0,0,0,0,0,0,5,0,0,0,0,0,0,0,0,0,0,0,0,0,0,11,0,0,0,0,0,0,0,0,0,0,0,0,0,0,0,0,No
2.0.0-M3,openjpa-persistence/src/main/java/org/apache/openjpa/persistence/query/RangeExpression.java,4,6,2,4,2,4,0,1,1,0.0,0.0,0.0,2,0,2,0,0,0,2,0,0,0,0,0,0,0,0,0,0,0,0,8,1,0,0,0,2,1,0,0,1,0,0,0,0,0,29,1,0,0,0,0,0,0,0,0,0,0,0,0,0,0,0,No
2.0.0-M3,openjpa-jdbc/src/main/java/org/apache/openjpa/jdbc/kernel/BatchingOperationOrderUpdateManager.java,6,6,0,6,4,3,0,5,1,0.0,0.0,0.0,2,0,0,0,2,0,2,0,0,0,0,0,0,0,0,0,0,0,0,20,2,0,0,1,0,0,0,5,0,2,1,0,0,0,75,1,0,0,0,0,0,0,0,0,0,0,0,0,0,0,0,No
2.0.0-M3,openjpa-jdbc/src/main/java/org/apache/openjpa/jdbc/meta/strats/NanoPrecisionTimestampVersionStrategy.java,1,2,1,1,2,5,0,1,1,0.5,0.0,0.0,2,0,1,0,1,0,2,0,0,0,1,1,1,0,0,0,1,0,0,9,2,0,0,0,0,1,0,1,0,1,0,0,0,0,23,1,0,0,0,0,0,0,0,0,0,0,0,0,0,0,0,No
2.0.0-M3,openjpa-jdbc/src/main/java/org/apache/openjpa/jdbc/kernel/exps/NotExpression.java,7,8,1,7,5,2,0,8,0,0.0,0.0,0.0,5,0,5,0,0,0,5,0,0,0,1,0,0,1,0,0,1,0,0,30,1,0,0,0,2,2,0,2,0,2,0,0,1,0,34,0,0,0,0,0,0,0,0,0,0,0,0,0,0,0,0,No
2.0.0-M3,openjpa-persistence/src/main/java/org/apache/openjpa/persistence/query/BetweenExpression.java,3,4,1,3,1,3,0,0,0,0.0,NaN,NaN,1,0,1,0,0,0,1,0,0,0,0,0,0,0,0,0,0,0,0,5,0,0,0,0,0,0,0,0,0,0,0,0,0,0,19,1,0,0,0,0,0,0,0,0,0,0,0,0,0,0,0,No
2.0.0-M3,openjpa-kernel/src/main/java/org/apache/openjpa/kernel/exps/InstanceofExpression.java,5,6,1,5,6,2,0,10,0,0.125,0.0,0.0,4,0,2,0,2,0,4,0,0,0,2,0,0,2,0,0,2,0,1,21,2,0,1,0,1,0,0,4,0,4,0,0,0,0,42,0,0,0,0,0,0,0,0,0,0,0,0,0,0,0,0,No
2.0.0-M3,openjpa-persistence/src/main/java/org/apache/openjpa/persistence/query/FetchPath.java,7,9,2,7,2,1,0,5,1,0.0,0.0,0.0,2,0,1,0,0,1,2,0,0,0,0,0,0,0,0,0,0,0,0,8,1,0,0,0,0,0,0,0,1,0,0,0,0,0,39,1,0,0,0,0,0,0,0,0,0,0,0,0,0,0,0,No
2.0.0-M3,openjpa-kernel/src/main/java/org/apache/openjpa/util/ObjectId.java,2,4,2,2,9,2,0,2,0,0.0,0.0,0.0,7,0,4,0,2,1,7,0,0,0,1,0,0,1,0,0,0,0,0,27,4,0,3,0,3,0,1,4,0,2,0,0,0,0,33,17,0,0,0,0,0,0,0,0,0,0,0,0,0,0,0,No
2.0.0-M3,openjpa-kernel/src/main/java/org/apache/openjpa/kernel/PNewFlushedDeletedState.java,2,4,2,2,15,2,1,3,105,0.0,0.0,0.0,15,0,0,0,0,15,15,0,0,0,0,0,0,0,0,0,0,0,0,50,15,0,0,0,0,4,0,0,0,0,0,0,0,0,55,0,0,0,0,0,0,0,0,0,0,0,0,0,0,0,0,No
2.0.0-M3,openjpa-persistence/src/main/java/org/apache/openjpa/persistence/query/ElseExpression.java,5,6,1,5,3,3,0,2,0,0.0,0.0,0.0,3,0,3,0,0,0,3,0,0,0,2,0,0,2,0,0,2,0,0,14,2,0,0,0,4,4,0,2,2,2,0,0,0,0,23,1,0,0,0,0,0,0,0,0,0,0,0,0,0,0,0,No
2.0.0-M3,openjpa-kernel/src/main/java/org/apache/openjpa/kernel/exps/AndExpression.java,3,5,2,3,6,2,1,5,0,0.16666667,0.0,0.0,6,0,4,0,2,0,6,0,0,0,2,0,0,2,0,0,2,0,0,26,4,0,0,0,0,0,0,2,0,2,0,0,0,0,30,0,0,0,0,0,0,0,0,0,0,0,0,0,0,0,0,No
2.0.0-M3,openjpa-kernel/src/main/java/org/apache/openjpa/writebehind/WriteBehindException.java,1,1,0,1,1,2,0,0,0,1.0,NaN,NaN,1,0,1,0,0,0,1,0,0,0,1,1,0,1,0,0,1,0,0,6,1,0,0,0,0,0,1,1,0,1,0,0,0,0,20,1,0,0,1,1,30,30,30.0,0,0,0.0,30,30,30.0,18,18.0,No
2.0.0-M3,openjpa-kernel/src/main/java/org/apache/openjpa/kernel/AbstractFieldManager.java,2,3,1,2,20,1,1,0,190,0.0,0.0,0.0,20,0,20,0,0,0,20,0,0,0,0,0,0,0,0,0,0,0,0,62,0,0,0,0,0,0,0,0,0,0,0,0,0,0,26,1024,0,0,0,0,0,0,0,0,0,0,0,0,0,0,0,No
2.0.0-M3,openjpa-persistence/src/main/java/org/apache/openjpa/persistence/query/KeyExpression.java,2,3,1,2,1,2,0,0,0,0.0,NaN,NaN,1,0,1,0,0,0,1,0,0,0,0,0,0,0,0,0,0,0,0,5,0,0,0,0,0,0,0,0,0,0,0,0,0,0,15,1,0,0,0,0,0,0,0,0,0,0,0,0,0,0,0,No
2.0.0-M3,openjpa-kernel/src/main/java/org/apache/openjpa/kernel/exps/Index.java,5,7,2,5,3,3,0,2,3,0.6666667,0.0,0.0,3,0,2,0,1,0,3,0,0,0,1,1,0,1,0,0,1,0,0,12,1,0,0,0,0,1,0,1,0,1,0,0,0,0,26,0,0,0,0,0,0,0,0,0,0,0,0,0,0,0,0,No
2.0.0-M3,openjpa-jdbc/src/main/java/org/apache/openjpa/jdbc/kernel/exps/Any.java,2,4,2,2,2,3,0,0,1,0.0,0.0,0.0,2,0,1,0,1,0,2,0,0,0,0,0,0,0,0,0,0,0,0,8,1,0,0,0,0,1,0,0,0,0,0,0,0,0,8,0,0,0,0,0,0,0,0,0,0,0,0,0,0,0,0,No
2.0.0-M3,openjpa-kernel/src/main/java/org/apache/openjpa/kernel/PNonTransNewState.java,2,3,1,2,8,2,0,2,28,0.0,0.0,0.0,8,0,0,0,0,8,8,0,0,0,0,0,0,0,0,0,0,0,0,27,7,0,0,0,0,0,0,0,0,0,0,0,0,0,38,0,0,0,0,0,0,0,0,0,0,0,0,0,0,0,0,No
2.0.0-M3,openjpa-persistence/src/main/java/org/apache/openjpa/persistence/query/MinExpression.java,2,3,1,2,1,4,0,0,0,0.0,NaN,NaN,1,0,1,0,0,0,1,0,0,0,0,0,0,0,0,0,0,0,0,5,0,0,0,0,0,0,0,0,0,0,0,0,0,0,12,1,0,0,0,0,0,0,0,0,0,0,0,0,0,0,0,No
2.0.0-M3,openjpa-jdbc/src/main/java/org/apache/openjpa/jdbc/kernel/exps/All.java,2,4,2,2,2,3,0,0,1,0.0,0.0,0.0,2,0,1,0,1,0,2,0,0,0,0,0,0,0,0,0,0,0,0,8,1,0,0,0,0,1,0,0,0,0,0,0,0,0,8,0,0,0,0,0,0,0,0,0,0,0,0,0,0,0,0,No
2.0.0-M3,openjpa-kernel/src/main/java/org/apache/openjpa/kernel/exps/Divide.java,3,4,1,3,2,3,0,1,1,0.0,0.0,0.0,2,0,1,0,1,0,2,0,0,0,0,0,0,0,0,0,0,0,1,8,1,0,0,0,0,0,0,0,0,0,0,0,0,0,21,0,0,0,0,0,0,0,0,0,0,0,0,0,0,0,0,No
2.0.0-M3,openjpa-persistence/src/main/java/org/apache/openjpa/persistence/query/LikeExpression.java,4,5,1,4,4,3,0,2,0,0.0,0.0,0.0,3,0,3,0,0,0,3,0,0,0,2,0,0,2,0,0,2,0,1,17,1,0,0,0,1,1,0,4,2,2,0,0,0,0,29,1,0,0,0,0,0,0,0,0,0,0,0,0,0,0,0,No
2.0.0-M3,openjpa-persistence/src/main/java/org/apache/openjpa/persistence/query/AbsExpression.java,2,3,1,2,1,4,0,0,0,0.0,NaN,NaN,1,0,1,0,0,0,1,0,0,0,0,0,0,0,0,0,0,0,0,5,0,0,0,0,0,0,0,0,0,0,0,0,0,0,16,1,0,0,0,0,0,0,0,0,0,0,0,0,0,0,0,No
2.0.0-M3,openjpa-kernel/src/main/java/org/apache/openjpa/datacache/ExpirationEvent.java,0,2,2,0,3,1,0,0,0,0.33333334,0.0,0.0,3,0,3,0,0,0,3,0,0,0,2,0,0,2,0,0,2,0,0,15,2,0,0,0,0,0,0,2,0,2,0,0,0,0,40,1,0,0,0,0,0,0,0,0,0,0,0,0,0,0,0,No
2.0.0-M3,openjpa-kernel/src/main/java/org/apache/openjpa/kernel/PCleanState.java,2,3,1,2,13,2,0,2,78,0.0,0.0,0.0,13,0,0,0,0,13,13,0,0,0,0,0,0,0,0,0,0,0,0,42,12,0,0,0,0,0,0,0,0,0,0,0,0,0,55,0,0,0,0,0,0,0,0,0,0,0,0,0,0,0,0,No
2.0.0-M3,openjpa-persistence/src/main/java/org/apache/openjpa/persistence/query/DistinctExpression.java,2,3,1,2,1,4,0,0,0,0.0,NaN,NaN,1,0,1,0,0,0,1,0,0,0,0,0,0,0,0,0,0,0,0,5,0,0,0,0,0,0,0,0,0,0,0,0,0,0,15,1,0,0,0,0,0,0,0,0,0,0,0,0,0,0,0,No
2.0.0-M3,openjpa-persistence/src/main/java/org/apache/openjpa/persistence/query/VarArgsExpression.java,5,8,3,5,5,3,0,4,1,0.33333334,0.0,0.0,3,0,3,0,0,0,3,0,0,0,1,0,0,1,0,0,1,0,0,17,2,1,1,0,0,2,2,4,1,4,1,0,0,0,40,1,0,0,0,0,0,0,0,0,0,0,0,0,0,0,0,No
2.0.0-M3,openjpa-persistence/src/main/java/org/apache/openjpa/persistence/query/ConcatExpression.java,2,3,1,2,1,4,0,0,0,0.0,NaN,NaN,1,0,1,0,0,0,1,0,0,0,0,0,0,0,0,0,0,0,0,5,0,0,0,0,0,0,0,0,0,0,0,0,0,0,15,1,0,0,0,0,0,0,0,0,0,0,0,0,0,0,0,No
2.0.0-M3,openjpa-persistence/src/main/java/org/apache/openjpa/persistence/query/SomeExpression.java,3,4,1,3,1,4,0,0,0,0.0,NaN,NaN,1,0,1,0,0,0,1,0,0,0,0,0,0,0,0,0,0,0,0,5,0,0,0,0,0,0,0,0,0,0,0,0,0,0,16,0,0,0,0,0,0,0,0,0,0,0,0,0,0,0,0,No
2.0.0-M3,openjpa-jdbc/src/main/java/org/apache/openjpa/jdbc/kernel/exps/Avg.java,2,3,1,2,3,2,0,0,3,0.0,0.0,0.0,3,0,2,0,1,0,3,0,0,0,0,0,0,0,0,0,0,0,0,11,2,0,0,0,0,1,0,0,0,0,0,0,0,0,17,0,0,0,0,0,0,0,0,0,0,0,0,0,0,0,0,No
2.0.0-M3,openjpa-kernel/src/main/java/org/apache/openjpa/kernel/exps/Multiply.java,3,4,1,3,2,3,0,1,1,0.0,0.0,0.0,2,0,1,0,1,0,2,0,0,0,0,0,0,0,0,0,0,0,1,8,1,0,0,0,0,0,0,0,0,0,0,0,0,0,20,0,0,0,0,0,0,0,0,0,0,0,0,0,0,0,0,No
2.0.0-M3,openjpa-persistence/src/main/java/org/apache/openjpa/persistence/query/UnaryMinusExpression.java,2,3,1,2,1,4,0,0,0,0.0,NaN,NaN,1,0,1,0,0,0,1,0,0,0,0,0,0,0,0,0,0,0,0,5,0,0,0,0,0,0,0,0,0,0,0,0,0,0,9,1,0,0,0,0,0,0,0,0,0,0,0,0,0,0,0,No
2.0.0-M3,openjpa-persistence/src/main/java/org/apache/openjpa/persistence/query/LessEqualExpression.java,2,3,1,2,1,3,0,0,0,0.0,NaN,NaN,1,0,1,0,0,0,1,0,0,0,0,0,0,0,0,0,0,0,0,5,0,0,0,0,0,0,0,0,0,0,0,0,0,0,11,1,0,0,0,0,0,0,0,0,0,0,0,0,0,0,0,No
2.0.0-M3,openjpa-kernel/src/main/java/org/apache/openjpa/util/LongId.java,2,4,2,2,11,2,0,3,0,0.0,0.0,0.0,8,0,6,0,2,0,8,0,0,0,1,0,0,1,0,0,1,0,1,29,4,0,3,0,5,0,3,2,1,1,0,0,0,0,23,17,0,0,0,0,0,0,0,0,0,0,0,0,0,0,0,No
2.0.0-M3,openjpa-slice/src/main/java/org/apache/openjpa/slice/jdbc/DistributedStatement.java,4,6,2,4,4,2,0,2,1,0.5,0.0,0.0,2,1,2,0,0,0,3,0,0,0,1,1,0,0,0,1,1,0,2,17,1,0,0,1,0,0,0,1,0,1,1,0,0,0,23,1025,0,0,1,1,5,5,5.0,5,5,5.0,10,10,10.0,23,23.0,No
2.0.0-M3,openjpa-kernel/src/main/java/org/apache/openjpa/kernel/EDirtyState.java,3,4,1,3,14,2,0,5,91,0.0,0.0,0.0,14,0,1,0,0,13,14,0,0,0,0,0,0,0,0,0,0,0,0,46,12,0,0,0,0,1,0,0,0,0,0,0,0,0,54,0,0,0,0,0,0,0,0,0,0,0,0,0,0,0,0,No
2.0.0-M3,openjpa-persistence/src/main/java/org/apache/openjpa/persistence/query/IsNullExpression.java,4,5,1,4,2,3,0,1,1,0.0,0.0,0.0,2,0,2,0,0,0,2,0,0,0,0,0,0,0,0,0,0,0,0,8,1,0,0,0,1,0,0,0,1,0,0,0,0,0,26,1,0,0,0,0,0,0,0,0,0,0,0,0,0,0,0,No
2.0.0-M3,openjpa-kernel/src/main/java/org/apache/openjpa/kernel/TransientState.java,4,5,1,4,1,2,0,6,0,0.0,NaN,NaN,1,0,0,0,0,1,1,0,0,0,0,0,0,0,0,0,0,0,0,7,0,0,0,0,0,0,0,0,0,0,0,0,0,0,31,0,0,0,0,0,0,0,0,0,0,0,0,0,0,0,0,No
2.0.0-M3,openjpa-kernel/src/main/java/org/apache/openjpa/kernel/PDirtyState.java,3,4,1,3,15,2,0,7,105,0.0,0.0,0.0,15,0,0,0,0,15,15,0,0,0,0,0,0,0,0,0,0,0,0,49,13,0,0,0,0,2,0,0,0,0,0,0,0,0,58,0,0,0,0,0,0,0,0,0,0,0,0,0,0,0,0,No
2.0.0-M3,openjpa-persistence/src/main/java/org/apache/openjpa/persistence/query/ModExpression.java,4,5,1,4,2,4,0,1,1,0.0,0.0,0.0,2,0,2,0,0,0,2,0,0,0,0,0,0,0,0,0,0,0,0,8,1,0,0,0,2,2,0,0,1,0,0,0,0,0,21,0,0,0,0,0,0,0,0,0,0,0,0,0,0,0,0,No
2.0.0-M3,openjpa-kernel/src/main/java/org/apache/openjpa/util/CallbackException.java,2,2,0,2,3,6,0,0,3,0.0,0.0,0.0,3,0,3,0,0,0,3,0,0,0,0,0,0,0,0,0,0,0,0,11,1,0,0,0,0,0,0,0,0,0,0,0,0,0,23,1,0,0,0,0,0,0,0,0,0,0,0,0,0,0,0,No
2.0.0-M3,openjpa-kernel/src/main/java/org/apache/openjpa/event/BrokerFactoryEvent.java,1,3,2,1,3,1,0,1,1,0.6666667,0.0,0.0,3,0,3,0,0,0,3,0,0,0,2,1,1,1,0,0,1,0,0,14,2,0,0,0,0,0,1,2,0,2,0,0,0,0,41,1,0,0,0,0,0,0,0,0,0,0,0,0,0,0,0,No
2.0.0-M3,openjpa-persistence/src/main/java/org/apache/openjpa/persistence/query/DividedByExpression.java,2,3,1,2,1,4,0,0,0,0.0,NaN,NaN,1,0,1,0,0,0,1,0,0,0,0,0,0,0,0,0,0,0,0,5,0,0,0,0,0,0,0,0,0,0,0,0,0,0,11,1,0,0,0,0,0,0,0,0,0,0,0,0,0,0,0,No
2.0.0-M3,openjpa-persistence/src/main/java/org/apache/openjpa/persistence/query/IsEmptyExpression.java,4,5,1,4,2,3,0,1,1,0.0,0.0,0.0,2,0,2,0,0,0,2,0,0,0,0,0,0,0,0,0,0,0,0,8,1,0,0,0,1,0,0,0,1,0,0,0,0,0,18,1,0,0,0,0,0,0,0,0,0,0,0,0,0,0,0,No
2.0.0-M3,openjpa-persistence/src/main/java/org/apache/openjpa/persistence/query/ExistsExpression.java,2,3,1,2,1,3,0,0,0,0.0,NaN,NaN,1,0,1,0,0,0,1,0,0,0,0,0,0,0,0,0,0,0,0,5,0,0,0,0,0,0,0,0,0,0,0,0,0,0,17,1,0,0,0,0,0,0,0,0,0,0,0,0,0,0,0,No
2.0.0-M3,openjpa-lib/src/main/java/org/apache/openjpa/lib/jdbc/JDBCEvent.java,1,8,7,1,7,1,0,2,11,0.91596645,0.0,0.0,7,0,7,0,0,0,7,0,6,0,17,12,12,5,0,0,17,0,1,45,6,0,0,0,0,1,12,17,0,17,0,0,0,0,80,1,0,0,0,0,0,0,0,0,0,0,0,0,0,0,0,No
2.0.0-M3,openjpa-kernel/src/main/java/org/apache/openjpa/util/ReferentialIntegrityException.java,3,4,1,3,10,6,0,7,16,0.875,0.0,0.0,8,1,5,3,0,0,5,0,0,0,7,6,5,2,0,0,6,0,1,39,6,0,0,0,0,3,5,9,0,7,1,0,0,0,57,1,0,0,0,0,0,0,0,0,0,0,0,0,0,0,0,No
2.0.0-M3,openjpa-kernel/src/main/java/org/apache/openjpa/ant/PCEnhancerTask.java,7,7,0,7,7,2,0,5,1,0.5,0.0,0.0,6,0,4,0,2,0,6,0,0,0,2,0,0,0,2,0,0,0,0,25,1,0,1,0,1,0,0,9,0,4,0,0,0,0,92,1,0,0,0,0,0,0,0,0,0,0,0,0,0,0,0,No
2.0.0-M3,openjpa-slice/src/main/java/org/apache/openjpa/slice/DistributedQueryImpl.java,4,5,1,4,3,2,0,2,0,0.0,0.0,0.0,3,0,3,0,0,0,3,0,0,0,1,0,0,1,0,0,1,0,0,13,0,0,0,0,0,0,0,1,0,1,0,0,0,0,24,1,0,0,0,0,0,0,0,0,0,0,0,0,0,0,0,No
2.0.0-M3,openjpa-kernel/src/main/java/org/apache/openjpa/util/ObjectExistsException.java,2,2,0,2,3,6,0,0,3,0.0,0.0,0.0,3,0,3,0,0,0,3,0,0,0,0,0,0,0,0,0,0,0,0,11,1,0,0,0,0,0,0,0,0,0,0,0,0,0,25,1,0,0,0,0,0,0,0,0,0,0,0,0,0,0,0,No
2.0.0-M3,openjpa-persistence/src/main/java/org/apache/openjpa/persistence/query/GreaterEqualExpression.java,2,3,1,2,1,3,0,0,0,0.0,NaN,NaN,1,0,1,0,0,0,1,0,0,0,0,0,0,0,0,0,0,0,0,5,0,0,0,0,0,0,0,0,0,0,0,0,0,0,11,1,0,0,0,0,0,0,0,0,0,0,0,0,0,0,0,No
2.0.0-M3,openjpa-persistence/src/main/java/org/apache/openjpa/persistence/query/MinusExpression.java,2,3,1,2,1,4,0,0,0,0.0,NaN,NaN,1,0,1,0,0,0,1,0,0,0,0,0,0,0,0,0,0,0,0,5,0,0,0,0,0,0,0,0,0,0,0,0,0,0,10,1,0,0,0,0,0,0,0,0,0,0,0,0,0,0,0,No
2.0.0-M3,openjpa-kernel/src/main/java/org/apache/openjpa/kernel/ECleanState.java,2,3,1,2,13,2,0,2,78,0.0,0.0,0.0,13,0,0,0,0,13,13,0,0,0,0,0,0,0,0,0,0,0,0,42,12,0,0,0,0,0,0,0,0,0,0,0,0,0,59,0,0,0,0,0,0,0,0,0,0,0,0,0,0,0,0,No
2.0.0-M3,openjpa-persistence/src/main/java/org/apache/openjpa/persistence/query/MaxExpression.java,2,3,1,2,1,4,0,0,0,0.0,NaN,NaN,1,0,1,0,0,0,1,0,0,0,0,0,0,0,0,0,0,0,0,5,0,0,0,0,0,0,0,0,0,0,0,0,0,0,12,1,0,0,0,0,0,0,0,0,0,0,0,0,0,0,0,No
2.0.0-M3,openjpa-kernel/src/main/java/org/apache/openjpa/kernel/NoneLockManager.java,2,2,0,2,4,2,0,1,6,0.0,0.0,0.0,4,0,4,0,0,0,4,0,0,0,0,0,0,0,0,0,0,0,0,14,1,0,0,0,0,0,0,0,0,0,0,0,0,0,34,1,0,0,0,0,0,0,0,0,0,0,0,0,0,0,0,No
2.0.0-M3,openjpa-kernel/src/main/java/org/apache/openjpa/datacache/TypesChangedEvent.java,0,6,6,0,2,1,0,0,0,0.0,0.0,0.0,2,0,2,0,0,0,2,0,0,0,1,0,0,1,0,0,1,0,0,10,1,0,0,0,0,0,0,1,0,1,0,0,0,0,29,1,0,0,0,0,0,0,0,0,0,0,0,0,0,0,0,No
2.0.0-M3,openjpa-jdbc/src/main/java/org/apache/openjpa/jdbc/kernel/exps/SQLValue.java,1,1,0,1,1,2,0,0,0,0.0,NaN,NaN,1,0,1,0,0,0,1,0,0,0,1,1,1,0,0,0,1,0,0,6,1,0,0,0,0,1,0,1,0,1,0,0,0,0,43,1,0,0,0,0,0,0,0,0,0,0,0,0,0,0,0,No
2.0.0-M3,openjpa-kernel/src/main/java/org/apache/openjpa/kernel/exps/Subtract.java,3,4,1,3,2,3,0,1,1,0.0,0.0,0.0,2,0,1,0,1,0,2,0,0,0,0,0,0,0,0,0,0,0,1,8,1,0,0,0,0,0,0,0,0,0,0,0,0,0,22,0,0,0,0,0,0,0,0,0,0,0,0,0,0,0,0,No
2.0.0-M3,openjpa-persistence/src/main/java/org/apache/openjpa/persistence/query/UpperExpression.java,2,3,1,2,1,4,0,0,0,0.0,NaN,NaN,1,0,1,0,0,0,1,0,0,0,0,0,0,0,0,0,0,0,0,5,0,0,0,0,0,0,0,0,0,0,0,0,0,0,13,1,0,0,0,0,0,0,0,0,0,0,0,0,0,0,0,No
2.0.0-M3,openjpa-kernel/src/main/java/org/apache/openjpa/validation/AbstractValidator.java,3,3,0,3,4,1,0,0,6,0.0,0.0,0.0,4,0,4,0,0,0,4,3,0,0,0,0,0,0,0,0,0,0,0,8,1,0,0,0,0,0,0,0,0,0,0,0,0,0,16,1025,0,0,0,0,0,0,0,0,0,0,0,0,0,0,0,No
2.0.0-M3,openjpa-persistence/src/main/java/org/apache/openjpa/persistence/query/ParameterExpression.java,2,3,1,2,3,3,0,0,0,0.0,0.0,0.0,3,0,3,0,0,0,3,0,0,0,1,0,0,1,0,0,1,0,0,12,2,0,0,0,0,1,0,1,1,1,0,0,0,0,16,1,0,0,0,0,0,0,0,0,0,0,0,0,0,0,0,No
2.0.0-M3,openjpa-jdbc/src/main/java/org/apache/openjpa/jdbc/kernel/PreparedResultObjectProvider.java,6,7,1,6,2,3,0,0,1,0.0,0.0,0.0,2,0,2,0,0,0,2,0,0,0,0,0,0,0,0,0,0,0,0,8,0,0,0,0,0,0,0,1,0,0,0,0,0,0,48,1,0,0,0,0,0,0,0,0,0,0,0,0,0,0,0,No
2.0.0-M3,openjpa-persistence/src/main/java/org/apache/openjpa/persistence/query/AndPredicate.java,2,5,3,2,1,3,0,0,0,0.0,NaN,NaN,1,0,1,0,0,0,1,0,0,0,0,0,0,0,0,0,0,0,0,5,0,0,0,0,0,0,0,0,0,0,0,0,0,0,12,1,0,0,0,0,0,0,0,0,0,0,0,0,0,0,0,No
2.0.0-M3,openjpa-jdbc/src/main/java/org/apache/openjpa/jdbc/kernel/exps/IsNotEmptyExpression.java,7,8,1,7,5,1,0,8,0,0.0,0.0,0.0,5,0,5,0,0,0,5,0,0,0,1,0,0,1,0,0,1,0,0,22,1,0,0,0,0,0,0,1,0,1,0,0,0,0,38,0,0,0,0,0,0,0,0,0,0,0,0,0,0,0,0,No
2.0.0-M3,openjpa-kernel/src/main/java/org/apache/openjpa/writebehind/WriteBehindCacheManagerImpl.java,4,4,0,4,3,1,0,1,0,0.0,0.0,0.0,3,0,3,0,0,0,3,0,0,0,1,0,0,0,0,1,0,0,0,12,2,0,0,0,0,0,0,1,0,1,0,0,0,0,18,1,0,0,1,1,39,39,39.0,0,0,0.0,39,39,39.0,18,18.0,No
2.0.0-M3,openjpa-jdbc/src/main/java/org/apache/openjpa/jdbc/kernel/exps/InValueExpression.java,5,6,1,5,3,2,0,3,1,0.0,0.0,0.0,2,0,1,0,1,0,2,0,0,0,0,0,0,0,0,0,0,0,0,9,1,0,1,0,1,0,0,1,0,1,0,0,0,0,35,0,0,0,0,0,0,0,0,0,0,0,0,0,0,0,0,No
2.0.0-M3,openjpa-persistence/src/main/java/org/apache/openjpa/persistence/query/IndexExpression.java,2,3,1,2,1,4,0,0,0,0.0,NaN,NaN,1,0,1,0,0,0,1,0,0,0,0,0,0,0,0,0,0,0,0,5,0,0,0,0,0,0,0,0,0,0,0,0,0,0,14,1,0,0,0,0,0,0,0,0,0,0,0,0,0,0,0,No
2.0.0-M3,openjpa-jdbc/src/main/java/org/apache/openjpa/jdbc/meta/strats/SuperclassVersionStrategy.java,5,8,3,5,4,3,0,7,6,0.0,0.0,0.0,4,0,4,0,0,0,4,0,0,0,0,0,0,0,0,0,0,0,0,14,3,0,0,0,0,0,0,0,0,0,0,0,0,0,39,1,0,0,0,0,0,0,0,0,0,0,0,0,0,0,0,No
2.0.0-M3,openjpa-kernel/src/main/java/org/apache/openjpa/kernel/exps/ValExpression.java,4,5,1,4,8,2,0,9,0,0.0,0.0,0.0,4,0,2,0,2,0,4,0,0,0,1,0,0,1,0,0,1,0,0,20,2,0,3,0,3,0,0,4,0,4,0,0,0,0,26,0,0,0,0,0,0,0,0,0,0,0,0,0,0,0,0,No
2.0.0-M3,openjpa-kernel/src/main/java/org/apache/openjpa/writebehind/WriteBehindConfigurationException.java,1,2,1,1,2,2,0,0,1,1.0,0.0,0.0,2,0,2,0,0,0,2,0,0,0,1,1,0,1,0,0,1,0,0,9,1,0,0,0,0,0,1,1,0,1,0,0,0,0,25,1,0,0,2,2,39,32,19.5,0,0,0.0,39,32,19.5,18,10.0,No
2.0.0-M3,openjpa-kernel/src/main/java/org/apache/openjpa/kernel/exps/NotEqualExpression.java,2,3,1,2,5,3,0,1,1,0.0,0.0,0.0,2,0,1,0,1,0,2,0,0,0,0,0,0,0,0,0,0,0,0,8,1,0,3,0,2,0,0,0,0,0,0,0,0,0,19,0,0,0,0,0,0,0,0,0,0,0,0,0,0,0,0,No
2.0.0-M3,openjpa-kernel/src/main/java/org/apache/openjpa/util/InvalidStateException.java,3,16,13,3,3,6,3,1,3,0.0,0.0,0.0,3,0,3,0,0,0,3,0,0,0,0,0,0,0,0,0,0,0,0,12,1,0,0,0,0,0,0,0,0,0,0,0,0,0,39,1,0,0,0,0,0,0,0,0,0,0,0,0,0,0,0,No
2.0.0-M3,openjpa-persistence/src/main/java/org/apache/openjpa/persistence/query/QueryExpression.java,4,5,1,4,1,4,1,0,0,0.0,NaN,NaN,1,0,1,0,0,0,1,0,0,0,0,0,0,0,0,0,0,0,0,5,0,0,0,0,0,0,0,0,0,0,0,0,0,0,27,1024,0,0,0,0,0,0,0,0,0,0,0,0,0,0,0,No
2.0.0-M3,openjpa-kernel/src/main/java/org/apache/openjpa/kernel/PDeletedFlushedState.java,4,6,2,4,2,3,0,1,1,0.0,0.0,0.0,2,0,0,0,0,2,2,0,0,0,0,0,0,0,0,0,0,0,0,9,2,0,0,0,0,0,0,0,0,0,0,0,0,0,30,0,0,0,0,0,0,0,0,0,0,0,0,0,0,0,0,No
2.0.0-M3,openjpa-kernel/src/main/java/org/apache/openjpa/kernel/exps/ContainsKeyExpression.java,2,3,1,2,3,3,0,1,1,0.0,0.0,0.0,2,0,1,0,1,0,2,0,0,0,0,0,0,0,0,0,0,0,0,8,1,0,1,0,2,0,0,0,0,0,0,0,0,0,26,0,0,0,0,0,0,0,0,0,0,0,0,0,0,0,0,No
2.0.0-M3,openjpa-kernel/src/main/java/org/apache/openjpa/util/NoResultException.java,3,3,0,3,3,7,0,1,3,0.0,0.0,0.0,3,0,3,0,0,0,3,0,0,0,0,0,0,0,0,0,0,0,0,12,1,0,0,0,0,0,0,0,0,0,0,0,0,0,35,1,0,0,0,0,0,0,0,0,0,0,0,0,0,0,0,No
2.0.0-M3,openjpa-persistence/src/main/java/org/apache/openjpa/persistence/query/LogicalPredicate.java,8,11,3,8,5,2,2,2,4,0.45000002,0.0,0.0,5,0,5,0,0,0,5,0,0,0,4,0,0,4,0,0,4,0,0,24,4,0,0,0,2,0,0,4,1,4,0,0,0,0,44,1,0,0,0,0,0,0,0,0,0,0,0,0,0,0,0,No
2.0.0-M3,openjpa-lib/src/main/java/org/apache/openjpa/lib/rop/SoftRandomAccessResultList.java,3,4,1,3,2,4,0,0,1,0.0,0.0,0.0,2,0,1,0,1,0,2,0,0,0,0,0,0,0,0,0,0,0,0,8,1,0,0,0,0,0,0,0,0,0,0,0,0,0,23,1,0,0,0,0,0,0,0,0,0,0,0,0,0,0,0,No
2.0.0-M3,openjpa-jdbc/src/main/java/org/apache/openjpa/jdbc/kernel/exps/WhenScalar.java,8,10,2,8,9,1,0,9,0,0.2777778,0.0,0.0,9,0,9,0,0,0,9,0,0,0,2,0,0,2,0,0,2,0,0,42,5,0,0,0,0,1,4,6,0,6,0,0,0,0,54,1,0,0,0,0,0,0,0,0,0,0,0,0,0,0,0,No
2.0.0-M3,openjpa-persistence/src/main/java/org/apache/openjpa/persistence/query/SquareRootExpression.java,2,3,1,2,1,4,0,0,0,0.0,NaN,NaN,1,0,1,0,0,0,1,0,0,0,0,0,0,0,0,0,0,0,0,5,0,0,0,0,0,0,0,0,0,0,0,0,0,0,14,1,0,0,0,0,0,0,0,0,0,0,0,0,0,0,0,No
2.0.0-M3,openjpa-persistence/src/main/java/org/apache/openjpa/persistence/query/LowerExpression.java,2,3,1,2,1,4,0,0,0,0.0,NaN,NaN,1,0,1,0,0,0,1,0,0,0,0,0,0,0,0,0,0,0,0,5,0,0,0,0,0,0,0,0,0,0,0,0,0,0,14,1,0,0,0,0,0,0,0,0,0,0,0,0,0,0,0,No
2.0.0-M3,openjpa-jdbc/src/main/java/org/apache/openjpa/jdbc/kernel/exps/Index.java,7,8,1,7,5,2,0,5,10,0.0,0.0,0.0,5,0,3,0,2,0,5,0,0,0,0,0,0,0,0,0,0,0,0,19,2,0,0,0,0,0,0,0,0,0,0,0,0,0,28,0,0,0,0,0,0,0,0,0,0,0,0,0,0,0,0,No
2.0.0-M3,openjpa-persistence-jdbc/src/main/java/org/apache/openjpa/persistence/jdbc/JDBCFetchPlanImpl.java,14,16,2,14,51,2,0,38,813,0.5686275,0.0,0.0,51,0,50,0,1,0,51,0,0,0,1,0,0,1,0,0,0,0,1,170,50,0,0,0,0,0,0,1,0,1,0,0,0,0,70,1,0,0,0,0,0,0,0,0,0,0,0,0,0,0,0,No
2.0.0-M3,openjpa-kernel/src/main/java/org/apache/openjpa/kernel/exps/CollectionParam.java,4,6,2,4,7,2,0,1,11,0.6666667,0.0,0.0,7,0,6,0,1,0,7,0,0,0,3,0,0,3,0,0,0,0,0,27,4,0,0,0,0,0,1,7,0,3,0,0,0,0,34,0,0,0,0,0,0,0,0,0,0,0,0,0,0,0,0,No
2.0.0-M3,openjpa-persistence/src/main/java/org/apache/openjpa/persistence/query/SubStringExpression.java,5,6,1,5,6,4,0,1,0,0.0,0.0,0.0,5,0,5,0,0,0,5,0,0,0,2,0,0,2,0,0,2,0,0,27,1,0,1,0,4,5,0,8,2,2,0,0,0,0,27,1,0,0,0,0,0,0,0,0,0,0,0,0,0,0,0,No
2.0.0-M3,openjpa-kernel/src/main/java/org/apache/openjpa/kernel/exps/WhenScalar.java,3,5,2,3,4,2,0,3,0,0.25,0.0,0.0,4,0,3,0,0,1,4,0,0,0,2,0,0,2,0,0,2,0,0,20,2,0,0,0,0,0,0,2,0,2,0,0,0,0,16,1,0,0,0,0,0,0,0,0,0,0,0,0,0,0,0,No
2.0.0-M3,openjpa-persistence/src/main/java/org/apache/openjpa/persistence/criteria/OrderImpl.java,8,11,3,8,12,1,0,7,14,0.5555556,0.0,0.0,9,0,9,0,0,0,9,0,0,0,2,0,0,2,0,0,1,0,0,36,4,0,0,0,1,4,0,3,2,2,1,0,0,0,38,0,0,0,8,3,32,16,4.0,15,4,1.875,47,17,5.875,24,14.25,No
2.0.0-M3,openjpa-jdbc/src/main/java/org/apache/openjpa/jdbc/kernel/exps/Max.java,2,3,1,2,3,3,0,0,3,0.0,0.0,0.0,3,0,2,0,1,0,3,0,0,0,0,0,0,0,0,0,0,0,0,11,2,0,0,0,0,1,0,0,0,0,0,0,0,0,17,0,0,0,0,0,0,0,0,0,0,0,0,0,0,0,0,No
2.0.0-M3,openjpa-kernel/src/main/java/org/apache/openjpa/kernel/exps/ContainsValueExpression.java,2,3,1,2,3,3,0,1,1,0.0,0.0,0.0,2,0,1,0,1,0,2,0,0,0,0,0,0,0,0,0,0,0,0,8,1,0,1,0,2,0,0,0,0,0,0,0,0,0,25,0,0,0,0,0,0,0,0,0,0,0,0,0,0,0,0,No
2.0.0-M3,openjpa-persistence/src/main/java/org/apache/openjpa/persistence/query/AverageExpression.java,2,3,1,2,1,4,0,0,0,0.0,NaN,NaN,1,0,1,0,0,0,1,0,0,0,0,0,0,0,0,0,0,0,0,5,0,0,0,0,0,0,0,0,0,0,0,0,0,0,15,1,0,0,0,0,0,0,0,0,0,0,0,0,0,0,0,No
2.0.0-M3,openjpa-jdbc/src/main/java/org/apache/openjpa/jdbc/kernel/exps/ToLowerCase.java,7,9,2,7,4,2,0,9,3,0.0,0.0,0.0,3,0,3,0,0,0,3,0,0,0,0,0,0,0,0,0,0,0,0,18,1,0,1,0,0,2,2,4,1,3,0,0,0,0,35,1,0,0,0,0,0,0,0,0,0,0,0,0,0,0,0,Yes
2.0.0-M3,openjpa-kernel/src/main/java/org/apache/openjpa/datacache/ConcurrentQueryCache.java,10,12,2,10,17,3,0,17,0,0.1764706,0.0,0.0,17,0,9,0,8,0,17,0,0,0,1,0,0,1,0,0,0,0,0,55,11,0,0,0,0,0,0,1,0,1,0,0,0,0,129,1,0,0,0,0,0,0,0,0,0,0,0,0,0,0,0,No
2.0.0-M3,openjpa-jdbc/src/main/java/org/apache/openjpa/jdbc/kernel/exps/SQLExpression.java,1,1,0,1,1,2,0,0,0,0.0,NaN,NaN,1,0,1,0,0,0,1,0,0,0,1,1,1,0,0,0,1,0,0,6,1,0,0,0,0,1,0,1,0,1,0,0,0,0,44,1,0,0,0,0,0,0,0,0,0,0,0,0,0,0,0,No
2.0.0-M3,openjpa-kernel/src/main/java/org/apache/openjpa/kernel/exps/TypeLit.java,4,5,1,4,9,2,0,2,0,0.4375,0.0,0.0,8,0,7,0,1,0,8,0,0,0,2,0,0,2,0,0,1,0,1,29,5,0,1,0,1,0,0,4,0,2,0,0,0,0,28,0,0,0,0,0,0,0,0,0,0,0,0,0,0,0,0,No
2.0.0-M3,openjpa-jdbc/src/main/java/org/apache/openjpa/jdbc/sql/CacheDictionary.java,1,2,1,1,1,2,0,0,0,0.0,NaN,NaN,1,0,1,0,0,0,1,0,0,0,0,0,0,0,0,0,0,0,0,14,0,0,0,0,0,8,0,10,0,0,0,0,0,0,46,1,0,0,0,0,0,0,0,0,0,0,0,0,0,0,0,No
2.0.0-M3,openjpa-jdbc/src/main/java/org/apache/openjpa/jdbc/kernel/exps/Min.java,2,3,1,2,3,2,0,0,3,0.0,0.0,0.0,3,0,2,0,1,0,3,0,0,0,0,0,0,0,0,0,0,0,0,11,2,0,0,0,0,1,0,0,0,0,0,0,0,0,17,0,0,0,0,0,0,0,0,0,0,0,0,0,0,0,0,No
2.0.0-M3,openjpa-jdbc/src/main/java/org/apache/openjpa/jdbc/meta/StrategyInstaller.java,5,16,11,5,6,1,6,0,15,0.8333333,0.0,0.0,6,0,6,0,0,0,6,4,0,0,1,0,0,0,1,0,1,0,0,13,1,0,0,0,0,0,0,1,0,1,0,0,0,0,43,1025,0,0,0,0,0,0,0,0,0,0,0,0,0,0,0,No
2.0.0-M3,openjpa-jdbc/src/main/java/org/apache/openjpa/jdbc/sql/Sized.java,0,3,3,0,1,1,0,0,0,0.0,NaN,NaN,1,0,1,0,0,0,1,0,0,0,2,0,2,0,0,0,2,0,0,8,0,0,0,0,0,0,0,2,0,2,0,0,0,0,16,1,0,0,0,0,0,0,0,0,0,0,0,0,0,0,0,No
2.0.0-M3,openjpa-kernel/src/main/java/org/apache/openjpa/kernel/exps/WhenCondition.java,3,5,2,3,4,2,0,4,0,0.25,0.0,0.0,4,0,3,0,0,1,4,0,0,0,2,0,0,2,0,0,2,0,0,20,2,0,0,0,0,0,0,2,0,2,0,0,0,0,14,1,0,0,0,0,0,0,0,0,0,0,0,0,0,0,0,No
2.0.0-M3,openjpa-kernel/src/main/java/org/apache/openjpa/kernel/PDeletedState.java,2,4,2,2,16,2,1,6,105,0.0,0.0,0.0,15,0,0,0,0,15,15,0,0,0,0,0,0,0,0,0,0,0,0,50,14,0,0,0,1,4,1,0,0,0,0,0,0,0,56,0,0,0,0,0,0,0,0,0,0,0,0,0,0,0,0,No
2.0.0-M3,openjpa-kernel/src/main/java/org/apache/openjpa/ee/JNDIManagedRuntime.java,4,6,2,4,6,2,0,5,4,0.5,0.0,0.0,5,0,5,0,0,0,5,0,0,0,2,0,0,2,0,0,0,0,0,29,3,0,1,1,0,1,0,6,0,3,2,0,0,0,38,1,0,0,0,0,0,0,0,0,0,0,0,0,0,0,0,No
2.0.0-M3,openjpa-jdbc/src/main/java/org/apache/openjpa/jdbc/kernel/exps/ToUpperCase.java,7,9,2,7,4,2,0,9,3,0.0,0.0,0.0,3,0,3,0,0,0,3,0,0,0,0,0,0,0,0,0,0,0,0,18,1,0,1,0,0,2,2,4,1,3,0,0,0,0,35,1,0,0,0,0,0,0,0,0,0,0,0,0,0,0,0,Yes
2.0.0-M3,openjpa-persistence/src/main/java/org/apache/openjpa/persistence/query/GreaterThanExpression.java,2,3,1,2,1,3,0,0,0,0.0,NaN,NaN,1,0,1,0,0,0,1,0,0,0,0,0,0,0,0,0,0,0,0,5,0,0,0,0,0,0,0,0,0,0,0,0,0,0,11,1,0,0,0,0,0,0,0,0,0,0,0,0,0,0,0,No
2.0.0-M3,openjpa-jdbc/src/main/java/org/apache/openjpa/jdbc/kernel/exps/IsEmptyExpression.java,7,8,1,7,5,1,0,8,0,0.0,0.0,0.0,5,0,5,0,0,0,5,0,0,0,1,0,0,1,0,0,1,0,0,22,1,0,0,0,0,0,0,1,0,1,0,0,0,0,37,0,0,0,0,0,0,0,0,0,0,0,0,0,0,0,0,No
2.0.0-M3,openjpa-kernel/src/main/java/org/apache/openjpa/util/UnsupportedException.java,2,10,8,2,5,5,0,1,10,0.0,0.0,0.0,5,0,5,0,0,0,5,0,0,0,0,0,0,0,0,0,0,0,0,20,1,0,0,0,0,0,0,0,0,0,0,0,0,0,29,1,0,0,0,0,0,0,0,0,0,0,0,0,0,0,0,No
2.0.0-M3,openjpa-kernel/src/main/java/org/apache/openjpa/event/LifecycleEvent.java,1,15,14,1,4,1,0,0,2,0.96,0.0,0.0,4,0,4,0,0,0,4,0,0,0,25,23,23,2,0,0,25,0,0,41,2,0,0,0,0,0,22,25,0,25,0,0,0,0,80,1,0,0,0,0,0,0,0,0,0,0,0,0,0,0,0,No
2.0.0-M3,openjpa-persistence/src/main/java/org/apache/openjpa/persistence/query/TypeExpression.java,2,3,1,2,1,4,0,0,0,0.0,NaN,NaN,1,0,1,0,0,0,1,0,0,0,0,0,0,0,0,0,0,0,0,5,0,0,0,0,0,0,0,0,0,0,0,0,0,0,13,1,0,0,0,0,0,0,0,0,0,0,0,0,0,0,0,No
2.0.0-M3,openjpa-jdbc/src/main/java/org/apache/openjpa/jdbc/schema/Unique.java,4,29,25,4,6,4,0,4,15,0.0,0.0,0.0,6,0,6,0,0,0,6,0,0,0,0,0,0,0,0,0,0,0,0,21,2,0,0,0,0,0,0,0,0,0,0,0,0,0,70,1,0,0,0,0,0,0,0,0,0,0,0,0,0,0,0,Yes
2.0.0-M3,openjpa-kernel/src/main/java/org/apache/openjpa/event/ExceptionOrphanedKeyAction.java,6,7,1,6,1,1,0,2,0,0.0,NaN,NaN,1,0,1,0,0,0,1,0,0,0,1,1,0,1,0,0,1,0,0,6,0,0,0,0,0,1,0,1,0,1,0,0,0,0,29,1,0,0,0,0,0,0,0,0,0,0,0,0,0,0,0,No
2.0.0-M3,openjpa-kernel/src/main/java/org/apache/openjpa/util/StoreException.java,2,15,13,2,6,5,6,1,15,1.0,0.0,0.0,6,0,6,0,0,0,6,0,0,0,6,6,6,0,0,0,6,0,0,26,1,0,0,0,0,0,6,6,0,6,0,0,0,0,37,1,0,0,0,0,0,0,0,0,0,0,0,0,0,0,0,Yes
