Release,Class,NSmells
0.9.6,openjpa-examples/src/main/java/hellojpa/Main.java,2
0.9.6,openjpa-examples/src/main/java/hellojpa/Message.java,2
0.9.6,openjpa-jdbc-5/src/main/java/org/apache/openjpa/jdbc/kernel/JDBC3SavepointManager.java,2
0.9.6,openjpa-jdbc-5/src/main/java/org/apache/openjpa/jdbc/meta/strats/EnumValueHandler.java,8
0.9.6,openjpa-jdbc/src/main/java/org/apache/openjpa/jdbc/ant/MappingToolTask.java,4
0.9.6,openjpa-jdbc/src/main/java/org/apache/openjpa/jdbc/ant/ReverseMappingToolTask.java,4
0.9.6,openjpa-jdbc/src/main/java/org/apache/openjpa/jdbc/ant/SchemaToolTask.java,1
0.9.6,openjpa-jdbc/src/main/java/org/apache/openjpa/jdbc/conf/JDBCConfiguration.java,72
0.9.6,openjpa-jdbc/src/main/java/org/apache/openjpa/jdbc/conf/JDBCConfigurationImpl.java,34
0.9.6,openjpa-jdbc/src/main/java/org/apache/openjpa/jdbc/conf/MappingFactoryValue.java,11
0.9.6,openjpa-jdbc/src/main/java/org/apache/openjpa/jdbc/conf/MappingRepositoryValue.java,1
0.9.6,openjpa-jdbc/src/main/java/org/apache/openjpa/jdbc/kernel/AbstractJDBCSavepointManager.java,2
0.9.6,openjpa-jdbc/src/main/java/org/apache/openjpa/jdbc/kernel/AbstractJDBCSeq.java,8
0.9.6,openjpa-jdbc/src/main/java/org/apache/openjpa/jdbc/kernel/AbstractUpdateManager.java,39
0.9.6,openjpa-jdbc/src/main/java/org/apache/openjpa/jdbc/kernel/ClassTableJDBCSeq.java,19
0.9.6,openjpa-jdbc/src/main/java/org/apache/openjpa/jdbc/kernel/EagerFetchModes.java,6
0.9.6,openjpa-jdbc/src/main/java/org/apache/openjpa/jdbc/kernel/GenericResultObjectProvider.java,6
0.9.6,openjpa-jdbc/src/main/java/org/apache/openjpa/jdbc/kernel/InstanceResultObjectProvider.java,1
0.9.6,openjpa-jdbc/src/main/java/org/apache/openjpa/jdbc/kernel/JDBCBrokerFactory.java,10
0.9.6,openjpa-jdbc/src/main/java/org/apache/openjpa/jdbc/kernel/JDBCFetchConfiguration.java,21
0.9.6,openjpa-jdbc/src/main/java/org/apache/openjpa/jdbc/kernel/JDBCFetchConfigurationImpl.java,31
0.9.6,openjpa-jdbc/src/main/java/org/apache/openjpa/jdbc/kernel/JDBCLockManager.java,2
0.9.6,openjpa-jdbc/src/main/java/org/apache/openjpa/jdbc/kernel/JDBCSeq.java,1
0.9.6,openjpa-jdbc/src/main/java/org/apache/openjpa/jdbc/kernel/JDBCStore.java,10
0.9.6,openjpa-jdbc/src/main/java/org/apache/openjpa/jdbc/kernel/JDBCStoreManager.java,131
0.9.6,openjpa-jdbc/src/main/java/org/apache/openjpa/jdbc/kernel/JDBCStoreQuery.java,65
0.9.6,openjpa-jdbc/src/main/java/org/apache/openjpa/jdbc/kernel/LRSSizes.java,6
0.9.6,openjpa-jdbc/src/main/java/org/apache/openjpa/jdbc/kernel/MappedQueryResultObjectProvider.java,40
0.9.6,openjpa-jdbc/src/main/java/org/apache/openjpa/jdbc/kernel/NativeJDBCSeq.java,22
0.9.6,openjpa-jdbc/src/main/java/org/apache/openjpa/jdbc/kernel/OperationOrderUpdateManager.java,18
0.9.6,openjpa-jdbc/src/main/java/org/apache/openjpa/jdbc/kernel/PagingResultObjectProvider.java,48
0.9.6,openjpa-jdbc/src/main/java/org/apache/openjpa/jdbc/kernel/PessimisticLockManager.java,15
0.9.6,openjpa-jdbc/src/main/java/org/apache/openjpa/jdbc/kernel/PreparedStatementManager.java,3
0.9.6,openjpa-jdbc/src/main/java/org/apache/openjpa/jdbc/kernel/PreparedStatementManagerImpl.java,7
0.9.6,openjpa-jdbc/src/main/java/org/apache/openjpa/jdbc/kernel/ProjectionResultObjectProvider.java,1
0.9.6,openjpa-jdbc/src/main/java/org/apache/openjpa/jdbc/kernel/SQLProjectionResultObjectProvider.java,7
0.9.6,openjpa-jdbc/src/main/java/org/apache/openjpa/jdbc/kernel/SQLStoreQuery.java,24
0.9.6,openjpa-jdbc/src/main/java/org/apache/openjpa/jdbc/kernel/SelectResultObjectProvider.java,7
0.9.6,openjpa-jdbc/src/main/java/org/apache/openjpa/jdbc/kernel/TableJDBCSeq.java,49
0.9.6,openjpa-jdbc/src/main/java/org/apache/openjpa/jdbc/kernel/UpdateManager.java,2
0.9.6,openjpa-jdbc/src/main/java/org/apache/openjpa/jdbc/kernel/ValueTableJDBCSeq.java,11
0.9.6,openjpa-jdbc/src/main/java/org/apache/openjpa/jdbc/kernel/exps/Abs.java,1
0.9.6,openjpa-jdbc/src/main/java/org/apache/openjpa/jdbc/kernel/exps/Aggregate.java,11
0.9.6,openjpa-jdbc/src/main/java/org/apache/openjpa/jdbc/kernel/exps/AndExpression.java,4
0.9.6,openjpa-jdbc/src/main/java/org/apache/openjpa/jdbc/kernel/exps/Args.java,22
0.9.6,openjpa-jdbc/src/main/java/org/apache/openjpa/jdbc/kernel/exps/BinaryOpExpState.java,1
0.9.6,openjpa-jdbc/src/main/java/org/apache/openjpa/jdbc/kernel/exps/BindVariableAndExpression.java,2
0.9.6,openjpa-jdbc/src/main/java/org/apache/openjpa/jdbc/kernel/exps/BindVariableExpression.java,2
0.9.6,openjpa-jdbc/src/main/java/org/apache/openjpa/jdbc/kernel/exps/CompareEqualExpression.java,5
0.9.6,openjpa-jdbc/src/main/java/org/apache/openjpa/jdbc/kernel/exps/CompareExpression.java,1
0.9.6,openjpa-jdbc/src/main/java/org/apache/openjpa/jdbc/kernel/exps/Concat.java,2
0.9.6,openjpa-jdbc/src/main/java/org/apache/openjpa/jdbc/kernel/exps/Const.java,20
0.9.6,openjpa-jdbc/src/main/java/org/apache/openjpa/jdbc/kernel/exps/ConstGetObjectId.java,5
0.9.6,openjpa-jdbc/src/main/java/org/apache/openjpa/jdbc/kernel/exps/ConstInstanceofExpression.java,2
0.9.6,openjpa-jdbc/src/main/java/org/apache/openjpa/jdbc/kernel/exps/ConstPath.java,12
0.9.6,openjpa-jdbc/src/main/java/org/apache/openjpa/jdbc/kernel/exps/ContainsExpression.java,2
0.9.6,openjpa-jdbc/src/main/java/org/apache/openjpa/jdbc/kernel/exps/ContainsKeyExpression.java,1
0.9.6,openjpa-jdbc/src/main/java/org/apache/openjpa/jdbc/kernel/exps/CurrentDate.java,1
0.9.6,openjpa-jdbc/src/main/java/org/apache/openjpa/jdbc/kernel/exps/EmptyExpression.java,2
0.9.6,openjpa-jdbc/src/main/java/org/apache/openjpa/jdbc/kernel/exps/EndsWithExpression.java,3
0.9.6,openjpa-jdbc/src/main/java/org/apache/openjpa/jdbc/kernel/exps/EqualExpression.java,7
0.9.6,openjpa-jdbc/src/main/java/org/apache/openjpa/jdbc/kernel/exps/Exp.java,3
0.9.6,openjpa-jdbc/src/main/java/org/apache/openjpa/jdbc/kernel/exps/ExpContext.java,1
0.9.6,openjpa-jdbc/src/main/java/org/apache/openjpa/jdbc/kernel/exps/ExpState.java,1
0.9.6,openjpa-jdbc/src/main/java/org/apache/openjpa/jdbc/kernel/exps/Extension.java,15
0.9.6,openjpa-jdbc/src/main/java/org/apache/openjpa/jdbc/kernel/exps/FilterValue.java,13
0.9.6,openjpa-jdbc/src/main/java/org/apache/openjpa/jdbc/kernel/exps/FilterValueImpl.java,4
0.9.6,openjpa-jdbc/src/main/java/org/apache/openjpa/jdbc/kernel/exps/GetColumn.java,2
0.9.6,openjpa-jdbc/src/main/java/org/apache/openjpa/jdbc/kernel/exps/GetMapValue.java,8
0.9.6,openjpa-jdbc/src/main/java/org/apache/openjpa/jdbc/kernel/exps/GetObjectId.java,7
0.9.6,openjpa-jdbc/src/main/java/org/apache/openjpa/jdbc/kernel/exps/HasContainsExpressionVisitor.java,2
0.9.6,openjpa-jdbc/src/main/java/org/apache/openjpa/jdbc/kernel/exps/InExpression.java,14
0.9.6,openjpa-jdbc/src/main/java/org/apache/openjpa/jdbc/kernel/exps/IndexOf.java,2
0.9.6,openjpa-jdbc/src/main/java/org/apache/openjpa/jdbc/kernel/exps/InstanceofExpression.java,11
0.9.6,openjpa-jdbc/src/main/java/org/apache/openjpa/jdbc/kernel/exps/JDBCAggregateListener.java,1
0.9.6,openjpa-jdbc/src/main/java/org/apache/openjpa/jdbc/kernel/exps/JDBCExpressionFactory.java,14
0.9.6,openjpa-jdbc/src/main/java/org/apache/openjpa/jdbc/kernel/exps/JDBCFilterListener.java,1
0.9.6,openjpa-jdbc/src/main/java/org/apache/openjpa/jdbc/kernel/exps/JDBCPath.java,1
0.9.6,openjpa-jdbc/src/main/java/org/apache/openjpa/jdbc/kernel/exps/JDBCStringContains.java,3
0.9.6,openjpa-jdbc/src/main/java/org/apache/openjpa/jdbc/kernel/exps/JDBCWildcardMatch.java,2
0.9.6,openjpa-jdbc/src/main/java/org/apache/openjpa/jdbc/kernel/exps/Lit.java,4
0.9.6,openjpa-jdbc/src/main/java/org/apache/openjpa/jdbc/kernel/exps/MatchesExpression.java,9
0.9.6,openjpa-jdbc/src/main/java/org/apache/openjpa/jdbc/kernel/exps/Math.java,1
0.9.6,openjpa-jdbc/src/main/java/org/apache/openjpa/jdbc/kernel/exps/NotContainsExpression.java,1
0.9.6,openjpa-jdbc/src/main/java/org/apache/openjpa/jdbc/kernel/exps/NotEqualExpression.java,7
0.9.6,openjpa-jdbc/src/main/java/org/apache/openjpa/jdbc/kernel/exps/Null.java,2
0.9.6,openjpa-jdbc/src/main/java/org/apache/openjpa/jdbc/kernel/exps/OrExpression.java,7
0.9.6,openjpa-jdbc/src/main/java/org/apache/openjpa/jdbc/kernel/exps/PCPath.java,85
0.9.6,openjpa-jdbc/src/main/java/org/apache/openjpa/jdbc/kernel/exps/Param.java,4
0.9.6,openjpa-jdbc/src/main/java/org/apache/openjpa/jdbc/kernel/exps/SQLEmbed.java,1
0.9.6,openjpa-jdbc/src/main/java/org/apache/openjpa/jdbc/kernel/exps/SelectConstructor.java,19
0.9.6,openjpa-jdbc/src/main/java/org/apache/openjpa/jdbc/kernel/exps/StartsWithExpression.java,3
0.9.6,openjpa-jdbc/src/main/java/org/apache/openjpa/jdbc/kernel/exps/StringFunction.java,1
0.9.6,openjpa-jdbc/src/main/java/org/apache/openjpa/jdbc/kernel/exps/StringLength.java,1
0.9.6,openjpa-jdbc/src/main/java/org/apache/openjpa/jdbc/kernel/exps/SubQ.java,16
0.9.6,openjpa-jdbc/src/main/java/org/apache/openjpa/jdbc/kernel/exps/Substring.java,2
0.9.6,openjpa-jdbc/src/main/java/org/apache/openjpa/jdbc/kernel/exps/Sum.java,1
0.9.6,openjpa-jdbc/src/main/java/org/apache/openjpa/jdbc/kernel/exps/Trim.java,9
0.9.6,openjpa-jdbc/src/main/java/org/apache/openjpa/jdbc/kernel/exps/UnaryOp.java,2
0.9.6,openjpa-jdbc/src/main/java/org/apache/openjpa/jdbc/kernel/exps/Val.java,18
0.9.6,openjpa-jdbc/src/main/java/org/apache/openjpa/jdbc/kernel/exps/Variable.java,14
0.9.6,openjpa-jdbc/src/main/java/org/apache/openjpa/jdbc/meta/ClassMapping.java,77
0.9.6,openjpa-jdbc/src/main/java/org/apache/openjpa/jdbc/meta/ClassMappingInfo.java,19
0.9.6,openjpa-jdbc/src/main/java/org/apache/openjpa/jdbc/meta/ClassStrategy.java,7
0.9.6,openjpa-jdbc/src/main/java/org/apache/openjpa/jdbc/meta/DelegatingJoinable.java,5
0.9.6,openjpa-jdbc/src/main/java/org/apache/openjpa/jdbc/meta/Discriminator.java,19
0.9.6,openjpa-jdbc/src/main/java/org/apache/openjpa/jdbc/meta/DiscriminatorMappingInfo.java,17
0.9.6,openjpa-jdbc/src/main/java/org/apache/openjpa/jdbc/meta/DiscriminatorStrategy.java,5
0.9.6,openjpa-jdbc/src/main/java/org/apache/openjpa/jdbc/meta/Embeddable.java,7
0.9.6,openjpa-jdbc/src/main/java/org/apache/openjpa/jdbc/meta/FieldMapping.java,42
0.9.6,openjpa-jdbc/src/main/java/org/apache/openjpa/jdbc/meta/FieldMappingInfo.java,24
0.9.6,openjpa-jdbc/src/main/java/org/apache/openjpa/jdbc/meta/FieldStrategy.java,25
0.9.6,openjpa-jdbc/src/main/java/org/apache/openjpa/jdbc/meta/JDBCColumnOrder.java,1
0.9.6,openjpa-jdbc/src/main/java/org/apache/openjpa/jdbc/meta/JDBCOrder.java,2
0.9.6,openjpa-jdbc/src/main/java/org/apache/openjpa/jdbc/meta/JDBCRelatedFieldOrder.java,1
0.9.6,openjpa-jdbc/src/main/java/org/apache/openjpa/jdbc/meta/JDBCValueOrder.java,2
0.9.6,openjpa-jdbc/src/main/java/org/apache/openjpa/jdbc/meta/JavaSQLTypes.java,17
0.9.6,openjpa-jdbc/src/main/java/org/apache/openjpa/jdbc/meta/Joinable.java,6
0.9.6,openjpa-jdbc/src/main/java/org/apache/openjpa/jdbc/meta/MappingDefaults.java,29
0.9.6,openjpa-jdbc/src/main/java/org/apache/openjpa/jdbc/meta/MappingDefaultsImpl.java,46
0.9.6,openjpa-jdbc/src/main/java/org/apache/openjpa/jdbc/meta/MappingInfo.java,182
0.9.6,openjpa-jdbc/src/main/java/org/apache/openjpa/jdbc/meta/MappingRepository.java,106
0.9.6,openjpa-jdbc/src/main/java/org/apache/openjpa/jdbc/meta/MappingStrategyInstaller.java,4
0.9.6,openjpa-jdbc/src/main/java/org/apache/openjpa/jdbc/meta/MappingTool.java,98
0.9.6,openjpa-jdbc/src/main/java/org/apache/openjpa/jdbc/meta/MetaDataPlusMappingFactory.java,8
0.9.6,openjpa-jdbc/src/main/java/org/apache/openjpa/jdbc/meta/NoneMappingDefaults.java,8
0.9.6,openjpa-jdbc/src/main/java/org/apache/openjpa/jdbc/meta/PropertiesReverseCustomizer.java,19
0.9.6,openjpa-jdbc/src/main/java/org/apache/openjpa/jdbc/meta/QueryResultMapping.java,44
0.9.6,openjpa-jdbc/src/main/java/org/apache/openjpa/jdbc/meta/RefreshStrategyInstaller.java,12
0.9.6,openjpa-jdbc/src/main/java/org/apache/openjpa/jdbc/meta/RelationId.java,1
0.9.6,openjpa-jdbc/src/main/java/org/apache/openjpa/jdbc/meta/ReverseCustomizer.java,13
0.9.6,openjpa-jdbc/src/main/java/org/apache/openjpa/jdbc/meta/ReverseMappingTool.java,203
0.9.6,openjpa-jdbc/src/main/java/org/apache/openjpa/jdbc/meta/RuntimeStrategyInstaller.java,5
0.9.6,openjpa-jdbc/src/main/java/org/apache/openjpa/jdbc/meta/Strategy.java,12
0.9.6,openjpa-jdbc/src/main/java/org/apache/openjpa/jdbc/meta/ValueHandler.java,7
0.9.6,openjpa-jdbc/src/main/java/org/apache/openjpa/jdbc/meta/ValueMapping.java,41
0.9.6,openjpa-jdbc/src/main/java/org/apache/openjpa/jdbc/meta/ValueMappingImpl.java,64
0.9.6,openjpa-jdbc/src/main/java/org/apache/openjpa/jdbc/meta/ValueMappingInfo.java,23
0.9.6,openjpa-jdbc/src/main/java/org/apache/openjpa/jdbc/meta/Version.java,18
0.9.6,openjpa-jdbc/src/main/java/org/apache/openjpa/jdbc/meta/VersionMappingInfo.java,3
0.9.6,openjpa-jdbc/src/main/java/org/apache/openjpa/jdbc/meta/VersionStrategy.java,6
0.9.6,openjpa-jdbc/src/main/java/org/apache/openjpa/jdbc/meta/strats/AbstractDiscriminatorStrategy.java,1
0.9.6,openjpa-jdbc/src/main/java/org/apache/openjpa/jdbc/meta/strats/AbstractFieldStrategy.java,7
0.9.6,openjpa-jdbc/src/main/java/org/apache/openjpa/jdbc/meta/strats/AbstractStrategy.java,8
0.9.6,openjpa-jdbc/src/main/java/org/apache/openjpa/jdbc/meta/strats/AbstractVersionStrategy.java,2
0.9.6,openjpa-jdbc/src/main/java/org/apache/openjpa/jdbc/meta/strats/CharArrayStreamValueHandler.java,4
0.9.6,openjpa-jdbc/src/main/java/org/apache/openjpa/jdbc/meta/strats/CharArrayValueHandler.java,1
0.9.6,openjpa-jdbc/src/main/java/org/apache/openjpa/jdbc/meta/strats/ClassNameDiscriminatorStrategy.java,7
0.9.6,openjpa-jdbc/src/main/java/org/apache/openjpa/jdbc/meta/strats/ColumnVersionStrategy.java,37
0.9.6,openjpa-jdbc/src/main/java/org/apache/openjpa/jdbc/meta/strats/ContainerFieldStrategy.java,6
0.9.6,openjpa-jdbc/src/main/java/org/apache/openjpa/jdbc/meta/strats/EmbedFieldStrategy.java,74
0.9.6,openjpa-jdbc/src/main/java/org/apache/openjpa/jdbc/meta/strats/EmbedValueHandler.java,16
0.9.6,openjpa-jdbc/src/main/java/org/apache/openjpa/jdbc/meta/strats/EmbeddedClassStrategy.java,9
0.9.6,openjpa-jdbc/src/main/java/org/apache/openjpa/jdbc/meta/strats/FlatClassStrategy.java,2
0.9.6,openjpa-jdbc/src/main/java/org/apache/openjpa/jdbc/meta/strats/FullClassStrategy.java,8
0.9.6,openjpa-jdbc/src/main/java/org/apache/openjpa/jdbc/meta/strats/HandlerFieldStrategy.java,48
0.9.6,openjpa-jdbc/src/main/java/org/apache/openjpa/jdbc/meta/strats/HandlerStrategies.java,31
0.9.6,openjpa-jdbc/src/main/java/org/apache/openjpa/jdbc/meta/strats/IdentityJoinable.java,2
0.9.6,openjpa-jdbc/src/main/java/org/apache/openjpa/jdbc/meta/strats/ImmutableValueHandler.java,5
0.9.6,openjpa-jdbc/src/main/java/org/apache/openjpa/jdbc/meta/strats/InValueDiscriminatorStrategy.java,12
0.9.6,openjpa-jdbc/src/main/java/org/apache/openjpa/jdbc/meta/strats/LRSCollectionFieldStrategy.java,7
0.9.6,openjpa-jdbc/src/main/java/org/apache/openjpa/jdbc/meta/strats/LRSMapFieldStrategy.java,15
0.9.6,openjpa-jdbc/src/main/java/org/apache/openjpa/jdbc/meta/strats/LRSProxyCollection.java,10
0.9.6,openjpa-jdbc/src/main/java/org/apache/openjpa/jdbc/meta/strats/LRSProxyMap.java,40
0.9.6,openjpa-jdbc/src/main/java/org/apache/openjpa/jdbc/meta/strats/MapTableFieldStrategy.java,7
0.9.6,openjpa-jdbc/src/main/java/org/apache/openjpa/jdbc/meta/strats/MaxEmbeddedBlobFieldStrategy.java,3
0.9.6,openjpa-jdbc/src/main/java/org/apache/openjpa/jdbc/meta/strats/MaxEmbeddedByteArrayFieldStrategy.java,3
0.9.6,openjpa-jdbc/src/main/java/org/apache/openjpa/jdbc/meta/strats/MaxEmbeddedCharArrayFieldStrategy.java,8
0.9.6,openjpa-jdbc/src/main/java/org/apache/openjpa/jdbc/meta/strats/MaxEmbeddedClobFieldStrategy.java,3
0.9.6,openjpa-jdbc/src/main/java/org/apache/openjpa/jdbc/meta/strats/MaxEmbeddedLobFieldStrategy.java,17
0.9.6,openjpa-jdbc/src/main/java/org/apache/openjpa/jdbc/meta/strats/NoneClassStrategy.java,2
0.9.6,openjpa-jdbc/src/main/java/org/apache/openjpa/jdbc/meta/strats/NoneDiscriminatorStrategy.java,1
0.9.6,openjpa-jdbc/src/main/java/org/apache/openjpa/jdbc/meta/strats/NoneFieldStrategy.java,2
0.9.6,openjpa-jdbc/src/main/java/org/apache/openjpa/jdbc/meta/strats/NoneVersionStrategy.java,2
0.9.6,openjpa-jdbc/src/main/java/org/apache/openjpa/jdbc/meta/strats/NumberVersionStrategy.java,1
0.9.6,openjpa-jdbc/src/main/java/org/apache/openjpa/jdbc/meta/strats/ObjectIdClassStrategy.java,1
0.9.6,openjpa-jdbc/src/main/java/org/apache/openjpa/jdbc/meta/strats/ObjectIdValueHandler.java,3
0.9.6,openjpa-jdbc/src/main/java/org/apache/openjpa/jdbc/meta/strats/PrimitiveFieldStrategy.java,36
0.9.6,openjpa-jdbc/src/main/java/org/apache/openjpa/jdbc/meta/strats/PrimitiveWrapperArrays.java,9
0.9.6,openjpa-jdbc/src/main/java/org/apache/openjpa/jdbc/meta/strats/RelationCollectionInverseKeyFieldStrategy.java,1
0.9.6,openjpa-jdbc/src/main/java/org/apache/openjpa/jdbc/meta/strats/RelationCollectionTableFieldStrategy.java,1
0.9.6,openjpa-jdbc/src/main/java/org/apache/openjpa/jdbc/meta/strats/RelationFieldStrategy.java,97
0.9.6,openjpa-jdbc/src/main/java/org/apache/openjpa/jdbc/meta/strats/RelationMapInverseKeyFieldStrategy.java,4
0.9.6,openjpa-jdbc/src/main/java/org/apache/openjpa/jdbc/meta/strats/RelationMapTableFieldStrategy.java,4
0.9.6,openjpa-jdbc/src/main/java/org/apache/openjpa/jdbc/meta/strats/RelationStrategies.java,13
0.9.6,openjpa-jdbc/src/main/java/org/apache/openjpa/jdbc/meta/strats/RelationToManyInverseKeyFieldStrategy.java,35
0.9.6,openjpa-jdbc/src/main/java/org/apache/openjpa/jdbc/meta/strats/RelationToManyTableFieldStrategy.java,18
0.9.6,openjpa-jdbc/src/main/java/org/apache/openjpa/jdbc/meta/strats/StateComparisonVersionStrategy.java,23
0.9.6,openjpa-jdbc/src/main/java/org/apache/openjpa/jdbc/meta/strats/StoreCollectionFieldStrategy.java,44
0.9.6,openjpa-jdbc/src/main/java/org/apache/openjpa/jdbc/meta/strats/StringFieldStrategy.java,15
0.9.6,openjpa-jdbc/src/main/java/org/apache/openjpa/jdbc/meta/strats/SubclassJoinDiscriminatorStrategy.java,16
0.9.6,openjpa-jdbc/src/main/java/org/apache/openjpa/jdbc/meta/strats/UntypedPCValueHandler.java,4
0.9.6,openjpa-jdbc/src/main/java/org/apache/openjpa/jdbc/meta/strats/ValueMapDiscriminatorStrategy.java,10
0.9.6,openjpa-jdbc/src/main/java/org/apache/openjpa/jdbc/meta/strats/VerticalClassStrategy.java,7
0.9.6,openjpa-jdbc/src/main/java/org/apache/openjpa/jdbc/schema/Column.java,68
0.9.6,openjpa-jdbc/src/main/java/org/apache/openjpa/jdbc/schema/ColumnIO.java,16
0.9.6,openjpa-jdbc/src/main/java/org/apache/openjpa/jdbc/schema/Constraint.java,10
0.9.6,openjpa-jdbc/src/main/java/org/apache/openjpa/jdbc/schema/DataSourceFactory.java,16
0.9.6,openjpa-jdbc/src/main/java/org/apache/openjpa/jdbc/schema/DriverDataSource.java,15
0.9.6,openjpa-jdbc/src/main/java/org/apache/openjpa/jdbc/schema/DynamicSchemaFactory.java,10
0.9.6,openjpa-jdbc/src/main/java/org/apache/openjpa/jdbc/schema/FileSchemaFactory.java,3
0.9.6,openjpa-jdbc/src/main/java/org/apache/openjpa/jdbc/schema/ForeignKey.java,81
0.9.6,openjpa-jdbc/src/main/java/org/apache/openjpa/jdbc/schema/Index.java,7
0.9.6,openjpa-jdbc/src/main/java/org/apache/openjpa/jdbc/schema/LazySchemaFactory.java,12
0.9.6,openjpa-jdbc/src/main/java/org/apache/openjpa/jdbc/schema/LocalConstraint.java,28
0.9.6,openjpa-jdbc/src/main/java/org/apache/openjpa/jdbc/schema/NameSet.java,8
0.9.6,openjpa-jdbc/src/main/java/org/apache/openjpa/jdbc/schema/PrimaryKey.java,4
0.9.6,openjpa-jdbc/src/main/java/org/apache/openjpa/jdbc/schema/Schema.java,35
0.9.6,openjpa-jdbc/src/main/java/org/apache/openjpa/jdbc/schema/SchemaFactory.java,2
0.9.6,openjpa-jdbc/src/main/java/org/apache/openjpa/jdbc/schema/SchemaGenerator.java,122
0.9.6,openjpa-jdbc/src/main/java/org/apache/openjpa/jdbc/schema/SchemaGroup.java,55
0.9.6,openjpa-jdbc/src/main/java/org/apache/openjpa/jdbc/schema/SchemaParser.java,5
0.9.6,openjpa-jdbc/src/main/java/org/apache/openjpa/jdbc/schema/SchemaSerializer.java,8
0.9.6,openjpa-jdbc/src/main/java/org/apache/openjpa/jdbc/schema/SchemaTool.java,188
0.9.6,openjpa-jdbc/src/main/java/org/apache/openjpa/jdbc/schema/Schemas.java,39
0.9.6,openjpa-jdbc/src/main/java/org/apache/openjpa/jdbc/schema/Sequence.java,11
0.9.6,openjpa-jdbc/src/main/java/org/apache/openjpa/jdbc/schema/SimpleDriverDataSource.java,16
0.9.6,openjpa-jdbc/src/main/java/org/apache/openjpa/jdbc/schema/Table.java,87
0.9.6,openjpa-jdbc/src/main/java/org/apache/openjpa/jdbc/schema/TableSchemaFactory.java,41
0.9.6,openjpa-jdbc/src/main/java/org/apache/openjpa/jdbc/schema/Unique.java,1
0.9.6,openjpa-jdbc/src/main/java/org/apache/openjpa/jdbc/schema/XMLSchemaParser.java,51
0.9.6,openjpa-jdbc/src/main/java/org/apache/openjpa/jdbc/schema/XMLSchemaSerializer.java,82
0.9.6,openjpa-jdbc/src/main/java/org/apache/openjpa/jdbc/sql/AbstractResult.java,33
0.9.6,openjpa-jdbc/src/main/java/org/apache/openjpa/jdbc/sql/AbstractSQLServerDictionary.java,7
0.9.6,openjpa-jdbc/src/main/java/org/apache/openjpa/jdbc/sql/AccessDictionary.java,2
0.9.6,openjpa-jdbc/src/main/java/org/apache/openjpa/jdbc/sql/DB2Dictionary.java,5
0.9.6,openjpa-jdbc/src/main/java/org/apache/openjpa/jdbc/sql/DBDictionary.java,379
0.9.6,openjpa-jdbc/src/main/java/org/apache/openjpa/jdbc/sql/DBDictionaryFactory.java,36
0.9.6,openjpa-jdbc/src/main/java/org/apache/openjpa/jdbc/sql/DerbyDictionary.java,2
0.9.6,openjpa-jdbc/src/main/java/org/apache/openjpa/jdbc/sql/EmpressDictionary.java,15
0.9.6,openjpa-jdbc/src/main/java/org/apache/openjpa/jdbc/sql/FoxProDictionary.java,8
0.9.6,openjpa-jdbc/src/main/java/org/apache/openjpa/jdbc/sql/HSQLDictionary.java,19
0.9.6,openjpa-jdbc/src/main/java/org/apache/openjpa/jdbc/sql/InformixDictionary.java,14
0.9.6,openjpa-jdbc/src/main/java/org/apache/openjpa/jdbc/sql/InterbaseDictionary.java,2
0.9.6,openjpa-jdbc/src/main/java/org/apache/openjpa/jdbc/sql/JDataStoreDictionary.java,3
0.9.6,openjpa-jdbc/src/main/java/org/apache/openjpa/jdbc/sql/Join.java,10
0.9.6,openjpa-jdbc/src/main/java/org/apache/openjpa/jdbc/sql/JoinSet.java,59
0.9.6,openjpa-jdbc/src/main/java/org/apache/openjpa/jdbc/sql/JoinSyntaxes.java,6
0.9.6,openjpa-jdbc/src/main/java/org/apache/openjpa/jdbc/sql/Joins.java,9
0.9.6,openjpa-jdbc/src/main/java/org/apache/openjpa/jdbc/sql/LogicalUnion.java,51
0.9.6,openjpa-jdbc/src/main/java/org/apache/openjpa/jdbc/sql/MergedResult.java,15
0.9.6,openjpa-jdbc/src/main/java/org/apache/openjpa/jdbc/sql/MySQLDictionary.java,7
0.9.6,openjpa-jdbc/src/main/java/org/apache/openjpa/jdbc/sql/OracleDictionary.java,138
0.9.6,openjpa-jdbc/src/main/java/org/apache/openjpa/jdbc/sql/PointbaseDictionary.java,4
0.9.6,openjpa-jdbc/src/main/java/org/apache/openjpa/jdbc/sql/PostgresDictionary.java,18
0.9.6,openjpa-jdbc/src/main/java/org/apache/openjpa/jdbc/sql/PrimaryRow.java,43
0.9.6,openjpa-jdbc/src/main/java/org/apache/openjpa/jdbc/sql/Raw.java,1
0.9.6,openjpa-jdbc/src/main/java/org/apache/openjpa/jdbc/sql/Result.java,78
0.9.6,openjpa-jdbc/src/main/java/org/apache/openjpa/jdbc/sql/ResultSetResult.java,22
0.9.6,openjpa-jdbc/src/main/java/org/apache/openjpa/jdbc/sql/Row.java,75
0.9.6,openjpa-jdbc/src/main/java/org/apache/openjpa/jdbc/sql/RowImpl.java,89
0.9.6,openjpa-jdbc/src/main/java/org/apache/openjpa/jdbc/sql/RowManager.java,5
0.9.6,openjpa-jdbc/src/main/java/org/apache/openjpa/jdbc/sql/RowManagerImpl.java,18
0.9.6,openjpa-jdbc/src/main/java/org/apache/openjpa/jdbc/sql/SQLBuffer.java,63
0.9.6,openjpa-jdbc/src/main/java/org/apache/openjpa/jdbc/sql/SQLExceptions.java,5
0.9.6,openjpa-jdbc/src/main/java/org/apache/openjpa/jdbc/sql/SQLFactory.java,3
0.9.6,openjpa-jdbc/src/main/java/org/apache/openjpa/jdbc/sql/SQLFactoryImpl.java,2
0.9.6,openjpa-jdbc/src/main/java/org/apache/openjpa/jdbc/sql/SQLServerDictionary.java,20
0.9.6,openjpa-jdbc/src/main/java/org/apache/openjpa/jdbc/sql/SecondaryRow.java,15
0.9.6,openjpa-jdbc/src/main/java/org/apache/openjpa/jdbc/sql/Select.java,105
0.9.6,openjpa-jdbc/src/main/java/org/apache/openjpa/jdbc/sql/SelectExecutor.java,16
0.9.6,openjpa-jdbc/src/main/java/org/apache/openjpa/jdbc/sql/SelectImpl.java,359
0.9.6,openjpa-jdbc/src/main/java/org/apache/openjpa/jdbc/sql/SybaseDictionary.java,18
0.9.6,openjpa-jdbc/src/main/java/org/apache/openjpa/jdbc/sql/Union.java,9
0.9.6,openjpa-kernel-5/src/main/java/org/apache/openjpa/enhance/PCClassFileTransformer.java,27
0.9.6,openjpa-kernel-5/src/main/java/org/apache/openjpa/enhance/PCEnhancerAgent.java,1
0.9.6,openjpa-kernel/src/main/java/org/apache/openjpa/abstractstore/AbstractStoreBrokerFactory.java,3
0.9.6,openjpa-kernel/src/main/java/org/apache/openjpa/abstractstore/AbstractStoreManager.java,26
0.9.6,openjpa-kernel/src/main/java/org/apache/openjpa/ant/MetaDataToolTask.java,4
0.9.6,openjpa-kernel/src/main/java/org/apache/openjpa/conf/AutoDetachValue.java,2
0.9.6,openjpa-kernel/src/main/java/org/apache/openjpa/conf/BrokerFactoryValue.java,5
0.9.6,openjpa-kernel/src/main/java/org/apache/openjpa/conf/DetachOptions.java,6
0.9.6,openjpa-kernel/src/main/java/org/apache/openjpa/conf/OpenJPAConfiguration.java,209
0.9.6,openjpa-kernel/src/main/java/org/apache/openjpa/conf/OpenJPAConfigurationImpl.java,33
0.9.6,openjpa-kernel/src/main/java/org/apache/openjpa/conf/OpenJPAProductDerivation.java,5
0.9.6,openjpa-kernel/src/main/java/org/apache/openjpa/conf/OpenJPAVersion.java,4
0.9.6,openjpa-kernel/src/main/java/org/apache/openjpa/conf/QueryCompilationCacheValue.java,1
0.9.6,openjpa-kernel/src/main/java/org/apache/openjpa/conf/RemoteCommitProviderValue.java,4
0.9.6,openjpa-kernel/src/main/java/org/apache/openjpa/datacache/AbstractDataCache.java,62
0.9.6,openjpa-kernel/src/main/java/org/apache/openjpa/datacache/AbstractQueryCache.java,38
0.9.6,openjpa-kernel/src/main/java/org/apache/openjpa/datacache/Caches.java,5
0.9.6,openjpa-kernel/src/main/java/org/apache/openjpa/datacache/ConcurrentDataCache.java,1
0.9.6,openjpa-kernel/src/main/java/org/apache/openjpa/datacache/DataCache.java,25
0.9.6,openjpa-kernel/src/main/java/org/apache/openjpa/datacache/DataCacheManager.java,8
0.9.6,openjpa-kernel/src/main/java/org/apache/openjpa/datacache/DataCacheManagerImpl.java,5
0.9.6,openjpa-kernel/src/main/java/org/apache/openjpa/datacache/DataCachePCData.java,1
0.9.6,openjpa-kernel/src/main/java/org/apache/openjpa/datacache/DataCachePCDataGenerator.java,6
0.9.6,openjpa-kernel/src/main/java/org/apache/openjpa/datacache/DataCachePCDataImpl.java,4
0.9.6,openjpa-kernel/src/main/java/org/apache/openjpa/datacache/DataCacheScheduler.java,18
0.9.6,openjpa-kernel/src/main/java/org/apache/openjpa/datacache/DataCacheStoreManager.java,68
0.9.6,openjpa-kernel/src/main/java/org/apache/openjpa/datacache/DelegatingDataCache.java,31
0.9.6,openjpa-kernel/src/main/java/org/apache/openjpa/datacache/DelegatingQueryCache.java,19
0.9.6,openjpa-kernel/src/main/java/org/apache/openjpa/datacache/ExpirationListener.java,1
0.9.6,openjpa-kernel/src/main/java/org/apache/openjpa/datacache/QueryCache.java,12
0.9.6,openjpa-kernel/src/main/java/org/apache/openjpa/datacache/QueryCacheStoreQuery.java,39
0.9.6,openjpa-kernel/src/main/java/org/apache/openjpa/datacache/QueryKey.java,47
0.9.6,openjpa-kernel/src/main/java/org/apache/openjpa/datacache/QueryResult.java,2
0.9.6,openjpa-kernel/src/main/java/org/apache/openjpa/datacache/TypesChangedListener.java,1
0.9.6,openjpa-kernel/src/main/java/org/apache/openjpa/ee/AutomaticManagedRuntime.java,17
0.9.6,openjpa-kernel/src/main/java/org/apache/openjpa/ee/InvocationManagedRuntime.java,2
0.9.6,openjpa-kernel/src/main/java/org/apache/openjpa/ee/ManagedRuntime.java,1
0.9.6,openjpa-kernel/src/main/java/org/apache/openjpa/ee/WASManagedRuntime.java,3
0.9.6,openjpa-kernel/src/main/java/org/apache/openjpa/enhance/ApplicationIdTool.java,116
0.9.6,openjpa-kernel/src/main/java/org/apache/openjpa/enhance/CodeGenerator.java,43
0.9.6,openjpa-kernel/src/main/java/org/apache/openjpa/enhance/DynamicStorage.java,22
0.9.6,openjpa-kernel/src/main/java/org/apache/openjpa/enhance/DynamicStorageGenerator.java,20
0.9.6,openjpa-kernel/src/main/java/org/apache/openjpa/enhance/PCDataGenerator.java,38
0.9.6,openjpa-kernel/src/main/java/org/apache/openjpa/enhance/PCEnhancer.java,217
0.9.6,openjpa-kernel/src/main/java/org/apache/openjpa/enhance/PCRegistry.java,12
0.9.6,openjpa-kernel/src/main/java/org/apache/openjpa/enhance/PersistenceCapable.java,9
0.9.6,openjpa-kernel/src/main/java/org/apache/openjpa/enhance/StateManager.java,50
0.9.6,openjpa-kernel/src/main/java/org/apache/openjpa/event/AbstractLifecycleListener.java,1
0.9.6,openjpa-kernel/src/main/java/org/apache/openjpa/event/AbstractRemoteCommitProvider.java,6
0.9.6,openjpa-kernel/src/main/java/org/apache/openjpa/event/AbstractTransactionListener.java,1
0.9.6,openjpa-kernel/src/main/java/org/apache/openjpa/event/AttachListener.java,2
0.9.6,openjpa-kernel/src/main/java/org/apache/openjpa/event/BeanLifecycleCallbacks.java,5
0.9.6,openjpa-kernel/src/main/java/org/apache/openjpa/event/BeginTransactionListener.java,1
0.9.6,openjpa-kernel/src/main/java/org/apache/openjpa/event/CallbackModes.java,10
0.9.6,openjpa-kernel/src/main/java/org/apache/openjpa/event/ClearListener.java,2
0.9.6,openjpa-kernel/src/main/java/org/apache/openjpa/event/DeleteListener.java,2
0.9.6,openjpa-kernel/src/main/java/org/apache/openjpa/event/DetachListener.java,2
0.9.6,openjpa-kernel/src/main/java/org/apache/openjpa/event/DirtyListener.java,4
0.9.6,openjpa-kernel/src/main/java/org/apache/openjpa/event/EndTransactionListener.java,6
0.9.6,openjpa-kernel/src/main/java/org/apache/openjpa/event/FlushTransactionListener.java,2
0.9.6,openjpa-kernel/src/main/java/org/apache/openjpa/event/JMSRemoteCommitProvider.java,17
0.9.6,openjpa-kernel/src/main/java/org/apache/openjpa/event/LifecycleCallbacks.java,2
0.9.6,openjpa-kernel/src/main/java/org/apache/openjpa/event/LifecycleEventManager.java,82
0.9.6,openjpa-kernel/src/main/java/org/apache/openjpa/event/LoadListener.java,2
0.9.6,openjpa-kernel/src/main/java/org/apache/openjpa/event/LogOrphanedKeyAction.java,6
0.9.6,openjpa-kernel/src/main/java/org/apache/openjpa/event/MethodLifecycleCallbacks.java,16
0.9.6,openjpa-kernel/src/main/java/org/apache/openjpa/event/OrphanedKeyAction.java,1
0.9.6,openjpa-kernel/src/main/java/org/apache/openjpa/event/PersistListener.java,2
0.9.6,openjpa-kernel/src/main/java/org/apache/openjpa/event/RemoteCommitEvent.java,15
0.9.6,openjpa-kernel/src/main/java/org/apache/openjpa/event/RemoteCommitEventManager.java,23
0.9.6,openjpa-kernel/src/main/java/org/apache/openjpa/event/RemoteCommitListener.java,2
0.9.6,openjpa-kernel/src/main/java/org/apache/openjpa/event/RemoteCommitProvider.java,3
0.9.6,openjpa-kernel/src/main/java/org/apache/openjpa/event/SingleJVMRemoteCommitProvider.java,3
0.9.6,openjpa-kernel/src/main/java/org/apache/openjpa/event/StoreListener.java,2
0.9.6,openjpa-kernel/src/main/java/org/apache/openjpa/event/TCPRemoteCommitProvider.java,59
0.9.6,openjpa-kernel/src/main/java/org/apache/openjpa/event/TransactionEventManager.java,17
0.9.6,openjpa-kernel/src/main/java/org/apache/openjpa/kernel/AbstractBrokerFactory.java,39
0.9.6,openjpa-kernel/src/main/java/org/apache/openjpa/kernel/AbstractLockManager.java,5
0.9.6,openjpa-kernel/src/main/java/org/apache/openjpa/kernel/AbstractPCData.java,35
0.9.6,openjpa-kernel/src/main/java/org/apache/openjpa/kernel/AbstractPCResultObjectProvider.java,3
0.9.6,openjpa-kernel/src/main/java/org/apache/openjpa/kernel/AbstractStoreQuery.java,5
0.9.6,openjpa-kernel/src/main/java/org/apache/openjpa/kernel/AttachManager.java,29
0.9.6,openjpa-kernel/src/main/java/org/apache/openjpa/kernel/AttachStrategy.java,56
0.9.6,openjpa-kernel/src/main/java/org/apache/openjpa/kernel/AutoClear.java,4
0.9.6,openjpa-kernel/src/main/java/org/apache/openjpa/kernel/AutoDetach.java,6
0.9.6,openjpa-kernel/src/main/java/org/apache/openjpa/kernel/Bootstrap.java,11
0.9.6,openjpa-kernel/src/main/java/org/apache/openjpa/kernel/Broker.java,96
0.9.6,openjpa-kernel/src/main/java/org/apache/openjpa/kernel/BrokerFactory.java,12
0.9.6,openjpa-kernel/src/main/java/org/apache/openjpa/kernel/BrokerImpl.java,491
0.9.6,openjpa-kernel/src/main/java/org/apache/openjpa/kernel/ClearFieldManager.java,1
0.9.6,openjpa-kernel/src/main/java/org/apache/openjpa/kernel/ConnectionRetainModes.java,6
0.9.6,openjpa-kernel/src/main/java/org/apache/openjpa/kernel/DelegatingBroker.java,6
0.9.6,openjpa-kernel/src/main/java/org/apache/openjpa/kernel/DelegatingBrokerFactory.java,6
0.9.6,openjpa-kernel/src/main/java/org/apache/openjpa/kernel/DelegatingExtent.java,6
0.9.6,openjpa-kernel/src/main/java/org/apache/openjpa/kernel/DelegatingFetchConfiguration.java,9
0.9.6,openjpa-kernel/src/main/java/org/apache/openjpa/kernel/DelegatingQuery.java,6
0.9.6,openjpa-kernel/src/main/java/org/apache/openjpa/kernel/DelegatingResultList.java,17
0.9.6,openjpa-kernel/src/main/java/org/apache/openjpa/kernel/DelegatingSeq.java,6
0.9.6,openjpa-kernel/src/main/java/org/apache/openjpa/kernel/DelegatingStoreManager.java,6
0.9.6,openjpa-kernel/src/main/java/org/apache/openjpa/kernel/DetachManager.java,85
0.9.6,openjpa-kernel/src/main/java/org/apache/openjpa/kernel/DetachState.java,6
0.9.6,openjpa-kernel/src/main/java/org/apache/openjpa/kernel/DetachedStateAttachStrategy.java,10
0.9.6,openjpa-kernel/src/main/java/org/apache/openjpa/kernel/DetachedStateManager.java,57
0.9.6,openjpa-kernel/src/main/java/org/apache/openjpa/kernel/DetachedValueStateManager.java,10
0.9.6,openjpa-kernel/src/main/java/org/apache/openjpa/kernel/ENonTransState.java,1
0.9.6,openjpa-kernel/src/main/java/org/apache/openjpa/kernel/ExpressionStoreQuery.java,43
0.9.6,openjpa-kernel/src/main/java/org/apache/openjpa/kernel/Extent.java,11
0.9.6,openjpa-kernel/src/main/java/org/apache/openjpa/kernel/ExtentImpl.java,41
0.9.6,openjpa-kernel/src/main/java/org/apache/openjpa/kernel/FetchConfiguration.java,46
0.9.6,openjpa-kernel/src/main/java/org/apache/openjpa/kernel/FetchConfigurationImpl.java,74
0.9.6,openjpa-kernel/src/main/java/org/apache/openjpa/kernel/Filters.java,114
0.9.6,openjpa-kernel/src/main/java/org/apache/openjpa/kernel/FindCallbacks.java,2
0.9.6,openjpa-kernel/src/main/java/org/apache/openjpa/kernel/InMemorySavepointManager.java,1
0.9.6,openjpa-kernel/src/main/java/org/apache/openjpa/kernel/InverseManager.java,46
0.9.6,openjpa-kernel/src/main/java/org/apache/openjpa/kernel/LocalManagedRuntime.java,15
0.9.6,openjpa-kernel/src/main/java/org/apache/openjpa/kernel/LockLevels.java,6
0.9.6,openjpa-kernel/src/main/java/org/apache/openjpa/kernel/LockManager.java,8
0.9.6,openjpa-kernel/src/main/java/org/apache/openjpa/kernel/MethodStoreQuery.java,23
0.9.6,openjpa-kernel/src/main/java/org/apache/openjpa/kernel/ObjectIdStateManager.java,23
0.9.6,openjpa-kernel/src/main/java/org/apache/openjpa/kernel/OpCallbacks.java,15
0.9.6,openjpa-kernel/src/main/java/org/apache/openjpa/kernel/OpenJPASavepoint.java,5
0.9.6,openjpa-kernel/src/main/java/org/apache/openjpa/kernel/OpenJPAStateManager.java,71
0.9.6,openjpa-kernel/src/main/java/org/apache/openjpa/kernel/OrderingMergedResultObjectProvider.java,11
0.9.6,openjpa-kernel/src/main/java/org/apache/openjpa/kernel/PCData.java,12
0.9.6,openjpa-kernel/src/main/java/org/apache/openjpa/kernel/PCDataImpl.java,22
0.9.6,openjpa-kernel/src/main/java/org/apache/openjpa/kernel/PCResultObjectProvider.java,1
0.9.6,openjpa-kernel/src/main/java/org/apache/openjpa/kernel/PCState.java,24
0.9.6,openjpa-kernel/src/main/java/org/apache/openjpa/kernel/PNewFlushedDeletedFlushedState.java,1
0.9.6,openjpa-kernel/src/main/java/org/apache/openjpa/kernel/PNewState.java,1
0.9.6,openjpa-kernel/src/main/java/org/apache/openjpa/kernel/PNonTransState.java,4
0.9.6,openjpa-kernel/src/main/java/org/apache/openjpa/kernel/Query.java,26
0.9.6,openjpa-kernel/src/main/java/org/apache/openjpa/kernel/QueryContext.java,43
0.9.6,openjpa-kernel/src/main/java/org/apache/openjpa/kernel/QueryFlushModes.java,6
0.9.6,openjpa-kernel/src/main/java/org/apache/openjpa/kernel/QueryImpl.java,182
0.9.6,openjpa-kernel/src/main/java/org/apache/openjpa/kernel/QueryLanguages.java,3
0.9.6,openjpa-kernel/src/main/java/org/apache/openjpa/kernel/QueryOperations.java,6
0.9.6,openjpa-kernel/src/main/java/org/apache/openjpa/kernel/ROPStoreManager.java,3
0.9.6,openjpa-kernel/src/main/java/org/apache/openjpa/kernel/RestoreState.java,6
0.9.6,openjpa-kernel/src/main/java/org/apache/openjpa/kernel/ResultPacker.java,31
0.9.6,openjpa-kernel/src/main/java/org/apache/openjpa/kernel/SaveFieldManager.java,13
0.9.6,openjpa-kernel/src/main/java/org/apache/openjpa/kernel/SavepointFieldManager.java,11
0.9.6,openjpa-kernel/src/main/java/org/apache/openjpa/kernel/SavepointManager.java,2
0.9.6,openjpa-kernel/src/main/java/org/apache/openjpa/kernel/Seq.java,9
0.9.6,openjpa-kernel/src/main/java/org/apache/openjpa/kernel/SingleFieldManager.java,110
0.9.6,openjpa-kernel/src/main/java/org/apache/openjpa/kernel/StateManagerImpl.java,257
0.9.6,openjpa-kernel/src/main/java/org/apache/openjpa/kernel/StoreContext.java,60
0.9.6,openjpa-kernel/src/main/java/org/apache/openjpa/kernel/StoreManager.java,38
0.9.6,openjpa-kernel/src/main/java/org/apache/openjpa/kernel/StoreQuery.java,45
0.9.6,openjpa-kernel/src/main/java/org/apache/openjpa/kernel/TCleanState.java,1
0.9.6,openjpa-kernel/src/main/java/org/apache/openjpa/kernel/TDirtyState.java,1
0.9.6,openjpa-kernel/src/main/java/org/apache/openjpa/kernel/TimeSeededSeq.java,3
0.9.6,openjpa-kernel/src/main/java/org/apache/openjpa/kernel/TransferFieldManager.java,1
0.9.6,openjpa-kernel/src/main/java/org/apache/openjpa/kernel/UUIDHexSeq.java,4
0.9.6,openjpa-kernel/src/main/java/org/apache/openjpa/kernel/UUIDStringSeq.java,4
0.9.6,openjpa-kernel/src/main/java/org/apache/openjpa/kernel/VersionAttachStrategy.java,37
0.9.6,openjpa-kernel/src/main/java/org/apache/openjpa/kernel/VersionLockManager.java,6
0.9.6,openjpa-kernel/src/main/java/org/apache/openjpa/kernel/exps/Abs.java,9
0.9.6,openjpa-kernel/src/main/java/org/apache/openjpa/kernel/exps/AbstractExpressionBuilder.java,30
0.9.6,openjpa-kernel/src/main/java/org/apache/openjpa/kernel/exps/AbstractExpressionVisitor.java,4
0.9.6,openjpa-kernel/src/main/java/org/apache/openjpa/kernel/exps/Aggregate.java,8
0.9.6,openjpa-kernel/src/main/java/org/apache/openjpa/kernel/exps/AggregateListener.java,4
0.9.6,openjpa-kernel/src/main/java/org/apache/openjpa/kernel/exps/AggregateVal.java,3
0.9.6,openjpa-kernel/src/main/java/org/apache/openjpa/kernel/exps/All.java,1
0.9.6,openjpa-kernel/src/main/java/org/apache/openjpa/kernel/exps/Any.java,1
0.9.6,openjpa-kernel/src/main/java/org/apache/openjpa/kernel/exps/Args.java,10
0.9.6,openjpa-kernel/src/main/java/org/apache/openjpa/kernel/exps/Arguments.java,1
0.9.6,openjpa-kernel/src/main/java/org/apache/openjpa/kernel/exps/Avg.java,4
0.9.6,openjpa-kernel/src/main/java/org/apache/openjpa/kernel/exps/BindVariableAndExpression.java,5
0.9.6,openjpa-kernel/src/main/java/org/apache/openjpa/kernel/exps/BindVariableExpression.java,3
0.9.6,openjpa-kernel/src/main/java/org/apache/openjpa/kernel/exps/BoundVariable.java,2
0.9.6,openjpa-kernel/src/main/java/org/apache/openjpa/kernel/exps/CandidatePath.java,24
0.9.6,openjpa-kernel/src/main/java/org/apache/openjpa/kernel/exps/Cast.java,4
0.9.6,openjpa-kernel/src/main/java/org/apache/openjpa/kernel/exps/Concat.java,4
0.9.6,openjpa-kernel/src/main/java/org/apache/openjpa/kernel/exps/Constant.java,1
0.9.6,openjpa-kernel/src/main/java/org/apache/openjpa/kernel/exps/ContainsExpression.java,3
0.9.6,openjpa-kernel/src/main/java/org/apache/openjpa/kernel/exps/Count.java,3
0.9.6,openjpa-kernel/src/main/java/org/apache/openjpa/kernel/exps/CurrentDate.java,1
0.9.6,openjpa-kernel/src/main/java/org/apache/openjpa/kernel/exps/Distinct.java,2
0.9.6,openjpa-kernel/src/main/java/org/apache/openjpa/kernel/exps/EndsWithExpression.java,1
0.9.6,openjpa-kernel/src/main/java/org/apache/openjpa/kernel/exps/Exp.java,2
0.9.6,openjpa-kernel/src/main/java/org/apache/openjpa/kernel/exps/Expression.java,1
0.9.6,openjpa-kernel/src/main/java/org/apache/openjpa/kernel/exps/ExpressionFactory.java,65
0.9.6,openjpa-kernel/src/main/java/org/apache/openjpa/kernel/exps/ExpressionParser.java,5
0.9.6,openjpa-kernel/src/main/java/org/apache/openjpa/kernel/exps/ExpressionVisitor.java,4
0.9.6,openjpa-kernel/src/main/java/org/apache/openjpa/kernel/exps/Extension.java,10
0.9.6,openjpa-kernel/src/main/java/org/apache/openjpa/kernel/exps/FilterListener.java,5
0.9.6,openjpa-kernel/src/main/java/org/apache/openjpa/kernel/exps/GetMapValue.java,1
0.9.6,openjpa-kernel/src/main/java/org/apache/openjpa/kernel/exps/GetObjectId.java,1
0.9.6,openjpa-kernel/src/main/java/org/apache/openjpa/kernel/exps/GreaterThanEqualExpression.java,2
0.9.6,openjpa-kernel/src/main/java/org/apache/openjpa/kernel/exps/GreaterThanExpression.java,2
0.9.6,openjpa-kernel/src/main/java/org/apache/openjpa/kernel/exps/InMemoryExpressionFactory.java,50
0.9.6,openjpa-kernel/src/main/java/org/apache/openjpa/kernel/exps/IndexOf.java,2
0.9.6,openjpa-kernel/src/main/java/org/apache/openjpa/kernel/exps/IsEmptyExpression.java,9
0.9.6,openjpa-kernel/src/main/java/org/apache/openjpa/kernel/exps/LessThanEqualExpression.java,2
0.9.6,openjpa-kernel/src/main/java/org/apache/openjpa/kernel/exps/LessThanExpression.java,2
0.9.6,openjpa-kernel/src/main/java/org/apache/openjpa/kernel/exps/Literal.java,8
0.9.6,openjpa-kernel/src/main/java/org/apache/openjpa/kernel/exps/MatchesExpression.java,4
0.9.6,openjpa-kernel/src/main/java/org/apache/openjpa/kernel/exps/MathVal.java,1
0.9.6,openjpa-kernel/src/main/java/org/apache/openjpa/kernel/exps/Max.java,2
0.9.6,openjpa-kernel/src/main/java/org/apache/openjpa/kernel/exps/Min.java,2
0.9.6,openjpa-kernel/src/main/java/org/apache/openjpa/kernel/exps/Null.java,1
0.9.6,openjpa-kernel/src/main/java/org/apache/openjpa/kernel/exps/Parameter.java,2
0.9.6,openjpa-kernel/src/main/java/org/apache/openjpa/kernel/exps/Path.java,2
0.9.6,openjpa-kernel/src/main/java/org/apache/openjpa/kernel/exps/QueryExpressions.java,11
0.9.6,openjpa-kernel/src/main/java/org/apache/openjpa/kernel/exps/Resolver.java,4
0.9.6,openjpa-kernel/src/main/java/org/apache/openjpa/kernel/exps/Size.java,2
0.9.6,openjpa-kernel/src/main/java/org/apache/openjpa/kernel/exps/Sqrt.java,1
0.9.6,openjpa-kernel/src/main/java/org/apache/openjpa/kernel/exps/StartsWithExpression.java,1
0.9.6,openjpa-kernel/src/main/java/org/apache/openjpa/kernel/exps/StringContains.java,2
0.9.6,openjpa-kernel/src/main/java/org/apache/openjpa/kernel/exps/StringLength.java,2
0.9.6,openjpa-kernel/src/main/java/org/apache/openjpa/kernel/exps/SubQ.java,1
0.9.6,openjpa-kernel/src/main/java/org/apache/openjpa/kernel/exps/Subquery.java,2
0.9.6,openjpa-kernel/src/main/java/org/apache/openjpa/kernel/exps/Substring.java,1
0.9.6,openjpa-kernel/src/main/java/org/apache/openjpa/kernel/exps/Sum.java,4
0.9.6,openjpa-kernel/src/main/java/org/apache/openjpa/kernel/exps/This.java,1
0.9.6,openjpa-kernel/src/main/java/org/apache/openjpa/kernel/exps/ToLowerCase.java,1
0.9.6,openjpa-kernel/src/main/java/org/apache/openjpa/kernel/exps/ToUpperCase.java,1
0.9.6,openjpa-kernel/src/main/java/org/apache/openjpa/kernel/exps/Trim.java,4
0.9.6,openjpa-kernel/src/main/java/org/apache/openjpa/kernel/exps/UnaryMathVal.java,1
0.9.6,openjpa-kernel/src/main/java/org/apache/openjpa/kernel/exps/Val.java,4
0.9.6,openjpa-kernel/src/main/java/org/apache/openjpa/kernel/exps/Value.java,7
0.9.6,openjpa-kernel/src/main/java/org/apache/openjpa/kernel/exps/WildcardMatch.java,4
0.9.6,openjpa-kernel/src/main/java/org/apache/openjpa/kernel/jpql/JPQLExpressionBuilder.java,124
0.9.6,openjpa-kernel/src/main/java/org/apache/openjpa/kernel/jpql/JPQLParser.java,4
0.9.6,openjpa-kernel/src/main/java/org/apache/openjpa/kernel/jpql/ParseException.java,7
0.9.6,openjpa-kernel/src/main/java/org/apache/openjpa/meta/AbstractCFMetaDataFactory.java,99
0.9.6,openjpa-kernel/src/main/java/org/apache/openjpa/meta/AbstractMetaDataDefaults.java,27
0.9.6,openjpa-kernel/src/main/java/org/apache/openjpa/meta/AbstractMetaDataFactory.java,5
0.9.6,openjpa-kernel/src/main/java/org/apache/openjpa/meta/ClassMetaData.java,243
0.9.6,openjpa-kernel/src/main/java/org/apache/openjpa/meta/DelegatingMetaDataFactory.java,1
0.9.6,openjpa-kernel/src/main/java/org/apache/openjpa/meta/Extensions.java,41
0.9.6,openjpa-kernel/src/main/java/org/apache/openjpa/meta/FetchGroup.java,42
0.9.6,openjpa-kernel/src/main/java/org/apache/openjpa/meta/FieldMetaData.java,155
0.9.6,openjpa-kernel/src/main/java/org/apache/openjpa/meta/InMemoryRelatedFieldOrder.java,12
0.9.6,openjpa-kernel/src/main/java/org/apache/openjpa/meta/InMemoryValueOrder.java,20
0.9.6,openjpa-kernel/src/main/java/org/apache/openjpa/meta/InheritanceComparator.java,13
0.9.6,openjpa-kernel/src/main/java/org/apache/openjpa/meta/InterfaceImplGenerator.java,12
0.9.6,openjpa-kernel/src/main/java/org/apache/openjpa/meta/JavaTypes.java,79
0.9.6,openjpa-kernel/src/main/java/org/apache/openjpa/meta/LifecycleMetaData.java,17
0.9.6,openjpa-kernel/src/main/java/org/apache/openjpa/meta/MetaDataContext.java,1
0.9.6,openjpa-kernel/src/main/java/org/apache/openjpa/meta/MetaDataDefaults.java,10
0.9.6,openjpa-kernel/src/main/java/org/apache/openjpa/meta/MetaDataFactory.java,17
0.9.6,openjpa-kernel/src/main/java/org/apache/openjpa/meta/MetaDataInheritanceComparator.java,9
0.9.6,openjpa-kernel/src/main/java/org/apache/openjpa/meta/MetaDataModes.java,10
0.9.6,openjpa-kernel/src/main/java/org/apache/openjpa/meta/MetaDataRepository.java,179
0.9.6,openjpa-kernel/src/main/java/org/apache/openjpa/meta/MetaDataTool.java,29
0.9.6,openjpa-kernel/src/main/java/org/apache/openjpa/meta/NonPersistentMetaData.java,5
0.9.6,openjpa-kernel/src/main/java/org/apache/openjpa/meta/NoneMetaDataFactory.java,11
0.9.6,openjpa-kernel/src/main/java/org/apache/openjpa/meta/Order.java,4
0.9.6,openjpa-kernel/src/main/java/org/apache/openjpa/meta/ProxySetupStateManager.java,7
0.9.6,openjpa-kernel/src/main/java/org/apache/openjpa/meta/QueryMetaData.java,7
0.9.6,openjpa-kernel/src/main/java/org/apache/openjpa/meta/SequenceMetaData.java,14
0.9.6,openjpa-kernel/src/main/java/org/apache/openjpa/meta/UpdateStrategies.java,6
0.9.6,openjpa-kernel/src/main/java/org/apache/openjpa/meta/ValueMetaData.java,42
0.9.6,openjpa-kernel/src/main/java/org/apache/openjpa/meta/ValueMetaDataImpl.java,41
0.9.6,openjpa-kernel/src/main/java/org/apache/openjpa/meta/ValueStrategies.java,8
0.9.6,openjpa-kernel/src/main/java/org/apache/openjpa/util/AbstractChangeTracker.java,19
0.9.6,openjpa-kernel/src/main/java/org/apache/openjpa/util/AbstractLRSProxyCollection.java,35
0.9.6,openjpa-kernel/src/main/java/org/apache/openjpa/util/AbstractLRSProxyMap.java,55
0.9.6,openjpa-kernel/src/main/java/org/apache/openjpa/util/ApplicationIds.java,56
0.9.6,openjpa-kernel/src/main/java/org/apache/openjpa/util/ArrayStateImage.java,6
0.9.6,openjpa-kernel/src/main/java/org/apache/openjpa/util/ByteId.java,2
0.9.6,openjpa-kernel/src/main/java/org/apache/openjpa/util/CacheMap.java,45
0.9.6,openjpa-kernel/src/main/java/org/apache/openjpa/util/ChangeTracker.java,8
0.9.6,openjpa-kernel/src/main/java/org/apache/openjpa/util/CharId.java,2
0.9.6,openjpa-kernel/src/main/java/org/apache/openjpa/util/ClassResolver.java,1
0.9.6,openjpa-kernel/src/main/java/org/apache/openjpa/util/ClassResolverImpl.java,6
0.9.6,openjpa-kernel/src/main/java/org/apache/openjpa/util/CollectionChangeTracker.java,2
0.9.6,openjpa-kernel/src/main/java/org/apache/openjpa/util/CollectionChangeTrackerImpl.java,10
0.9.6,openjpa-kernel/src/main/java/org/apache/openjpa/util/DateId.java,1
0.9.6,openjpa-kernel/src/main/java/org/apache/openjpa/util/ExceptionInfo.java,13
0.9.6,openjpa-kernel/src/main/java/org/apache/openjpa/util/Exceptions.java,23
0.9.6,openjpa-kernel/src/main/java/org/apache/openjpa/util/GeneralException.java,1
0.9.6,openjpa-kernel/src/main/java/org/apache/openjpa/util/Id.java,9
0.9.6,openjpa-kernel/src/main/java/org/apache/openjpa/util/ImplHelper.java,9
0.9.6,openjpa-kernel/src/main/java/org/apache/openjpa/util/IntId.java,1
0.9.6,openjpa-kernel/src/main/java/org/apache/openjpa/util/LockException.java,2
0.9.6,openjpa-kernel/src/main/java/org/apache/openjpa/util/MapChangeTracker.java,5
0.9.6,openjpa-kernel/src/main/java/org/apache/openjpa/util/MapChangeTrackerImpl.java,15
0.9.6,openjpa-kernel/src/main/java/org/apache/openjpa/util/MultiLoaderClassResolver.java,3
0.9.6,openjpa-kernel/src/main/java/org/apache/openjpa/util/OpenJPAException.java,10
0.9.6,openjpa-kernel/src/main/java/org/apache/openjpa/util/OpenJPAId.java,11
0.9.6,openjpa-kernel/src/main/java/org/apache/openjpa/util/Proxies.java,29
0.9.6,openjpa-kernel/src/main/java/org/apache/openjpa/util/Proxy.java,5
0.9.6,openjpa-kernel/src/main/java/org/apache/openjpa/util/ProxyArrayList.java,32
0.9.6,openjpa-kernel/src/main/java/org/apache/openjpa/util/ProxyCalendar.java,1
0.9.6,openjpa-kernel/src/main/java/org/apache/openjpa/util/ProxyCollection.java,1
0.9.6,openjpa-kernel/src/main/java/org/apache/openjpa/util/ProxyDate.java,1
0.9.6,openjpa-kernel/src/main/java/org/apache/openjpa/util/ProxyGregorianCalendar.java,13
0.9.6,openjpa-kernel/src/main/java/org/apache/openjpa/util/ProxyHashMap.java,16
0.9.6,openjpa-kernel/src/main/java/org/apache/openjpa/util/ProxyHashSet.java,19
0.9.6,openjpa-kernel/src/main/java/org/apache/openjpa/util/ProxyHashtable.java,16
0.9.6,openjpa-kernel/src/main/java/org/apache/openjpa/util/ProxyLinkedList.java,41
0.9.6,openjpa-kernel/src/main/java/org/apache/openjpa/util/ProxyManager.java,11
0.9.6,openjpa-kernel/src/main/java/org/apache/openjpa/util/ProxyManagerImpl.java,10
0.9.6,openjpa-kernel/src/main/java/org/apache/openjpa/util/ProxyMap.java,1
0.9.6,openjpa-kernel/src/main/java/org/apache/openjpa/util/ProxyProperties.java,18
0.9.6,openjpa-kernel/src/main/java/org/apache/openjpa/util/ProxySQLDate.java,8
0.9.6,openjpa-kernel/src/main/java/org/apache/openjpa/util/ProxyTime.java,8
0.9.6,openjpa-kernel/src/main/java/org/apache/openjpa/util/ProxyTimestamp.java,9
0.9.6,openjpa-kernel/src/main/java/org/apache/openjpa/util/ProxyTreeMap.java,19
0.9.6,openjpa-kernel/src/main/java/org/apache/openjpa/util/ProxyTreeSet.java,22
0.9.6,openjpa-kernel/src/main/java/org/apache/openjpa/util/ProxyUtilDate.java,8
0.9.6,openjpa-kernel/src/main/java/org/apache/openjpa/util/ProxyVector.java,43
0.9.6,openjpa-kernel/src/main/java/org/apache/openjpa/util/RuntimeExceptionTranslator.java,1
0.9.6,openjpa-kernel/src/main/java/org/apache/openjpa/util/Serialization.java,8
0.9.6,openjpa-kernel/src/main/java/org/apache/openjpa/util/ShortId.java,2
0.9.6,openjpa-kernel/src/main/java/org/apache/openjpa/util/StoreFacadeTypeRegistry.java,6
0.9.6,openjpa-kernel/src/main/java/org/apache/openjpa/util/StringId.java,1
0.9.6,openjpa-kernel/src/main/java/org/apache/openjpa/util/UserException.java,1
0.9.6,openjpa-lib/src/main/java/org/apache/openjpa/lib/ant/AbstractTask.java,14
0.9.6,openjpa-lib/src/main/java/org/apache/openjpa/lib/conf/AbstractProductDerivation.java,1
0.9.6,openjpa-lib/src/main/java/org/apache/openjpa/lib/conf/BooleanValue.java,3
0.9.6,openjpa-lib/src/main/java/org/apache/openjpa/lib/conf/Configurable.java,3
0.9.6,openjpa-lib/src/main/java/org/apache/openjpa/lib/conf/Configuration.java,28
0.9.6,openjpa-lib/src/main/java/org/apache/openjpa/lib/conf/ConfigurationImpl.java,101
0.9.6,openjpa-lib/src/main/java/org/apache/openjpa/lib/conf/ConfigurationProvider.java,4
0.9.6,openjpa-lib/src/main/java/org/apache/openjpa/lib/conf/Configurations.java,59
0.9.6,openjpa-lib/src/main/java/org/apache/openjpa/lib/conf/DoubleValue.java,5
0.9.6,openjpa-lib/src/main/java/org/apache/openjpa/lib/conf/FileValue.java,1
0.9.6,openjpa-lib/src/main/java/org/apache/openjpa/lib/conf/GenericConfigurable.java,1
0.9.6,openjpa-lib/src/main/java/org/apache/openjpa/lib/conf/IntValue.java,5
0.9.6,openjpa-lib/src/main/java/org/apache/openjpa/lib/conf/MapConfigurationProvider.java,6
0.9.6,openjpa-lib/src/main/java/org/apache/openjpa/lib/conf/ObjectValue.java,3
0.9.6,openjpa-lib/src/main/java/org/apache/openjpa/lib/conf/PluginListValue.java,14
0.9.6,openjpa-lib/src/main/java/org/apache/openjpa/lib/conf/PluginValue.java,6
0.9.6,openjpa-lib/src/main/java/org/apache/openjpa/lib/conf/ProductDerivation.java,12
0.9.6,openjpa-lib/src/main/java/org/apache/openjpa/lib/conf/ProductDerivations.java,31
0.9.6,openjpa-lib/src/main/java/org/apache/openjpa/lib/conf/StringListValue.java,2
0.9.6,openjpa-lib/src/main/java/org/apache/openjpa/lib/conf/StringValue.java,1
0.9.6,openjpa-lib/src/main/java/org/apache/openjpa/lib/conf/Value.java,23
0.9.6,openjpa-lib/src/main/java/org/apache/openjpa/lib/conf/ValueListener.java,1
0.9.6,openjpa-lib/src/main/java/org/apache/openjpa/lib/jdbc/AbstractJDBCListener.java,1
0.9.6,openjpa-lib/src/main/java/org/apache/openjpa/lib/jdbc/ConfiguringConnectionDecorator.java,12
0.9.6,openjpa-lib/src/main/java/org/apache/openjpa/lib/jdbc/ConnectionDecorator.java,1
0.9.6,openjpa-lib/src/main/java/org/apache/openjpa/lib/jdbc/DataSourceLogs.java,8
0.9.6,openjpa-lib/src/main/java/org/apache/openjpa/lib/jdbc/DecoratingDataSource.java,5
0.9.6,openjpa-lib/src/main/java/org/apache/openjpa/lib/jdbc/DelegatingCallableStatement.java,167
0.9.6,openjpa-lib/src/main/java/org/apache/openjpa/lib/jdbc/DelegatingConnection.java,96
0.9.6,openjpa-lib/src/main/java/org/apache/openjpa/lib/jdbc/DelegatingDataSource.java,16
0.9.6,openjpa-lib/src/main/java/org/apache/openjpa/lib/jdbc/DelegatingDatabaseMetaData.java,170
0.9.6,openjpa-lib/src/main/java/org/apache/openjpa/lib/jdbc/DelegatingPreparedStatement.java,89
0.9.6,openjpa-lib/src/main/java/org/apache/openjpa/lib/jdbc/DelegatingResultSet.java,146
0.9.6,openjpa-lib/src/main/java/org/apache/openjpa/lib/jdbc/DelegatingStatement.java,50
0.9.6,openjpa-lib/src/main/java/org/apache/openjpa/lib/jdbc/JDBCEventConnectionDecorator.java,7
0.9.6,openjpa-lib/src/main/java/org/apache/openjpa/lib/jdbc/JDBCListener.java,12
0.9.6,openjpa-lib/src/main/java/org/apache/openjpa/lib/jdbc/LoggingConnectionDecorator.java,100
0.9.6,openjpa-lib/src/main/java/org/apache/openjpa/lib/jdbc/ReportingSQLException.java,6
0.9.6,openjpa-lib/src/main/java/org/apache/openjpa/lib/jdbc/SQLFormatter.java,17
0.9.6,openjpa-lib/src/main/java/org/apache/openjpa/lib/log/AbstractLog.java,11
0.9.6,openjpa-lib/src/main/java/org/apache/openjpa/lib/log/CommonsLogFactory.java,2
0.9.6,openjpa-lib/src/main/java/org/apache/openjpa/lib/log/Log.java,20
0.9.6,openjpa-lib/src/main/java/org/apache/openjpa/lib/log/Log4JLogFactory.java,1
0.9.6,openjpa-lib/src/main/java/org/apache/openjpa/lib/log/LogFactory.java,1
0.9.6,openjpa-lib/src/main/java/org/apache/openjpa/lib/log/LogFactoryImpl.java,9
0.9.6,openjpa-lib/src/main/java/org/apache/openjpa/lib/log/LogOutputStream.java,3
0.9.6,openjpa-lib/src/main/java/org/apache/openjpa/lib/log/MultiLogFactory.java,38
0.9.6,openjpa-lib/src/main/java/org/apache/openjpa/lib/log/NoneLogFactory.java,10
0.9.6,openjpa-lib/src/main/java/org/apache/openjpa/lib/meta/CFMetaDataParser.java,29
0.9.6,openjpa-lib/src/main/java/org/apache/openjpa/lib/meta/CFMetaDataSerializer.java,5
0.9.6,openjpa-lib/src/main/java/org/apache/openjpa/lib/meta/ClassAnnotationMetaDataFilter.java,12
0.9.6,openjpa-lib/src/main/java/org/apache/openjpa/lib/meta/ClassArgParser.java,67
0.9.6,openjpa-lib/src/main/java/org/apache/openjpa/lib/meta/ClassMetaDataIterator.java,15
0.9.6,openjpa-lib/src/main/java/org/apache/openjpa/lib/meta/ClasspathMetaDataIterator.java,8
0.9.6,openjpa-lib/src/main/java/org/apache/openjpa/lib/meta/FileMetaDataIterator.java,18
0.9.6,openjpa-lib/src/main/java/org/apache/openjpa/lib/meta/MetaDataFilter.java,4
0.9.6,openjpa-lib/src/main/java/org/apache/openjpa/lib/meta/MetaDataIterator.java,5
0.9.6,openjpa-lib/src/main/java/org/apache/openjpa/lib/meta/MetaDataIteratorChain.java,11
0.9.6,openjpa-lib/src/main/java/org/apache/openjpa/lib/meta/MetaDataParser.java,9
0.9.6,openjpa-lib/src/main/java/org/apache/openjpa/lib/meta/MetaDataSerializer.java,8
0.9.6,openjpa-lib/src/main/java/org/apache/openjpa/lib/meta/ResourceMetaDataIterator.java,6
0.9.6,openjpa-lib/src/main/java/org/apache/openjpa/lib/meta/SourceTracker.java,7
0.9.6,openjpa-lib/src/main/java/org/apache/openjpa/lib/meta/SourceTrackers.java,2
0.9.6,openjpa-lib/src/main/java/org/apache/openjpa/lib/meta/URLMetaDataIterator.java,7
0.9.6,openjpa-lib/src/main/java/org/apache/openjpa/lib/meta/XMLMetaDataParser.java,60
0.9.6,openjpa-lib/src/main/java/org/apache/openjpa/lib/meta/XMLMetaDataSerializer.java,27
0.9.6,openjpa-lib/src/main/java/org/apache/openjpa/lib/meta/ZipFileMetaDataIterator.java,12
0.9.6,openjpa-lib/src/main/java/org/apache/openjpa/lib/meta/ZipStreamMetaDataIterator.java,16
0.9.6,openjpa-lib/src/main/java/org/apache/openjpa/lib/rop/AbstractListIterator.java,3
0.9.6,openjpa-lib/src/main/java/org/apache/openjpa/lib/rop/AbstractNonSequentialResultList.java,16
0.9.6,openjpa-lib/src/main/java/org/apache/openjpa/lib/rop/AbstractResultList.java,2
0.9.6,openjpa-lib/src/main/java/org/apache/openjpa/lib/rop/AbstractSequentialResultList.java,13
0.9.6,openjpa-lib/src/main/java/org/apache/openjpa/lib/rop/EagerResultList.java,2
0.9.6,openjpa-lib/src/main/java/org/apache/openjpa/lib/rop/LazyForwardResultList.java,15
0.9.6,openjpa-lib/src/main/java/org/apache/openjpa/lib/rop/ListResultObjectProvider.java,3
0.9.6,openjpa-lib/src/main/java/org/apache/openjpa/lib/rop/MergedResultObjectProvider.java,15
0.9.6,openjpa-lib/src/main/java/org/apache/openjpa/lib/rop/RandomAccessResultList.java,16
0.9.6,openjpa-lib/src/main/java/org/apache/openjpa/lib/rop/RangeResultObjectProvider.java,9
0.9.6,openjpa-lib/src/main/java/org/apache/openjpa/lib/rop/ResultList.java,3
0.9.6,openjpa-lib/src/main/java/org/apache/openjpa/lib/rop/ResultListIterator.java,3
0.9.6,openjpa-lib/src/main/java/org/apache/openjpa/lib/rop/ResultObjectProvider.java,9
0.9.6,openjpa-lib/src/main/java/org/apache/openjpa/lib/rop/ResultObjectProviderIterator.java,8
0.9.6,openjpa-lib/src/main/java/org/apache/openjpa/lib/rop/SimpleResultList.java,5
0.9.6,openjpa-lib/src/main/java/org/apache/openjpa/lib/rop/WindowResultList.java,11
0.9.6,openjpa-lib/src/main/java/org/apache/openjpa/lib/util/AbstractEventManager.java,11
0.9.6,openjpa-lib/src/main/java/org/apache/openjpa/lib/util/Base16Encoder.java,9
0.9.6,openjpa-lib/src/main/java/org/apache/openjpa/lib/util/BytecodeWriter.java,1
0.9.6,openjpa-lib/src/main/java/org/apache/openjpa/lib/util/Bytes.java,11
0.9.6,openjpa-lib/src/main/java/org/apache/openjpa/lib/util/Closeable.java,1
0.9.6,openjpa-lib/src/main/java/org/apache/openjpa/lib/util/CodeFormat.java,30
0.9.6,openjpa-lib/src/main/java/org/apache/openjpa/lib/util/EventManager.java,6
0.9.6,openjpa-lib/src/main/java/org/apache/openjpa/lib/util/Files.java,35
0.9.6,openjpa-lib/src/main/java/org/apache/openjpa/lib/util/FormatPreservingProperties.java,66
0.9.6,openjpa-lib/src/main/java/org/apache/openjpa/lib/util/JavaVersions.java,28
0.9.6,openjpa-lib/src/main/java/org/apache/openjpa/lib/util/LRUMap.java,3
0.9.6,openjpa-lib/src/main/java/org/apache/openjpa/lib/util/Localizer.java,7
0.9.6,openjpa-lib/src/main/java/org/apache/openjpa/lib/util/MultiClassLoader.java,30
0.9.6,openjpa-lib/src/main/java/org/apache/openjpa/lib/util/Options.java,74
0.9.6,openjpa-lib/src/main/java/org/apache/openjpa/lib/util/ParameterTemplate.java,11
0.9.6,openjpa-lib/src/main/java/org/apache/openjpa/lib/util/ParseException.java,1
0.9.6,openjpa-lib/src/main/java/org/apache/openjpa/lib/util/ReferenceHashMap.java,17
0.9.6,openjpa-lib/src/main/java/org/apache/openjpa/lib/util/ReferenceHashSet.java,15
0.9.6,openjpa-lib/src/main/java/org/apache/openjpa/lib/util/ReferenceMap.java,6
0.9.6,openjpa-lib/src/main/java/org/apache/openjpa/lib/util/ResourceBundleProvider.java,1
0.9.6,openjpa-lib/src/main/java/org/apache/openjpa/lib/util/Services.java,17
0.9.6,openjpa-lib/src/main/java/org/apache/openjpa/lib/util/SimpleRegex.java,12
0.9.6,openjpa-lib/src/main/java/org/apache/openjpa/lib/util/SimpleResourceBundleProvider.java,4
0.9.6,openjpa-lib/src/main/java/org/apache/openjpa/lib/util/SizedMap.java,4
0.9.6,openjpa-lib/src/main/java/org/apache/openjpa/lib/util/StreamResourceBundleProvider.java,3
0.9.6,openjpa-lib/src/main/java/org/apache/openjpa/lib/util/StringDistance.java,17
0.9.6,openjpa-lib/src/main/java/org/apache/openjpa/lib/util/TemporaryClassLoader.java,11
0.9.6,openjpa-lib/src/main/java/org/apache/openjpa/lib/util/TypedProperties.java,9
0.9.6,openjpa-lib/src/main/java/org/apache/openjpa/lib/util/UUIDGenerator.java,2
0.9.6,openjpa-lib/src/main/java/org/apache/openjpa/lib/util/ZipResourceBundleProvider.java,7
0.9.6,openjpa-lib/src/main/java/org/apache/openjpa/lib/util/concurrent/AbstractCollection.java,2
0.9.6,openjpa-lib/src/main/java/org/apache/openjpa/lib/util/concurrent/AbstractConcurrentEventManager.java,7
0.9.6,openjpa-lib/src/main/java/org/apache/openjpa/lib/util/concurrent/AbstractQueue.java,13
0.9.6,openjpa-lib/src/main/java/org/apache/openjpa/lib/util/concurrent/AbstractSet.java,2
0.9.6,openjpa-lib/src/main/java/org/apache/openjpa/lib/util/concurrent/Arrays.java,87
0.9.6,openjpa-lib/src/main/java/org/apache/openjpa/lib/util/concurrent/ConcurrentHashMap.java,100
0.9.6,openjpa-lib/src/main/java/org/apache/openjpa/lib/util/concurrent/ConcurrentHashSet.java,14
0.9.6,openjpa-lib/src/main/java/org/apache/openjpa/lib/util/concurrent/ConcurrentLinkedQueue.java,48
0.9.6,openjpa-lib/src/main/java/org/apache/openjpa/lib/util/concurrent/ConcurrentMap.java,2
0.9.6,openjpa-lib/src/main/java/org/apache/openjpa/lib/util/concurrent/ConcurrentReferenceHashMap.java,148
0.9.6,openjpa-lib/src/main/java/org/apache/openjpa/lib/util/concurrent/ConcurrentReferenceHashSet.java,15
0.9.6,openjpa-lib/src/main/java/org/apache/openjpa/lib/util/concurrent/CondVar.java,18
0.9.6,openjpa-lib/src/main/java/org/apache/openjpa/lib/util/concurrent/CopyOnWriteArrayList.java,159
0.9.6,openjpa-lib/src/main/java/org/apache/openjpa/lib/util/concurrent/CopyOnWriteArraySet.java,9
0.9.6,openjpa-lib/src/main/java/org/apache/openjpa/lib/util/concurrent/FIFOCondVar.java,13
0.9.6,openjpa-lib/src/main/java/org/apache/openjpa/lib/util/concurrent/FIFOWaitQueue.java,8
0.9.6,openjpa-lib/src/main/java/org/apache/openjpa/lib/util/concurrent/Queue.java,1
0.9.6,openjpa-lib/src/main/java/org/apache/openjpa/lib/util/concurrent/ReentrantLock.java,61
0.9.6,openjpa-lib/src/main/java/org/apache/openjpa/lib/util/concurrent/TimeUnit.java,67
0.9.6,openjpa-lib/src/main/java/org/apache/openjpa/lib/util/concurrent/Utils.java,13
0.9.6,openjpa-lib/src/main/java/org/apache/openjpa/lib/util/concurrent/WaitQueue.java,7
0.9.6,openjpa-lib/src/main/java/org/apache/openjpa/lib/xml/Commentable.java,3
0.9.6,openjpa-lib/src/main/java/org/apache/openjpa/lib/xml/DocTypeReader.java,26
0.9.6,openjpa-lib/src/main/java/org/apache/openjpa/lib/xml/Location.java,1
0.9.6,openjpa-lib/src/main/java/org/apache/openjpa/lib/xml/ValidatingErrorHandler.java,3
0.9.6,openjpa-lib/src/main/java/org/apache/openjpa/lib/xml/XMLFactory.java,5
0.9.6,openjpa-lib/src/main/java/org/apache/openjpa/lib/xml/XMLWriter.java,11
0.9.6,openjpa-persistence-jdbc/src/main/java/org/apache/openjpa/persistence/jdbc/AnnotationPersistenceMappingParser.java,110
0.9.6,openjpa-persistence-jdbc/src/main/java/org/apache/openjpa/persistence/jdbc/EagerFetchType.java,1
0.9.6,openjpa-persistence-jdbc/src/main/java/org/apache/openjpa/persistence/jdbc/EmbeddedMapping.java,2
0.9.6,openjpa-persistence-jdbc/src/main/java/org/apache/openjpa/persistence/jdbc/ForeignKeyAction.java,1
0.9.6,openjpa-persistence-jdbc/src/main/java/org/apache/openjpa/persistence/jdbc/JDBCFetchPlan.java,12
0.9.6,openjpa-persistence-jdbc/src/main/java/org/apache/openjpa/persistence/jdbc/JDBCPersistenceProductDerivation.java,4
0.9.6,openjpa-persistence-jdbc/src/main/java/org/apache/openjpa/persistence/jdbc/NonpolymorphicType.java,1
0.9.6,openjpa-persistence-jdbc/src/main/java/org/apache/openjpa/persistence/jdbc/PersistenceMappingDefaults.java,16
0.9.6,openjpa-persistence-jdbc/src/main/java/org/apache/openjpa/persistence/jdbc/PersistenceMappingFactory.java,2
0.9.6,openjpa-persistence-jdbc/src/main/java/org/apache/openjpa/persistence/jdbc/XMLPersistenceMappingParser.java,62
0.9.6,openjpa-persistence-jdbc/src/main/java/org/apache/openjpa/persistence/jdbc/XMLPersistenceMappingSerializer.java,79
0.9.6,openjpa-persistence/src/main/java/org/apache/openjpa/persistence/AnnotationPersistenceMetaDataParser.java,206
0.9.6,openjpa-persistence/src/main/java/org/apache/openjpa/persistence/ArgumentException.java,5
0.9.6,openjpa-persistence/src/main/java/org/apache/openjpa/persistence/EntityExistsException.java,1
0.9.6,openjpa-persistence/src/main/java/org/apache/openjpa/persistence/EntityManagerFactoryImpl.java,27
0.9.6,openjpa-persistence/src/main/java/org/apache/openjpa/persistence/EntityManagerFactoryValue.java,1
0.9.6,openjpa-persistence/src/main/java/org/apache/openjpa/persistence/EntityManagerImpl.java,39
0.9.6,openjpa-persistence/src/main/java/org/apache/openjpa/persistence/EntityNotFoundException.java,1
0.9.6,openjpa-persistence/src/main/java/org/apache/openjpa/persistence/Extent.java,9
0.9.6,openjpa-persistence/src/main/java/org/apache/openjpa/persistence/ExtentImpl.java,6
0.9.6,openjpa-persistence/src/main/java/org/apache/openjpa/persistence/FetchPlan.java,42
0.9.6,openjpa-persistence/src/main/java/org/apache/openjpa/persistence/FetchPlanImpl.java,8
0.9.6,openjpa-persistence/src/main/java/org/apache/openjpa/persistence/Generator.java,7
0.9.6,openjpa-persistence/src/main/java/org/apache/openjpa/persistence/GeneratorImpl.java,5
0.9.6,openjpa-persistence/src/main/java/org/apache/openjpa/persistence/InvalidStateException.java,5
0.9.6,openjpa-persistence/src/main/java/org/apache/openjpa/persistence/MetaDataParsers.java,8
0.9.6,openjpa-persistence/src/main/java/org/apache/openjpa/persistence/NoResultException.java,1
0.9.6,openjpa-persistence/src/main/java/org/apache/openjpa/persistence/NonUniqueResultException.java,1
0.9.6,openjpa-persistence/src/main/java/org/apache/openjpa/persistence/OpenJPAEntityManager.java,137
0.9.6,openjpa-persistence/src/main/java/org/apache/openjpa/persistence/OpenJPAEntityManagerFactory.java,11
0.9.6,openjpa-persistence/src/main/java/org/apache/openjpa/persistence/OpenJPAPersistence.java,40
0.9.6,openjpa-persistence/src/main/java/org/apache/openjpa/persistence/OpenJPAQuery.java,38
0.9.6,openjpa-persistence/src/main/java/org/apache/openjpa/persistence/OptimisticLockException.java,1
0.9.6,openjpa-persistence/src/main/java/org/apache/openjpa/persistence/PersistenceException.java,1
0.9.6,openjpa-persistence/src/main/java/org/apache/openjpa/persistence/PersistenceExceptions.java,13
0.9.6,openjpa-persistence/src/main/java/org/apache/openjpa/persistence/PersistenceListenerAdapter.java,8
0.9.6,openjpa-persistence/src/main/java/org/apache/openjpa/persistence/PersistenceMetaDataDefaults.java,27
0.9.6,openjpa-persistence/src/main/java/org/apache/openjpa/persistence/PersistenceMetaDataFactory.java,35
0.9.6,openjpa-persistence/src/main/java/org/apache/openjpa/persistence/PersistenceProductDerivation.java,42
0.9.6,openjpa-persistence/src/main/java/org/apache/openjpa/persistence/PersistenceProviderImpl.java,3
0.9.6,openjpa-persistence/src/main/java/org/apache/openjpa/persistence/PersistenceUnitInfoImpl.java,33
0.9.6,openjpa-persistence/src/main/java/org/apache/openjpa/persistence/QueryImpl.java,49
0.9.6,openjpa-persistence/src/main/java/org/apache/openjpa/persistence/QueryResultCache.java,6
0.9.6,openjpa-persistence/src/main/java/org/apache/openjpa/persistence/QueryResultCacheImpl.java,9
0.9.6,openjpa-persistence/src/main/java/org/apache/openjpa/persistence/RollbackException.java,1
0.9.6,openjpa-persistence/src/main/java/org/apache/openjpa/persistence/StoreCache.java,15
0.9.6,openjpa-persistence/src/main/java/org/apache/openjpa/persistence/StoreCacheImpl.java,14
0.9.6,openjpa-persistence/src/main/java/org/apache/openjpa/persistence/TransactionRequiredException.java,1
0.9.6,openjpa-persistence/src/main/java/org/apache/openjpa/persistence/UpdateAction.java,1
0.9.6,openjpa-persistence/src/main/java/org/apache/openjpa/persistence/XMLPersistenceMetaDataParser.java,152
0.9.6,openjpa-persistence/src/main/java/org/apache/openjpa/persistence/XMLPersistenceMetaDataSerializer.java,184
0.9.6,openjpa-xmlstore/src/main/java/org/apache/openjpa/xmlstore/ObjectData.java,26
0.9.6,openjpa-xmlstore/src/main/java/org/apache/openjpa/xmlstore/XMLConfiguration.java,2
0.9.6,openjpa-xmlstore/src/main/java/org/apache/openjpa/xmlstore/XMLFileHandler.java,48
0.9.6,openjpa-xmlstore/src/main/java/org/apache/openjpa/xmlstore/XMLStore.java,10
0.9.6,openjpa-xmlstore/src/main/java/org/apache/openjpa/xmlstore/XMLStoreManager.java,20
0.9.7,openjpa-examples/src/main/java/hellojpa/Main.java,2
0.9.7,openjpa-examples/src/main/java/hellojpa/Message.java,2
0.9.7,openjpa-examples/src/main/java/relations/Deity.java,5
0.9.7,openjpa-examples/src/main/java/relations/Main.java,15
0.9.7,openjpa-jdbc-5/src/main/java/org/apache/openjpa/jdbc/kernel/JDBC3SavepointManager.java,2
0.9.7,openjpa-jdbc-5/src/main/java/org/apache/openjpa/jdbc/meta/strats/EnumValueHandler.java,8
0.9.7,openjpa-jdbc/src/main/java/org/apache/openjpa/jdbc/ant/MappingToolTask.java,4
0.9.7,openjpa-jdbc/src/main/java/org/apache/openjpa/jdbc/ant/ReverseMappingToolTask.java,4
0.9.7,openjpa-jdbc/src/main/java/org/apache/openjpa/jdbc/ant/SchemaToolTask.java,1
0.9.7,openjpa-jdbc/src/main/java/org/apache/openjpa/jdbc/conf/JDBCConfiguration.java,72
0.9.7,openjpa-jdbc/src/main/java/org/apache/openjpa/jdbc/conf/JDBCConfigurationImpl.java,34
0.9.7,openjpa-jdbc/src/main/java/org/apache/openjpa/jdbc/conf/MappingFactoryValue.java,11
0.9.7,openjpa-jdbc/src/main/java/org/apache/openjpa/jdbc/conf/MappingRepositoryValue.java,1
0.9.7,openjpa-jdbc/src/main/java/org/apache/openjpa/jdbc/kernel/AbstractJDBCSavepointManager.java,2
0.9.7,openjpa-jdbc/src/main/java/org/apache/openjpa/jdbc/kernel/AbstractJDBCSeq.java,10
0.9.7,openjpa-jdbc/src/main/java/org/apache/openjpa/jdbc/kernel/AbstractUpdateManager.java,39
0.9.7,openjpa-jdbc/src/main/java/org/apache/openjpa/jdbc/kernel/ClassTableJDBCSeq.java,19
0.9.7,openjpa-jdbc/src/main/java/org/apache/openjpa/jdbc/kernel/EagerFetchModes.java,6
0.9.7,openjpa-jdbc/src/main/java/org/apache/openjpa/jdbc/kernel/GenericResultObjectProvider.java,6
0.9.7,openjpa-jdbc/src/main/java/org/apache/openjpa/jdbc/kernel/InstanceResultObjectProvider.java,1
0.9.7,openjpa-jdbc/src/main/java/org/apache/openjpa/jdbc/kernel/JDBCBrokerFactory.java,10
0.9.7,openjpa-jdbc/src/main/java/org/apache/openjpa/jdbc/kernel/JDBCFetchConfiguration.java,23
0.9.7,openjpa-jdbc/src/main/java/org/apache/openjpa/jdbc/kernel/JDBCFetchConfigurationImpl.java,34
0.9.7,openjpa-jdbc/src/main/java/org/apache/openjpa/jdbc/kernel/JDBCLockManager.java,2
0.9.7,openjpa-jdbc/src/main/java/org/apache/openjpa/jdbc/kernel/JDBCSeq.java,1
0.9.7,openjpa-jdbc/src/main/java/org/apache/openjpa/jdbc/kernel/JDBCStore.java,10
0.9.7,openjpa-jdbc/src/main/java/org/apache/openjpa/jdbc/kernel/JDBCStoreManager.java,131
0.9.7,openjpa-jdbc/src/main/java/org/apache/openjpa/jdbc/kernel/JDBCStoreQuery.java,67
0.9.7,openjpa-jdbc/src/main/java/org/apache/openjpa/jdbc/kernel/LRSSizes.java,6
0.9.7,openjpa-jdbc/src/main/java/org/apache/openjpa/jdbc/kernel/MappedQueryResultObjectProvider.java,40
0.9.7,openjpa-jdbc/src/main/java/org/apache/openjpa/jdbc/kernel/NativeJDBCSeq.java,22
0.9.7,openjpa-jdbc/src/main/java/org/apache/openjpa/jdbc/kernel/OperationOrderUpdateManager.java,18
0.9.7,openjpa-jdbc/src/main/java/org/apache/openjpa/jdbc/kernel/PagingResultObjectProvider.java,48
0.9.7,openjpa-jdbc/src/main/java/org/apache/openjpa/jdbc/kernel/PessimisticLockManager.java,15
0.9.7,openjpa-jdbc/src/main/java/org/apache/openjpa/jdbc/kernel/PreparedStatementManager.java,3
0.9.7,openjpa-jdbc/src/main/java/org/apache/openjpa/jdbc/kernel/PreparedStatementManagerImpl.java,7
0.9.7,openjpa-jdbc/src/main/java/org/apache/openjpa/jdbc/kernel/ProjectionResultObjectProvider.java,1
0.9.7,openjpa-jdbc/src/main/java/org/apache/openjpa/jdbc/kernel/SQLProjectionResultObjectProvider.java,7
0.9.7,openjpa-jdbc/src/main/java/org/apache/openjpa/jdbc/kernel/SQLStoreQuery.java,34
0.9.7,openjpa-jdbc/src/main/java/org/apache/openjpa/jdbc/kernel/SelectResultObjectProvider.java,7
0.9.7,openjpa-jdbc/src/main/java/org/apache/openjpa/jdbc/kernel/TableJDBCSeq.java,49
0.9.7,openjpa-jdbc/src/main/java/org/apache/openjpa/jdbc/kernel/UpdateManager.java,2
0.9.7,openjpa-jdbc/src/main/java/org/apache/openjpa/jdbc/kernel/ValueTableJDBCSeq.java,11
0.9.7,openjpa-jdbc/src/main/java/org/apache/openjpa/jdbc/kernel/exps/Abs.java,1
0.9.7,openjpa-jdbc/src/main/java/org/apache/openjpa/jdbc/kernel/exps/Aggregate.java,11
0.9.7,openjpa-jdbc/src/main/java/org/apache/openjpa/jdbc/kernel/exps/AndExpression.java,4
0.9.7,openjpa-jdbc/src/main/java/org/apache/openjpa/jdbc/kernel/exps/Args.java,22
0.9.7,openjpa-jdbc/src/main/java/org/apache/openjpa/jdbc/kernel/exps/BinaryOpExpState.java,1
0.9.7,openjpa-jdbc/src/main/java/org/apache/openjpa/jdbc/kernel/exps/BindVariableAndExpression.java,2
0.9.7,openjpa-jdbc/src/main/java/org/apache/openjpa/jdbc/kernel/exps/BindVariableExpression.java,2
0.9.7,openjpa-jdbc/src/main/java/org/apache/openjpa/jdbc/kernel/exps/CompareEqualExpression.java,5
0.9.7,openjpa-jdbc/src/main/java/org/apache/openjpa/jdbc/kernel/exps/CompareExpression.java,1
0.9.7,openjpa-jdbc/src/main/java/org/apache/openjpa/jdbc/kernel/exps/Concat.java,2
0.9.7,openjpa-jdbc/src/main/java/org/apache/openjpa/jdbc/kernel/exps/Const.java,20
0.9.7,openjpa-jdbc/src/main/java/org/apache/openjpa/jdbc/kernel/exps/ConstGetObjectId.java,5
0.9.7,openjpa-jdbc/src/main/java/org/apache/openjpa/jdbc/kernel/exps/ConstInstanceofExpression.java,2
0.9.7,openjpa-jdbc/src/main/java/org/apache/openjpa/jdbc/kernel/exps/ConstPath.java,12
0.9.7,openjpa-jdbc/src/main/java/org/apache/openjpa/jdbc/kernel/exps/ContainsExpression.java,2
0.9.7,openjpa-jdbc/src/main/java/org/apache/openjpa/jdbc/kernel/exps/ContainsKeyExpression.java,1
0.9.7,openjpa-jdbc/src/main/java/org/apache/openjpa/jdbc/kernel/exps/CurrentDate.java,1
0.9.7,openjpa-jdbc/src/main/java/org/apache/openjpa/jdbc/kernel/exps/EmptyExpression.java,2
0.9.7,openjpa-jdbc/src/main/java/org/apache/openjpa/jdbc/kernel/exps/EndsWithExpression.java,3
0.9.7,openjpa-jdbc/src/main/java/org/apache/openjpa/jdbc/kernel/exps/EqualExpression.java,7
0.9.7,openjpa-jdbc/src/main/java/org/apache/openjpa/jdbc/kernel/exps/Exp.java,3
0.9.7,openjpa-jdbc/src/main/java/org/apache/openjpa/jdbc/kernel/exps/ExpContext.java,1
0.9.7,openjpa-jdbc/src/main/java/org/apache/openjpa/jdbc/kernel/exps/ExpState.java,1
0.9.7,openjpa-jdbc/src/main/java/org/apache/openjpa/jdbc/kernel/exps/Extension.java,15
0.9.7,openjpa-jdbc/src/main/java/org/apache/openjpa/jdbc/kernel/exps/FilterValue.java,13
0.9.7,openjpa-jdbc/src/main/java/org/apache/openjpa/jdbc/kernel/exps/FilterValueImpl.java,4
0.9.7,openjpa-jdbc/src/main/java/org/apache/openjpa/jdbc/kernel/exps/GetColumn.java,2
0.9.7,openjpa-jdbc/src/main/java/org/apache/openjpa/jdbc/kernel/exps/GetMapValue.java,8
0.9.7,openjpa-jdbc/src/main/java/org/apache/openjpa/jdbc/kernel/exps/GetObjectId.java,7
0.9.7,openjpa-jdbc/src/main/java/org/apache/openjpa/jdbc/kernel/exps/HasContainsExpressionVisitor.java,2
0.9.7,openjpa-jdbc/src/main/java/org/apache/openjpa/jdbc/kernel/exps/InExpression.java,18
0.9.7,openjpa-jdbc/src/main/java/org/apache/openjpa/jdbc/kernel/exps/IndexOf.java,2
0.9.7,openjpa-jdbc/src/main/java/org/apache/openjpa/jdbc/kernel/exps/InstanceofExpression.java,9
0.9.7,openjpa-jdbc/src/main/java/org/apache/openjpa/jdbc/kernel/exps/JDBCAggregateListener.java,1
0.9.7,openjpa-jdbc/src/main/java/org/apache/openjpa/jdbc/kernel/exps/JDBCExpressionFactory.java,14
0.9.7,openjpa-jdbc/src/main/java/org/apache/openjpa/jdbc/kernel/exps/JDBCFilterListener.java,1
0.9.7,openjpa-jdbc/src/main/java/org/apache/openjpa/jdbc/kernel/exps/JDBCPath.java,1
0.9.7,openjpa-jdbc/src/main/java/org/apache/openjpa/jdbc/kernel/exps/JDBCStringContains.java,3
0.9.7,openjpa-jdbc/src/main/java/org/apache/openjpa/jdbc/kernel/exps/JDBCWildcardMatch.java,2
0.9.7,openjpa-jdbc/src/main/java/org/apache/openjpa/jdbc/kernel/exps/Lit.java,4
0.9.7,openjpa-jdbc/src/main/java/org/apache/openjpa/jdbc/kernel/exps/MatchesExpression.java,9
0.9.7,openjpa-jdbc/src/main/java/org/apache/openjpa/jdbc/kernel/exps/Math.java,1
0.9.7,openjpa-jdbc/src/main/java/org/apache/openjpa/jdbc/kernel/exps/NotContainsExpression.java,1
0.9.7,openjpa-jdbc/src/main/java/org/apache/openjpa/jdbc/kernel/exps/NotEqualExpression.java,7
0.9.7,openjpa-jdbc/src/main/java/org/apache/openjpa/jdbc/kernel/exps/Null.java,2
0.9.7,openjpa-jdbc/src/main/java/org/apache/openjpa/jdbc/kernel/exps/OrExpression.java,7
0.9.7,openjpa-jdbc/src/main/java/org/apache/openjpa/jdbc/kernel/exps/PCPath.java,85
0.9.7,openjpa-jdbc/src/main/java/org/apache/openjpa/jdbc/kernel/exps/Param.java,4
0.9.7,openjpa-jdbc/src/main/java/org/apache/openjpa/jdbc/kernel/exps/SQLEmbed.java,1
0.9.7,openjpa-jdbc/src/main/java/org/apache/openjpa/jdbc/kernel/exps/SelectConstructor.java,19
0.9.7,openjpa-jdbc/src/main/java/org/apache/openjpa/jdbc/kernel/exps/StartsWithExpression.java,3
0.9.7,openjpa-jdbc/src/main/java/org/apache/openjpa/jdbc/kernel/exps/StringFunction.java,1
0.9.7,openjpa-jdbc/src/main/java/org/apache/openjpa/jdbc/kernel/exps/StringLength.java,1
0.9.7,openjpa-jdbc/src/main/java/org/apache/openjpa/jdbc/kernel/exps/SubQ.java,16
0.9.7,openjpa-jdbc/src/main/java/org/apache/openjpa/jdbc/kernel/exps/Substring.java,2
0.9.7,openjpa-jdbc/src/main/java/org/apache/openjpa/jdbc/kernel/exps/Sum.java,1
0.9.7,openjpa-jdbc/src/main/java/org/apache/openjpa/jdbc/kernel/exps/Trim.java,9
0.9.7,openjpa-jdbc/src/main/java/org/apache/openjpa/jdbc/kernel/exps/UnaryOp.java,2
0.9.7,openjpa-jdbc/src/main/java/org/apache/openjpa/jdbc/kernel/exps/Val.java,18
0.9.7,openjpa-jdbc/src/main/java/org/apache/openjpa/jdbc/kernel/exps/Variable.java,14
0.9.7,openjpa-jdbc/src/main/java/org/apache/openjpa/jdbc/meta/ClassMapping.java,77
0.9.7,openjpa-jdbc/src/main/java/org/apache/openjpa/jdbc/meta/ClassMappingInfo.java,27
0.9.7,openjpa-jdbc/src/main/java/org/apache/openjpa/jdbc/meta/ClassStrategy.java,7
0.9.7,openjpa-jdbc/src/main/java/org/apache/openjpa/jdbc/meta/DelegatingJoinable.java,5
0.9.7,openjpa-jdbc/src/main/java/org/apache/openjpa/jdbc/meta/Discriminator.java,20
0.9.7,openjpa-jdbc/src/main/java/org/apache/openjpa/jdbc/meta/DiscriminatorMappingInfo.java,17
0.9.7,openjpa-jdbc/src/main/java/org/apache/openjpa/jdbc/meta/DiscriminatorStrategy.java,6
0.9.7,openjpa-jdbc/src/main/java/org/apache/openjpa/jdbc/meta/Embeddable.java,7
0.9.7,openjpa-jdbc/src/main/java/org/apache/openjpa/jdbc/meta/FieldMapping.java,42
0.9.7,openjpa-jdbc/src/main/java/org/apache/openjpa/jdbc/meta/FieldMappingInfo.java,24
0.9.7,openjpa-jdbc/src/main/java/org/apache/openjpa/jdbc/meta/FieldStrategy.java,25
0.9.7,openjpa-jdbc/src/main/java/org/apache/openjpa/jdbc/meta/JDBCColumnOrder.java,1
0.9.7,openjpa-jdbc/src/main/java/org/apache/openjpa/jdbc/meta/JDBCOrder.java,2
0.9.7,openjpa-jdbc/src/main/java/org/apache/openjpa/jdbc/meta/JDBCRelatedFieldOrder.java,1
0.9.7,openjpa-jdbc/src/main/java/org/apache/openjpa/jdbc/meta/JDBCValueOrder.java,2
0.9.7,openjpa-jdbc/src/main/java/org/apache/openjpa/jdbc/meta/JavaSQLTypes.java,17
0.9.7,openjpa-jdbc/src/main/java/org/apache/openjpa/jdbc/meta/Joinable.java,6
0.9.7,openjpa-jdbc/src/main/java/org/apache/openjpa/jdbc/meta/MappingDefaults.java,29
0.9.7,openjpa-jdbc/src/main/java/org/apache/openjpa/jdbc/meta/MappingDefaultsImpl.java,46
0.9.7,openjpa-jdbc/src/main/java/org/apache/openjpa/jdbc/meta/MappingInfo.java,184
0.9.7,openjpa-jdbc/src/main/java/org/apache/openjpa/jdbc/meta/MappingRepository.java,108
0.9.7,openjpa-jdbc/src/main/java/org/apache/openjpa/jdbc/meta/MappingStrategyInstaller.java,4
0.9.7,openjpa-jdbc/src/main/java/org/apache/openjpa/jdbc/meta/MappingTool.java,98
0.9.7,openjpa-jdbc/src/main/java/org/apache/openjpa/jdbc/meta/MetaDataPlusMappingFactory.java,8
0.9.7,openjpa-jdbc/src/main/java/org/apache/openjpa/jdbc/meta/NoneMappingDefaults.java,8
0.9.7,openjpa-jdbc/src/main/java/org/apache/openjpa/jdbc/meta/PropertiesReverseCustomizer.java,19
0.9.7,openjpa-jdbc/src/main/java/org/apache/openjpa/jdbc/meta/QueryResultMapping.java,45
0.9.7,openjpa-jdbc/src/main/java/org/apache/openjpa/jdbc/meta/RefreshStrategyInstaller.java,12
0.9.7,openjpa-jdbc/src/main/java/org/apache/openjpa/jdbc/meta/RelationId.java,1
0.9.7,openjpa-jdbc/src/main/java/org/apache/openjpa/jdbc/meta/ReverseCustomizer.java,13
0.9.7,openjpa-jdbc/src/main/java/org/apache/openjpa/jdbc/meta/ReverseMappingTool.java,203
0.9.7,openjpa-jdbc/src/main/java/org/apache/openjpa/jdbc/meta/RuntimeStrategyInstaller.java,5
0.9.7,openjpa-jdbc/src/main/java/org/apache/openjpa/jdbc/meta/Strategy.java,12
0.9.7,openjpa-jdbc/src/main/java/org/apache/openjpa/jdbc/meta/ValueHandler.java,7
0.9.7,openjpa-jdbc/src/main/java/org/apache/openjpa/jdbc/meta/ValueMapping.java,41
0.9.7,openjpa-jdbc/src/main/java/org/apache/openjpa/jdbc/meta/ValueMappingImpl.java,64
0.9.7,openjpa-jdbc/src/main/java/org/apache/openjpa/jdbc/meta/ValueMappingInfo.java,23
0.9.7,openjpa-jdbc/src/main/java/org/apache/openjpa/jdbc/meta/Version.java,18
0.9.7,openjpa-jdbc/src/main/java/org/apache/openjpa/jdbc/meta/VersionMappingInfo.java,3
0.9.7,openjpa-jdbc/src/main/java/org/apache/openjpa/jdbc/meta/VersionStrategy.java,6
0.9.7,openjpa-jdbc/src/main/java/org/apache/openjpa/jdbc/meta/strats/AbstractDiscriminatorStrategy.java,1
0.9.7,openjpa-jdbc/src/main/java/org/apache/openjpa/jdbc/meta/strats/AbstractFieldStrategy.java,7
0.9.7,openjpa-jdbc/src/main/java/org/apache/openjpa/jdbc/meta/strats/AbstractStrategy.java,8
0.9.7,openjpa-jdbc/src/main/java/org/apache/openjpa/jdbc/meta/strats/AbstractVersionStrategy.java,2
0.9.7,openjpa-jdbc/src/main/java/org/apache/openjpa/jdbc/meta/strats/CharArrayStreamValueHandler.java,4
0.9.7,openjpa-jdbc/src/main/java/org/apache/openjpa/jdbc/meta/strats/CharArrayValueHandler.java,1
0.9.7,openjpa-jdbc/src/main/java/org/apache/openjpa/jdbc/meta/strats/ClassNameDiscriminatorStrategy.java,7
0.9.7,openjpa-jdbc/src/main/java/org/apache/openjpa/jdbc/meta/strats/ColumnVersionStrategy.java,37
0.9.7,openjpa-jdbc/src/main/java/org/apache/openjpa/jdbc/meta/strats/ContainerFieldStrategy.java,6
0.9.7,openjpa-jdbc/src/main/java/org/apache/openjpa/jdbc/meta/strats/EmbedFieldStrategy.java,74
0.9.7,openjpa-jdbc/src/main/java/org/apache/openjpa/jdbc/meta/strats/EmbedValueHandler.java,16
0.9.7,openjpa-jdbc/src/main/java/org/apache/openjpa/jdbc/meta/strats/EmbeddedClassStrategy.java,9
0.9.7,openjpa-jdbc/src/main/java/org/apache/openjpa/jdbc/meta/strats/FlatClassStrategy.java,2
0.9.7,openjpa-jdbc/src/main/java/org/apache/openjpa/jdbc/meta/strats/FullClassStrategy.java,8
0.9.7,openjpa-jdbc/src/main/java/org/apache/openjpa/jdbc/meta/strats/HandlerFieldStrategy.java,48
0.9.7,openjpa-jdbc/src/main/java/org/apache/openjpa/jdbc/meta/strats/HandlerStrategies.java,31
0.9.7,openjpa-jdbc/src/main/java/org/apache/openjpa/jdbc/meta/strats/IdentityJoinable.java,2
0.9.7,openjpa-jdbc/src/main/java/org/apache/openjpa/jdbc/meta/strats/ImmutableValueHandler.java,5
0.9.7,openjpa-jdbc/src/main/java/org/apache/openjpa/jdbc/meta/strats/InValueDiscriminatorStrategy.java,13
0.9.7,openjpa-jdbc/src/main/java/org/apache/openjpa/jdbc/meta/strats/LRSCollectionFieldStrategy.java,7
0.9.7,openjpa-jdbc/src/main/java/org/apache/openjpa/jdbc/meta/strats/LRSMapFieldStrategy.java,15
0.9.7,openjpa-jdbc/src/main/java/org/apache/openjpa/jdbc/meta/strats/LRSProxyCollection.java,10
0.9.7,openjpa-jdbc/src/main/java/org/apache/openjpa/jdbc/meta/strats/LRSProxyMap.java,40
0.9.7,openjpa-jdbc/src/main/java/org/apache/openjpa/jdbc/meta/strats/MapTableFieldStrategy.java,7
0.9.7,openjpa-jdbc/src/main/java/org/apache/openjpa/jdbc/meta/strats/MaxEmbeddedBlobFieldStrategy.java,3
0.9.7,openjpa-jdbc/src/main/java/org/apache/openjpa/jdbc/meta/strats/MaxEmbeddedByteArrayFieldStrategy.java,3
0.9.7,openjpa-jdbc/src/main/java/org/apache/openjpa/jdbc/meta/strats/MaxEmbeddedCharArrayFieldStrategy.java,8
0.9.7,openjpa-jdbc/src/main/java/org/apache/openjpa/jdbc/meta/strats/MaxEmbeddedClobFieldStrategy.java,3
0.9.7,openjpa-jdbc/src/main/java/org/apache/openjpa/jdbc/meta/strats/MaxEmbeddedLobFieldStrategy.java,17
0.9.7,openjpa-jdbc/src/main/java/org/apache/openjpa/jdbc/meta/strats/NoneClassStrategy.java,2
0.9.7,openjpa-jdbc/src/main/java/org/apache/openjpa/jdbc/meta/strats/NoneDiscriminatorStrategy.java,1
0.9.7,openjpa-jdbc/src/main/java/org/apache/openjpa/jdbc/meta/strats/NoneFieldStrategy.java,2
0.9.7,openjpa-jdbc/src/main/java/org/apache/openjpa/jdbc/meta/strats/NoneVersionStrategy.java,2
0.9.7,openjpa-jdbc/src/main/java/org/apache/openjpa/jdbc/meta/strats/NumberVersionStrategy.java,1
0.9.7,openjpa-jdbc/src/main/java/org/apache/openjpa/jdbc/meta/strats/ObjectIdClassStrategy.java,1
0.9.7,openjpa-jdbc/src/main/java/org/apache/openjpa/jdbc/meta/strats/ObjectIdValueHandler.java,3
0.9.7,openjpa-jdbc/src/main/java/org/apache/openjpa/jdbc/meta/strats/PrimitiveFieldStrategy.java,36
0.9.7,openjpa-jdbc/src/main/java/org/apache/openjpa/jdbc/meta/strats/PrimitiveWrapperArrays.java,9
0.9.7,openjpa-jdbc/src/main/java/org/apache/openjpa/jdbc/meta/strats/RelationCollectionInverseKeyFieldStrategy.java,2
0.9.7,openjpa-jdbc/src/main/java/org/apache/openjpa/jdbc/meta/strats/RelationCollectionTableFieldStrategy.java,2
0.9.7,openjpa-jdbc/src/main/java/org/apache/openjpa/jdbc/meta/strats/RelationFieldStrategy.java,97
0.9.7,openjpa-jdbc/src/main/java/org/apache/openjpa/jdbc/meta/strats/RelationMapInverseKeyFieldStrategy.java,5
0.9.7,openjpa-jdbc/src/main/java/org/apache/openjpa/jdbc/meta/strats/RelationMapTableFieldStrategy.java,5
0.9.7,openjpa-jdbc/src/main/java/org/apache/openjpa/jdbc/meta/strats/RelationStrategies.java,14
0.9.7,openjpa-jdbc/src/main/java/org/apache/openjpa/jdbc/meta/strats/RelationToManyInverseKeyFieldStrategy.java,35
0.9.7,openjpa-jdbc/src/main/java/org/apache/openjpa/jdbc/meta/strats/RelationToManyTableFieldStrategy.java,18
0.9.7,openjpa-jdbc/src/main/java/org/apache/openjpa/jdbc/meta/strats/StateComparisonVersionStrategy.java,23
0.9.7,openjpa-jdbc/src/main/java/org/apache/openjpa/jdbc/meta/strats/StoreCollectionFieldStrategy.java,45
0.9.7,openjpa-jdbc/src/main/java/org/apache/openjpa/jdbc/meta/strats/StringFieldStrategy.java,15
0.9.7,openjpa-jdbc/src/main/java/org/apache/openjpa/jdbc/meta/strats/SubclassJoinDiscriminatorStrategy.java,17
0.9.7,openjpa-jdbc/src/main/java/org/apache/openjpa/jdbc/meta/strats/UntypedPCValueHandler.java,4
0.9.7,openjpa-jdbc/src/main/java/org/apache/openjpa/jdbc/meta/strats/ValueMapDiscriminatorStrategy.java,10
0.9.7,openjpa-jdbc/src/main/java/org/apache/openjpa/jdbc/meta/strats/VerticalClassStrategy.java,7
0.9.7,openjpa-jdbc/src/main/java/org/apache/openjpa/jdbc/schema/Column.java,68
0.9.7,openjpa-jdbc/src/main/java/org/apache/openjpa/jdbc/schema/ColumnIO.java,16
0.9.7,openjpa-jdbc/src/main/java/org/apache/openjpa/jdbc/schema/Constraint.java,10
0.9.7,openjpa-jdbc/src/main/java/org/apache/openjpa/jdbc/schema/DataSourceFactory.java,16
0.9.7,openjpa-jdbc/src/main/java/org/apache/openjpa/jdbc/schema/DriverDataSource.java,15
0.9.7,openjpa-jdbc/src/main/java/org/apache/openjpa/jdbc/schema/DynamicSchemaFactory.java,12
0.9.7,openjpa-jdbc/src/main/java/org/apache/openjpa/jdbc/schema/FileSchemaFactory.java,3
0.9.7,openjpa-jdbc/src/main/java/org/apache/openjpa/jdbc/schema/ForeignKey.java,89
0.9.7,openjpa-jdbc/src/main/java/org/apache/openjpa/jdbc/schema/Index.java,7
0.9.7,openjpa-jdbc/src/main/java/org/apache/openjpa/jdbc/schema/LazySchemaFactory.java,12
0.9.7,openjpa-jdbc/src/main/java/org/apache/openjpa/jdbc/schema/LocalConstraint.java,28
0.9.7,openjpa-jdbc/src/main/java/org/apache/openjpa/jdbc/schema/NameSet.java,8
0.9.7,openjpa-jdbc/src/main/java/org/apache/openjpa/jdbc/schema/PrimaryKey.java,4
0.9.7,openjpa-jdbc/src/main/java/org/apache/openjpa/jdbc/schema/Schema.java,35
0.9.7,openjpa-jdbc/src/main/java/org/apache/openjpa/jdbc/schema/SchemaFactory.java,2
0.9.7,openjpa-jdbc/src/main/java/org/apache/openjpa/jdbc/schema/SchemaGenerator.java,122
0.9.7,openjpa-jdbc/src/main/java/org/apache/openjpa/jdbc/schema/SchemaGroup.java,55
0.9.7,openjpa-jdbc/src/main/java/org/apache/openjpa/jdbc/schema/SchemaParser.java,5
0.9.7,openjpa-jdbc/src/main/java/org/apache/openjpa/jdbc/schema/SchemaSerializer.java,8
0.9.7,openjpa-jdbc/src/main/java/org/apache/openjpa/jdbc/schema/SchemaTool.java,202
0.9.7,openjpa-jdbc/src/main/java/org/apache/openjpa/jdbc/schema/Schemas.java,39
0.9.7,openjpa-jdbc/src/main/java/org/apache/openjpa/jdbc/schema/Sequence.java,11
0.9.7,openjpa-jdbc/src/main/java/org/apache/openjpa/jdbc/schema/SimpleDriverDataSource.java,16
0.9.7,openjpa-jdbc/src/main/java/org/apache/openjpa/jdbc/schema/Table.java,87
0.9.7,openjpa-jdbc/src/main/java/org/apache/openjpa/jdbc/schema/TableSchemaFactory.java,41
0.9.7,openjpa-jdbc/src/main/java/org/apache/openjpa/jdbc/schema/Unique.java,1
0.9.7,openjpa-jdbc/src/main/java/org/apache/openjpa/jdbc/schema/XMLSchemaParser.java,50
0.9.7,openjpa-jdbc/src/main/java/org/apache/openjpa/jdbc/schema/XMLSchemaSerializer.java,82
0.9.7,openjpa-jdbc/src/main/java/org/apache/openjpa/jdbc/sql/AbstractResult.java,33
0.9.7,openjpa-jdbc/src/main/java/org/apache/openjpa/jdbc/sql/AbstractSQLServerDictionary.java,7
0.9.7,openjpa-jdbc/src/main/java/org/apache/openjpa/jdbc/sql/AccessDictionary.java,2
0.9.7,openjpa-jdbc/src/main/java/org/apache/openjpa/jdbc/sql/DB2Dictionary.java,30
0.9.7,openjpa-jdbc/src/main/java/org/apache/openjpa/jdbc/sql/DBDictionary.java,384
0.9.7,openjpa-jdbc/src/main/java/org/apache/openjpa/jdbc/sql/DBDictionaryFactory.java,38
0.9.7,openjpa-jdbc/src/main/java/org/apache/openjpa/jdbc/sql/DerbyDictionary.java,2
0.9.7,openjpa-jdbc/src/main/java/org/apache/openjpa/jdbc/sql/EmpressDictionary.java,15
0.9.7,openjpa-jdbc/src/main/java/org/apache/openjpa/jdbc/sql/FoxProDictionary.java,8
0.9.7,openjpa-jdbc/src/main/java/org/apache/openjpa/jdbc/sql/H2Dictionary.java,17
0.9.7,openjpa-jdbc/src/main/java/org/apache/openjpa/jdbc/sql/HSQLDictionary.java,19
0.9.7,openjpa-jdbc/src/main/java/org/apache/openjpa/jdbc/sql/InformixDictionary.java,14
0.9.7,openjpa-jdbc/src/main/java/org/apache/openjpa/jdbc/sql/InterbaseDictionary.java,2
0.9.7,openjpa-jdbc/src/main/java/org/apache/openjpa/jdbc/sql/JDataStoreDictionary.java,3
0.9.7,openjpa-jdbc/src/main/java/org/apache/openjpa/jdbc/sql/Join.java,10
0.9.7,openjpa-jdbc/src/main/java/org/apache/openjpa/jdbc/sql/JoinSet.java,59
0.9.7,openjpa-jdbc/src/main/java/org/apache/openjpa/jdbc/sql/JoinSyntaxes.java,6
0.9.7,openjpa-jdbc/src/main/java/org/apache/openjpa/jdbc/sql/Joins.java,9
0.9.7,openjpa-jdbc/src/main/java/org/apache/openjpa/jdbc/sql/LogicalUnion.java,53
0.9.7,openjpa-jdbc/src/main/java/org/apache/openjpa/jdbc/sql/MergedResult.java,15
0.9.7,openjpa-jdbc/src/main/java/org/apache/openjpa/jdbc/sql/MySQLDictionary.java,9
0.9.7,openjpa-jdbc/src/main/java/org/apache/openjpa/jdbc/sql/OracleDictionary.java,139
0.9.7,openjpa-jdbc/src/main/java/org/apache/openjpa/jdbc/sql/PointbaseDictionary.java,4
0.9.7,openjpa-jdbc/src/main/java/org/apache/openjpa/jdbc/sql/PostgresDictionary.java,18
0.9.7,openjpa-jdbc/src/main/java/org/apache/openjpa/jdbc/sql/PrimaryRow.java,43
0.9.7,openjpa-jdbc/src/main/java/org/apache/openjpa/jdbc/sql/Raw.java,1
0.9.7,openjpa-jdbc/src/main/java/org/apache/openjpa/jdbc/sql/Result.java,78
0.9.7,openjpa-jdbc/src/main/java/org/apache/openjpa/jdbc/sql/ResultSetResult.java,22
0.9.7,openjpa-jdbc/src/main/java/org/apache/openjpa/jdbc/sql/Row.java,75
0.9.7,openjpa-jdbc/src/main/java/org/apache/openjpa/jdbc/sql/RowImpl.java,89
0.9.7,openjpa-jdbc/src/main/java/org/apache/openjpa/jdbc/sql/RowManager.java,5
0.9.7,openjpa-jdbc/src/main/java/org/apache/openjpa/jdbc/sql/RowManagerImpl.java,18
0.9.7,openjpa-jdbc/src/main/java/org/apache/openjpa/jdbc/sql/SQLBuffer.java,63
0.9.7,openjpa-jdbc/src/main/java/org/apache/openjpa/jdbc/sql/SQLExceptions.java,5
0.9.7,openjpa-jdbc/src/main/java/org/apache/openjpa/jdbc/sql/SQLFactory.java,3
0.9.7,openjpa-jdbc/src/main/java/org/apache/openjpa/jdbc/sql/SQLFactoryImpl.java,2
0.9.7,openjpa-jdbc/src/main/java/org/apache/openjpa/jdbc/sql/SQLServerDictionary.java,20
0.9.7,openjpa-jdbc/src/main/java/org/apache/openjpa/jdbc/sql/SecondaryRow.java,15
0.9.7,openjpa-jdbc/src/main/java/org/apache/openjpa/jdbc/sql/Select.java,105
0.9.7,openjpa-jdbc/src/main/java/org/apache/openjpa/jdbc/sql/SelectExecutor.java,18
0.9.7,openjpa-jdbc/src/main/java/org/apache/openjpa/jdbc/sql/SelectImpl.java,363
0.9.7,openjpa-jdbc/src/main/java/org/apache/openjpa/jdbc/sql/SybaseDictionary.java,18
0.9.7,openjpa-jdbc/src/main/java/org/apache/openjpa/jdbc/sql/Union.java,7
0.9.7,openjpa-kernel-5/src/main/java/org/apache/openjpa/enhance/PCClassFileTransformer.java,28
0.9.7,openjpa-kernel-5/src/main/java/org/apache/openjpa/enhance/PCEnhancerAgent.java,1
0.9.7,openjpa-kernel/src/main/java/org/apache/openjpa/abstractstore/AbstractStoreBrokerFactory.java,3
0.9.7,openjpa-kernel/src/main/java/org/apache/openjpa/abstractstore/AbstractStoreManager.java,26
0.9.7,openjpa-kernel/src/main/java/org/apache/openjpa/ant/MetaDataToolTask.java,4
0.9.7,openjpa-kernel/src/main/java/org/apache/openjpa/conf/AutoDetachValue.java,4
0.9.7,openjpa-kernel/src/main/java/org/apache/openjpa/conf/BrokerFactoryValue.java,3
0.9.7,openjpa-kernel/src/main/java/org/apache/openjpa/conf/BrokerValue.java,1
0.9.7,openjpa-kernel/src/main/java/org/apache/openjpa/conf/DetachOptions.java,6
0.9.7,openjpa-kernel/src/main/java/org/apache/openjpa/conf/OpenJPAConfiguration.java,209
0.9.7,openjpa-kernel/src/main/java/org/apache/openjpa/conf/OpenJPAConfigurationImpl.java,33
0.9.7,openjpa-kernel/src/main/java/org/apache/openjpa/conf/OpenJPAProductDerivation.java,5
0.9.7,openjpa-kernel/src/main/java/org/apache/openjpa/conf/OpenJPAVersion.java,4
0.9.7,openjpa-kernel/src/main/java/org/apache/openjpa/conf/QueryCompilationCacheValue.java,1
0.9.7,openjpa-kernel/src/main/java/org/apache/openjpa/conf/RemoteCommitProviderValue.java,4
0.9.7,openjpa-kernel/src/main/java/org/apache/openjpa/datacache/AbstractDataCache.java,62
0.9.7,openjpa-kernel/src/main/java/org/apache/openjpa/datacache/AbstractQueryCache.java,38
0.9.7,openjpa-kernel/src/main/java/org/apache/openjpa/datacache/Caches.java,5
0.9.7,openjpa-kernel/src/main/java/org/apache/openjpa/datacache/ConcurrentDataCache.java,1
0.9.7,openjpa-kernel/src/main/java/org/apache/openjpa/datacache/DataCache.java,25
0.9.7,openjpa-kernel/src/main/java/org/apache/openjpa/datacache/DataCacheManager.java,8
0.9.7,openjpa-kernel/src/main/java/org/apache/openjpa/datacache/DataCacheManagerImpl.java,5
0.9.7,openjpa-kernel/src/main/java/org/apache/openjpa/datacache/DataCachePCData.java,1
0.9.7,openjpa-kernel/src/main/java/org/apache/openjpa/datacache/DataCachePCDataGenerator.java,6
0.9.7,openjpa-kernel/src/main/java/org/apache/openjpa/datacache/DataCachePCDataImpl.java,4
0.9.7,openjpa-kernel/src/main/java/org/apache/openjpa/datacache/DataCacheScheduler.java,18
0.9.7,openjpa-kernel/src/main/java/org/apache/openjpa/datacache/DataCacheStoreManager.java,68
0.9.7,openjpa-kernel/src/main/java/org/apache/openjpa/datacache/DelegatingDataCache.java,31
0.9.7,openjpa-kernel/src/main/java/org/apache/openjpa/datacache/DelegatingQueryCache.java,19
0.9.7,openjpa-kernel/src/main/java/org/apache/openjpa/datacache/ExpirationListener.java,1
0.9.7,openjpa-kernel/src/main/java/org/apache/openjpa/datacache/QueryCache.java,12
0.9.7,openjpa-kernel/src/main/java/org/apache/openjpa/datacache/QueryCacheStoreQuery.java,42
0.9.7,openjpa-kernel/src/main/java/org/apache/openjpa/datacache/QueryKey.java,47
0.9.7,openjpa-kernel/src/main/java/org/apache/openjpa/datacache/QueryResult.java,2
0.9.7,openjpa-kernel/src/main/java/org/apache/openjpa/datacache/TypesChangedListener.java,1
0.9.7,openjpa-kernel/src/main/java/org/apache/openjpa/ee/AutomaticManagedRuntime.java,21
0.9.7,openjpa-kernel/src/main/java/org/apache/openjpa/ee/InvocationManagedRuntime.java,2
0.9.7,openjpa-kernel/src/main/java/org/apache/openjpa/ee/ManagedRuntime.java,3
0.9.7,openjpa-kernel/src/main/java/org/apache/openjpa/ee/WASManagedRuntime.java,3
0.9.7,openjpa-kernel/src/main/java/org/apache/openjpa/ee/WLSManagedRuntime.java,2
0.9.7,openjpa-kernel/src/main/java/org/apache/openjpa/enhance/ApplicationIdTool.java,116
0.9.7,openjpa-kernel/src/main/java/org/apache/openjpa/enhance/CodeGenerator.java,43
0.9.7,openjpa-kernel/src/main/java/org/apache/openjpa/enhance/DynamicStorage.java,22
0.9.7,openjpa-kernel/src/main/java/org/apache/openjpa/enhance/DynamicStorageGenerator.java,20
0.9.7,openjpa-kernel/src/main/java/org/apache/openjpa/enhance/PCDataGenerator.java,38
0.9.7,openjpa-kernel/src/main/java/org/apache/openjpa/enhance/PCEnhancer.java,212
0.9.7,openjpa-kernel/src/main/java/org/apache/openjpa/enhance/PCRegistry.java,12
0.9.7,openjpa-kernel/src/main/java/org/apache/openjpa/enhance/PersistenceCapable.java,9
0.9.7,openjpa-kernel/src/main/java/org/apache/openjpa/enhance/Reflection.java,62
0.9.7,openjpa-kernel/src/main/java/org/apache/openjpa/enhance/StateManager.java,49
0.9.7,openjpa-kernel/src/main/java/org/apache/openjpa/event/AbstractLifecycleListener.java,1
0.9.7,openjpa-kernel/src/main/java/org/apache/openjpa/event/AbstractRemoteCommitProvider.java,6
0.9.7,openjpa-kernel/src/main/java/org/apache/openjpa/event/AbstractTransactionListener.java,1
0.9.7,openjpa-kernel/src/main/java/org/apache/openjpa/event/AttachListener.java,2
0.9.7,openjpa-kernel/src/main/java/org/apache/openjpa/event/BeanLifecycleCallbacks.java,5
0.9.7,openjpa-kernel/src/main/java/org/apache/openjpa/event/BeginTransactionListener.java,1
0.9.7,openjpa-kernel/src/main/java/org/apache/openjpa/event/CallbackModes.java,10
0.9.7,openjpa-kernel/src/main/java/org/apache/openjpa/event/ClearListener.java,2
0.9.7,openjpa-kernel/src/main/java/org/apache/openjpa/event/DeleteListener.java,2
0.9.7,openjpa-kernel/src/main/java/org/apache/openjpa/event/DetachListener.java,2
0.9.7,openjpa-kernel/src/main/java/org/apache/openjpa/event/DirtyListener.java,4
0.9.7,openjpa-kernel/src/main/java/org/apache/openjpa/event/EndTransactionListener.java,6
0.9.7,openjpa-kernel/src/main/java/org/apache/openjpa/event/FlushTransactionListener.java,2
0.9.7,openjpa-kernel/src/main/java/org/apache/openjpa/event/JMSRemoteCommitProvider.java,17
0.9.7,openjpa-kernel/src/main/java/org/apache/openjpa/event/LifecycleCallbacks.java,2
0.9.7,openjpa-kernel/src/main/java/org/apache/openjpa/event/LifecycleEventManager.java,82
0.9.7,openjpa-kernel/src/main/java/org/apache/openjpa/event/LoadListener.java,2
0.9.7,openjpa-kernel/src/main/java/org/apache/openjpa/event/LogOrphanedKeyAction.java,6
0.9.7,openjpa-kernel/src/main/java/org/apache/openjpa/event/MethodLifecycleCallbacks.java,14
0.9.7,openjpa-kernel/src/main/java/org/apache/openjpa/event/OrphanedKeyAction.java,1
0.9.7,openjpa-kernel/src/main/java/org/apache/openjpa/event/PersistListener.java,2
0.9.7,openjpa-kernel/src/main/java/org/apache/openjpa/event/RemoteCommitEvent.java,15
0.9.7,openjpa-kernel/src/main/java/org/apache/openjpa/event/RemoteCommitEventManager.java,23
0.9.7,openjpa-kernel/src/main/java/org/apache/openjpa/event/RemoteCommitListener.java,2
0.9.7,openjpa-kernel/src/main/java/org/apache/openjpa/event/RemoteCommitProvider.java,3
0.9.7,openjpa-kernel/src/main/java/org/apache/openjpa/event/SingleJVMRemoteCommitProvider.java,3
0.9.7,openjpa-kernel/src/main/java/org/apache/openjpa/event/StoreListener.java,2
0.9.7,openjpa-kernel/src/main/java/org/apache/openjpa/event/TCPRemoteCommitProvider.java,59
0.9.7,openjpa-kernel/src/main/java/org/apache/openjpa/event/TransactionEventManager.java,17
0.9.7,openjpa-kernel/src/main/java/org/apache/openjpa/kernel/AbstractBrokerFactory.java,40
0.9.7,openjpa-kernel/src/main/java/org/apache/openjpa/kernel/AbstractLockManager.java,5
0.9.7,openjpa-kernel/src/main/java/org/apache/openjpa/kernel/AbstractPCData.java,34
0.9.7,openjpa-kernel/src/main/java/org/apache/openjpa/kernel/AbstractPCResultObjectProvider.java,3
0.9.7,openjpa-kernel/src/main/java/org/apache/openjpa/kernel/AbstractStoreQuery.java,5
0.9.7,openjpa-kernel/src/main/java/org/apache/openjpa/kernel/AttachManager.java,29
0.9.7,openjpa-kernel/src/main/java/org/apache/openjpa/kernel/AttachStrategy.java,56
0.9.7,openjpa-kernel/src/main/java/org/apache/openjpa/kernel/AutoClear.java,4
0.9.7,openjpa-kernel/src/main/java/org/apache/openjpa/kernel/AutoDetach.java,8
0.9.7,openjpa-kernel/src/main/java/org/apache/openjpa/kernel/Bootstrap.java,11
0.9.7,openjpa-kernel/src/main/java/org/apache/openjpa/kernel/Broker.java,100
0.9.7,openjpa-kernel/src/main/java/org/apache/openjpa/kernel/BrokerFactory.java,12
0.9.7,openjpa-kernel/src/main/java/org/apache/openjpa/kernel/BrokerImpl.java,497
0.9.7,openjpa-kernel/src/main/java/org/apache/openjpa/kernel/ClearFieldManager.java,1
0.9.7,openjpa-kernel/src/main/java/org/apache/openjpa/kernel/ConnectionRetainModes.java,6
0.9.7,openjpa-kernel/src/main/java/org/apache/openjpa/kernel/DelegatingBroker.java,6
0.9.7,openjpa-kernel/src/main/java/org/apache/openjpa/kernel/DelegatingBrokerFactory.java,6
0.9.7,openjpa-kernel/src/main/java/org/apache/openjpa/kernel/DelegatingExtent.java,6
0.9.7,openjpa-kernel/src/main/java/org/apache/openjpa/kernel/DelegatingFetchConfiguration.java,9
0.9.7,openjpa-kernel/src/main/java/org/apache/openjpa/kernel/DelegatingQuery.java,6
0.9.7,openjpa-kernel/src/main/java/org/apache/openjpa/kernel/DelegatingResultList.java,17
0.9.7,openjpa-kernel/src/main/java/org/apache/openjpa/kernel/DelegatingSeq.java,6
0.9.7,openjpa-kernel/src/main/java/org/apache/openjpa/kernel/DelegatingStoreManager.java,6
0.9.7,openjpa-kernel/src/main/java/org/apache/openjpa/kernel/DetachManager.java,86
0.9.7,openjpa-kernel/src/main/java/org/apache/openjpa/kernel/DetachState.java,6
0.9.7,openjpa-kernel/src/main/java/org/apache/openjpa/kernel/DetachedStateAttachStrategy.java,10
0.9.7,openjpa-kernel/src/main/java/org/apache/openjpa/kernel/DetachedStateManager.java,59
0.9.7,openjpa-kernel/src/main/java/org/apache/openjpa/kernel/DetachedValueStateManager.java,10
0.9.7,openjpa-kernel/src/main/java/org/apache/openjpa/kernel/ENonTransState.java,1
0.9.7,openjpa-kernel/src/main/java/org/apache/openjpa/kernel/ExpressionStoreQuery.java,44
0.9.7,openjpa-kernel/src/main/java/org/apache/openjpa/kernel/Extent.java,11
0.9.7,openjpa-kernel/src/main/java/org/apache/openjpa/kernel/ExtentImpl.java,41
0.9.7,openjpa-kernel/src/main/java/org/apache/openjpa/kernel/FetchConfiguration.java,50
0.9.7,openjpa-kernel/src/main/java/org/apache/openjpa/kernel/FetchConfigurationImpl.java,79
0.9.7,openjpa-kernel/src/main/java/org/apache/openjpa/kernel/Filters.java,111
0.9.7,openjpa-kernel/src/main/java/org/apache/openjpa/kernel/FinalizingBrokerImpl.java,2
0.9.7,openjpa-kernel/src/main/java/org/apache/openjpa/kernel/FindCallbacks.java,2
0.9.7,openjpa-kernel/src/main/java/org/apache/openjpa/kernel/InMemorySavepointManager.java,1
0.9.7,openjpa-kernel/src/main/java/org/apache/openjpa/kernel/InverseManager.java,46
0.9.7,openjpa-kernel/src/main/java/org/apache/openjpa/kernel/LocalManagedRuntime.java,15
0.9.7,openjpa-kernel/src/main/java/org/apache/openjpa/kernel/LockLevels.java,6
0.9.7,openjpa-kernel/src/main/java/org/apache/openjpa/kernel/LockManager.java,8
0.9.7,openjpa-kernel/src/main/java/org/apache/openjpa/kernel/MethodStoreQuery.java,23
0.9.7,openjpa-kernel/src/main/java/org/apache/openjpa/kernel/ObjectIdStateManager.java,23
0.9.7,openjpa-kernel/src/main/java/org/apache/openjpa/kernel/OpCallbacks.java,15
0.9.7,openjpa-kernel/src/main/java/org/apache/openjpa/kernel/OpenJPASavepoint.java,5
0.9.7,openjpa-kernel/src/main/java/org/apache/openjpa/kernel/OpenJPAStateManager.java,71
0.9.7,openjpa-kernel/src/main/java/org/apache/openjpa/kernel/OrderingMergedResultObjectProvider.java,11
0.9.7,openjpa-kernel/src/main/java/org/apache/openjpa/kernel/PCData.java,12
0.9.7,openjpa-kernel/src/main/java/org/apache/openjpa/kernel/PCDataImpl.java,22
0.9.7,openjpa-kernel/src/main/java/org/apache/openjpa/kernel/PCResultObjectProvider.java,1
0.9.7,openjpa-kernel/src/main/java/org/apache/openjpa/kernel/PCState.java,24
0.9.7,openjpa-kernel/src/main/java/org/apache/openjpa/kernel/PNewFlushedDeletedFlushedState.java,1
0.9.7,openjpa-kernel/src/main/java/org/apache/openjpa/kernel/PNewState.java,1
0.9.7,openjpa-kernel/src/main/java/org/apache/openjpa/kernel/PNonTransState.java,4
0.9.7,openjpa-kernel/src/main/java/org/apache/openjpa/kernel/Query.java,26
0.9.7,openjpa-kernel/src/main/java/org/apache/openjpa/kernel/QueryContext.java,43
0.9.7,openjpa-kernel/src/main/java/org/apache/openjpa/kernel/QueryFlushModes.java,6
0.9.7,openjpa-kernel/src/main/java/org/apache/openjpa/kernel/QueryHints.java,2
0.9.7,openjpa-kernel/src/main/java/org/apache/openjpa/kernel/QueryImpl.java,181
0.9.7,openjpa-kernel/src/main/java/org/apache/openjpa/kernel/QueryLanguages.java,3
0.9.7,openjpa-kernel/src/main/java/org/apache/openjpa/kernel/QueryOperations.java,6
0.9.7,openjpa-kernel/src/main/java/org/apache/openjpa/kernel/ROPStoreManager.java,3
0.9.7,openjpa-kernel/src/main/java/org/apache/openjpa/kernel/RestoreState.java,6
0.9.7,openjpa-kernel/src/main/java/org/apache/openjpa/kernel/ResultPacker.java,30
0.9.7,openjpa-kernel/src/main/java/org/apache/openjpa/kernel/SaveFieldManager.java,13
0.9.7,openjpa-kernel/src/main/java/org/apache/openjpa/kernel/SavepointFieldManager.java,11
0.9.7,openjpa-kernel/src/main/java/org/apache/openjpa/kernel/SavepointManager.java,2
0.9.7,openjpa-kernel/src/main/java/org/apache/openjpa/kernel/Seq.java,9
0.9.7,openjpa-kernel/src/main/java/org/apache/openjpa/kernel/SingleFieldManager.java,110
0.9.7,openjpa-kernel/src/main/java/org/apache/openjpa/kernel/StateManagerImpl.java,257
0.9.7,openjpa-kernel/src/main/java/org/apache/openjpa/kernel/StoreContext.java,60
0.9.7,openjpa-kernel/src/main/java/org/apache/openjpa/kernel/StoreManager.java,38
0.9.7,openjpa-kernel/src/main/java/org/apache/openjpa/kernel/StoreQuery.java,45
0.9.7,openjpa-kernel/src/main/java/org/apache/openjpa/kernel/TCleanState.java,1
0.9.7,openjpa-kernel/src/main/java/org/apache/openjpa/kernel/TDirtyState.java,1
0.9.7,openjpa-kernel/src/main/java/org/apache/openjpa/kernel/TimeSeededSeq.java,3
0.9.7,openjpa-kernel/src/main/java/org/apache/openjpa/kernel/TransferFieldManager.java,1
0.9.7,openjpa-kernel/src/main/java/org/apache/openjpa/kernel/UUIDHexSeq.java,4
0.9.7,openjpa-kernel/src/main/java/org/apache/openjpa/kernel/UUIDStringSeq.java,4
0.9.7,openjpa-kernel/src/main/java/org/apache/openjpa/kernel/VersionAttachStrategy.java,37
0.9.7,openjpa-kernel/src/main/java/org/apache/openjpa/kernel/VersionLockManager.java,6
0.9.7,openjpa-kernel/src/main/java/org/apache/openjpa/kernel/exps/Abs.java,9
0.9.7,openjpa-kernel/src/main/java/org/apache/openjpa/kernel/exps/AbstractExpressionBuilder.java,30
0.9.7,openjpa-kernel/src/main/java/org/apache/openjpa/kernel/exps/AbstractExpressionVisitor.java,4
0.9.7,openjpa-kernel/src/main/java/org/apache/openjpa/kernel/exps/Aggregate.java,8
0.9.7,openjpa-kernel/src/main/java/org/apache/openjpa/kernel/exps/AggregateListener.java,4
0.9.7,openjpa-kernel/src/main/java/org/apache/openjpa/kernel/exps/AggregateVal.java,3
0.9.7,openjpa-kernel/src/main/java/org/apache/openjpa/kernel/exps/All.java,1
0.9.7,openjpa-kernel/src/main/java/org/apache/openjpa/kernel/exps/Any.java,1
0.9.7,openjpa-kernel/src/main/java/org/apache/openjpa/kernel/exps/Args.java,10
0.9.7,openjpa-kernel/src/main/java/org/apache/openjpa/kernel/exps/Arguments.java,1
0.9.7,openjpa-kernel/src/main/java/org/apache/openjpa/kernel/exps/Avg.java,4
0.9.7,openjpa-kernel/src/main/java/org/apache/openjpa/kernel/exps/BindVariableAndExpression.java,5
0.9.7,openjpa-kernel/src/main/java/org/apache/openjpa/kernel/exps/BindVariableExpression.java,3
0.9.7,openjpa-kernel/src/main/java/org/apache/openjpa/kernel/exps/BoundVariable.java,2
0.9.7,openjpa-kernel/src/main/java/org/apache/openjpa/kernel/exps/CandidatePath.java,24
0.9.7,openjpa-kernel/src/main/java/org/apache/openjpa/kernel/exps/Cast.java,4
0.9.7,openjpa-kernel/src/main/java/org/apache/openjpa/kernel/exps/Concat.java,4
0.9.7,openjpa-kernel/src/main/java/org/apache/openjpa/kernel/exps/Constant.java,1
0.9.7,openjpa-kernel/src/main/java/org/apache/openjpa/kernel/exps/ContainsExpression.java,3
0.9.7,openjpa-kernel/src/main/java/org/apache/openjpa/kernel/exps/Count.java,3
0.9.7,openjpa-kernel/src/main/java/org/apache/openjpa/kernel/exps/CurrentDate.java,1
0.9.7,openjpa-kernel/src/main/java/org/apache/openjpa/kernel/exps/Distinct.java,2
0.9.7,openjpa-kernel/src/main/java/org/apache/openjpa/kernel/exps/EndsWithExpression.java,1
0.9.7,openjpa-kernel/src/main/java/org/apache/openjpa/kernel/exps/Exp.java,2
0.9.7,openjpa-kernel/src/main/java/org/apache/openjpa/kernel/exps/Expression.java,1
0.9.7,openjpa-kernel/src/main/java/org/apache/openjpa/kernel/exps/ExpressionFactory.java,65
0.9.7,openjpa-kernel/src/main/java/org/apache/openjpa/kernel/exps/ExpressionParser.java,5
0.9.7,openjpa-kernel/src/main/java/org/apache/openjpa/kernel/exps/ExpressionVisitor.java,4
0.9.7,openjpa-kernel/src/main/java/org/apache/openjpa/kernel/exps/Extension.java,10
0.9.7,openjpa-kernel/src/main/java/org/apache/openjpa/kernel/exps/FilterListener.java,5
0.9.7,openjpa-kernel/src/main/java/org/apache/openjpa/kernel/exps/GetMapValue.java,1
0.9.7,openjpa-kernel/src/main/java/org/apache/openjpa/kernel/exps/GetObjectId.java,1
0.9.7,openjpa-kernel/src/main/java/org/apache/openjpa/kernel/exps/GreaterThanEqualExpression.java,2
0.9.7,openjpa-kernel/src/main/java/org/apache/openjpa/kernel/exps/GreaterThanExpression.java,2
0.9.7,openjpa-kernel/src/main/java/org/apache/openjpa/kernel/exps/InMemoryExpressionFactory.java,50
0.9.7,openjpa-kernel/src/main/java/org/apache/openjpa/kernel/exps/IndexOf.java,2
0.9.7,openjpa-kernel/src/main/java/org/apache/openjpa/kernel/exps/IsEmptyExpression.java,9
0.9.7,openjpa-kernel/src/main/java/org/apache/openjpa/kernel/exps/LessThanEqualExpression.java,2
0.9.7,openjpa-kernel/src/main/java/org/apache/openjpa/kernel/exps/LessThanExpression.java,2
0.9.7,openjpa-kernel/src/main/java/org/apache/openjpa/kernel/exps/Literal.java,8
0.9.7,openjpa-kernel/src/main/java/org/apache/openjpa/kernel/exps/MatchesExpression.java,4
0.9.7,openjpa-kernel/src/main/java/org/apache/openjpa/kernel/exps/MathVal.java,1
0.9.7,openjpa-kernel/src/main/java/org/apache/openjpa/kernel/exps/Max.java,2
0.9.7,openjpa-kernel/src/main/java/org/apache/openjpa/kernel/exps/Min.java,2
0.9.7,openjpa-kernel/src/main/java/org/apache/openjpa/kernel/exps/Null.java,1
0.9.7,openjpa-kernel/src/main/java/org/apache/openjpa/kernel/exps/Parameter.java,2
0.9.7,openjpa-kernel/src/main/java/org/apache/openjpa/kernel/exps/Path.java,2
0.9.7,openjpa-kernel/src/main/java/org/apache/openjpa/kernel/exps/QueryExpressions.java,11
0.9.7,openjpa-kernel/src/main/java/org/apache/openjpa/kernel/exps/Resolver.java,4
0.9.7,openjpa-kernel/src/main/java/org/apache/openjpa/kernel/exps/Size.java,2
0.9.7,openjpa-kernel/src/main/java/org/apache/openjpa/kernel/exps/Sqrt.java,1
0.9.7,openjpa-kernel/src/main/java/org/apache/openjpa/kernel/exps/StartsWithExpression.java,1
0.9.7,openjpa-kernel/src/main/java/org/apache/openjpa/kernel/exps/StringContains.java,2
0.9.7,openjpa-kernel/src/main/java/org/apache/openjpa/kernel/exps/StringLength.java,2
0.9.7,openjpa-kernel/src/main/java/org/apache/openjpa/kernel/exps/SubQ.java,1
0.9.7,openjpa-kernel/src/main/java/org/apache/openjpa/kernel/exps/Subquery.java,2
0.9.7,openjpa-kernel/src/main/java/org/apache/openjpa/kernel/exps/Substring.java,1
0.9.7,openjpa-kernel/src/main/java/org/apache/openjpa/kernel/exps/Sum.java,4
0.9.7,openjpa-kernel/src/main/java/org/apache/openjpa/kernel/exps/This.java,1
0.9.7,openjpa-kernel/src/main/java/org/apache/openjpa/kernel/exps/ToLowerCase.java,1
0.9.7,openjpa-kernel/src/main/java/org/apache/openjpa/kernel/exps/ToUpperCase.java,1
0.9.7,openjpa-kernel/src/main/java/org/apache/openjpa/kernel/exps/Trim.java,4
0.9.7,openjpa-kernel/src/main/java/org/apache/openjpa/kernel/exps/UnaryMathVal.java,1
0.9.7,openjpa-kernel/src/main/java/org/apache/openjpa/kernel/exps/Val.java,4
0.9.7,openjpa-kernel/src/main/java/org/apache/openjpa/kernel/exps/Value.java,7
0.9.7,openjpa-kernel/src/main/java/org/apache/openjpa/kernel/exps/WildcardMatch.java,4
0.9.7,openjpa-kernel/src/main/java/org/apache/openjpa/kernel/jpql/JPQLExpressionBuilder.java,124
0.9.7,openjpa-kernel/src/main/java/org/apache/openjpa/kernel/jpql/JPQLParser.java,4
0.9.7,openjpa-kernel/src/main/java/org/apache/openjpa/kernel/jpql/ParseException.java,7
0.9.7,openjpa-kernel/src/main/java/org/apache/openjpa/meta/AbstractCFMetaDataFactory.java,112
0.9.7,openjpa-kernel/src/main/java/org/apache/openjpa/meta/AbstractMetaDataDefaults.java,25
0.9.7,openjpa-kernel/src/main/java/org/apache/openjpa/meta/AbstractMetaDataFactory.java,5
0.9.7,openjpa-kernel/src/main/java/org/apache/openjpa/meta/ClassMetaData.java,232
0.9.7,openjpa-kernel/src/main/java/org/apache/openjpa/meta/DelegatingMetaDataFactory.java,1
0.9.7,openjpa-kernel/src/main/java/org/apache/openjpa/meta/Extensions.java,41
0.9.7,openjpa-kernel/src/main/java/org/apache/openjpa/meta/FetchGroup.java,42
0.9.7,openjpa-kernel/src/main/java/org/apache/openjpa/meta/FieldMetaData.java,163
0.9.7,openjpa-kernel/src/main/java/org/apache/openjpa/meta/InMemoryRelatedFieldOrder.java,12
0.9.7,openjpa-kernel/src/main/java/org/apache/openjpa/meta/InMemoryValueOrder.java,20
0.9.7,openjpa-kernel/src/main/java/org/apache/openjpa/meta/InheritanceComparator.java,13
0.9.7,openjpa-kernel/src/main/java/org/apache/openjpa/meta/InterfaceImplGenerator.java,11
0.9.7,openjpa-kernel/src/main/java/org/apache/openjpa/meta/JavaTypes.java,79
0.9.7,openjpa-kernel/src/main/java/org/apache/openjpa/meta/LifecycleMetaData.java,17
0.9.7,openjpa-kernel/src/main/java/org/apache/openjpa/meta/MetaDataContext.java,1
0.9.7,openjpa-kernel/src/main/java/org/apache/openjpa/meta/MetaDataDefaults.java,10
0.9.7,openjpa-kernel/src/main/java/org/apache/openjpa/meta/MetaDataFactory.java,18
0.9.7,openjpa-kernel/src/main/java/org/apache/openjpa/meta/MetaDataInheritanceComparator.java,9
0.9.7,openjpa-kernel/src/main/java/org/apache/openjpa/meta/MetaDataModes.java,10
0.9.7,openjpa-kernel/src/main/java/org/apache/openjpa/meta/MetaDataRepository.java,180
0.9.7,openjpa-kernel/src/main/java/org/apache/openjpa/meta/MetaDataTool.java,29
0.9.7,openjpa-kernel/src/main/java/org/apache/openjpa/meta/NonPersistentMetaData.java,5
0.9.7,openjpa-kernel/src/main/java/org/apache/openjpa/meta/NoneMetaDataFactory.java,11
0.9.7,openjpa-kernel/src/main/java/org/apache/openjpa/meta/Order.java,4
0.9.7,openjpa-kernel/src/main/java/org/apache/openjpa/meta/ProxySetupStateManager.java,7
0.9.7,openjpa-kernel/src/main/java/org/apache/openjpa/meta/QueryMetaData.java,8
0.9.7,openjpa-kernel/src/main/java/org/apache/openjpa/meta/SequenceMetaData.java,14
0.9.7,openjpa-kernel/src/main/java/org/apache/openjpa/meta/UpdateStrategies.java,6
0.9.7,openjpa-kernel/src/main/java/org/apache/openjpa/meta/ValueMetaData.java,42
0.9.7,openjpa-kernel/src/main/java/org/apache/openjpa/meta/ValueMetaDataImpl.java,44
0.9.7,openjpa-kernel/src/main/java/org/apache/openjpa/meta/ValueStrategies.java,8
0.9.7,openjpa-kernel/src/main/java/org/apache/openjpa/util/AbstractChangeTracker.java,19
0.9.7,openjpa-kernel/src/main/java/org/apache/openjpa/util/AbstractLRSProxyCollection.java,35
0.9.7,openjpa-kernel/src/main/java/org/apache/openjpa/util/AbstractLRSProxyMap.java,56
0.9.7,openjpa-kernel/src/main/java/org/apache/openjpa/util/ApplicationIds.java,57
0.9.7,openjpa-kernel/src/main/java/org/apache/openjpa/util/ArrayStateImage.java,6
0.9.7,openjpa-kernel/src/main/java/org/apache/openjpa/util/ByteId.java,2
0.9.7,openjpa-kernel/src/main/java/org/apache/openjpa/util/CacheMap.java,45
0.9.7,openjpa-kernel/src/main/java/org/apache/openjpa/util/ChangeTracker.java,8
0.9.7,openjpa-kernel/src/main/java/org/apache/openjpa/util/CharId.java,2
0.9.7,openjpa-kernel/src/main/java/org/apache/openjpa/util/ClassResolver.java,1
0.9.7,openjpa-kernel/src/main/java/org/apache/openjpa/util/ClassResolverImpl.java,6
0.9.7,openjpa-kernel/src/main/java/org/apache/openjpa/util/CollectionChangeTracker.java,2
0.9.7,openjpa-kernel/src/main/java/org/apache/openjpa/util/CollectionChangeTrackerImpl.java,9
0.9.7,openjpa-kernel/src/main/java/org/apache/openjpa/util/DateId.java,1
0.9.7,openjpa-kernel/src/main/java/org/apache/openjpa/util/DoubleId.java,2
0.9.7,openjpa-kernel/src/main/java/org/apache/openjpa/util/ExceptionInfo.java,13
0.9.7,openjpa-kernel/src/main/java/org/apache/openjpa/util/Exceptions.java,23
0.9.7,openjpa-kernel/src/main/java/org/apache/openjpa/util/FloatId.java,2
0.9.7,openjpa-kernel/src/main/java/org/apache/openjpa/util/GeneralException.java,1
0.9.7,openjpa-kernel/src/main/java/org/apache/openjpa/util/Id.java,9
0.9.7,openjpa-kernel/src/main/java/org/apache/openjpa/util/ImplHelper.java,9
0.9.7,openjpa-kernel/src/main/java/org/apache/openjpa/util/IntId.java,1
0.9.7,openjpa-kernel/src/main/java/org/apache/openjpa/util/LockException.java,2
0.9.7,openjpa-kernel/src/main/java/org/apache/openjpa/util/MapChangeTracker.java,5
0.9.7,openjpa-kernel/src/main/java/org/apache/openjpa/util/MapChangeTrackerImpl.java,14
0.9.7,openjpa-kernel/src/main/java/org/apache/openjpa/util/MultiLoaderClassResolver.java,3
0.9.7,openjpa-kernel/src/main/java/org/apache/openjpa/util/OpenJPAException.java,10
0.9.7,openjpa-kernel/src/main/java/org/apache/openjpa/util/OpenJPAId.java,11
0.9.7,openjpa-kernel/src/main/java/org/apache/openjpa/util/Proxies.java,11
0.9.7,openjpa-kernel/src/main/java/org/apache/openjpa/util/Proxy.java,5
0.9.7,openjpa-kernel/src/main/java/org/apache/openjpa/util/ProxyBean.java,1
0.9.7,openjpa-kernel/src/main/java/org/apache/openjpa/util/ProxyCalendar.java,2
0.9.7,openjpa-kernel/src/main/java/org/apache/openjpa/util/ProxyCollection.java,2
0.9.7,openjpa-kernel/src/main/java/org/apache/openjpa/util/ProxyCollections.java,40
0.9.7,openjpa-kernel/src/main/java/org/apache/openjpa/util/ProxyDate.java,1
0.9.7,openjpa-kernel/src/main/java/org/apache/openjpa/util/ProxyManager.java,11
0.9.7,openjpa-kernel/src/main/java/org/apache/openjpa/util/ProxyManagerImpl.java,128
0.9.7,openjpa-kernel/src/main/java/org/apache/openjpa/util/ProxyMap.java,3
0.9.7,openjpa-kernel/src/main/java/org/apache/openjpa/util/ProxyMaps.java,20
0.9.7,openjpa-kernel/src/main/java/org/apache/openjpa/util/RuntimeExceptionTranslator.java,1
0.9.7,openjpa-kernel/src/main/java/org/apache/openjpa/util/Serialization.java,10
0.9.7,openjpa-kernel/src/main/java/org/apache/openjpa/util/ShortId.java,2
0.9.7,openjpa-kernel/src/main/java/org/apache/openjpa/util/StoreFacadeTypeRegistry.java,6
0.9.7,openjpa-kernel/src/main/java/org/apache/openjpa/util/StringId.java,1
0.9.7,openjpa-kernel/src/main/java/org/apache/openjpa/util/UserException.java,1
0.9.7,openjpa-lib/src/main/java/org/apache/openjpa/lib/ant/AbstractTask.java,14
0.9.7,openjpa-lib/src/main/java/org/apache/openjpa/lib/conf/AbstractProductDerivation.java,2
0.9.7,openjpa-lib/src/main/java/org/apache/openjpa/lib/conf/BooleanValue.java,3
0.9.7,openjpa-lib/src/main/java/org/apache/openjpa/lib/conf/Configurable.java,3
0.9.7,openjpa-lib/src/main/java/org/apache/openjpa/lib/conf/Configuration.java,30
0.9.7,openjpa-lib/src/main/java/org/apache/openjpa/lib/conf/ConfigurationImpl.java,98
0.9.7,openjpa-lib/src/main/java/org/apache/openjpa/lib/conf/ConfigurationProvider.java,4
0.9.7,openjpa-lib/src/main/java/org/apache/openjpa/lib/conf/Configurations.java,69
0.9.7,openjpa-lib/src/main/java/org/apache/openjpa/lib/conf/DoubleValue.java,5
0.9.7,openjpa-lib/src/main/java/org/apache/openjpa/lib/conf/FileValue.java,1
0.9.7,openjpa-lib/src/main/java/org/apache/openjpa/lib/conf/GenericConfigurable.java,1
0.9.7,openjpa-lib/src/main/java/org/apache/openjpa/lib/conf/IntValue.java,5
0.9.7,openjpa-lib/src/main/java/org/apache/openjpa/lib/conf/MapConfigurationProvider.java,6
0.9.7,openjpa-lib/src/main/java/org/apache/openjpa/lib/conf/ObjectValue.java,3
0.9.7,openjpa-lib/src/main/java/org/apache/openjpa/lib/conf/PluginListValue.java,14
0.9.7,openjpa-lib/src/main/java/org/apache/openjpa/lib/conf/PluginValue.java,6
0.9.7,openjpa-lib/src/main/java/org/apache/openjpa/lib/conf/ProductDerivation.java,13
0.9.7,openjpa-lib/src/main/java/org/apache/openjpa/lib/conf/ProductDerivations.java,36
0.9.7,openjpa-lib/src/main/java/org/apache/openjpa/lib/conf/StringListValue.java,9
0.9.7,openjpa-lib/src/main/java/org/apache/openjpa/lib/conf/StringValue.java,1
0.9.7,openjpa-lib/src/main/java/org/apache/openjpa/lib/conf/Value.java,23
0.9.7,openjpa-lib/src/main/java/org/apache/openjpa/lib/conf/ValueListener.java,1
0.9.7,openjpa-lib/src/main/java/org/apache/openjpa/lib/jdbc/AbstractJDBCListener.java,1
0.9.7,openjpa-lib/src/main/java/org/apache/openjpa/lib/jdbc/ConfiguringConnectionDecorator.java,12
0.9.7,openjpa-lib/src/main/java/org/apache/openjpa/lib/jdbc/ConnectionDecorator.java,1
0.9.7,openjpa-lib/src/main/java/org/apache/openjpa/lib/jdbc/DataSourceLogs.java,8
0.9.7,openjpa-lib/src/main/java/org/apache/openjpa/lib/jdbc/DecoratingDataSource.java,5
0.9.7,openjpa-lib/src/main/java/org/apache/openjpa/lib/jdbc/DelegatingCallableStatement.java,167
0.9.7,openjpa-lib/src/main/java/org/apache/openjpa/lib/jdbc/DelegatingConnection.java,96
0.9.7,openjpa-lib/src/main/java/org/apache/openjpa/lib/jdbc/DelegatingDataSource.java,16
0.9.7,openjpa-lib/src/main/java/org/apache/openjpa/lib/jdbc/DelegatingDatabaseMetaData.java,170
0.9.7,openjpa-lib/src/main/java/org/apache/openjpa/lib/jdbc/DelegatingPreparedStatement.java,89
0.9.7,openjpa-lib/src/main/java/org/apache/openjpa/lib/jdbc/DelegatingResultSet.java,146
0.9.7,openjpa-lib/src/main/java/org/apache/openjpa/lib/jdbc/DelegatingStatement.java,50
0.9.7,openjpa-lib/src/main/java/org/apache/openjpa/lib/jdbc/JDBCEventConnectionDecorator.java,7
0.9.7,openjpa-lib/src/main/java/org/apache/openjpa/lib/jdbc/JDBCListener.java,12
0.9.7,openjpa-lib/src/main/java/org/apache/openjpa/lib/jdbc/LoggingConnectionDecorator.java,100
0.9.7,openjpa-lib/src/main/java/org/apache/openjpa/lib/jdbc/ReportingSQLException.java,6
0.9.7,openjpa-lib/src/main/java/org/apache/openjpa/lib/jdbc/SQLFormatter.java,17
0.9.7,openjpa-lib/src/main/java/org/apache/openjpa/lib/log/AbstractLog.java,11
0.9.7,openjpa-lib/src/main/java/org/apache/openjpa/lib/log/CommonsLogFactory.java,2
0.9.7,openjpa-lib/src/main/java/org/apache/openjpa/lib/log/Log.java,20
0.9.7,openjpa-lib/src/main/java/org/apache/openjpa/lib/log/Log4JLogFactory.java,1
0.9.7,openjpa-lib/src/main/java/org/apache/openjpa/lib/log/LogFactory.java,1
0.9.7,openjpa-lib/src/main/java/org/apache/openjpa/lib/log/LogFactoryImpl.java,12
0.9.7,openjpa-lib/src/main/java/org/apache/openjpa/lib/log/LogOutputStream.java,3
0.9.7,openjpa-lib/src/main/java/org/apache/openjpa/lib/log/MultiLogFactory.java,38
0.9.7,openjpa-lib/src/main/java/org/apache/openjpa/lib/log/NoneLogFactory.java,10
0.9.7,openjpa-lib/src/main/java/org/apache/openjpa/lib/meta/CFMetaDataParser.java,29
0.9.7,openjpa-lib/src/main/java/org/apache/openjpa/lib/meta/CFMetaDataSerializer.java,5
0.9.7,openjpa-lib/src/main/java/org/apache/openjpa/lib/meta/ClassAnnotationMetaDataFilter.java,11
0.9.7,openjpa-lib/src/main/java/org/apache/openjpa/lib/meta/ClassArgParser.java,67
0.9.7,openjpa-lib/src/main/java/org/apache/openjpa/lib/meta/ClassMetaDataIterator.java,15
0.9.7,openjpa-lib/src/main/java/org/apache/openjpa/lib/meta/ClasspathMetaDataIterator.java,8
0.9.7,openjpa-lib/src/main/java/org/apache/openjpa/lib/meta/FileMetaDataIterator.java,18
0.9.7,openjpa-lib/src/main/java/org/apache/openjpa/lib/meta/MetaDataFilter.java,4
0.9.7,openjpa-lib/src/main/java/org/apache/openjpa/lib/meta/MetaDataIterator.java,5
0.9.7,openjpa-lib/src/main/java/org/apache/openjpa/lib/meta/MetaDataIteratorChain.java,11
0.9.7,openjpa-lib/src/main/java/org/apache/openjpa/lib/meta/MetaDataParser.java,9
0.9.7,openjpa-lib/src/main/java/org/apache/openjpa/lib/meta/MetaDataSerializer.java,8
0.9.7,openjpa-lib/src/main/java/org/apache/openjpa/lib/meta/ResourceMetaDataIterator.java,6
0.9.7,openjpa-lib/src/main/java/org/apache/openjpa/lib/meta/SourceTracker.java,7
0.9.7,openjpa-lib/src/main/java/org/apache/openjpa/lib/meta/SourceTrackers.java,2
0.9.7,openjpa-lib/src/main/java/org/apache/openjpa/lib/meta/URLMetaDataIterator.java,7
0.9.7,openjpa-lib/src/main/java/org/apache/openjpa/lib/meta/XMLMetaDataParser.java,60
0.9.7,openjpa-lib/src/main/java/org/apache/openjpa/lib/meta/XMLMetaDataSerializer.java,27
0.9.7,openjpa-lib/src/main/java/org/apache/openjpa/lib/meta/ZipFileMetaDataIterator.java,12
0.9.7,openjpa-lib/src/main/java/org/apache/openjpa/lib/meta/ZipStreamMetaDataIterator.java,16
0.9.7,openjpa-lib/src/main/java/org/apache/openjpa/lib/rop/AbstractListIterator.java,3
0.9.7,openjpa-lib/src/main/java/org/apache/openjpa/lib/rop/AbstractNonSequentialResultList.java,16
0.9.7,openjpa-lib/src/main/java/org/apache/openjpa/lib/rop/AbstractResultList.java,2
0.9.7,openjpa-lib/src/main/java/org/apache/openjpa/lib/rop/AbstractSequentialResultList.java,13
0.9.7,openjpa-lib/src/main/java/org/apache/openjpa/lib/rop/EagerResultList.java,2
0.9.7,openjpa-lib/src/main/java/org/apache/openjpa/lib/rop/LazyForwardResultList.java,15
0.9.7,openjpa-lib/src/main/java/org/apache/openjpa/lib/rop/ListResultObjectProvider.java,3
0.9.7,openjpa-lib/src/main/java/org/apache/openjpa/lib/rop/MergedResultObjectProvider.java,15
0.9.7,openjpa-lib/src/main/java/org/apache/openjpa/lib/rop/RandomAccessResultList.java,16
0.9.7,openjpa-lib/src/main/java/org/apache/openjpa/lib/rop/RangeResultObjectProvider.java,9
0.9.7,openjpa-lib/src/main/java/org/apache/openjpa/lib/rop/ResultList.java,3
0.9.7,openjpa-lib/src/main/java/org/apache/openjpa/lib/rop/ResultListIterator.java,3
0.9.7,openjpa-lib/src/main/java/org/apache/openjpa/lib/rop/ResultObjectProvider.java,9
0.9.7,openjpa-lib/src/main/java/org/apache/openjpa/lib/rop/ResultObjectProviderIterator.java,8
0.9.7,openjpa-lib/src/main/java/org/apache/openjpa/lib/rop/SimpleResultList.java,5
0.9.7,openjpa-lib/src/main/java/org/apache/openjpa/lib/rop/WindowResultList.java,11
0.9.7,openjpa-lib/src/main/java/org/apache/openjpa/lib/util/AbstractEventManager.java,9
0.9.7,openjpa-lib/src/main/java/org/apache/openjpa/lib/util/Base16Encoder.java,9
0.9.7,openjpa-lib/src/main/java/org/apache/openjpa/lib/util/BytecodeWriter.java,1
0.9.7,openjpa-lib/src/main/java/org/apache/openjpa/lib/util/Bytes.java,11
0.9.7,openjpa-lib/src/main/java/org/apache/openjpa/lib/util/Closeable.java,1
0.9.7,openjpa-lib/src/main/java/org/apache/openjpa/lib/util/CodeFormat.java,30
0.9.7,openjpa-lib/src/main/java/org/apache/openjpa/lib/util/EventManager.java,6
0.9.7,openjpa-lib/src/main/java/org/apache/openjpa/lib/util/Files.java,35
0.9.7,openjpa-lib/src/main/java/org/apache/openjpa/lib/util/FormatPreservingProperties.java,69
0.9.7,openjpa-lib/src/main/java/org/apache/openjpa/lib/util/JavaVersions.java,28
0.9.7,openjpa-lib/src/main/java/org/apache/openjpa/lib/util/LRUMap.java,3
0.9.7,openjpa-lib/src/main/java/org/apache/openjpa/lib/util/Localizer.java,7
0.9.7,openjpa-lib/src/main/java/org/apache/openjpa/lib/util/MultiClassLoader.java,31
0.9.7,openjpa-lib/src/main/java/org/apache/openjpa/lib/util/Options.java,74
0.9.7,openjpa-lib/src/main/java/org/apache/openjpa/lib/util/ParameterTemplate.java,11
0.9.7,openjpa-lib/src/main/java/org/apache/openjpa/lib/util/ParseException.java,1
0.9.7,openjpa-lib/src/main/java/org/apache/openjpa/lib/util/ReferenceHashMap.java,17
0.9.7,openjpa-lib/src/main/java/org/apache/openjpa/lib/util/ReferenceHashSet.java,15
0.9.7,openjpa-lib/src/main/java/org/apache/openjpa/lib/util/ReferenceMap.java,6
0.9.7,openjpa-lib/src/main/java/org/apache/openjpa/lib/util/ResourceBundleProvider.java,1
0.9.7,openjpa-lib/src/main/java/org/apache/openjpa/lib/util/Services.java,17
0.9.7,openjpa-lib/src/main/java/org/apache/openjpa/lib/util/SimpleRegex.java,12
0.9.7,openjpa-lib/src/main/java/org/apache/openjpa/lib/util/SimpleResourceBundleProvider.java,4
0.9.7,openjpa-lib/src/main/java/org/apache/openjpa/lib/util/SizedMap.java,4
0.9.7,openjpa-lib/src/main/java/org/apache/openjpa/lib/util/StreamResourceBundleProvider.java,3
0.9.7,openjpa-lib/src/main/java/org/apache/openjpa/lib/util/StringDistance.java,17
0.9.7,openjpa-lib/src/main/java/org/apache/openjpa/lib/util/TemporaryClassLoader.java,11
0.9.7,openjpa-lib/src/main/java/org/apache/openjpa/lib/util/TypedProperties.java,9
0.9.7,openjpa-lib/src/main/java/org/apache/openjpa/lib/util/UUIDGenerator.java,2
0.9.7,openjpa-lib/src/main/java/org/apache/openjpa/lib/util/ZipResourceBundleProvider.java,7
0.9.7,openjpa-lib/src/main/java/org/apache/openjpa/lib/util/concurrent/AbstractCollection.java,2
0.9.7,openjpa-lib/src/main/java/org/apache/openjpa/lib/util/concurrent/AbstractConcurrentEventManager.java,7
0.9.7,openjpa-lib/src/main/java/org/apache/openjpa/lib/util/concurrent/AbstractQueue.java,13
0.9.7,openjpa-lib/src/main/java/org/apache/openjpa/lib/util/concurrent/AbstractSet.java,2
0.9.7,openjpa-lib/src/main/java/org/apache/openjpa/lib/util/concurrent/Arrays.java,87
0.9.7,openjpa-lib/src/main/java/org/apache/openjpa/lib/util/concurrent/ConcurrentHashMap.java,100
0.9.7,openjpa-lib/src/main/java/org/apache/openjpa/lib/util/concurrent/ConcurrentHashSet.java,14
0.9.7,openjpa-lib/src/main/java/org/apache/openjpa/lib/util/concurrent/ConcurrentLinkedQueue.java,48
0.9.7,openjpa-lib/src/main/java/org/apache/openjpa/lib/util/concurrent/ConcurrentMap.java,2
0.9.7,openjpa-lib/src/main/java/org/apache/openjpa/lib/util/concurrent/ConcurrentReferenceHashMap.java,148
0.9.7,openjpa-lib/src/main/java/org/apache/openjpa/lib/util/concurrent/ConcurrentReferenceHashSet.java,15
0.9.7,openjpa-lib/src/main/java/org/apache/openjpa/lib/util/concurrent/CondVar.java,18
0.9.7,openjpa-lib/src/main/java/org/apache/openjpa/lib/util/concurrent/CopyOnWriteArrayList.java,159
0.9.7,openjpa-lib/src/main/java/org/apache/openjpa/lib/util/concurrent/CopyOnWriteArraySet.java,9
0.9.7,openjpa-lib/src/main/java/org/apache/openjpa/lib/util/concurrent/FIFOCondVar.java,13
0.9.7,openjpa-lib/src/main/java/org/apache/openjpa/lib/util/concurrent/FIFOWaitQueue.java,8
0.9.7,openjpa-lib/src/main/java/org/apache/openjpa/lib/util/concurrent/Queue.java,1
0.9.7,openjpa-lib/src/main/java/org/apache/openjpa/lib/util/concurrent/ReentrantLock.java,61
0.9.7,openjpa-lib/src/main/java/org/apache/openjpa/lib/util/concurrent/TimeUnit.java,67
0.9.7,openjpa-lib/src/main/java/org/apache/openjpa/lib/util/concurrent/Utils.java,13
0.9.7,openjpa-lib/src/main/java/org/apache/openjpa/lib/util/concurrent/WaitQueue.java,7
0.9.7,openjpa-lib/src/main/java/org/apache/openjpa/lib/xml/Commentable.java,3
0.9.7,openjpa-lib/src/main/java/org/apache/openjpa/lib/xml/DocTypeReader.java,26
0.9.7,openjpa-lib/src/main/java/org/apache/openjpa/lib/xml/Location.java,1
0.9.7,openjpa-lib/src/main/java/org/apache/openjpa/lib/xml/ValidatingErrorHandler.java,3
0.9.7,openjpa-lib/src/main/java/org/apache/openjpa/lib/xml/XMLFactory.java,5
0.9.7,openjpa-lib/src/main/java/org/apache/openjpa/lib/xml/XMLWriter.java,11
0.9.7,openjpa-persistence-jdbc/src/main/java/org/apache/openjpa/persistence/jdbc/AnnotationPersistenceMappingParser.java,110
0.9.7,openjpa-persistence-jdbc/src/main/java/org/apache/openjpa/persistence/jdbc/EagerFetchType.java,1
0.9.7,openjpa-persistence-jdbc/src/main/java/org/apache/openjpa/persistence/jdbc/EmbeddedMapping.java,2
0.9.7,openjpa-persistence-jdbc/src/main/java/org/apache/openjpa/persistence/jdbc/ForeignKeyAction.java,1
0.9.7,openjpa-persistence-jdbc/src/main/java/org/apache/openjpa/persistence/jdbc/IsolationLevel.java,1
0.9.7,openjpa-persistence-jdbc/src/main/java/org/apache/openjpa/persistence/jdbc/JDBCFetchPlan.java,14
0.9.7,openjpa-persistence-jdbc/src/main/java/org/apache/openjpa/persistence/jdbc/JDBCPersistenceProductDerivation.java,4
0.9.7,openjpa-persistence-jdbc/src/main/java/org/apache/openjpa/persistence/jdbc/NonpolymorphicType.java,1
0.9.7,openjpa-persistence-jdbc/src/main/java/org/apache/openjpa/persistence/jdbc/PersistenceMappingDefaults.java,18
0.9.7,openjpa-persistence-jdbc/src/main/java/org/apache/openjpa/persistence/jdbc/PersistenceMappingFactory.java,2
0.9.7,openjpa-persistence-jdbc/src/main/java/org/apache/openjpa/persistence/jdbc/XMLPersistenceMappingParser.java,66
0.9.7,openjpa-persistence-jdbc/src/main/java/org/apache/openjpa/persistence/jdbc/XMLPersistenceMappingSerializer.java,81
0.9.7,openjpa-persistence/src/main/java/org/apache/openjpa/persistence/AnnotationPersistenceMetaDataParser.java,209
0.9.7,openjpa-persistence/src/main/java/org/apache/openjpa/persistence/ArgumentException.java,5
0.9.7,openjpa-persistence/src/main/java/org/apache/openjpa/persistence/EntityExistsException.java,1
0.9.7,openjpa-persistence/src/main/java/org/apache/openjpa/persistence/EntityManagerFactoryImpl.java,29
0.9.7,openjpa-persistence/src/main/java/org/apache/openjpa/persistence/EntityManagerFactoryValue.java,1
0.9.7,openjpa-persistence/src/main/java/org/apache/openjpa/persistence/EntityManagerImpl.java,41
0.9.7,openjpa-persistence/src/main/java/org/apache/openjpa/persistence/EntityNotFoundException.java,1
0.9.7,openjpa-persistence/src/main/java/org/apache/openjpa/persistence/Extent.java,9
0.9.7,openjpa-persistence/src/main/java/org/apache/openjpa/persistence/ExtentImpl.java,6
0.9.7,openjpa-persistence/src/main/java/org/apache/openjpa/persistence/FetchPlan.java,42
0.9.7,openjpa-persistence/src/main/java/org/apache/openjpa/persistence/FetchPlanImpl.java,8
0.9.7,openjpa-persistence/src/main/java/org/apache/openjpa/persistence/Generator.java,7
0.9.7,openjpa-persistence/src/main/java/org/apache/openjpa/persistence/GeneratorImpl.java,5
0.9.7,openjpa-persistence/src/main/java/org/apache/openjpa/persistence/InvalidStateException.java,5
0.9.7,openjpa-persistence/src/main/java/org/apache/openjpa/persistence/MetaDataParsers.java,8
0.9.7,openjpa-persistence/src/main/java/org/apache/openjpa/persistence/NoResultException.java,1
0.9.7,openjpa-persistence/src/main/java/org/apache/openjpa/persistence/NonUniqueResultException.java,1
0.9.7,openjpa-persistence/src/main/java/org/apache/openjpa/persistence/OpenJPAEntityManager.java,139
0.9.7,openjpa-persistence/src/main/java/org/apache/openjpa/persistence/OpenJPAEntityManagerFactory.java,11
0.9.7,openjpa-persistence/src/main/java/org/apache/openjpa/persistence/OpenJPAPersistence.java,43
0.9.7,openjpa-persistence/src/main/java/org/apache/openjpa/persistence/OpenJPAQuery.java,38
0.9.7,openjpa-persistence/src/main/java/org/apache/openjpa/persistence/OptimisticLockException.java,1
0.9.7,openjpa-persistence/src/main/java/org/apache/openjpa/persistence/PersistenceException.java,1
0.9.7,openjpa-persistence/src/main/java/org/apache/openjpa/persistence/PersistenceExceptions.java,13
0.9.7,openjpa-persistence/src/main/java/org/apache/openjpa/persistence/PersistenceListenerAdapter.java,8
0.9.7,openjpa-persistence/src/main/java/org/apache/openjpa/persistence/PersistenceMetaDataDefaults.java,26
0.9.7,openjpa-persistence/src/main/java/org/apache/openjpa/persistence/PersistenceMetaDataFactory.java,41
0.9.7,openjpa-persistence/src/main/java/org/apache/openjpa/persistence/PersistenceProductDerivation.java,42
0.9.7,openjpa-persistence/src/main/java/org/apache/openjpa/persistence/PersistenceProviderImpl.java,3
0.9.7,openjpa-persistence/src/main/java/org/apache/openjpa/persistence/PersistenceUnitInfoImpl.java,33
0.9.7,openjpa-persistence/src/main/java/org/apache/openjpa/persistence/QueryImpl.java,50
0.9.7,openjpa-persistence/src/main/java/org/apache/openjpa/persistence/QueryResultCache.java,6
0.9.7,openjpa-persistence/src/main/java/org/apache/openjpa/persistence/QueryResultCacheImpl.java,9
0.9.7,openjpa-persistence/src/main/java/org/apache/openjpa/persistence/RollbackException.java,1
0.9.7,openjpa-persistence/src/main/java/org/apache/openjpa/persistence/StoreCache.java,15
0.9.7,openjpa-persistence/src/main/java/org/apache/openjpa/persistence/StoreCacheImpl.java,14
0.9.7,openjpa-persistence/src/main/java/org/apache/openjpa/persistence/TransactionRequiredException.java,1
0.9.7,openjpa-persistence/src/main/java/org/apache/openjpa/persistence/UpdateAction.java,1
0.9.7,openjpa-persistence/src/main/java/org/apache/openjpa/persistence/XMLPersistenceMetaDataParser.java,157
0.9.7,openjpa-persistence/src/main/java/org/apache/openjpa/persistence/XMLPersistenceMetaDataSerializer.java,191
0.9.7,openjpa-xmlstore/src/main/java/org/apache/openjpa/xmlstore/ObjectData.java,26
0.9.7,openjpa-xmlstore/src/main/java/org/apache/openjpa/xmlstore/XMLConfiguration.java,2
0.9.7,openjpa-xmlstore/src/main/java/org/apache/openjpa/xmlstore/XMLFileHandler.java,48
0.9.7,openjpa-xmlstore/src/main/java/org/apache/openjpa/xmlstore/XMLStore.java,10
0.9.7,openjpa-xmlstore/src/main/java/org/apache/openjpa/xmlstore/XMLStoreManager.java,20
1.0.0,openjpa-examples/src/main/java/hellojpa/Main.java,2
1.0.0,openjpa-examples/src/main/java/hellojpa/Message.java,2
1.0.0,openjpa-examples/src/main/java/relations/Deity.java,5
1.0.0,openjpa-examples/src/main/java/relations/Main.java,15
1.0.0,openjpa-examples/src/main/java/reversemapping/Main.java,2
1.0.0,openjpa-jdbc-5/src/main/java/org/apache/openjpa/jdbc/kernel/JDBC3SavepointManager.java,2
1.0.0,openjpa-jdbc-5/src/main/java/org/apache/openjpa/jdbc/meta/strats/EnumValueHandler.java,8
1.0.0,openjpa-jdbc-5/src/main/java/org/apache/openjpa/jdbc/meta/strats/XMLValueHandler.java,3
1.0.0,openjpa-jdbc/src/main/java/org/apache/openjpa/jdbc/ant/MappingToolTask.java,4
1.0.0,openjpa-jdbc/src/main/java/org/apache/openjpa/jdbc/ant/ReverseMappingToolTask.java,4
1.0.0,openjpa-jdbc/src/main/java/org/apache/openjpa/jdbc/ant/SchemaToolTask.java,1
1.0.0,openjpa-jdbc/src/main/java/org/apache/openjpa/jdbc/conf/JDBCConfiguration.java,72
1.0.0,openjpa-jdbc/src/main/java/org/apache/openjpa/jdbc/conf/JDBCConfigurationImpl.java,34
1.0.0,openjpa-jdbc/src/main/java/org/apache/openjpa/jdbc/conf/MappingFactoryValue.java,11
1.0.0,openjpa-jdbc/src/main/java/org/apache/openjpa/jdbc/conf/MappingRepositoryValue.java,1
1.0.0,openjpa-jdbc/src/main/java/org/apache/openjpa/jdbc/kernel/AbstractJDBCSavepointManager.java,2
1.0.0,openjpa-jdbc/src/main/java/org/apache/openjpa/jdbc/kernel/AbstractJDBCSeq.java,10
1.0.0,openjpa-jdbc/src/main/java/org/apache/openjpa/jdbc/kernel/AbstractUpdateManager.java,39
1.0.0,openjpa-jdbc/src/main/java/org/apache/openjpa/jdbc/kernel/ClassTableJDBCSeq.java,19
1.0.0,openjpa-jdbc/src/main/java/org/apache/openjpa/jdbc/kernel/ConstraintUpdateManager.java,34
1.0.0,openjpa-jdbc/src/main/java/org/apache/openjpa/jdbc/kernel/EagerFetchModes.java,6
1.0.0,openjpa-jdbc/src/main/java/org/apache/openjpa/jdbc/kernel/GenericResultObjectProvider.java,6
1.0.0,openjpa-jdbc/src/main/java/org/apache/openjpa/jdbc/kernel/InstanceResultObjectProvider.java,1
1.0.0,openjpa-jdbc/src/main/java/org/apache/openjpa/jdbc/kernel/JDBCBrokerFactory.java,10
1.0.0,openjpa-jdbc/src/main/java/org/apache/openjpa/jdbc/kernel/JDBCFetchConfiguration.java,23
1.0.0,openjpa-jdbc/src/main/java/org/apache/openjpa/jdbc/kernel/JDBCFetchConfigurationImpl.java,35
1.0.0,openjpa-jdbc/src/main/java/org/apache/openjpa/jdbc/kernel/JDBCLockManager.java,2
1.0.0,openjpa-jdbc/src/main/java/org/apache/openjpa/jdbc/kernel/JDBCSeq.java,1
1.0.0,openjpa-jdbc/src/main/java/org/apache/openjpa/jdbc/kernel/JDBCStore.java,10
1.0.0,openjpa-jdbc/src/main/java/org/apache/openjpa/jdbc/kernel/JDBCStoreManager.java,131
1.0.0,openjpa-jdbc/src/main/java/org/apache/openjpa/jdbc/kernel/JDBCStoreQuery.java,69
1.0.0,openjpa-jdbc/src/main/java/org/apache/openjpa/jdbc/kernel/LRSSizes.java,6
1.0.0,openjpa-jdbc/src/main/java/org/apache/openjpa/jdbc/kernel/MappedQueryResultObjectProvider.java,40
1.0.0,openjpa-jdbc/src/main/java/org/apache/openjpa/jdbc/kernel/NativeJDBCSeq.java,22
1.0.0,openjpa-jdbc/src/main/java/org/apache/openjpa/jdbc/kernel/OperationOrderUpdateManager.java,18
1.0.0,openjpa-jdbc/src/main/java/org/apache/openjpa/jdbc/kernel/PagingResultObjectProvider.java,48
1.0.0,openjpa-jdbc/src/main/java/org/apache/openjpa/jdbc/kernel/PessimisticLockManager.java,15
1.0.0,openjpa-jdbc/src/main/java/org/apache/openjpa/jdbc/kernel/PreparedStatementManager.java,3
1.0.0,openjpa-jdbc/src/main/java/org/apache/openjpa/jdbc/kernel/PreparedStatementManagerImpl.java,8
1.0.0,openjpa-jdbc/src/main/java/org/apache/openjpa/jdbc/kernel/ProjectionResultObjectProvider.java,1
1.0.0,openjpa-jdbc/src/main/java/org/apache/openjpa/jdbc/kernel/SQLProjectionResultObjectProvider.java,7
1.0.0,openjpa-jdbc/src/main/java/org/apache/openjpa/jdbc/kernel/SQLStoreQuery.java,34
1.0.0,openjpa-jdbc/src/main/java/org/apache/openjpa/jdbc/kernel/SelectResultObjectProvider.java,7
1.0.0,openjpa-jdbc/src/main/java/org/apache/openjpa/jdbc/kernel/TableJDBCSeq.java,49
1.0.0,openjpa-jdbc/src/main/java/org/apache/openjpa/jdbc/kernel/UpdateManager.java,2
1.0.0,openjpa-jdbc/src/main/java/org/apache/openjpa/jdbc/kernel/ValueTableJDBCSeq.java,11
1.0.0,openjpa-jdbc/src/main/java/org/apache/openjpa/jdbc/kernel/exps/Abs.java,1
1.0.0,openjpa-jdbc/src/main/java/org/apache/openjpa/jdbc/kernel/exps/Aggregate.java,11
1.0.0,openjpa-jdbc/src/main/java/org/apache/openjpa/jdbc/kernel/exps/AndExpression.java,4
1.0.0,openjpa-jdbc/src/main/java/org/apache/openjpa/jdbc/kernel/exps/Args.java,22
1.0.0,openjpa-jdbc/src/main/java/org/apache/openjpa/jdbc/kernel/exps/BinaryOpExpState.java,1
1.0.0,openjpa-jdbc/src/main/java/org/apache/openjpa/jdbc/kernel/exps/BindVariableAndExpression.java,2
1.0.0,openjpa-jdbc/src/main/java/org/apache/openjpa/jdbc/kernel/exps/BindVariableExpression.java,2
1.0.0,openjpa-jdbc/src/main/java/org/apache/openjpa/jdbc/kernel/exps/CompareEqualExpression.java,5
1.0.0,openjpa-jdbc/src/main/java/org/apache/openjpa/jdbc/kernel/exps/CompareExpression.java,1
1.0.0,openjpa-jdbc/src/main/java/org/apache/openjpa/jdbc/kernel/exps/Concat.java,2
1.0.0,openjpa-jdbc/src/main/java/org/apache/openjpa/jdbc/kernel/exps/Const.java,20
1.0.0,openjpa-jdbc/src/main/java/org/apache/openjpa/jdbc/kernel/exps/ConstGetObjectId.java,7
1.0.0,openjpa-jdbc/src/main/java/org/apache/openjpa/jdbc/kernel/exps/ConstInstanceofExpression.java,2
1.0.0,openjpa-jdbc/src/main/java/org/apache/openjpa/jdbc/kernel/exps/ConstPath.java,15
1.0.0,openjpa-jdbc/src/main/java/org/apache/openjpa/jdbc/kernel/exps/ContainsExpression.java,2
1.0.0,openjpa-jdbc/src/main/java/org/apache/openjpa/jdbc/kernel/exps/ContainsKeyExpression.java,1
1.0.0,openjpa-jdbc/src/main/java/org/apache/openjpa/jdbc/kernel/exps/CurrentDate.java,1
1.0.0,openjpa-jdbc/src/main/java/org/apache/openjpa/jdbc/kernel/exps/EmptyExpression.java,2
1.0.0,openjpa-jdbc/src/main/java/org/apache/openjpa/jdbc/kernel/exps/EndsWithExpression.java,3
1.0.0,openjpa-jdbc/src/main/java/org/apache/openjpa/jdbc/kernel/exps/EqualExpression.java,7
1.0.0,openjpa-jdbc/src/main/java/org/apache/openjpa/jdbc/kernel/exps/Exp.java,3
1.0.0,openjpa-jdbc/src/main/java/org/apache/openjpa/jdbc/kernel/exps/ExpContext.java,1
1.0.0,openjpa-jdbc/src/main/java/org/apache/openjpa/jdbc/kernel/exps/ExpState.java,1
1.0.0,openjpa-jdbc/src/main/java/org/apache/openjpa/jdbc/kernel/exps/Extension.java,15
1.0.0,openjpa-jdbc/src/main/java/org/apache/openjpa/jdbc/kernel/exps/FilterValue.java,15
1.0.0,openjpa-jdbc/src/main/java/org/apache/openjpa/jdbc/kernel/exps/FilterValueImpl.java,6
1.0.0,openjpa-jdbc/src/main/java/org/apache/openjpa/jdbc/kernel/exps/GetColumn.java,2
1.0.0,openjpa-jdbc/src/main/java/org/apache/openjpa/jdbc/kernel/exps/GetMapValue.java,8
1.0.0,openjpa-jdbc/src/main/java/org/apache/openjpa/jdbc/kernel/exps/GetObjectId.java,7
1.0.0,openjpa-jdbc/src/main/java/org/apache/openjpa/jdbc/kernel/exps/HasContainsExpressionVisitor.java,2
1.0.0,openjpa-jdbc/src/main/java/org/apache/openjpa/jdbc/kernel/exps/InExpression.java,18
1.0.0,openjpa-jdbc/src/main/java/org/apache/openjpa/jdbc/kernel/exps/IndexOf.java,2
1.0.0,openjpa-jdbc/src/main/java/org/apache/openjpa/jdbc/kernel/exps/InstanceofExpression.java,9
1.0.0,openjpa-jdbc/src/main/java/org/apache/openjpa/jdbc/kernel/exps/JDBCAggregateListener.java,1
1.0.0,openjpa-jdbc/src/main/java/org/apache/openjpa/jdbc/kernel/exps/JDBCExpressionFactory.java,14
1.0.0,openjpa-jdbc/src/main/java/org/apache/openjpa/jdbc/kernel/exps/JDBCFilterListener.java,1
1.0.0,openjpa-jdbc/src/main/java/org/apache/openjpa/jdbc/kernel/exps/JDBCPath.java,1
1.0.0,openjpa-jdbc/src/main/java/org/apache/openjpa/jdbc/kernel/exps/JDBCStringContains.java,3
1.0.0,openjpa-jdbc/src/main/java/org/apache/openjpa/jdbc/kernel/exps/JDBCWildcardMatch.java,2
1.0.0,openjpa-jdbc/src/main/java/org/apache/openjpa/jdbc/kernel/exps/Lit.java,4
1.0.0,openjpa-jdbc/src/main/java/org/apache/openjpa/jdbc/kernel/exps/MatchesExpression.java,9
1.0.0,openjpa-jdbc/src/main/java/org/apache/openjpa/jdbc/kernel/exps/Math.java,1
1.0.0,openjpa-jdbc/src/main/java/org/apache/openjpa/jdbc/kernel/exps/NotContainsExpression.java,1
1.0.0,openjpa-jdbc/src/main/java/org/apache/openjpa/jdbc/kernel/exps/NotEqualExpression.java,7
1.0.0,openjpa-jdbc/src/main/java/org/apache/openjpa/jdbc/kernel/exps/Null.java,2
1.0.0,openjpa-jdbc/src/main/java/org/apache/openjpa/jdbc/kernel/exps/OrExpression.java,7
1.0.0,openjpa-jdbc/src/main/java/org/apache/openjpa/jdbc/kernel/exps/PCPath.java,98
1.0.0,openjpa-jdbc/src/main/java/org/apache/openjpa/jdbc/kernel/exps/Param.java,4
1.0.0,openjpa-jdbc/src/main/java/org/apache/openjpa/jdbc/kernel/exps/SQLEmbed.java,1
1.0.0,openjpa-jdbc/src/main/java/org/apache/openjpa/jdbc/kernel/exps/SelectConstructor.java,19
1.0.0,openjpa-jdbc/src/main/java/org/apache/openjpa/jdbc/kernel/exps/StartsWithExpression.java,3
1.0.0,openjpa-jdbc/src/main/java/org/apache/openjpa/jdbc/kernel/exps/StringFunction.java,1
1.0.0,openjpa-jdbc/src/main/java/org/apache/openjpa/jdbc/kernel/exps/StringLength.java,1
1.0.0,openjpa-jdbc/src/main/java/org/apache/openjpa/jdbc/kernel/exps/SubQ.java,16
1.0.0,openjpa-jdbc/src/main/java/org/apache/openjpa/jdbc/kernel/exps/Substring.java,2
1.0.0,openjpa-jdbc/src/main/java/org/apache/openjpa/jdbc/kernel/exps/Sum.java,1
1.0.0,openjpa-jdbc/src/main/java/org/apache/openjpa/jdbc/kernel/exps/Trim.java,9
1.0.0,openjpa-jdbc/src/main/java/org/apache/openjpa/jdbc/kernel/exps/UnaryOp.java,2
1.0.0,openjpa-jdbc/src/main/java/org/apache/openjpa/jdbc/kernel/exps/Val.java,18
1.0.0,openjpa-jdbc/src/main/java/org/apache/openjpa/jdbc/kernel/exps/Variable.java,14
1.0.0,openjpa-jdbc/src/main/java/org/apache/openjpa/jdbc/meta/ClassMapping.java,79
1.0.0,openjpa-jdbc/src/main/java/org/apache/openjpa/jdbc/meta/ClassMappingInfo.java,27
1.0.0,openjpa-jdbc/src/main/java/org/apache/openjpa/jdbc/meta/ClassStrategy.java,7
1.0.0,openjpa-jdbc/src/main/java/org/apache/openjpa/jdbc/meta/DelegatingJoinable.java,5
1.0.0,openjpa-jdbc/src/main/java/org/apache/openjpa/jdbc/meta/Discriminator.java,21
1.0.0,openjpa-jdbc/src/main/java/org/apache/openjpa/jdbc/meta/DiscriminatorMappingInfo.java,13
1.0.0,openjpa-jdbc/src/main/java/org/apache/openjpa/jdbc/meta/DiscriminatorStrategy.java,6
1.0.0,openjpa-jdbc/src/main/java/org/apache/openjpa/jdbc/meta/Embeddable.java,7
1.0.0,openjpa-jdbc/src/main/java/org/apache/openjpa/jdbc/meta/FieldMapping.java,45
1.0.0,openjpa-jdbc/src/main/java/org/apache/openjpa/jdbc/meta/FieldMappingInfo.java,24
1.0.0,openjpa-jdbc/src/main/java/org/apache/openjpa/jdbc/meta/FieldStrategy.java,25
1.0.0,openjpa-jdbc/src/main/java/org/apache/openjpa/jdbc/meta/JDBCColumnOrder.java,1
1.0.0,openjpa-jdbc/src/main/java/org/apache/openjpa/jdbc/meta/JDBCOrder.java,2
1.0.0,openjpa-jdbc/src/main/java/org/apache/openjpa/jdbc/meta/JDBCRelatedFieldOrder.java,1
1.0.0,openjpa-jdbc/src/main/java/org/apache/openjpa/jdbc/meta/JDBCValueOrder.java,2
1.0.0,openjpa-jdbc/src/main/java/org/apache/openjpa/jdbc/meta/JavaSQLTypes.java,17
1.0.0,openjpa-jdbc/src/main/java/org/apache/openjpa/jdbc/meta/Joinable.java,6
1.0.0,openjpa-jdbc/src/main/java/org/apache/openjpa/jdbc/meta/MappingDefaults.java,29
1.0.0,openjpa-jdbc/src/main/java/org/apache/openjpa/jdbc/meta/MappingDefaultsImpl.java,48
1.0.0,openjpa-jdbc/src/main/java/org/apache/openjpa/jdbc/meta/MappingInfo.java,184
1.0.0,openjpa-jdbc/src/main/java/org/apache/openjpa/jdbc/meta/MappingRepository.java,120
1.0.0,openjpa-jdbc/src/main/java/org/apache/openjpa/jdbc/meta/MappingStrategyInstaller.java,4
1.0.0,openjpa-jdbc/src/main/java/org/apache/openjpa/jdbc/meta/MappingTool.java,101
1.0.0,openjpa-jdbc/src/main/java/org/apache/openjpa/jdbc/meta/MetaDataPlusMappingFactory.java,8
1.0.0,openjpa-jdbc/src/main/java/org/apache/openjpa/jdbc/meta/NoneMappingDefaults.java,8
1.0.0,openjpa-jdbc/src/main/java/org/apache/openjpa/jdbc/meta/PropertiesReverseCustomizer.java,19
1.0.0,openjpa-jdbc/src/main/java/org/apache/openjpa/jdbc/meta/QueryResultMapping.java,44
1.0.0,openjpa-jdbc/src/main/java/org/apache/openjpa/jdbc/meta/RefreshStrategyInstaller.java,12
1.0.0,openjpa-jdbc/src/main/java/org/apache/openjpa/jdbc/meta/RelationId.java,1
1.0.0,openjpa-jdbc/src/main/java/org/apache/openjpa/jdbc/meta/ReverseCustomizer.java,13
1.0.0,openjpa-jdbc/src/main/java/org/apache/openjpa/jdbc/meta/ReverseMappingTool.java,211
1.0.0,openjpa-jdbc/src/main/java/org/apache/openjpa/jdbc/meta/RuntimeStrategyInstaller.java,5
1.0.0,openjpa-jdbc/src/main/java/org/apache/openjpa/jdbc/meta/Strategy.java,12
1.0.0,openjpa-jdbc/src/main/java/org/apache/openjpa/jdbc/meta/ValueHandler.java,7
1.0.0,openjpa-jdbc/src/main/java/org/apache/openjpa/jdbc/meta/ValueMapping.java,41
1.0.0,openjpa-jdbc/src/main/java/org/apache/openjpa/jdbc/meta/ValueMappingImpl.java,64
1.0.0,openjpa-jdbc/src/main/java/org/apache/openjpa/jdbc/meta/ValueMappingInfo.java,23
1.0.0,openjpa-jdbc/src/main/java/org/apache/openjpa/jdbc/meta/Version.java,18
1.0.0,openjpa-jdbc/src/main/java/org/apache/openjpa/jdbc/meta/VersionMappingInfo.java,3
1.0.0,openjpa-jdbc/src/main/java/org/apache/openjpa/jdbc/meta/VersionStrategy.java,8
1.0.0,openjpa-jdbc/src/main/java/org/apache/openjpa/jdbc/meta/strats/AbstractDiscriminatorStrategy.java,1
1.0.0,openjpa-jdbc/src/main/java/org/apache/openjpa/jdbc/meta/strats/AbstractFieldStrategy.java,7
1.0.0,openjpa-jdbc/src/main/java/org/apache/openjpa/jdbc/meta/strats/AbstractStrategy.java,8
1.0.0,openjpa-jdbc/src/main/java/org/apache/openjpa/jdbc/meta/strats/AbstractVersionStrategy.java,2
1.0.0,openjpa-jdbc/src/main/java/org/apache/openjpa/jdbc/meta/strats/CharArrayStreamValueHandler.java,4
1.0.0,openjpa-jdbc/src/main/java/org/apache/openjpa/jdbc/meta/strats/CharArrayValueHandler.java,1
1.0.0,openjpa-jdbc/src/main/java/org/apache/openjpa/jdbc/meta/strats/ClassNameDiscriminatorStrategy.java,7
1.0.0,openjpa-jdbc/src/main/java/org/apache/openjpa/jdbc/meta/strats/ColumnVersionStrategy.java,37
1.0.0,openjpa-jdbc/src/main/java/org/apache/openjpa/jdbc/meta/strats/ContainerFieldStrategy.java,6
1.0.0,openjpa-jdbc/src/main/java/org/apache/openjpa/jdbc/meta/strats/EmbedFieldStrategy.java,74
1.0.0,openjpa-jdbc/src/main/java/org/apache/openjpa/jdbc/meta/strats/EmbedValueHandler.java,16
1.0.0,openjpa-jdbc/src/main/java/org/apache/openjpa/jdbc/meta/strats/EmbeddedClassStrategy.java,9
1.0.0,openjpa-jdbc/src/main/java/org/apache/openjpa/jdbc/meta/strats/FlatClassStrategy.java,2
1.0.0,openjpa-jdbc/src/main/java/org/apache/openjpa/jdbc/meta/strats/FullClassStrategy.java,8
1.0.0,openjpa-jdbc/src/main/java/org/apache/openjpa/jdbc/meta/strats/HandlerFieldStrategy.java,48
1.0.0,openjpa-jdbc/src/main/java/org/apache/openjpa/jdbc/meta/strats/HandlerStrategies.java,31
1.0.0,openjpa-jdbc/src/main/java/org/apache/openjpa/jdbc/meta/strats/IdentityJoinable.java,2
1.0.0,openjpa-jdbc/src/main/java/org/apache/openjpa/jdbc/meta/strats/ImmutableValueHandler.java,5
1.0.0,openjpa-jdbc/src/main/java/org/apache/openjpa/jdbc/meta/strats/InValueDiscriminatorStrategy.java,13
1.0.0,openjpa-jdbc/src/main/java/org/apache/openjpa/jdbc/meta/strats/LRSCollectionFieldStrategy.java,7
1.0.0,openjpa-jdbc/src/main/java/org/apache/openjpa/jdbc/meta/strats/LRSMapFieldStrategy.java,15
1.0.0,openjpa-jdbc/src/main/java/org/apache/openjpa/jdbc/meta/strats/LRSProxyCollection.java,10
1.0.0,openjpa-jdbc/src/main/java/org/apache/openjpa/jdbc/meta/strats/LRSProxyMap.java,40
1.0.0,openjpa-jdbc/src/main/java/org/apache/openjpa/jdbc/meta/strats/MapTableFieldStrategy.java,7
1.0.0,openjpa-jdbc/src/main/java/org/apache/openjpa/jdbc/meta/strats/MaxEmbeddedBlobFieldStrategy.java,3
1.0.0,openjpa-jdbc/src/main/java/org/apache/openjpa/jdbc/meta/strats/MaxEmbeddedByteArrayFieldStrategy.java,3
1.0.0,openjpa-jdbc/src/main/java/org/apache/openjpa/jdbc/meta/strats/MaxEmbeddedCharArrayFieldStrategy.java,8
1.0.0,openjpa-jdbc/src/main/java/org/apache/openjpa/jdbc/meta/strats/MaxEmbeddedClobFieldStrategy.java,3
1.0.0,openjpa-jdbc/src/main/java/org/apache/openjpa/jdbc/meta/strats/MaxEmbeddedLobFieldStrategy.java,17
1.0.0,openjpa-jdbc/src/main/java/org/apache/openjpa/jdbc/meta/strats/NoneClassStrategy.java,2
1.0.0,openjpa-jdbc/src/main/java/org/apache/openjpa/jdbc/meta/strats/NoneDiscriminatorStrategy.java,1
1.0.0,openjpa-jdbc/src/main/java/org/apache/openjpa/jdbc/meta/strats/NoneFieldStrategy.java,2
1.0.0,openjpa-jdbc/src/main/java/org/apache/openjpa/jdbc/meta/strats/NoneVersionStrategy.java,2
1.0.0,openjpa-jdbc/src/main/java/org/apache/openjpa/jdbc/meta/strats/NumberVersionStrategy.java,3
1.0.0,openjpa-jdbc/src/main/java/org/apache/openjpa/jdbc/meta/strats/ObjectIdClassStrategy.java,1
1.0.0,openjpa-jdbc/src/main/java/org/apache/openjpa/jdbc/meta/strats/ObjectIdValueHandler.java,3
1.0.0,openjpa-jdbc/src/main/java/org/apache/openjpa/jdbc/meta/strats/PrimitiveFieldStrategy.java,36
1.0.0,openjpa-jdbc/src/main/java/org/apache/openjpa/jdbc/meta/strats/PrimitiveWrapperArrays.java,9
1.0.0,openjpa-jdbc/src/main/java/org/apache/openjpa/jdbc/meta/strats/RelationCollectionInverseKeyFieldStrategy.java,2
1.0.0,openjpa-jdbc/src/main/java/org/apache/openjpa/jdbc/meta/strats/RelationCollectionTableFieldStrategy.java,2
1.0.0,openjpa-jdbc/src/main/java/org/apache/openjpa/jdbc/meta/strats/RelationFieldStrategy.java,97
1.0.0,openjpa-jdbc/src/main/java/org/apache/openjpa/jdbc/meta/strats/RelationMapInverseKeyFieldStrategy.java,5
1.0.0,openjpa-jdbc/src/main/java/org/apache/openjpa/jdbc/meta/strats/RelationMapTableFieldStrategy.java,5
1.0.0,openjpa-jdbc/src/main/java/org/apache/openjpa/jdbc/meta/strats/RelationStrategies.java,14
1.0.0,openjpa-jdbc/src/main/java/org/apache/openjpa/jdbc/meta/strats/RelationToManyInverseKeyFieldStrategy.java,35
1.0.0,openjpa-jdbc/src/main/java/org/apache/openjpa/jdbc/meta/strats/RelationToManyTableFieldStrategy.java,18
1.0.0,openjpa-jdbc/src/main/java/org/apache/openjpa/jdbc/meta/strats/StateComparisonVersionStrategy.java,23
1.0.0,openjpa-jdbc/src/main/java/org/apache/openjpa/jdbc/meta/strats/StoreCollectionFieldStrategy.java,45
1.0.0,openjpa-jdbc/src/main/java/org/apache/openjpa/jdbc/meta/strats/StringFieldStrategy.java,15
1.0.0,openjpa-jdbc/src/main/java/org/apache/openjpa/jdbc/meta/strats/SubclassJoinDiscriminatorStrategy.java,17
1.0.0,openjpa-jdbc/src/main/java/org/apache/openjpa/jdbc/meta/strats/TimestampVersionStrategy.java,2
1.0.0,openjpa-jdbc/src/main/java/org/apache/openjpa/jdbc/meta/strats/UntypedPCValueHandler.java,4
1.0.0,openjpa-jdbc/src/main/java/org/apache/openjpa/jdbc/meta/strats/ValueMapDiscriminatorStrategy.java,10
1.0.0,openjpa-jdbc/src/main/java/org/apache/openjpa/jdbc/meta/strats/VerticalClassStrategy.java,7
1.0.0,openjpa-jdbc/src/main/java/org/apache/openjpa/jdbc/schema/Column.java,68
1.0.0,openjpa-jdbc/src/main/java/org/apache/openjpa/jdbc/schema/ColumnIO.java,16
1.0.0,openjpa-jdbc/src/main/java/org/apache/openjpa/jdbc/schema/Constraint.java,10
1.0.0,openjpa-jdbc/src/main/java/org/apache/openjpa/jdbc/schema/DataSourceFactory.java,16
1.0.0,openjpa-jdbc/src/main/java/org/apache/openjpa/jdbc/schema/DriverDataSource.java,15
1.0.0,openjpa-jdbc/src/main/java/org/apache/openjpa/jdbc/schema/DynamicSchemaFactory.java,12
1.0.0,openjpa-jdbc/src/main/java/org/apache/openjpa/jdbc/schema/FileSchemaFactory.java,3
1.0.0,openjpa-jdbc/src/main/java/org/apache/openjpa/jdbc/schema/ForeignKey.java,90
1.0.0,openjpa-jdbc/src/main/java/org/apache/openjpa/jdbc/schema/Index.java,7
1.0.0,openjpa-jdbc/src/main/java/org/apache/openjpa/jdbc/schema/LazySchemaFactory.java,12
1.0.0,openjpa-jdbc/src/main/java/org/apache/openjpa/jdbc/schema/LocalConstraint.java,28
1.0.0,openjpa-jdbc/src/main/java/org/apache/openjpa/jdbc/schema/NameSet.java,8
1.0.0,openjpa-jdbc/src/main/java/org/apache/openjpa/jdbc/schema/PrimaryKey.java,4
1.0.0,openjpa-jdbc/src/main/java/org/apache/openjpa/jdbc/schema/Schema.java,35
1.0.0,openjpa-jdbc/src/main/java/org/apache/openjpa/jdbc/schema/SchemaFactory.java,2
1.0.0,openjpa-jdbc/src/main/java/org/apache/openjpa/jdbc/schema/SchemaGenerator.java,122
1.0.0,openjpa-jdbc/src/main/java/org/apache/openjpa/jdbc/schema/SchemaGroup.java,55
1.0.0,openjpa-jdbc/src/main/java/org/apache/openjpa/jdbc/schema/SchemaParser.java,5
1.0.0,openjpa-jdbc/src/main/java/org/apache/openjpa/jdbc/schema/SchemaSerializer.java,8
1.0.0,openjpa-jdbc/src/main/java/org/apache/openjpa/jdbc/schema/SchemaTool.java,202
1.0.0,openjpa-jdbc/src/main/java/org/apache/openjpa/jdbc/schema/Schemas.java,39
1.0.0,openjpa-jdbc/src/main/java/org/apache/openjpa/jdbc/schema/Sequence.java,11
1.0.0,openjpa-jdbc/src/main/java/org/apache/openjpa/jdbc/schema/SimpleDriverDataSource.java,18
1.0.0,openjpa-jdbc/src/main/java/org/apache/openjpa/jdbc/schema/Table.java,87
1.0.0,openjpa-jdbc/src/main/java/org/apache/openjpa/jdbc/schema/TableSchemaFactory.java,41
1.0.0,openjpa-jdbc/src/main/java/org/apache/openjpa/jdbc/schema/Unique.java,1
1.0.0,openjpa-jdbc/src/main/java/org/apache/openjpa/jdbc/schema/XMLSchemaParser.java,50
1.0.0,openjpa-jdbc/src/main/java/org/apache/openjpa/jdbc/schema/XMLSchemaSerializer.java,82
1.0.0,openjpa-jdbc/src/main/java/org/apache/openjpa/jdbc/sql/AbstractResult.java,33
1.0.0,openjpa-jdbc/src/main/java/org/apache/openjpa/jdbc/sql/AbstractSQLServerDictionary.java,7
1.0.0,openjpa-jdbc/src/main/java/org/apache/openjpa/jdbc/sql/AccessDictionary.java,2
1.0.0,openjpa-jdbc/src/main/java/org/apache/openjpa/jdbc/sql/DB2Dictionary.java,48
1.0.0,openjpa-jdbc/src/main/java/org/apache/openjpa/jdbc/sql/DBDictionary.java,392
1.0.0,openjpa-jdbc/src/main/java/org/apache/openjpa/jdbc/sql/DBDictionaryFactory.java,41
1.0.0,openjpa-jdbc/src/main/java/org/apache/openjpa/jdbc/sql/DerbyDictionary.java,2
1.0.0,openjpa-jdbc/src/main/java/org/apache/openjpa/jdbc/sql/EmpressDictionary.java,15
1.0.0,openjpa-jdbc/src/main/java/org/apache/openjpa/jdbc/sql/FoxProDictionary.java,8
1.0.0,openjpa-jdbc/src/main/java/org/apache/openjpa/jdbc/sql/H2Dictionary.java,17
1.0.0,openjpa-jdbc/src/main/java/org/apache/openjpa/jdbc/sql/HSQLDictionary.java,19
1.0.0,openjpa-jdbc/src/main/java/org/apache/openjpa/jdbc/sql/InformixDictionary.java,14
1.0.0,openjpa-jdbc/src/main/java/org/apache/openjpa/jdbc/sql/InterbaseDictionary.java,2
1.0.0,openjpa-jdbc/src/main/java/org/apache/openjpa/jdbc/sql/JDataStoreDictionary.java,3
1.0.0,openjpa-jdbc/src/main/java/org/apache/openjpa/jdbc/sql/Join.java,10
1.0.0,openjpa-jdbc/src/main/java/org/apache/openjpa/jdbc/sql/JoinSet.java,59
1.0.0,openjpa-jdbc/src/main/java/org/apache/openjpa/jdbc/sql/JoinSyntaxes.java,6
1.0.0,openjpa-jdbc/src/main/java/org/apache/openjpa/jdbc/sql/Joins.java,9
1.0.0,openjpa-jdbc/src/main/java/org/apache/openjpa/jdbc/sql/LogicalUnion.java,53
1.0.0,openjpa-jdbc/src/main/java/org/apache/openjpa/jdbc/sql/MergedResult.java,15
1.0.0,openjpa-jdbc/src/main/java/org/apache/openjpa/jdbc/sql/MySQLDictionary.java,9
1.0.0,openjpa-jdbc/src/main/java/org/apache/openjpa/jdbc/sql/OracleDictionary.java,143
1.0.0,openjpa-jdbc/src/main/java/org/apache/openjpa/jdbc/sql/PointbaseDictionary.java,4
1.0.0,openjpa-jdbc/src/main/java/org/apache/openjpa/jdbc/sql/PostgresDictionary.java,19
1.0.0,openjpa-jdbc/src/main/java/org/apache/openjpa/jdbc/sql/PrimaryRow.java,43
1.0.0,openjpa-jdbc/src/main/java/org/apache/openjpa/jdbc/sql/Raw.java,1
1.0.0,openjpa-jdbc/src/main/java/org/apache/openjpa/jdbc/sql/Result.java,78
1.0.0,openjpa-jdbc/src/main/java/org/apache/openjpa/jdbc/sql/ResultSetResult.java,22
1.0.0,openjpa-jdbc/src/main/java/org/apache/openjpa/jdbc/sql/Row.java,75
1.0.0,openjpa-jdbc/src/main/java/org/apache/openjpa/jdbc/sql/RowImpl.java,91
1.0.0,openjpa-jdbc/src/main/java/org/apache/openjpa/jdbc/sql/RowManager.java,5
1.0.0,openjpa-jdbc/src/main/java/org/apache/openjpa/jdbc/sql/RowManagerImpl.java,18
1.0.0,openjpa-jdbc/src/main/java/org/apache/openjpa/jdbc/sql/SQLBuffer.java,64
1.0.0,openjpa-jdbc/src/main/java/org/apache/openjpa/jdbc/sql/SQLExceptions.java,5
1.0.0,openjpa-jdbc/src/main/java/org/apache/openjpa/jdbc/sql/SQLFactory.java,3
1.0.0,openjpa-jdbc/src/main/java/org/apache/openjpa/jdbc/sql/SQLFactoryImpl.java,2
1.0.0,openjpa-jdbc/src/main/java/org/apache/openjpa/jdbc/sql/SQLServerDictionary.java,31
1.0.0,openjpa-jdbc/src/main/java/org/apache/openjpa/jdbc/sql/SecondaryRow.java,15
1.0.0,openjpa-jdbc/src/main/java/org/apache/openjpa/jdbc/sql/Select.java,105
1.0.0,openjpa-jdbc/src/main/java/org/apache/openjpa/jdbc/sql/SelectExecutor.java,18
1.0.0,openjpa-jdbc/src/main/java/org/apache/openjpa/jdbc/sql/SelectImpl.java,357
1.0.0,openjpa-jdbc/src/main/java/org/apache/openjpa/jdbc/sql/SybaseDictionary.java,18
1.0.0,openjpa-jdbc/src/main/java/org/apache/openjpa/jdbc/sql/Union.java,7
1.0.0,openjpa-kernel-5/src/main/java/org/apache/openjpa/enhance/ClassRedefiner.java,17
1.0.0,openjpa-kernel-5/src/main/java/org/apache/openjpa/enhance/InstrumentationFactory.java,9
1.0.0,openjpa-kernel-5/src/main/java/org/apache/openjpa/enhance/ManagedClassSubclasser.java,30
1.0.0,openjpa-kernel-5/src/main/java/org/apache/openjpa/enhance/PCClassFileTransformer.java,28
1.0.0,openjpa-kernel-5/src/main/java/org/apache/openjpa/enhance/PCEnhancerAgent.java,3
1.0.0,openjpa-kernel/src/main/java/org/apache/openjpa/abstractstore/AbstractStoreBrokerFactory.java,3
1.0.0,openjpa-kernel/src/main/java/org/apache/openjpa/abstractstore/AbstractStoreManager.java,26
1.0.0,openjpa-kernel/src/main/java/org/apache/openjpa/ant/MetaDataToolTask.java,4
1.0.0,openjpa-kernel/src/main/java/org/apache/openjpa/conf/AutoDetachValue.java,4
1.0.0,openjpa-kernel/src/main/java/org/apache/openjpa/conf/BrokerFactoryValue.java,3
1.0.0,openjpa-kernel/src/main/java/org/apache/openjpa/conf/BrokerValue.java,1
1.0.0,openjpa-kernel/src/main/java/org/apache/openjpa/conf/DetachOptions.java,6
1.0.0,openjpa-kernel/src/main/java/org/apache/openjpa/conf/OpenJPAConfiguration.java,214
1.0.0,openjpa-kernel/src/main/java/org/apache/openjpa/conf/OpenJPAConfigurationImpl.java,33
1.0.0,openjpa-kernel/src/main/java/org/apache/openjpa/conf/OpenJPAProductDerivation.java,5
1.0.0,openjpa-kernel/src/main/java/org/apache/openjpa/conf/OpenJPAVersion.java,4
1.0.0,openjpa-kernel/src/main/java/org/apache/openjpa/conf/QueryCompilationCacheValue.java,2
1.0.0,openjpa-kernel/src/main/java/org/apache/openjpa/conf/RemoteCommitProviderValue.java,4
1.0.0,openjpa-kernel/src/main/java/org/apache/openjpa/datacache/AbstractDataCache.java,64
1.0.0,openjpa-kernel/src/main/java/org/apache/openjpa/datacache/AbstractQueryCache.java,38
1.0.0,openjpa-kernel/src/main/java/org/apache/openjpa/datacache/Caches.java,5
1.0.0,openjpa-kernel/src/main/java/org/apache/openjpa/datacache/ConcurrentDataCache.java,1
1.0.0,openjpa-kernel/src/main/java/org/apache/openjpa/datacache/DataCache.java,26
1.0.0,openjpa-kernel/src/main/java/org/apache/openjpa/datacache/DataCacheManager.java,8
1.0.0,openjpa-kernel/src/main/java/org/apache/openjpa/datacache/DataCacheManagerImpl.java,5
1.0.0,openjpa-kernel/src/main/java/org/apache/openjpa/datacache/DataCachePCData.java,1
1.0.0,openjpa-kernel/src/main/java/org/apache/openjpa/datacache/DataCachePCDataGenerator.java,6
1.0.0,openjpa-kernel/src/main/java/org/apache/openjpa/datacache/DataCachePCDataImpl.java,4
1.0.0,openjpa-kernel/src/main/java/org/apache/openjpa/datacache/DataCacheScheduler.java,17
1.0.0,openjpa-kernel/src/main/java/org/apache/openjpa/datacache/DataCacheStoreManager.java,69
1.0.0,openjpa-kernel/src/main/java/org/apache/openjpa/datacache/DelegatingDataCache.java,33
1.0.0,openjpa-kernel/src/main/java/org/apache/openjpa/datacache/DelegatingQueryCache.java,19
1.0.0,openjpa-kernel/src/main/java/org/apache/openjpa/datacache/ExpirationListener.java,1
1.0.0,openjpa-kernel/src/main/java/org/apache/openjpa/datacache/QueryCache.java,12
1.0.0,openjpa-kernel/src/main/java/org/apache/openjpa/datacache/QueryCacheStoreQuery.java,42
1.0.0,openjpa-kernel/src/main/java/org/apache/openjpa/datacache/QueryKey.java,47
1.0.0,openjpa-kernel/src/main/java/org/apache/openjpa/datacache/QueryResult.java,2
1.0.0,openjpa-kernel/src/main/java/org/apache/openjpa/datacache/TypesChangedListener.java,1
1.0.0,openjpa-kernel/src/main/java/org/apache/openjpa/ee/AutomaticManagedRuntime.java,26
1.0.0,openjpa-kernel/src/main/java/org/apache/openjpa/ee/InvocationManagedRuntime.java,2
1.0.0,openjpa-kernel/src/main/java/org/apache/openjpa/ee/ManagedRuntime.java,4
1.0.0,openjpa-kernel/src/main/java/org/apache/openjpa/ee/RegistryManagedRuntime.java,1
1.0.0,openjpa-kernel/src/main/java/org/apache/openjpa/ee/WASManagedRuntime.java,3
1.0.0,openjpa-kernel/src/main/java/org/apache/openjpa/ee/WLSManagedRuntime.java,2
1.0.0,openjpa-kernel/src/main/java/org/apache/openjpa/enhance/ApplicationIdTool.java,116
1.0.0,openjpa-kernel/src/main/java/org/apache/openjpa/enhance/AttributeTranslator.java,1
1.0.0,openjpa-kernel/src/main/java/org/apache/openjpa/enhance/CodeGenerator.java,53
1.0.0,openjpa-kernel/src/main/java/org/apache/openjpa/enhance/DynamicPCHelper.java,1
1.0.0,openjpa-kernel/src/main/java/org/apache/openjpa/enhance/DynamicStorage.java,22
1.0.0,openjpa-kernel/src/main/java/org/apache/openjpa/enhance/DynamicStorageGenerator.java,20
1.0.0,openjpa-kernel/src/main/java/org/apache/openjpa/enhance/ManagedInstanceProvider.java,1
1.0.0,openjpa-kernel/src/main/java/org/apache/openjpa/enhance/PCDataGenerator.java,38
1.0.0,openjpa-kernel/src/main/java/org/apache/openjpa/enhance/PCEnhancer.java,234
1.0.0,openjpa-kernel/src/main/java/org/apache/openjpa/enhance/PCRegistry.java,14
1.0.0,openjpa-kernel/src/main/java/org/apache/openjpa/enhance/PCSubclassValidator.java,20
1.0.0,openjpa-kernel/src/main/java/org/apache/openjpa/enhance/PersistenceCapable.java,9
1.0.0,openjpa-kernel/src/main/java/org/apache/openjpa/enhance/RedefinitionHelper.java,24
1.0.0,openjpa-kernel/src/main/java/org/apache/openjpa/enhance/ReflectingPersistenceCapable.java,42
1.0.0,openjpa-kernel/src/main/java/org/apache/openjpa/enhance/Reflection.java,65
1.0.0,openjpa-kernel/src/main/java/org/apache/openjpa/enhance/RuntimeUnenhancedClasssesModes.java,6
1.0.0,openjpa-kernel/src/main/java/org/apache/openjpa/enhance/StateManager.java,49
1.0.0,openjpa-kernel/src/main/java/org/apache/openjpa/event/AbstractLifecycleListener.java,1
1.0.0,openjpa-kernel/src/main/java/org/apache/openjpa/event/AbstractRemoteCommitProvider.java,6
1.0.0,openjpa-kernel/src/main/java/org/apache/openjpa/event/AbstractTransactionListener.java,1
1.0.0,openjpa-kernel/src/main/java/org/apache/openjpa/event/AttachListener.java,2
1.0.0,openjpa-kernel/src/main/java/org/apache/openjpa/event/BeanLifecycleCallbacks.java,6
1.0.0,openjpa-kernel/src/main/java/org/apache/openjpa/event/BeginTransactionListener.java,1
1.0.0,openjpa-kernel/src/main/java/org/apache/openjpa/event/BrokerFactoryEventManager.java,1
1.0.0,openjpa-kernel/src/main/java/org/apache/openjpa/event/BrokerFactoryListener.java,1
1.0.0,openjpa-kernel/src/main/java/org/apache/openjpa/event/CallbackModes.java,10
1.0.0,openjpa-kernel/src/main/java/org/apache/openjpa/event/ClearListener.java,2
1.0.0,openjpa-kernel/src/main/java/org/apache/openjpa/event/DeleteListener.java,2
1.0.0,openjpa-kernel/src/main/java/org/apache/openjpa/event/DetachListener.java,2
1.0.0,openjpa-kernel/src/main/java/org/apache/openjpa/event/DirtyListener.java,4
1.0.0,openjpa-kernel/src/main/java/org/apache/openjpa/event/EndTransactionListener.java,6
1.0.0,openjpa-kernel/src/main/java/org/apache/openjpa/event/FlushTransactionListener.java,2
1.0.0,openjpa-kernel/src/main/java/org/apache/openjpa/event/JMSRemoteCommitProvider.java,17
1.0.0,openjpa-kernel/src/main/java/org/apache/openjpa/event/LifecycleCallbacks.java,2
1.0.0,openjpa-kernel/src/main/java/org/apache/openjpa/event/LifecycleEventManager.java,81
1.0.0,openjpa-kernel/src/main/java/org/apache/openjpa/event/LoadListener.java,2
1.0.0,openjpa-kernel/src/main/java/org/apache/openjpa/event/LogOrphanedKeyAction.java,6
1.0.0,openjpa-kernel/src/main/java/org/apache/openjpa/event/MethodLifecycleCallbacks.java,13
1.0.0,openjpa-kernel/src/main/java/org/apache/openjpa/event/OrphanedKeyAction.java,1
1.0.0,openjpa-kernel/src/main/java/org/apache/openjpa/event/PersistListener.java,2
1.0.0,openjpa-kernel/src/main/java/org/apache/openjpa/event/RemoteCommitEvent.java,15
1.0.0,openjpa-kernel/src/main/java/org/apache/openjpa/event/RemoteCommitEventManager.java,24
1.0.0,openjpa-kernel/src/main/java/org/apache/openjpa/event/RemoteCommitListener.java,2
1.0.0,openjpa-kernel/src/main/java/org/apache/openjpa/event/RemoteCommitProvider.java,3
1.0.0,openjpa-kernel/src/main/java/org/apache/openjpa/event/SingleJVMRemoteCommitProvider.java,3
1.0.0,openjpa-kernel/src/main/java/org/apache/openjpa/event/StoreListener.java,2
1.0.0,openjpa-kernel/src/main/java/org/apache/openjpa/event/TCPRemoteCommitProvider.java,65
1.0.0,openjpa-kernel/src/main/java/org/apache/openjpa/event/TransactionEventManager.java,17
1.0.0,openjpa-kernel/src/main/java/org/apache/openjpa/kernel/AbstractBrokerFactory.java,48
1.0.0,openjpa-kernel/src/main/java/org/apache/openjpa/kernel/AbstractLockManager.java,5
1.0.0,openjpa-kernel/src/main/java/org/apache/openjpa/kernel/AbstractPCData.java,48
1.0.0,openjpa-kernel/src/main/java/org/apache/openjpa/kernel/AbstractPCResultObjectProvider.java,3
1.0.0,openjpa-kernel/src/main/java/org/apache/openjpa/kernel/AbstractStoreQuery.java,5
1.0.0,openjpa-kernel/src/main/java/org/apache/openjpa/kernel/AttachManager.java,29
1.0.0,openjpa-kernel/src/main/java/org/apache/openjpa/kernel/AttachStrategy.java,56
1.0.0,openjpa-kernel/src/main/java/org/apache/openjpa/kernel/AutoClear.java,4
1.0.0,openjpa-kernel/src/main/java/org/apache/openjpa/kernel/AutoDetach.java,8
1.0.0,openjpa-kernel/src/main/java/org/apache/openjpa/kernel/Bootstrap.java,11
1.0.0,openjpa-kernel/src/main/java/org/apache/openjpa/kernel/Broker.java,100
1.0.0,openjpa-kernel/src/main/java/org/apache/openjpa/kernel/BrokerFactory.java,14
1.0.0,openjpa-kernel/src/main/java/org/apache/openjpa/kernel/BrokerImpl.java,510
1.0.0,openjpa-kernel/src/main/java/org/apache/openjpa/kernel/ClearFieldManager.java,1
1.0.0,openjpa-kernel/src/main/java/org/apache/openjpa/kernel/ConnectionRetainModes.java,6
1.0.0,openjpa-kernel/src/main/java/org/apache/openjpa/kernel/DelegatingBroker.java,6
1.0.0,openjpa-kernel/src/main/java/org/apache/openjpa/kernel/DelegatingBrokerFactory.java,6
1.0.0,openjpa-kernel/src/main/java/org/apache/openjpa/kernel/DelegatingExtent.java,6
1.0.0,openjpa-kernel/src/main/java/org/apache/openjpa/kernel/DelegatingFetchConfiguration.java,9
1.0.0,openjpa-kernel/src/main/java/org/apache/openjpa/kernel/DelegatingQuery.java,6
1.0.0,openjpa-kernel/src/main/java/org/apache/openjpa/kernel/DelegatingResultList.java,17
1.0.0,openjpa-kernel/src/main/java/org/apache/openjpa/kernel/DelegatingSeq.java,6
1.0.0,openjpa-kernel/src/main/java/org/apache/openjpa/kernel/DelegatingStoreManager.java,6
1.0.0,openjpa-kernel/src/main/java/org/apache/openjpa/kernel/DetachManager.java,86
1.0.0,openjpa-kernel/src/main/java/org/apache/openjpa/kernel/DetachState.java,8
1.0.0,openjpa-kernel/src/main/java/org/apache/openjpa/kernel/DetachedStateAttachStrategy.java,10
1.0.0,openjpa-kernel/src/main/java/org/apache/openjpa/kernel/DetachedStateManager.java,59
1.0.0,openjpa-kernel/src/main/java/org/apache/openjpa/kernel/DetachedValueStateManager.java,10
1.0.0,openjpa-kernel/src/main/java/org/apache/openjpa/kernel/ENonTransState.java,1
1.0.0,openjpa-kernel/src/main/java/org/apache/openjpa/kernel/ExpressionStoreQuery.java,44
1.0.0,openjpa-kernel/src/main/java/org/apache/openjpa/kernel/Extent.java,11
1.0.0,openjpa-kernel/src/main/java/org/apache/openjpa/kernel/ExtentImpl.java,41
1.0.0,openjpa-kernel/src/main/java/org/apache/openjpa/kernel/FetchConfiguration.java,50
1.0.0,openjpa-kernel/src/main/java/org/apache/openjpa/kernel/FetchConfigurationImpl.java,79
1.0.0,openjpa-kernel/src/main/java/org/apache/openjpa/kernel/Filters.java,117
1.0.0,openjpa-kernel/src/main/java/org/apache/openjpa/kernel/FinalizingBrokerImpl.java,2
1.0.0,openjpa-kernel/src/main/java/org/apache/openjpa/kernel/FindCallbacks.java,2
1.0.0,openjpa-kernel/src/main/java/org/apache/openjpa/kernel/InMemorySavepointManager.java,1
1.0.0,openjpa-kernel/src/main/java/org/apache/openjpa/kernel/InverseManager.java,46
1.0.0,openjpa-kernel/src/main/java/org/apache/openjpa/kernel/LocalManagedRuntime.java,15
1.0.0,openjpa-kernel/src/main/java/org/apache/openjpa/kernel/LockLevels.java,6
1.0.0,openjpa-kernel/src/main/java/org/apache/openjpa/kernel/LockManager.java,8
1.0.0,openjpa-kernel/src/main/java/org/apache/openjpa/kernel/MethodStoreQuery.java,24
1.0.0,openjpa-kernel/src/main/java/org/apache/openjpa/kernel/ObjectIdStateManager.java,24
1.0.0,openjpa-kernel/src/main/java/org/apache/openjpa/kernel/OpCallbacks.java,15
1.0.0,openjpa-kernel/src/main/java/org/apache/openjpa/kernel/OpenJPASavepoint.java,5
1.0.0,openjpa-kernel/src/main/java/org/apache/openjpa/kernel/OpenJPAStateManager.java,71
1.0.0,openjpa-kernel/src/main/java/org/apache/openjpa/kernel/OrderingMergedResultObjectProvider.java,11
1.0.0,openjpa-kernel/src/main/java/org/apache/openjpa/kernel/PCData.java,12
1.0.0,openjpa-kernel/src/main/java/org/apache/openjpa/kernel/PCDataImpl.java,22
1.0.0,openjpa-kernel/src/main/java/org/apache/openjpa/kernel/PCResultObjectProvider.java,1
1.0.0,openjpa-kernel/src/main/java/org/apache/openjpa/kernel/PCState.java,24
1.0.0,openjpa-kernel/src/main/java/org/apache/openjpa/kernel/PNewFlushedDeletedFlushedState.java,1
1.0.0,openjpa-kernel/src/main/java/org/apache/openjpa/kernel/PNewState.java,1
1.0.0,openjpa-kernel/src/main/java/org/apache/openjpa/kernel/PNonTransState.java,4
1.0.0,openjpa-kernel/src/main/java/org/apache/openjpa/kernel/Query.java,26
1.0.0,openjpa-kernel/src/main/java/org/apache/openjpa/kernel/QueryContext.java,43
1.0.0,openjpa-kernel/src/main/java/org/apache/openjpa/kernel/QueryFlushModes.java,6
1.0.0,openjpa-kernel/src/main/java/org/apache/openjpa/kernel/QueryHints.java,2
1.0.0,openjpa-kernel/src/main/java/org/apache/openjpa/kernel/QueryImpl.java,181
1.0.0,openjpa-kernel/src/main/java/org/apache/openjpa/kernel/QueryLanguages.java,3
1.0.0,openjpa-kernel/src/main/java/org/apache/openjpa/kernel/QueryOperations.java,6
1.0.0,openjpa-kernel/src/main/java/org/apache/openjpa/kernel/ROPStoreManager.java,3
1.0.0,openjpa-kernel/src/main/java/org/apache/openjpa/kernel/RestoreState.java,6
1.0.0,openjpa-kernel/src/main/java/org/apache/openjpa/kernel/ResultPacker.java,30
1.0.0,openjpa-kernel/src/main/java/org/apache/openjpa/kernel/SaveFieldManager.java,17
1.0.0,openjpa-kernel/src/main/java/org/apache/openjpa/kernel/SavepointFieldManager.java,11
1.0.0,openjpa-kernel/src/main/java/org/apache/openjpa/kernel/SavepointManager.java,2
1.0.0,openjpa-kernel/src/main/java/org/apache/openjpa/kernel/Seq.java,9
1.0.0,openjpa-kernel/src/main/java/org/apache/openjpa/kernel/SingleFieldManager.java,110
1.0.0,openjpa-kernel/src/main/java/org/apache/openjpa/kernel/StateManagerImpl.java,271
1.0.0,openjpa-kernel/src/main/java/org/apache/openjpa/kernel/StoreContext.java,60
1.0.0,openjpa-kernel/src/main/java/org/apache/openjpa/kernel/StoreManager.java,38
1.0.0,openjpa-kernel/src/main/java/org/apache/openjpa/kernel/StoreQuery.java,45
1.0.0,openjpa-kernel/src/main/java/org/apache/openjpa/kernel/TCleanState.java,1
1.0.0,openjpa-kernel/src/main/java/org/apache/openjpa/kernel/TDirtyState.java,1
1.0.0,openjpa-kernel/src/main/java/org/apache/openjpa/kernel/TimeSeededSeq.java,3
1.0.0,openjpa-kernel/src/main/java/org/apache/openjpa/kernel/TransferFieldManager.java,1
1.0.0,openjpa-kernel/src/main/java/org/apache/openjpa/kernel/UUIDHexSeq.java,4
1.0.0,openjpa-kernel/src/main/java/org/apache/openjpa/kernel/UUIDStringSeq.java,4
1.0.0,openjpa-kernel/src/main/java/org/apache/openjpa/kernel/VersionAttachStrategy.java,37
1.0.0,openjpa-kernel/src/main/java/org/apache/openjpa/kernel/VersionLockManager.java,6
1.0.0,openjpa-kernel/src/main/java/org/apache/openjpa/kernel/exps/Abs.java,9
1.0.0,openjpa-kernel/src/main/java/org/apache/openjpa/kernel/exps/AbstractExpressionBuilder.java,31
1.0.0,openjpa-kernel/src/main/java/org/apache/openjpa/kernel/exps/AbstractExpressionVisitor.java,4
1.0.0,openjpa-kernel/src/main/java/org/apache/openjpa/kernel/exps/Aggregate.java,8
1.0.0,openjpa-kernel/src/main/java/org/apache/openjpa/kernel/exps/AggregateListener.java,4
1.0.0,openjpa-kernel/src/main/java/org/apache/openjpa/kernel/exps/AggregateVal.java,3
1.0.0,openjpa-kernel/src/main/java/org/apache/openjpa/kernel/exps/All.java,1
1.0.0,openjpa-kernel/src/main/java/org/apache/openjpa/kernel/exps/Any.java,1
1.0.0,openjpa-kernel/src/main/java/org/apache/openjpa/kernel/exps/Args.java,10
1.0.0,openjpa-kernel/src/main/java/org/apache/openjpa/kernel/exps/Arguments.java,1
1.0.0,openjpa-kernel/src/main/java/org/apache/openjpa/kernel/exps/Avg.java,4
1.0.0,openjpa-kernel/src/main/java/org/apache/openjpa/kernel/exps/BindVariableAndExpression.java,5
1.0.0,openjpa-kernel/src/main/java/org/apache/openjpa/kernel/exps/BindVariableExpression.java,3
1.0.0,openjpa-kernel/src/main/java/org/apache/openjpa/kernel/exps/BoundVariable.java,2
1.0.0,openjpa-kernel/src/main/java/org/apache/openjpa/kernel/exps/CandidatePath.java,27
1.0.0,openjpa-kernel/src/main/java/org/apache/openjpa/kernel/exps/Cast.java,4
1.0.0,openjpa-kernel/src/main/java/org/apache/openjpa/kernel/exps/Concat.java,4
1.0.0,openjpa-kernel/src/main/java/org/apache/openjpa/kernel/exps/Constant.java,1
1.0.0,openjpa-kernel/src/main/java/org/apache/openjpa/kernel/exps/ContainsExpression.java,3
1.0.0,openjpa-kernel/src/main/java/org/apache/openjpa/kernel/exps/Count.java,3
1.0.0,openjpa-kernel/src/main/java/org/apache/openjpa/kernel/exps/CurrentDate.java,1
1.0.0,openjpa-kernel/src/main/java/org/apache/openjpa/kernel/exps/Distinct.java,2
1.0.0,openjpa-kernel/src/main/java/org/apache/openjpa/kernel/exps/EndsWithExpression.java,1
1.0.0,openjpa-kernel/src/main/java/org/apache/openjpa/kernel/exps/Exp.java,2
1.0.0,openjpa-kernel/src/main/java/org/apache/openjpa/kernel/exps/Expression.java,1
1.0.0,openjpa-kernel/src/main/java/org/apache/openjpa/kernel/exps/ExpressionFactory.java,65
1.0.0,openjpa-kernel/src/main/java/org/apache/openjpa/kernel/exps/ExpressionParser.java,5
1.0.0,openjpa-kernel/src/main/java/org/apache/openjpa/kernel/exps/ExpressionVisitor.java,4
1.0.0,openjpa-kernel/src/main/java/org/apache/openjpa/kernel/exps/Extension.java,10
1.0.0,openjpa-kernel/src/main/java/org/apache/openjpa/kernel/exps/FilterListener.java,5
1.0.0,openjpa-kernel/src/main/java/org/apache/openjpa/kernel/exps/GetMapValue.java,1
1.0.0,openjpa-kernel/src/main/java/org/apache/openjpa/kernel/exps/GetObjectId.java,1
1.0.0,openjpa-kernel/src/main/java/org/apache/openjpa/kernel/exps/GreaterThanEqualExpression.java,2
1.0.0,openjpa-kernel/src/main/java/org/apache/openjpa/kernel/exps/GreaterThanExpression.java,2
1.0.0,openjpa-kernel/src/main/java/org/apache/openjpa/kernel/exps/InMemoryExpressionFactory.java,50
1.0.0,openjpa-kernel/src/main/java/org/apache/openjpa/kernel/exps/IndexOf.java,2
1.0.0,openjpa-kernel/src/main/java/org/apache/openjpa/kernel/exps/IsEmptyExpression.java,9
1.0.0,openjpa-kernel/src/main/java/org/apache/openjpa/kernel/exps/LessThanEqualExpression.java,2
1.0.0,openjpa-kernel/src/main/java/org/apache/openjpa/kernel/exps/LessThanExpression.java,2
1.0.0,openjpa-kernel/src/main/java/org/apache/openjpa/kernel/exps/Literal.java,8
1.0.0,openjpa-kernel/src/main/java/org/apache/openjpa/kernel/exps/MatchesExpression.java,4
1.0.0,openjpa-kernel/src/main/java/org/apache/openjpa/kernel/exps/MathVal.java,1
1.0.0,openjpa-kernel/src/main/java/org/apache/openjpa/kernel/exps/Max.java,2
1.0.0,openjpa-kernel/src/main/java/org/apache/openjpa/kernel/exps/Min.java,2
1.0.0,openjpa-kernel/src/main/java/org/apache/openjpa/kernel/exps/Null.java,1
1.0.0,openjpa-kernel/src/main/java/org/apache/openjpa/kernel/exps/Parameter.java,2
1.0.0,openjpa-kernel/src/main/java/org/apache/openjpa/kernel/exps/Path.java,5
1.0.0,openjpa-kernel/src/main/java/org/apache/openjpa/kernel/exps/QueryExpressions.java,11
1.0.0,openjpa-kernel/src/main/java/org/apache/openjpa/kernel/exps/Resolver.java,4
1.0.0,openjpa-kernel/src/main/java/org/apache/openjpa/kernel/exps/Size.java,2
1.0.0,openjpa-kernel/src/main/java/org/apache/openjpa/kernel/exps/Sqrt.java,1
1.0.0,openjpa-kernel/src/main/java/org/apache/openjpa/kernel/exps/StartsWithExpression.java,1
1.0.0,openjpa-kernel/src/main/java/org/apache/openjpa/kernel/exps/StringContains.java,2
1.0.0,openjpa-kernel/src/main/java/org/apache/openjpa/kernel/exps/StringLength.java,2
1.0.0,openjpa-kernel/src/main/java/org/apache/openjpa/kernel/exps/SubQ.java,1
1.0.0,openjpa-kernel/src/main/java/org/apache/openjpa/kernel/exps/Subquery.java,2
1.0.0,openjpa-kernel/src/main/java/org/apache/openjpa/kernel/exps/Substring.java,1
1.0.0,openjpa-kernel/src/main/java/org/apache/openjpa/kernel/exps/Sum.java,4
1.0.0,openjpa-kernel/src/main/java/org/apache/openjpa/kernel/exps/This.java,1
1.0.0,openjpa-kernel/src/main/java/org/apache/openjpa/kernel/exps/ToLowerCase.java,1
1.0.0,openjpa-kernel/src/main/java/org/apache/openjpa/kernel/exps/ToUpperCase.java,1
1.0.0,openjpa-kernel/src/main/java/org/apache/openjpa/kernel/exps/Trim.java,4
1.0.0,openjpa-kernel/src/main/java/org/apache/openjpa/kernel/exps/UnaryMathVal.java,1
1.0.0,openjpa-kernel/src/main/java/org/apache/openjpa/kernel/exps/Val.java,4
1.0.0,openjpa-kernel/src/main/java/org/apache/openjpa/kernel/exps/Value.java,8
1.0.0,openjpa-kernel/src/main/java/org/apache/openjpa/kernel/exps/WildcardMatch.java,4
1.0.0,openjpa-kernel/src/main/java/org/apache/openjpa/kernel/jpql/JPQLExpressionBuilder.java,127
1.0.0,openjpa-kernel/src/main/java/org/apache/openjpa/kernel/jpql/JPQLParser.java,4
1.0.0,openjpa-kernel/src/main/java/org/apache/openjpa/kernel/jpql/ParseException.java,7
1.0.0,openjpa-kernel/src/main/java/org/apache/openjpa/meta/AbstractCFMetaDataFactory.java,120
1.0.0,openjpa-kernel/src/main/java/org/apache/openjpa/meta/AbstractMetaDataDefaults.java,28
1.0.0,openjpa-kernel/src/main/java/org/apache/openjpa/meta/AbstractMetaDataFactory.java,5
1.0.0,openjpa-kernel/src/main/java/org/apache/openjpa/meta/ClassMetaData.java,233
1.0.0,openjpa-kernel/src/main/java/org/apache/openjpa/meta/DelegatingMetaDataFactory.java,1
1.0.0,openjpa-kernel/src/main/java/org/apache/openjpa/meta/Extensions.java,41
1.0.0,openjpa-kernel/src/main/java/org/apache/openjpa/meta/FetchGroup.java,42
1.0.0,openjpa-kernel/src/main/java/org/apache/openjpa/meta/FieldMetaData.java,172
1.0.0,openjpa-kernel/src/main/java/org/apache/openjpa/meta/InMemoryRelatedFieldOrder.java,14
1.0.0,openjpa-kernel/src/main/java/org/apache/openjpa/meta/InMemoryValueOrder.java,22
1.0.0,openjpa-kernel/src/main/java/org/apache/openjpa/meta/InheritanceComparator.java,13
1.0.0,openjpa-kernel/src/main/java/org/apache/openjpa/meta/InterfaceImplGenerator.java,11
1.0.0,openjpa-kernel/src/main/java/org/apache/openjpa/meta/JavaTypes.java,79
1.0.0,openjpa-kernel/src/main/java/org/apache/openjpa/meta/LifecycleMetaData.java,17
1.0.0,openjpa-kernel/src/main/java/org/apache/openjpa/meta/MetaDataContext.java,1
1.0.0,openjpa-kernel/src/main/java/org/apache/openjpa/meta/MetaDataDefaults.java,10
1.0.0,openjpa-kernel/src/main/java/org/apache/openjpa/meta/MetaDataFactory.java,19
1.0.0,openjpa-kernel/src/main/java/org/apache/openjpa/meta/MetaDataInheritanceComparator.java,9
1.0.0,openjpa-kernel/src/main/java/org/apache/openjpa/meta/MetaDataModes.java,12
1.0.0,openjpa-kernel/src/main/java/org/apache/openjpa/meta/MetaDataRepository.java,186
1.0.0,openjpa-kernel/src/main/java/org/apache/openjpa/meta/MetaDataTool.java,29
1.0.0,openjpa-kernel/src/main/java/org/apache/openjpa/meta/NonPersistentMetaData.java,5
1.0.0,openjpa-kernel/src/main/java/org/apache/openjpa/meta/NoneMetaDataFactory.java,12
1.0.0,openjpa-kernel/src/main/java/org/apache/openjpa/meta/Order.java,4
1.0.0,openjpa-kernel/src/main/java/org/apache/openjpa/meta/ProxySetupStateManager.java,7
1.0.0,openjpa-kernel/src/main/java/org/apache/openjpa/meta/QueryMetaData.java,8
1.0.0,openjpa-kernel/src/main/java/org/apache/openjpa/meta/SequenceMetaData.java,16
1.0.0,openjpa-kernel/src/main/java/org/apache/openjpa/meta/UpdateStrategies.java,6
1.0.0,openjpa-kernel/src/main/java/org/apache/openjpa/meta/ValueMetaData.java,42
1.0.0,openjpa-kernel/src/main/java/org/apache/openjpa/meta/ValueMetaDataImpl.java,44
1.0.0,openjpa-kernel/src/main/java/org/apache/openjpa/meta/ValueStrategies.java,8
1.0.0,openjpa-kernel/src/main/java/org/apache/openjpa/meta/XMLClassMetaData.java,2
1.0.0,openjpa-kernel/src/main/java/org/apache/openjpa/meta/XMLFieldMetaData.java,5
1.0.0,openjpa-kernel/src/main/java/org/apache/openjpa/meta/XMLMetaData.java,21
1.0.0,openjpa-kernel/src/main/java/org/apache/openjpa/util/AbstractChangeTracker.java,19
1.0.0,openjpa-kernel/src/main/java/org/apache/openjpa/util/AbstractLRSProxyCollection.java,35
1.0.0,openjpa-kernel/src/main/java/org/apache/openjpa/util/AbstractLRSProxyMap.java,56
1.0.0,openjpa-kernel/src/main/java/org/apache/openjpa/util/ApplicationIds.java,62
1.0.0,openjpa-kernel/src/main/java/org/apache/openjpa/util/ArrayStateImage.java,6
1.0.0,openjpa-kernel/src/main/java/org/apache/openjpa/util/ByteId.java,2
1.0.0,openjpa-kernel/src/main/java/org/apache/openjpa/util/CacheMap.java,45
1.0.0,openjpa-kernel/src/main/java/org/apache/openjpa/util/ChangeTracker.java,8
1.0.0,openjpa-kernel/src/main/java/org/apache/openjpa/util/CharId.java,2
1.0.0,openjpa-kernel/src/main/java/org/apache/openjpa/util/ClassResolver.java,1
1.0.0,openjpa-kernel/src/main/java/org/apache/openjpa/util/ClassResolverImpl.java,6
1.0.0,openjpa-kernel/src/main/java/org/apache/openjpa/util/CollectionChangeTracker.java,2
1.0.0,openjpa-kernel/src/main/java/org/apache/openjpa/util/CollectionChangeTrackerImpl.java,9
1.0.0,openjpa-kernel/src/main/java/org/apache/openjpa/util/DateId.java,1
1.0.0,openjpa-kernel/src/main/java/org/apache/openjpa/util/DoubleId.java,2
1.0.0,openjpa-kernel/src/main/java/org/apache/openjpa/util/ExceptionInfo.java,13
1.0.0,openjpa-kernel/src/main/java/org/apache/openjpa/util/Exceptions.java,24
1.0.0,openjpa-kernel/src/main/java/org/apache/openjpa/util/FloatId.java,2
1.0.0,openjpa-kernel/src/main/java/org/apache/openjpa/util/GeneralException.java,1
1.0.0,openjpa-kernel/src/main/java/org/apache/openjpa/util/GeneratedClasses.java,10
1.0.0,openjpa-kernel/src/main/java/org/apache/openjpa/util/Id.java,9
1.0.0,openjpa-kernel/src/main/java/org/apache/openjpa/util/ImplHelper.java,23
1.0.0,openjpa-kernel/src/main/java/org/apache/openjpa/util/IntId.java,1
1.0.0,openjpa-kernel/src/main/java/org/apache/openjpa/util/LockException.java,2
1.0.0,openjpa-kernel/src/main/java/org/apache/openjpa/util/MapChangeTracker.java,5
1.0.0,openjpa-kernel/src/main/java/org/apache/openjpa/util/MapChangeTrackerImpl.java,14
1.0.0,openjpa-kernel/src/main/java/org/apache/openjpa/util/MultiLoaderClassResolver.java,3
1.0.0,openjpa-kernel/src/main/java/org/apache/openjpa/util/OpenJPAException.java,10
1.0.0,openjpa-kernel/src/main/java/org/apache/openjpa/util/OpenJPAId.java,11
1.0.0,openjpa-kernel/src/main/java/org/apache/openjpa/util/Proxies.java,5
1.0.0,openjpa-kernel/src/main/java/org/apache/openjpa/util/Proxy.java,5
1.0.0,openjpa-kernel/src/main/java/org/apache/openjpa/util/ProxyBean.java,1
1.0.0,openjpa-kernel/src/main/java/org/apache/openjpa/util/ProxyCalendar.java,2
1.0.0,openjpa-kernel/src/main/java/org/apache/openjpa/util/ProxyCollection.java,2
1.0.0,openjpa-kernel/src/main/java/org/apache/openjpa/util/ProxyCollections.java,40
1.0.0,openjpa-kernel/src/main/java/org/apache/openjpa/util/ProxyDate.java,1
1.0.0,openjpa-kernel/src/main/java/org/apache/openjpa/util/ProxyManager.java,11
1.0.0,openjpa-kernel/src/main/java/org/apache/openjpa/util/ProxyManagerImpl.java,124
1.0.0,openjpa-kernel/src/main/java/org/apache/openjpa/util/ProxyMap.java,3
1.0.0,openjpa-kernel/src/main/java/org/apache/openjpa/util/ProxyMaps.java,20
1.0.0,openjpa-kernel/src/main/java/org/apache/openjpa/util/RuntimeExceptionTranslator.java,1
1.0.0,openjpa-kernel/src/main/java/org/apache/openjpa/util/Serialization.java,12
1.0.0,openjpa-kernel/src/main/java/org/apache/openjpa/util/ShortId.java,2
1.0.0,openjpa-kernel/src/main/java/org/apache/openjpa/util/StoreFacadeTypeRegistry.java,6
1.0.0,openjpa-kernel/src/main/java/org/apache/openjpa/util/StringId.java,1
1.0.0,openjpa-kernel/src/main/java/org/apache/openjpa/util/UserException.java,1
1.0.0,openjpa-lib/src/main/java/org/apache/openjpa/lib/ant/AbstractTask.java,14
1.0.0,openjpa-lib/src/main/java/org/apache/openjpa/lib/conf/AbstractProductDerivation.java,2
1.0.0,openjpa-lib/src/main/java/org/apache/openjpa/lib/conf/BooleanValue.java,3
1.0.0,openjpa-lib/src/main/java/org/apache/openjpa/lib/conf/Configurable.java,3
1.0.0,openjpa-lib/src/main/java/org/apache/openjpa/lib/conf/Configuration.java,33
1.0.0,openjpa-lib/src/main/java/org/apache/openjpa/lib/conf/ConfigurationImpl.java,105
1.0.0,openjpa-lib/src/main/java/org/apache/openjpa/lib/conf/ConfigurationProvider.java,4
1.0.0,openjpa-lib/src/main/java/org/apache/openjpa/lib/conf/Configurations.java,70
1.0.0,openjpa-lib/src/main/java/org/apache/openjpa/lib/conf/DoubleValue.java,5
1.0.0,openjpa-lib/src/main/java/org/apache/openjpa/lib/conf/FileValue.java,1
1.0.0,openjpa-lib/src/main/java/org/apache/openjpa/lib/conf/GenericConfigurable.java,1
1.0.0,openjpa-lib/src/main/java/org/apache/openjpa/lib/conf/IntValue.java,5
1.0.0,openjpa-lib/src/main/java/org/apache/openjpa/lib/conf/MapConfigurationProvider.java,6
1.0.0,openjpa-lib/src/main/java/org/apache/openjpa/lib/conf/ObjectValue.java,3
1.0.0,openjpa-lib/src/main/java/org/apache/openjpa/lib/conf/PluginListValue.java,14
1.0.0,openjpa-lib/src/main/java/org/apache/openjpa/lib/conf/PluginValue.java,6
1.0.0,openjpa-lib/src/main/java/org/apache/openjpa/lib/conf/ProductDerivation.java,13
1.0.0,openjpa-lib/src/main/java/org/apache/openjpa/lib/conf/ProductDerivations.java,41
1.0.0,openjpa-lib/src/main/java/org/apache/openjpa/lib/conf/StringListValue.java,9
1.0.0,openjpa-lib/src/main/java/org/apache/openjpa/lib/conf/StringValue.java,1
1.0.0,openjpa-lib/src/main/java/org/apache/openjpa/lib/conf/Value.java,23
1.0.0,openjpa-lib/src/main/java/org/apache/openjpa/lib/conf/ValueListener.java,1
1.0.0,openjpa-lib/src/main/java/org/apache/openjpa/lib/graph/BreadthFirstWalk.java,13
1.0.0,openjpa-lib/src/main/java/org/apache/openjpa/lib/graph/DepthFirstAnalysis.java,17
1.0.0,openjpa-lib/src/main/java/org/apache/openjpa/lib/graph/Edge.java,5
1.0.0,openjpa-lib/src/main/java/org/apache/openjpa/lib/graph/Graph.java,18
1.0.0,openjpa-lib/src/main/java/org/apache/openjpa/lib/graph/GraphVisitor.java,3
1.0.0,openjpa-lib/src/main/java/org/apache/openjpa/lib/jdbc/AbstractJDBCListener.java,1
1.0.0,openjpa-lib/src/main/java/org/apache/openjpa/lib/jdbc/ConfiguringConnectionDecorator.java,12
1.0.0,openjpa-lib/src/main/java/org/apache/openjpa/lib/jdbc/ConnectionDecorator.java,1
1.0.0,openjpa-lib/src/main/java/org/apache/openjpa/lib/jdbc/DataSourceLogs.java,8
1.0.0,openjpa-lib/src/main/java/org/apache/openjpa/lib/jdbc/DecoratingDataSource.java,5
1.0.0,openjpa-lib/src/main/java/org/apache/openjpa/lib/jdbc/DelegatingCallableStatement.java,167
1.0.0,openjpa-lib/src/main/java/org/apache/openjpa/lib/jdbc/DelegatingConnection.java,96
1.0.0,openjpa-lib/src/main/java/org/apache/openjpa/lib/jdbc/DelegatingDataSource.java,16
1.0.0,openjpa-lib/src/main/java/org/apache/openjpa/lib/jdbc/DelegatingDatabaseMetaData.java,170
1.0.0,openjpa-lib/src/main/java/org/apache/openjpa/lib/jdbc/DelegatingPreparedStatement.java,89
1.0.0,openjpa-lib/src/main/java/org/apache/openjpa/lib/jdbc/DelegatingResultSet.java,146
1.0.0,openjpa-lib/src/main/java/org/apache/openjpa/lib/jdbc/DelegatingStatement.java,50
1.0.0,openjpa-lib/src/main/java/org/apache/openjpa/lib/jdbc/JDBCEventConnectionDecorator.java,7
1.0.0,openjpa-lib/src/main/java/org/apache/openjpa/lib/jdbc/JDBCListener.java,12
1.0.0,openjpa-lib/src/main/java/org/apache/openjpa/lib/jdbc/LoggingConnectionDecorator.java,100
1.0.0,openjpa-lib/src/main/java/org/apache/openjpa/lib/jdbc/ReportingSQLException.java,6
1.0.0,openjpa-lib/src/main/java/org/apache/openjpa/lib/jdbc/SQLFormatter.java,17
1.0.0,openjpa-lib/src/main/java/org/apache/openjpa/lib/log/AbstractLog.java,11
1.0.0,openjpa-lib/src/main/java/org/apache/openjpa/lib/log/CommonsLogFactory.java,2
1.0.0,openjpa-lib/src/main/java/org/apache/openjpa/lib/log/Log.java,20
1.0.0,openjpa-lib/src/main/java/org/apache/openjpa/lib/log/Log4JLogFactory.java,1
1.0.0,openjpa-lib/src/main/java/org/apache/openjpa/lib/log/LogFactory.java,1
1.0.0,openjpa-lib/src/main/java/org/apache/openjpa/lib/log/LogFactoryImpl.java,13
1.0.0,openjpa-lib/src/main/java/org/apache/openjpa/lib/log/LogOutputStream.java,3
1.0.0,openjpa-lib/src/main/java/org/apache/openjpa/lib/log/MultiLogFactory.java,38
1.0.0,openjpa-lib/src/main/java/org/apache/openjpa/lib/log/NoneLogFactory.java,10
1.0.0,openjpa-lib/src/main/java/org/apache/openjpa/lib/meta/CFMetaDataParser.java,29
1.0.0,openjpa-lib/src/main/java/org/apache/openjpa/lib/meta/CFMetaDataSerializer.java,5
1.0.0,openjpa-lib/src/main/java/org/apache/openjpa/lib/meta/ClassAnnotationMetaDataFilter.java,11
1.0.0,openjpa-lib/src/main/java/org/apache/openjpa/lib/meta/ClassArgParser.java,67
1.0.0,openjpa-lib/src/main/java/org/apache/openjpa/lib/meta/ClassMetaDataIterator.java,15
1.0.0,openjpa-lib/src/main/java/org/apache/openjpa/lib/meta/ClasspathMetaDataIterator.java,8
1.0.0,openjpa-lib/src/main/java/org/apache/openjpa/lib/meta/FileMetaDataIterator.java,18
1.0.0,openjpa-lib/src/main/java/org/apache/openjpa/lib/meta/MetaDataFilter.java,4
1.0.0,openjpa-lib/src/main/java/org/apache/openjpa/lib/meta/MetaDataIterator.java,5
1.0.0,openjpa-lib/src/main/java/org/apache/openjpa/lib/meta/MetaDataIteratorChain.java,11
1.0.0,openjpa-lib/src/main/java/org/apache/openjpa/lib/meta/MetaDataParser.java,9
1.0.0,openjpa-lib/src/main/java/org/apache/openjpa/lib/meta/MetaDataSerializer.java,8
1.0.0,openjpa-lib/src/main/java/org/apache/openjpa/lib/meta/ResourceMetaDataIterator.java,6
1.0.0,openjpa-lib/src/main/java/org/apache/openjpa/lib/meta/SourceTracker.java,7
1.0.0,openjpa-lib/src/main/java/org/apache/openjpa/lib/meta/SourceTrackers.java,2
1.0.0,openjpa-lib/src/main/java/org/apache/openjpa/lib/meta/URLMetaDataIterator.java,7
1.0.0,openjpa-lib/src/main/java/org/apache/openjpa/lib/meta/XMLMetaDataParser.java,60
1.0.0,openjpa-lib/src/main/java/org/apache/openjpa/lib/meta/XMLMetaDataSerializer.java,27
1.0.0,openjpa-lib/src/main/java/org/apache/openjpa/lib/meta/ZipFileMetaDataIterator.java,12
1.0.0,openjpa-lib/src/main/java/org/apache/openjpa/lib/meta/ZipStreamMetaDataIterator.java,16
1.0.0,openjpa-lib/src/main/java/org/apache/openjpa/lib/rop/AbstractListIterator.java,3
1.0.0,openjpa-lib/src/main/java/org/apache/openjpa/lib/rop/AbstractNonSequentialResultList.java,16
1.0.0,openjpa-lib/src/main/java/org/apache/openjpa/lib/rop/AbstractResultList.java,2
1.0.0,openjpa-lib/src/main/java/org/apache/openjpa/lib/rop/AbstractSequentialResultList.java,13
1.0.0,openjpa-lib/src/main/java/org/apache/openjpa/lib/rop/EagerResultList.java,2
1.0.0,openjpa-lib/src/main/java/org/apache/openjpa/lib/rop/LazyForwardResultList.java,15
1.0.0,openjpa-lib/src/main/java/org/apache/openjpa/lib/rop/ListResultObjectProvider.java,3
1.0.0,openjpa-lib/src/main/java/org/apache/openjpa/lib/rop/MergedResultObjectProvider.java,15
1.0.0,openjpa-lib/src/main/java/org/apache/openjpa/lib/rop/RandomAccessResultList.java,16
1.0.0,openjpa-lib/src/main/java/org/apache/openjpa/lib/rop/RangeResultObjectProvider.java,9
1.0.0,openjpa-lib/src/main/java/org/apache/openjpa/lib/rop/ResultList.java,3
1.0.0,openjpa-lib/src/main/java/org/apache/openjpa/lib/rop/ResultListIterator.java,3
1.0.0,openjpa-lib/src/main/java/org/apache/openjpa/lib/rop/ResultObjectProvider.java,9
1.0.0,openjpa-lib/src/main/java/org/apache/openjpa/lib/rop/ResultObjectProviderIterator.java,8
1.0.0,openjpa-lib/src/main/java/org/apache/openjpa/lib/rop/SimpleResultList.java,5
1.0.0,openjpa-lib/src/main/java/org/apache/openjpa/lib/rop/WindowResultList.java,11
1.0.0,openjpa-lib/src/main/java/org/apache/openjpa/lib/util/Base16Encoder.java,9
1.0.0,openjpa-lib/src/main/java/org/apache/openjpa/lib/util/BytecodeWriter.java,1
1.0.0,openjpa-lib/src/main/java/org/apache/openjpa/lib/util/Bytes.java,11
1.0.0,openjpa-lib/src/main/java/org/apache/openjpa/lib/util/Closeable.java,1
1.0.0,openjpa-lib/src/main/java/org/apache/openjpa/lib/util/CodeFormat.java,31
1.0.0,openjpa-lib/src/main/java/org/apache/openjpa/lib/util/EventManager.java,6
1.0.0,openjpa-lib/src/main/java/org/apache/openjpa/lib/util/Files.java,35
1.0.0,openjpa-lib/src/main/java/org/apache/openjpa/lib/util/FormatPreservingProperties.java,69
1.0.0,openjpa-lib/src/main/java/org/apache/openjpa/lib/util/J2DoPrivHelper.java,51
1.0.0,openjpa-lib/src/main/java/org/apache/openjpa/lib/util/JavaVersions.java,28
1.0.0,openjpa-lib/src/main/java/org/apache/openjpa/lib/util/LRUMap.java,3
1.0.0,openjpa-lib/src/main/java/org/apache/openjpa/lib/util/Localizer.java,7
1.0.0,openjpa-lib/src/main/java/org/apache/openjpa/lib/util/MultiClassLoader.java,30
1.0.0,openjpa-lib/src/main/java/org/apache/openjpa/lib/util/Options.java,74
1.0.0,openjpa-lib/src/main/java/org/apache/openjpa/lib/util/ParameterTemplate.java,11
1.0.0,openjpa-lib/src/main/java/org/apache/openjpa/lib/util/ParseException.java,1
1.0.0,openjpa-lib/src/main/java/org/apache/openjpa/lib/util/ReferenceHashMap.java,17
1.0.0,openjpa-lib/src/main/java/org/apache/openjpa/lib/util/ReferenceHashSet.java,15
1.0.0,openjpa-lib/src/main/java/org/apache/openjpa/lib/util/ReferenceMap.java,6
1.0.0,openjpa-lib/src/main/java/org/apache/openjpa/lib/util/ResourceBundleProvider.java,1
1.0.0,openjpa-lib/src/main/java/org/apache/openjpa/lib/util/Services.java,17
1.0.0,openjpa-lib/src/main/java/org/apache/openjpa/lib/util/SimpleRegex.java,12
1.0.0,openjpa-lib/src/main/java/org/apache/openjpa/lib/util/SimpleResourceBundleProvider.java,4
1.0.0,openjpa-lib/src/main/java/org/apache/openjpa/lib/util/SizedMap.java,4
1.0.0,openjpa-lib/src/main/java/org/apache/openjpa/lib/util/StreamResourceBundleProvider.java,3
1.0.0,openjpa-lib/src/main/java/org/apache/openjpa/lib/util/StringDistance.java,17
1.0.0,openjpa-lib/src/main/java/org/apache/openjpa/lib/util/TemporaryClassLoader.java,12
1.0.0,openjpa-lib/src/main/java/org/apache/openjpa/lib/util/TypedProperties.java,9
1.0.0,openjpa-lib/src/main/java/org/apache/openjpa/lib/util/UUIDGenerator.java,2
1.0.0,openjpa-lib/src/main/java/org/apache/openjpa/lib/util/ZipResourceBundleProvider.java,7
1.0.0,openjpa-lib/src/main/java/org/apache/openjpa/lib/util/concurrent/AbstractCollection.java,2
1.0.0,openjpa-lib/src/main/java/org/apache/openjpa/lib/util/concurrent/AbstractConcurrentEventManager.java,7
1.0.0,openjpa-lib/src/main/java/org/apache/openjpa/lib/util/concurrent/AbstractQueue.java,13
1.0.0,openjpa-lib/src/main/java/org/apache/openjpa/lib/util/concurrent/AbstractSet.java,2
1.0.0,openjpa-lib/src/main/java/org/apache/openjpa/lib/util/concurrent/Arrays.java,87
1.0.0,openjpa-lib/src/main/java/org/apache/openjpa/lib/util/concurrent/ConcurrentHashMap.java,100
1.0.0,openjpa-lib/src/main/java/org/apache/openjpa/lib/util/concurrent/ConcurrentHashSet.java,14
1.0.0,openjpa-lib/src/main/java/org/apache/openjpa/lib/util/concurrent/ConcurrentLinkedQueue.java,48
1.0.0,openjpa-lib/src/main/java/org/apache/openjpa/lib/util/concurrent/ConcurrentMap.java,2
1.0.0,openjpa-lib/src/main/java/org/apache/openjpa/lib/util/concurrent/ConcurrentReferenceHashMap.java,146
1.0.0,openjpa-lib/src/main/java/org/apache/openjpa/lib/util/concurrent/ConcurrentReferenceHashSet.java,15
1.0.0,openjpa-lib/src/main/java/org/apache/openjpa/lib/util/concurrent/CondVar.java,18
1.0.0,openjpa-lib/src/main/java/org/apache/openjpa/lib/util/concurrent/CopyOnWriteArrayList.java,159
1.0.0,openjpa-lib/src/main/java/org/apache/openjpa/lib/util/concurrent/CopyOnWriteArraySet.java,9
1.0.0,openjpa-lib/src/main/java/org/apache/openjpa/lib/util/concurrent/FIFOCondVar.java,13
1.0.0,openjpa-lib/src/main/java/org/apache/openjpa/lib/util/concurrent/FIFOWaitQueue.java,8
1.0.0,openjpa-lib/src/main/java/org/apache/openjpa/lib/util/concurrent/Queue.java,1
1.0.0,openjpa-lib/src/main/java/org/apache/openjpa/lib/util/concurrent/ReentrantLock.java,61
1.0.0,openjpa-lib/src/main/java/org/apache/openjpa/lib/util/concurrent/TimeUnit.java,67
1.0.0,openjpa-lib/src/main/java/org/apache/openjpa/lib/util/concurrent/Utils.java,12
1.0.0,openjpa-lib/src/main/java/org/apache/openjpa/lib/util/concurrent/WaitQueue.java,7
1.0.0,openjpa-lib/src/main/java/org/apache/openjpa/lib/xml/Commentable.java,3
1.0.0,openjpa-lib/src/main/java/org/apache/openjpa/lib/xml/DocTypeReader.java,26
1.0.0,openjpa-lib/src/main/java/org/apache/openjpa/lib/xml/Location.java,1
1.0.0,openjpa-lib/src/main/java/org/apache/openjpa/lib/xml/ValidatingErrorHandler.java,3
1.0.0,openjpa-lib/src/main/java/org/apache/openjpa/lib/xml/XMLFactory.java,5
1.0.0,openjpa-lib/src/main/java/org/apache/openjpa/lib/xml/XMLWriter.java,11
1.0.0,openjpa-persistence-jdbc/src/main/java/org/apache/openjpa/persistence/jdbc/AnnotationPersistenceMappingParser.java,111
1.0.0,openjpa-persistence-jdbc/src/main/java/org/apache/openjpa/persistence/jdbc/AnnotationPersistenceMappingSerializer.java,85
1.0.0,openjpa-persistence-jdbc/src/main/java/org/apache/openjpa/persistence/jdbc/EmbeddedMapping.java,2
1.0.0,openjpa-persistence-jdbc/src/main/java/org/apache/openjpa/persistence/jdbc/FetchDirection.java,1
1.0.0,openjpa-persistence-jdbc/src/main/java/org/apache/openjpa/persistence/jdbc/FetchMode.java,1
1.0.0,openjpa-persistence-jdbc/src/main/java/org/apache/openjpa/persistence/jdbc/IsolationLevel.java,1
1.0.0,openjpa-persistence-jdbc/src/main/java/org/apache/openjpa/persistence/jdbc/JDBCFetchPlan.java,41
1.0.0,openjpa-persistence-jdbc/src/main/java/org/apache/openjpa/persistence/jdbc/JDBCPersistenceProductDerivation.java,4
1.0.0,openjpa-persistence-jdbc/src/main/java/org/apache/openjpa/persistence/jdbc/JoinSyntax.java,1
1.0.0,openjpa-persistence-jdbc/src/main/java/org/apache/openjpa/persistence/jdbc/LRSSizeAlgorithm.java,1
1.0.0,openjpa-persistence-jdbc/src/main/java/org/apache/openjpa/persistence/jdbc/PersistenceMappingDefaults.java,18
1.0.0,openjpa-persistence-jdbc/src/main/java/org/apache/openjpa/persistence/jdbc/PersistenceMappingFactory.java,2
1.0.0,openjpa-persistence-jdbc/src/main/java/org/apache/openjpa/persistence/jdbc/ResultSetType.java,1
1.0.0,openjpa-persistence-jdbc/src/main/java/org/apache/openjpa/persistence/jdbc/XMLPersistenceMappingParser.java,66
1.0.0,openjpa-persistence-jdbc/src/main/java/org/apache/openjpa/persistence/jdbc/XMLPersistenceMappingSerializer.java,81
1.0.0,openjpa-persistence/src/main/java/org/apache/openjpa/persistence/AnnotationBuilder.java,15
1.0.0,openjpa-persistence/src/main/java/org/apache/openjpa/persistence/AnnotationPersistenceMetaDataParser.java,209
1.0.0,openjpa-persistence/src/main/java/org/apache/openjpa/persistence/AnnotationPersistenceMetaDataSerializer.java,200
1.0.0,openjpa-persistence/src/main/java/org/apache/openjpa/persistence/AnnotationPersistenceXMLMetaDataParser.java,15
1.0.0,openjpa-persistence/src/main/java/org/apache/openjpa/persistence/ArgumentException.java,5
1.0.0,openjpa-persistence/src/main/java/org/apache/openjpa/persistence/AutoClearType.java,1
1.0.0,openjpa-persistence/src/main/java/org/apache/openjpa/persistence/AutoDetachType.java,9
1.0.0,openjpa-persistence/src/main/java/org/apache/openjpa/persistence/CallbackMode.java,10
1.0.0,openjpa-persistence/src/main/java/org/apache/openjpa/persistence/ConnectionRetainMode.java,1
1.0.0,openjpa-persistence/src/main/java/org/apache/openjpa/persistence/DetachStateType.java,1
1.0.0,openjpa-persistence/src/main/java/org/apache/openjpa/persistence/EntityExistsException.java,1
1.0.0,openjpa-persistence/src/main/java/org/apache/openjpa/persistence/EntityManagerFactoryImpl.java,29
1.0.0,openjpa-persistence/src/main/java/org/apache/openjpa/persistence/EntityManagerFactoryValue.java,1
1.0.0,openjpa-persistence/src/main/java/org/apache/openjpa/persistence/EntityManagerImpl.java,47
1.0.0,openjpa-persistence/src/main/java/org/apache/openjpa/persistence/EntityNotFoundException.java,1
1.0.0,openjpa-persistence/src/main/java/org/apache/openjpa/persistence/Extent.java,8
1.0.0,openjpa-persistence/src/main/java/org/apache/openjpa/persistence/ExtentImpl.java,6
1.0.0,openjpa-persistence/src/main/java/org/apache/openjpa/persistence/FetchPlan.java,41
1.0.0,openjpa-persistence/src/main/java/org/apache/openjpa/persistence/FetchPlanImpl.java,8
1.0.0,openjpa-persistence/src/main/java/org/apache/openjpa/persistence/Generator.java,6
1.0.0,openjpa-persistence/src/main/java/org/apache/openjpa/persistence/GeneratorImpl.java,5
1.0.0,openjpa-persistence/src/main/java/org/apache/openjpa/persistence/InvalidStateException.java,5
1.0.0,openjpa-persistence/src/main/java/org/apache/openjpa/persistence/JPAFacadeHelper.java,39
1.0.0,openjpa-persistence/src/main/java/org/apache/openjpa/persistence/MetaDataParsers.java,8
1.0.0,openjpa-persistence/src/main/java/org/apache/openjpa/persistence/NoResultException.java,1
1.0.0,openjpa-persistence/src/main/java/org/apache/openjpa/persistence/NonUniqueResultException.java,1
1.0.0,openjpa-persistence/src/main/java/org/apache/openjpa/persistence/OpenJPAEntityManager.java,127
1.0.0,openjpa-persistence/src/main/java/org/apache/openjpa/persistence/OpenJPAEntityManagerFactory.java,8
1.0.0,openjpa-persistence/src/main/java/org/apache/openjpa/persistence/OpenJPAEntityManagerFactorySPI.java,7
1.0.0,openjpa-persistence/src/main/java/org/apache/openjpa/persistence/OpenJPAEntityManagerSPI.java,16
1.0.0,openjpa-persistence/src/main/java/org/apache/openjpa/persistence/OpenJPAEntityTransaction.java,4
1.0.0,openjpa-persistence/src/main/java/org/apache/openjpa/persistence/OpenJPAPersistence.java,6
1.0.0,openjpa-persistence/src/main/java/org/apache/openjpa/persistence/OpenJPAQuery.java,35
1.0.0,openjpa-persistence/src/main/java/org/apache/openjpa/persistence/OpenJPAQuerySPI.java,4
1.0.0,openjpa-persistence/src/main/java/org/apache/openjpa/persistence/OptimisticLockException.java,1
1.0.0,openjpa-persistence/src/main/java/org/apache/openjpa/persistence/PersistenceException.java,1
1.0.0,openjpa-persistence/src/main/java/org/apache/openjpa/persistence/PersistenceExceptions.java,13
1.0.0,openjpa-persistence/src/main/java/org/apache/openjpa/persistence/PersistenceListenerAdapter.java,8
1.0.0,openjpa-persistence/src/main/java/org/apache/openjpa/persistence/PersistenceMetaDataDefaults.java,29
1.0.0,openjpa-persistence/src/main/java/org/apache/openjpa/persistence/PersistenceMetaDataFactory.java,43
1.0.0,openjpa-persistence/src/main/java/org/apache/openjpa/persistence/PersistenceProductDerivation.java,42
1.0.0,openjpa-persistence/src/main/java/org/apache/openjpa/persistence/PersistenceProviderImpl.java,5
1.0.0,openjpa-persistence/src/main/java/org/apache/openjpa/persistence/PersistenceUnitInfoImpl.java,33
1.0.0,openjpa-persistence/src/main/java/org/apache/openjpa/persistence/QueryImpl.java,52
1.0.0,openjpa-persistence/src/main/java/org/apache/openjpa/persistence/QueryOperationType.java,1
1.0.0,openjpa-persistence/src/main/java/org/apache/openjpa/persistence/QueryResultCache.java,6
1.0.0,openjpa-persistence/src/main/java/org/apache/openjpa/persistence/QueryResultCacheImpl.java,9
1.0.0,openjpa-persistence/src/main/java/org/apache/openjpa/persistence/RestoreStateType.java,1
1.0.0,openjpa-persistence/src/main/java/org/apache/openjpa/persistence/RollbackException.java,1
1.0.0,openjpa-persistence/src/main/java/org/apache/openjpa/persistence/StoreCache.java,14
1.0.0,openjpa-persistence/src/main/java/org/apache/openjpa/persistence/StoreCacheImpl.java,14
1.0.0,openjpa-persistence/src/main/java/org/apache/openjpa/persistence/TransactionRequiredException.java,1
1.0.0,openjpa-persistence/src/main/java/org/apache/openjpa/persistence/XMLPersistenceMetaDataParser.java,153
1.0.0,openjpa-persistence/src/main/java/org/apache/openjpa/persistence/XMLPersistenceMetaDataSerializer.java,191
1.0.0,openjpa-xmlstore/src/main/java/org/apache/openjpa/xmlstore/ObjectData.java,26
1.0.0,openjpa-xmlstore/src/main/java/org/apache/openjpa/xmlstore/XMLConfiguration.java,2
1.0.0,openjpa-xmlstore/src/main/java/org/apache/openjpa/xmlstore/XMLFileHandler.java,48
1.0.0,openjpa-xmlstore/src/main/java/org/apache/openjpa/xmlstore/XMLStore.java,10
1.0.0,openjpa-xmlstore/src/main/java/org/apache/openjpa/xmlstore/XMLStoreManager.java,20
1.0.1,openjpa-examples/src/main/java/hellojpa/Main.java,2
1.0.1,openjpa-examples/src/main/java/hellojpa/Message.java,2
1.0.1,openjpa-examples/src/main/java/relations/Deity.java,5
1.0.1,openjpa-examples/src/main/java/relations/Main.java,15
1.0.1,openjpa-examples/src/main/java/reversemapping/Main.java,2
1.0.1,openjpa-jdbc-5/src/main/java/org/apache/openjpa/jdbc/kernel/JDBC3SavepointManager.java,2
1.0.1,openjpa-jdbc-5/src/main/java/org/apache/openjpa/jdbc/meta/strats/EnumValueHandler.java,8
1.0.1,openjpa-jdbc-5/src/main/java/org/apache/openjpa/jdbc/meta/strats/XMLValueHandler.java,3
1.0.1,openjpa-jdbc/src/main/java/org/apache/openjpa/jdbc/ant/MappingToolTask.java,4
1.0.1,openjpa-jdbc/src/main/java/org/apache/openjpa/jdbc/ant/ReverseMappingToolTask.java,4
1.0.1,openjpa-jdbc/src/main/java/org/apache/openjpa/jdbc/ant/SchemaToolTask.java,2
1.0.1,openjpa-jdbc/src/main/java/org/apache/openjpa/jdbc/conf/JDBCConfiguration.java,72
1.0.1,openjpa-jdbc/src/main/java/org/apache/openjpa/jdbc/conf/JDBCConfigurationImpl.java,34
1.0.1,openjpa-jdbc/src/main/java/org/apache/openjpa/jdbc/conf/MappingFactoryValue.java,11
1.0.1,openjpa-jdbc/src/main/java/org/apache/openjpa/jdbc/conf/MappingRepositoryValue.java,1
1.0.1,openjpa-jdbc/src/main/java/org/apache/openjpa/jdbc/kernel/AbstractJDBCSavepointManager.java,2
1.0.1,openjpa-jdbc/src/main/java/org/apache/openjpa/jdbc/kernel/AbstractJDBCSeq.java,10
1.0.1,openjpa-jdbc/src/main/java/org/apache/openjpa/jdbc/kernel/AbstractUpdateManager.java,39
1.0.1,openjpa-jdbc/src/main/java/org/apache/openjpa/jdbc/kernel/ClassTableJDBCSeq.java,19
1.0.1,openjpa-jdbc/src/main/java/org/apache/openjpa/jdbc/kernel/ConstraintUpdateManager.java,34
1.0.1,openjpa-jdbc/src/main/java/org/apache/openjpa/jdbc/kernel/EagerFetchModes.java,6
1.0.1,openjpa-jdbc/src/main/java/org/apache/openjpa/jdbc/kernel/GenericResultObjectProvider.java,6
1.0.1,openjpa-jdbc/src/main/java/org/apache/openjpa/jdbc/kernel/InstanceResultObjectProvider.java,1
1.0.1,openjpa-jdbc/src/main/java/org/apache/openjpa/jdbc/kernel/JDBCBrokerFactory.java,10
1.0.1,openjpa-jdbc/src/main/java/org/apache/openjpa/jdbc/kernel/JDBCFetchConfiguration.java,23
1.0.1,openjpa-jdbc/src/main/java/org/apache/openjpa/jdbc/kernel/JDBCFetchConfigurationImpl.java,35
1.0.1,openjpa-jdbc/src/main/java/org/apache/openjpa/jdbc/kernel/JDBCLockManager.java,2
1.0.1,openjpa-jdbc/src/main/java/org/apache/openjpa/jdbc/kernel/JDBCSeq.java,1
1.0.1,openjpa-jdbc/src/main/java/org/apache/openjpa/jdbc/kernel/JDBCStore.java,10
1.0.1,openjpa-jdbc/src/main/java/org/apache/openjpa/jdbc/kernel/JDBCStoreManager.java,131
1.0.1,openjpa-jdbc/src/main/java/org/apache/openjpa/jdbc/kernel/JDBCStoreQuery.java,69
1.0.1,openjpa-jdbc/src/main/java/org/apache/openjpa/jdbc/kernel/LRSSizes.java,6
1.0.1,openjpa-jdbc/src/main/java/org/apache/openjpa/jdbc/kernel/MappedQueryResultObjectProvider.java,40
1.0.1,openjpa-jdbc/src/main/java/org/apache/openjpa/jdbc/kernel/NativeJDBCSeq.java,22
1.0.1,openjpa-jdbc/src/main/java/org/apache/openjpa/jdbc/kernel/OperationOrderUpdateManager.java,18
1.0.1,openjpa-jdbc/src/main/java/org/apache/openjpa/jdbc/kernel/PagingResultObjectProvider.java,48
1.0.1,openjpa-jdbc/src/main/java/org/apache/openjpa/jdbc/kernel/PessimisticLockManager.java,15
1.0.1,openjpa-jdbc/src/main/java/org/apache/openjpa/jdbc/kernel/PreparedStatementManager.java,3
1.0.1,openjpa-jdbc/src/main/java/org/apache/openjpa/jdbc/kernel/PreparedStatementManagerImpl.java,8
1.0.1,openjpa-jdbc/src/main/java/org/apache/openjpa/jdbc/kernel/ProjectionResultObjectProvider.java,1
1.0.1,openjpa-jdbc/src/main/java/org/apache/openjpa/jdbc/kernel/SQLProjectionResultObjectProvider.java,7
1.0.1,openjpa-jdbc/src/main/java/org/apache/openjpa/jdbc/kernel/SQLStoreQuery.java,34
1.0.1,openjpa-jdbc/src/main/java/org/apache/openjpa/jdbc/kernel/SelectResultObjectProvider.java,7
1.0.1,openjpa-jdbc/src/main/java/org/apache/openjpa/jdbc/kernel/TableJDBCSeq.java,55
1.0.1,openjpa-jdbc/src/main/java/org/apache/openjpa/jdbc/kernel/UpdateManager.java,2
1.0.1,openjpa-jdbc/src/main/java/org/apache/openjpa/jdbc/kernel/ValueTableJDBCSeq.java,11
1.0.1,openjpa-jdbc/src/main/java/org/apache/openjpa/jdbc/kernel/exps/Abs.java,1
1.0.1,openjpa-jdbc/src/main/java/org/apache/openjpa/jdbc/kernel/exps/Aggregate.java,11
1.0.1,openjpa-jdbc/src/main/java/org/apache/openjpa/jdbc/kernel/exps/AndExpression.java,4
1.0.1,openjpa-jdbc/src/main/java/org/apache/openjpa/jdbc/kernel/exps/Args.java,22
1.0.1,openjpa-jdbc/src/main/java/org/apache/openjpa/jdbc/kernel/exps/BinaryOpExpState.java,1
1.0.1,openjpa-jdbc/src/main/java/org/apache/openjpa/jdbc/kernel/exps/BindVariableAndExpression.java,2
1.0.1,openjpa-jdbc/src/main/java/org/apache/openjpa/jdbc/kernel/exps/BindVariableExpression.java,2
1.0.1,openjpa-jdbc/src/main/java/org/apache/openjpa/jdbc/kernel/exps/CompareEqualExpression.java,5
1.0.1,openjpa-jdbc/src/main/java/org/apache/openjpa/jdbc/kernel/exps/CompareExpression.java,1
1.0.1,openjpa-jdbc/src/main/java/org/apache/openjpa/jdbc/kernel/exps/Concat.java,2
1.0.1,openjpa-jdbc/src/main/java/org/apache/openjpa/jdbc/kernel/exps/Const.java,20
1.0.1,openjpa-jdbc/src/main/java/org/apache/openjpa/jdbc/kernel/exps/ConstGetObjectId.java,7
1.0.1,openjpa-jdbc/src/main/java/org/apache/openjpa/jdbc/kernel/exps/ConstInstanceofExpression.java,2
1.0.1,openjpa-jdbc/src/main/java/org/apache/openjpa/jdbc/kernel/exps/ConstPath.java,15
1.0.1,openjpa-jdbc/src/main/java/org/apache/openjpa/jdbc/kernel/exps/ContainsExpression.java,2
1.0.1,openjpa-jdbc/src/main/java/org/apache/openjpa/jdbc/kernel/exps/ContainsKeyExpression.java,1
1.0.1,openjpa-jdbc/src/main/java/org/apache/openjpa/jdbc/kernel/exps/CurrentDate.java,1
1.0.1,openjpa-jdbc/src/main/java/org/apache/openjpa/jdbc/kernel/exps/EmptyExpression.java,2
1.0.1,openjpa-jdbc/src/main/java/org/apache/openjpa/jdbc/kernel/exps/EndsWithExpression.java,3
1.0.1,openjpa-jdbc/src/main/java/org/apache/openjpa/jdbc/kernel/exps/EqualExpression.java,7
1.0.1,openjpa-jdbc/src/main/java/org/apache/openjpa/jdbc/kernel/exps/Exp.java,3
1.0.1,openjpa-jdbc/src/main/java/org/apache/openjpa/jdbc/kernel/exps/ExpContext.java,1
1.0.1,openjpa-jdbc/src/main/java/org/apache/openjpa/jdbc/kernel/exps/ExpState.java,1
1.0.1,openjpa-jdbc/src/main/java/org/apache/openjpa/jdbc/kernel/exps/Extension.java,15
1.0.1,openjpa-jdbc/src/main/java/org/apache/openjpa/jdbc/kernel/exps/FilterValue.java,15
1.0.1,openjpa-jdbc/src/main/java/org/apache/openjpa/jdbc/kernel/exps/FilterValueImpl.java,6
1.0.1,openjpa-jdbc/src/main/java/org/apache/openjpa/jdbc/kernel/exps/GetColumn.java,2
1.0.1,openjpa-jdbc/src/main/java/org/apache/openjpa/jdbc/kernel/exps/GetMapValue.java,8
1.0.1,openjpa-jdbc/src/main/java/org/apache/openjpa/jdbc/kernel/exps/GetObjectId.java,7
1.0.1,openjpa-jdbc/src/main/java/org/apache/openjpa/jdbc/kernel/exps/HasContainsExpressionVisitor.java,2
1.0.1,openjpa-jdbc/src/main/java/org/apache/openjpa/jdbc/kernel/exps/InExpression.java,18
1.0.1,openjpa-jdbc/src/main/java/org/apache/openjpa/jdbc/kernel/exps/IndexOf.java,2
1.0.1,openjpa-jdbc/src/main/java/org/apache/openjpa/jdbc/kernel/exps/InstanceofExpression.java,9
1.0.1,openjpa-jdbc/src/main/java/org/apache/openjpa/jdbc/kernel/exps/JDBCAggregateListener.java,1
1.0.1,openjpa-jdbc/src/main/java/org/apache/openjpa/jdbc/kernel/exps/JDBCExpressionFactory.java,14
1.0.1,openjpa-jdbc/src/main/java/org/apache/openjpa/jdbc/kernel/exps/JDBCFilterListener.java,1
1.0.1,openjpa-jdbc/src/main/java/org/apache/openjpa/jdbc/kernel/exps/JDBCPath.java,1
1.0.1,openjpa-jdbc/src/main/java/org/apache/openjpa/jdbc/kernel/exps/JDBCStringContains.java,3
1.0.1,openjpa-jdbc/src/main/java/org/apache/openjpa/jdbc/kernel/exps/JDBCWildcardMatch.java,2
1.0.1,openjpa-jdbc/src/main/java/org/apache/openjpa/jdbc/kernel/exps/Lit.java,4
1.0.1,openjpa-jdbc/src/main/java/org/apache/openjpa/jdbc/kernel/exps/MatchesExpression.java,9
1.0.1,openjpa-jdbc/src/main/java/org/apache/openjpa/jdbc/kernel/exps/Math.java,1
1.0.1,openjpa-jdbc/src/main/java/org/apache/openjpa/jdbc/kernel/exps/NotContainsExpression.java,1
1.0.1,openjpa-jdbc/src/main/java/org/apache/openjpa/jdbc/kernel/exps/NotEqualExpression.java,7
1.0.1,openjpa-jdbc/src/main/java/org/apache/openjpa/jdbc/kernel/exps/Null.java,2
1.0.1,openjpa-jdbc/src/main/java/org/apache/openjpa/jdbc/kernel/exps/OrExpression.java,7
1.0.1,openjpa-jdbc/src/main/java/org/apache/openjpa/jdbc/kernel/exps/PCPath.java,98
1.0.1,openjpa-jdbc/src/main/java/org/apache/openjpa/jdbc/kernel/exps/Param.java,4
1.0.1,openjpa-jdbc/src/main/java/org/apache/openjpa/jdbc/kernel/exps/SQLEmbed.java,1
1.0.1,openjpa-jdbc/src/main/java/org/apache/openjpa/jdbc/kernel/exps/SelectConstructor.java,19
1.0.1,openjpa-jdbc/src/main/java/org/apache/openjpa/jdbc/kernel/exps/StartsWithExpression.java,3
1.0.1,openjpa-jdbc/src/main/java/org/apache/openjpa/jdbc/kernel/exps/StringFunction.java,1
1.0.1,openjpa-jdbc/src/main/java/org/apache/openjpa/jdbc/kernel/exps/StringLength.java,1
1.0.1,openjpa-jdbc/src/main/java/org/apache/openjpa/jdbc/kernel/exps/SubQ.java,16
1.0.1,openjpa-jdbc/src/main/java/org/apache/openjpa/jdbc/kernel/exps/Substring.java,2
1.0.1,openjpa-jdbc/src/main/java/org/apache/openjpa/jdbc/kernel/exps/Sum.java,1
1.0.1,openjpa-jdbc/src/main/java/org/apache/openjpa/jdbc/kernel/exps/Trim.java,9
1.0.1,openjpa-jdbc/src/main/java/org/apache/openjpa/jdbc/kernel/exps/UnaryOp.java,2
1.0.1,openjpa-jdbc/src/main/java/org/apache/openjpa/jdbc/kernel/exps/Val.java,18
1.0.1,openjpa-jdbc/src/main/java/org/apache/openjpa/jdbc/kernel/exps/Variable.java,14
1.0.1,openjpa-jdbc/src/main/java/org/apache/openjpa/jdbc/meta/ClassMapping.java,79
1.0.1,openjpa-jdbc/src/main/java/org/apache/openjpa/jdbc/meta/ClassMappingInfo.java,27
1.0.1,openjpa-jdbc/src/main/java/org/apache/openjpa/jdbc/meta/ClassStrategy.java,7
1.0.1,openjpa-jdbc/src/main/java/org/apache/openjpa/jdbc/meta/DelegatingJoinable.java,5
1.0.1,openjpa-jdbc/src/main/java/org/apache/openjpa/jdbc/meta/Discriminator.java,21
1.0.1,openjpa-jdbc/src/main/java/org/apache/openjpa/jdbc/meta/DiscriminatorMappingInfo.java,13
1.0.1,openjpa-jdbc/src/main/java/org/apache/openjpa/jdbc/meta/DiscriminatorStrategy.java,6
1.0.1,openjpa-jdbc/src/main/java/org/apache/openjpa/jdbc/meta/Embeddable.java,7
1.0.1,openjpa-jdbc/src/main/java/org/apache/openjpa/jdbc/meta/FieldMapping.java,45
1.0.1,openjpa-jdbc/src/main/java/org/apache/openjpa/jdbc/meta/FieldMappingInfo.java,24
1.0.1,openjpa-jdbc/src/main/java/org/apache/openjpa/jdbc/meta/FieldStrategy.java,25
1.0.1,openjpa-jdbc/src/main/java/org/apache/openjpa/jdbc/meta/JDBCColumnOrder.java,1
1.0.1,openjpa-jdbc/src/main/java/org/apache/openjpa/jdbc/meta/JDBCOrder.java,2
1.0.1,openjpa-jdbc/src/main/java/org/apache/openjpa/jdbc/meta/JDBCRelatedFieldOrder.java,1
1.0.1,openjpa-jdbc/src/main/java/org/apache/openjpa/jdbc/meta/JDBCValueOrder.java,2
1.0.1,openjpa-jdbc/src/main/java/org/apache/openjpa/jdbc/meta/JavaSQLTypes.java,17
1.0.1,openjpa-jdbc/src/main/java/org/apache/openjpa/jdbc/meta/Joinable.java,6
1.0.1,openjpa-jdbc/src/main/java/org/apache/openjpa/jdbc/meta/MappingDefaults.java,29
1.0.1,openjpa-jdbc/src/main/java/org/apache/openjpa/jdbc/meta/MappingDefaultsImpl.java,48
1.0.1,openjpa-jdbc/src/main/java/org/apache/openjpa/jdbc/meta/MappingInfo.java,184
1.0.1,openjpa-jdbc/src/main/java/org/apache/openjpa/jdbc/meta/MappingRepository.java,120
1.0.1,openjpa-jdbc/src/main/java/org/apache/openjpa/jdbc/meta/MappingStrategyInstaller.java,4
1.0.1,openjpa-jdbc/src/main/java/org/apache/openjpa/jdbc/meta/MappingTool.java,101
1.0.1,openjpa-jdbc/src/main/java/org/apache/openjpa/jdbc/meta/MetaDataPlusMappingFactory.java,8
1.0.1,openjpa-jdbc/src/main/java/org/apache/openjpa/jdbc/meta/NoneMappingDefaults.java,8
1.0.1,openjpa-jdbc/src/main/java/org/apache/openjpa/jdbc/meta/PropertiesReverseCustomizer.java,19
1.0.1,openjpa-jdbc/src/main/java/org/apache/openjpa/jdbc/meta/QueryResultMapping.java,44
1.0.1,openjpa-jdbc/src/main/java/org/apache/openjpa/jdbc/meta/RefreshStrategyInstaller.java,12
1.0.1,openjpa-jdbc/src/main/java/org/apache/openjpa/jdbc/meta/RelationId.java,1
1.0.1,openjpa-jdbc/src/main/java/org/apache/openjpa/jdbc/meta/ReverseCustomizer.java,13
1.0.1,openjpa-jdbc/src/main/java/org/apache/openjpa/jdbc/meta/ReverseMappingTool.java,211
1.0.1,openjpa-jdbc/src/main/java/org/apache/openjpa/jdbc/meta/RuntimeStrategyInstaller.java,5
1.0.1,openjpa-jdbc/src/main/java/org/apache/openjpa/jdbc/meta/Strategy.java,12
1.0.1,openjpa-jdbc/src/main/java/org/apache/openjpa/jdbc/meta/ValueHandler.java,7
1.0.1,openjpa-jdbc/src/main/java/org/apache/openjpa/jdbc/meta/ValueMapping.java,41
1.0.1,openjpa-jdbc/src/main/java/org/apache/openjpa/jdbc/meta/ValueMappingImpl.java,64
1.0.1,openjpa-jdbc/src/main/java/org/apache/openjpa/jdbc/meta/ValueMappingInfo.java,23
1.0.1,openjpa-jdbc/src/main/java/org/apache/openjpa/jdbc/meta/Version.java,18
1.0.1,openjpa-jdbc/src/main/java/org/apache/openjpa/jdbc/meta/VersionMappingInfo.java,3
1.0.1,openjpa-jdbc/src/main/java/org/apache/openjpa/jdbc/meta/VersionStrategy.java,8
1.0.1,openjpa-jdbc/src/main/java/org/apache/openjpa/jdbc/meta/strats/AbstractDiscriminatorStrategy.java,1
1.0.1,openjpa-jdbc/src/main/java/org/apache/openjpa/jdbc/meta/strats/AbstractFieldStrategy.java,7
1.0.1,openjpa-jdbc/src/main/java/org/apache/openjpa/jdbc/meta/strats/AbstractStrategy.java,8
1.0.1,openjpa-jdbc/src/main/java/org/apache/openjpa/jdbc/meta/strats/AbstractVersionStrategy.java,2
1.0.1,openjpa-jdbc/src/main/java/org/apache/openjpa/jdbc/meta/strats/CharArrayStreamValueHandler.java,4
1.0.1,openjpa-jdbc/src/main/java/org/apache/openjpa/jdbc/meta/strats/CharArrayValueHandler.java,1
1.0.1,openjpa-jdbc/src/main/java/org/apache/openjpa/jdbc/meta/strats/ClassNameDiscriminatorStrategy.java,7
1.0.1,openjpa-jdbc/src/main/java/org/apache/openjpa/jdbc/meta/strats/ColumnVersionStrategy.java,37
1.0.1,openjpa-jdbc/src/main/java/org/apache/openjpa/jdbc/meta/strats/ContainerFieldStrategy.java,6
1.0.1,openjpa-jdbc/src/main/java/org/apache/openjpa/jdbc/meta/strats/EmbedFieldStrategy.java,74
1.0.1,openjpa-jdbc/src/main/java/org/apache/openjpa/jdbc/meta/strats/EmbedValueHandler.java,16
1.0.1,openjpa-jdbc/src/main/java/org/apache/openjpa/jdbc/meta/strats/EmbeddedClassStrategy.java,9
1.0.1,openjpa-jdbc/src/main/java/org/apache/openjpa/jdbc/meta/strats/FlatClassStrategy.java,2
1.0.1,openjpa-jdbc/src/main/java/org/apache/openjpa/jdbc/meta/strats/FullClassStrategy.java,8
1.0.1,openjpa-jdbc/src/main/java/org/apache/openjpa/jdbc/meta/strats/HandlerFieldStrategy.java,48
1.0.1,openjpa-jdbc/src/main/java/org/apache/openjpa/jdbc/meta/strats/HandlerStrategies.java,31
1.0.1,openjpa-jdbc/src/main/java/org/apache/openjpa/jdbc/meta/strats/IdentityJoinable.java,2
1.0.1,openjpa-jdbc/src/main/java/org/apache/openjpa/jdbc/meta/strats/ImmutableValueHandler.java,5
1.0.1,openjpa-jdbc/src/main/java/org/apache/openjpa/jdbc/meta/strats/InValueDiscriminatorStrategy.java,13
1.0.1,openjpa-jdbc/src/main/java/org/apache/openjpa/jdbc/meta/strats/LRSCollectionFieldStrategy.java,7
1.0.1,openjpa-jdbc/src/main/java/org/apache/openjpa/jdbc/meta/strats/LRSMapFieldStrategy.java,15
1.0.1,openjpa-jdbc/src/main/java/org/apache/openjpa/jdbc/meta/strats/LRSProxyCollection.java,10
1.0.1,openjpa-jdbc/src/main/java/org/apache/openjpa/jdbc/meta/strats/LRSProxyMap.java,40
1.0.1,openjpa-jdbc/src/main/java/org/apache/openjpa/jdbc/meta/strats/MapTableFieldStrategy.java,7
1.0.1,openjpa-jdbc/src/main/java/org/apache/openjpa/jdbc/meta/strats/MaxEmbeddedBlobFieldStrategy.java,3
1.0.1,openjpa-jdbc/src/main/java/org/apache/openjpa/jdbc/meta/strats/MaxEmbeddedByteArrayFieldStrategy.java,3
1.0.1,openjpa-jdbc/src/main/java/org/apache/openjpa/jdbc/meta/strats/MaxEmbeddedCharArrayFieldStrategy.java,8
1.0.1,openjpa-jdbc/src/main/java/org/apache/openjpa/jdbc/meta/strats/MaxEmbeddedClobFieldStrategy.java,3
1.0.1,openjpa-jdbc/src/main/java/org/apache/openjpa/jdbc/meta/strats/MaxEmbeddedLobFieldStrategy.java,17
1.0.1,openjpa-jdbc/src/main/java/org/apache/openjpa/jdbc/meta/strats/NoneClassStrategy.java,2
1.0.1,openjpa-jdbc/src/main/java/org/apache/openjpa/jdbc/meta/strats/NoneDiscriminatorStrategy.java,1
1.0.1,openjpa-jdbc/src/main/java/org/apache/openjpa/jdbc/meta/strats/NoneFieldStrategy.java,2
1.0.1,openjpa-jdbc/src/main/java/org/apache/openjpa/jdbc/meta/strats/NoneVersionStrategy.java,2
1.0.1,openjpa-jdbc/src/main/java/org/apache/openjpa/jdbc/meta/strats/NumberVersionStrategy.java,3
1.0.1,openjpa-jdbc/src/main/java/org/apache/openjpa/jdbc/meta/strats/ObjectIdClassStrategy.java,1
1.0.1,openjpa-jdbc/src/main/java/org/apache/openjpa/jdbc/meta/strats/ObjectIdValueHandler.java,3
1.0.1,openjpa-jdbc/src/main/java/org/apache/openjpa/jdbc/meta/strats/PrimitiveFieldStrategy.java,36
1.0.1,openjpa-jdbc/src/main/java/org/apache/openjpa/jdbc/meta/strats/PrimitiveWrapperArrays.java,9
1.0.1,openjpa-jdbc/src/main/java/org/apache/openjpa/jdbc/meta/strats/RelationCollectionInverseKeyFieldStrategy.java,2
1.0.1,openjpa-jdbc/src/main/java/org/apache/openjpa/jdbc/meta/strats/RelationCollectionTableFieldStrategy.java,2
1.0.1,openjpa-jdbc/src/main/java/org/apache/openjpa/jdbc/meta/strats/RelationFieldStrategy.java,97
1.0.1,openjpa-jdbc/src/main/java/org/apache/openjpa/jdbc/meta/strats/RelationMapInverseKeyFieldStrategy.java,5
1.0.1,openjpa-jdbc/src/main/java/org/apache/openjpa/jdbc/meta/strats/RelationMapTableFieldStrategy.java,5
1.0.1,openjpa-jdbc/src/main/java/org/apache/openjpa/jdbc/meta/strats/RelationStrategies.java,14
1.0.1,openjpa-jdbc/src/main/java/org/apache/openjpa/jdbc/meta/strats/RelationToManyInverseKeyFieldStrategy.java,35
1.0.1,openjpa-jdbc/src/main/java/org/apache/openjpa/jdbc/meta/strats/RelationToManyTableFieldStrategy.java,18
1.0.1,openjpa-jdbc/src/main/java/org/apache/openjpa/jdbc/meta/strats/StateComparisonVersionStrategy.java,23
1.0.1,openjpa-jdbc/src/main/java/org/apache/openjpa/jdbc/meta/strats/StoreCollectionFieldStrategy.java,45
1.0.1,openjpa-jdbc/src/main/java/org/apache/openjpa/jdbc/meta/strats/StringFieldStrategy.java,15
1.0.1,openjpa-jdbc/src/main/java/org/apache/openjpa/jdbc/meta/strats/SubclassJoinDiscriminatorStrategy.java,17
1.0.1,openjpa-jdbc/src/main/java/org/apache/openjpa/jdbc/meta/strats/TimestampVersionStrategy.java,2
1.0.1,openjpa-jdbc/src/main/java/org/apache/openjpa/jdbc/meta/strats/UntypedPCValueHandler.java,4
1.0.1,openjpa-jdbc/src/main/java/org/apache/openjpa/jdbc/meta/strats/ValueMapDiscriminatorStrategy.java,10
1.0.1,openjpa-jdbc/src/main/java/org/apache/openjpa/jdbc/meta/strats/VerticalClassStrategy.java,7
1.0.1,openjpa-jdbc/src/main/java/org/apache/openjpa/jdbc/schema/Column.java,68
1.0.1,openjpa-jdbc/src/main/java/org/apache/openjpa/jdbc/schema/ColumnIO.java,16
1.0.1,openjpa-jdbc/src/main/java/org/apache/openjpa/jdbc/schema/Constraint.java,10
1.0.1,openjpa-jdbc/src/main/java/org/apache/openjpa/jdbc/schema/DataSourceFactory.java,20
1.0.1,openjpa-jdbc/src/main/java/org/apache/openjpa/jdbc/schema/DriverDataSource.java,15
1.0.1,openjpa-jdbc/src/main/java/org/apache/openjpa/jdbc/schema/DynamicSchemaFactory.java,12
1.0.1,openjpa-jdbc/src/main/java/org/apache/openjpa/jdbc/schema/FileSchemaFactory.java,3
1.0.1,openjpa-jdbc/src/main/java/org/apache/openjpa/jdbc/schema/ForeignKey.java,90
1.0.1,openjpa-jdbc/src/main/java/org/apache/openjpa/jdbc/schema/Index.java,7
1.0.1,openjpa-jdbc/src/main/java/org/apache/openjpa/jdbc/schema/LazySchemaFactory.java,12
1.0.1,openjpa-jdbc/src/main/java/org/apache/openjpa/jdbc/schema/LocalConstraint.java,29
1.0.1,openjpa-jdbc/src/main/java/org/apache/openjpa/jdbc/schema/NameSet.java,8
1.0.1,openjpa-jdbc/src/main/java/org/apache/openjpa/jdbc/schema/PrimaryKey.java,4
1.0.1,openjpa-jdbc/src/main/java/org/apache/openjpa/jdbc/schema/Schema.java,35
1.0.1,openjpa-jdbc/src/main/java/org/apache/openjpa/jdbc/schema/SchemaFactory.java,2
1.0.1,openjpa-jdbc/src/main/java/org/apache/openjpa/jdbc/schema/SchemaGenerator.java,122
1.0.1,openjpa-jdbc/src/main/java/org/apache/openjpa/jdbc/schema/SchemaGroup.java,63
1.0.1,openjpa-jdbc/src/main/java/org/apache/openjpa/jdbc/schema/SchemaParser.java,5
1.0.1,openjpa-jdbc/src/main/java/org/apache/openjpa/jdbc/schema/SchemaSerializer.java,8
1.0.1,openjpa-jdbc/src/main/java/org/apache/openjpa/jdbc/schema/SchemaTool.java,202
1.0.1,openjpa-jdbc/src/main/java/org/apache/openjpa/jdbc/schema/Schemas.java,39
1.0.1,openjpa-jdbc/src/main/java/org/apache/openjpa/jdbc/schema/Sequence.java,11
1.0.1,openjpa-jdbc/src/main/java/org/apache/openjpa/jdbc/schema/SimpleDriverDataSource.java,18
1.0.1,openjpa-jdbc/src/main/java/org/apache/openjpa/jdbc/schema/Table.java,87
1.0.1,openjpa-jdbc/src/main/java/org/apache/openjpa/jdbc/schema/TableSchemaFactory.java,41
1.0.1,openjpa-jdbc/src/main/java/org/apache/openjpa/jdbc/schema/Unique.java,1
1.0.1,openjpa-jdbc/src/main/java/org/apache/openjpa/jdbc/schema/XMLSchemaParser.java,50
1.0.1,openjpa-jdbc/src/main/java/org/apache/openjpa/jdbc/schema/XMLSchemaSerializer.java,82
1.0.1,openjpa-jdbc/src/main/java/org/apache/openjpa/jdbc/sql/AbstractResult.java,33
1.0.1,openjpa-jdbc/src/main/java/org/apache/openjpa/jdbc/sql/AbstractSQLServerDictionary.java,7
1.0.1,openjpa-jdbc/src/main/java/org/apache/openjpa/jdbc/sql/AccessDictionary.java,2
1.0.1,openjpa-jdbc/src/main/java/org/apache/openjpa/jdbc/sql/DB2Dictionary.java,52
1.0.1,openjpa-jdbc/src/main/java/org/apache/openjpa/jdbc/sql/DBDictionary.java,391
1.0.1,openjpa-jdbc/src/main/java/org/apache/openjpa/jdbc/sql/DBDictionaryFactory.java,41
1.0.1,openjpa-jdbc/src/main/java/org/apache/openjpa/jdbc/sql/DerbyDictionary.java,2
1.0.1,openjpa-jdbc/src/main/java/org/apache/openjpa/jdbc/sql/EmpressDictionary.java,15
1.0.1,openjpa-jdbc/src/main/java/org/apache/openjpa/jdbc/sql/FoxProDictionary.java,8
1.0.1,openjpa-jdbc/src/main/java/org/apache/openjpa/jdbc/sql/H2Dictionary.java,17
1.0.1,openjpa-jdbc/src/main/java/org/apache/openjpa/jdbc/sql/HSQLDictionary.java,19
1.0.1,openjpa-jdbc/src/main/java/org/apache/openjpa/jdbc/sql/InformixDictionary.java,14
1.0.1,openjpa-jdbc/src/main/java/org/apache/openjpa/jdbc/sql/InterbaseDictionary.java,2
1.0.1,openjpa-jdbc/src/main/java/org/apache/openjpa/jdbc/sql/JDataStoreDictionary.java,3
1.0.1,openjpa-jdbc/src/main/java/org/apache/openjpa/jdbc/sql/Join.java,10
1.0.1,openjpa-jdbc/src/main/java/org/apache/openjpa/jdbc/sql/JoinSet.java,59
1.0.1,openjpa-jdbc/src/main/java/org/apache/openjpa/jdbc/sql/JoinSyntaxes.java,6
1.0.1,openjpa-jdbc/src/main/java/org/apache/openjpa/jdbc/sql/Joins.java,9
1.0.1,openjpa-jdbc/src/main/java/org/apache/openjpa/jdbc/sql/LogicalUnion.java,53
1.0.1,openjpa-jdbc/src/main/java/org/apache/openjpa/jdbc/sql/MergedResult.java,15
1.0.1,openjpa-jdbc/src/main/java/org/apache/openjpa/jdbc/sql/MySQLDictionary.java,9
1.0.1,openjpa-jdbc/src/main/java/org/apache/openjpa/jdbc/sql/OracleDictionary.java,143
1.0.1,openjpa-jdbc/src/main/java/org/apache/openjpa/jdbc/sql/PointbaseDictionary.java,4
1.0.1,openjpa-jdbc/src/main/java/org/apache/openjpa/jdbc/sql/PostgresDictionary.java,19
1.0.1,openjpa-jdbc/src/main/java/org/apache/openjpa/jdbc/sql/PrimaryRow.java,43
1.0.1,openjpa-jdbc/src/main/java/org/apache/openjpa/jdbc/sql/Raw.java,1
1.0.1,openjpa-jdbc/src/main/java/org/apache/openjpa/jdbc/sql/Result.java,78
1.0.1,openjpa-jdbc/src/main/java/org/apache/openjpa/jdbc/sql/ResultSetResult.java,22
1.0.1,openjpa-jdbc/src/main/java/org/apache/openjpa/jdbc/sql/Row.java,75
1.0.1,openjpa-jdbc/src/main/java/org/apache/openjpa/jdbc/sql/RowImpl.java,91
1.0.1,openjpa-jdbc/src/main/java/org/apache/openjpa/jdbc/sql/RowManager.java,5
1.0.1,openjpa-jdbc/src/main/java/org/apache/openjpa/jdbc/sql/RowManagerImpl.java,18
1.0.1,openjpa-jdbc/src/main/java/org/apache/openjpa/jdbc/sql/SQLBuffer.java,64
1.0.1,openjpa-jdbc/src/main/java/org/apache/openjpa/jdbc/sql/SQLExceptions.java,5
1.0.1,openjpa-jdbc/src/main/java/org/apache/openjpa/jdbc/sql/SQLFactory.java,3
1.0.1,openjpa-jdbc/src/main/java/org/apache/openjpa/jdbc/sql/SQLFactoryImpl.java,2
1.0.1,openjpa-jdbc/src/main/java/org/apache/openjpa/jdbc/sql/SQLServerDictionary.java,31
1.0.1,openjpa-jdbc/src/main/java/org/apache/openjpa/jdbc/sql/SecondaryRow.java,15
1.0.1,openjpa-jdbc/src/main/java/org/apache/openjpa/jdbc/sql/Select.java,105
1.0.1,openjpa-jdbc/src/main/java/org/apache/openjpa/jdbc/sql/SelectExecutor.java,18
1.0.1,openjpa-jdbc/src/main/java/org/apache/openjpa/jdbc/sql/SelectImpl.java,357
1.0.1,openjpa-jdbc/src/main/java/org/apache/openjpa/jdbc/sql/SybaseDictionary.java,18
1.0.1,openjpa-jdbc/src/main/java/org/apache/openjpa/jdbc/sql/Union.java,7
1.0.1,openjpa-kernel-5/src/main/java/org/apache/openjpa/enhance/ClassRedefiner.java,17
1.0.1,openjpa-kernel-5/src/main/java/org/apache/openjpa/enhance/InstrumentationFactory.java,9
1.0.1,openjpa-kernel-5/src/main/java/org/apache/openjpa/enhance/ManagedClassSubclasser.java,30
1.0.1,openjpa-kernel-5/src/main/java/org/apache/openjpa/enhance/PCClassFileTransformer.java,28
1.0.1,openjpa-kernel-5/src/main/java/org/apache/openjpa/enhance/PCEnhancerAgent.java,3
1.0.1,openjpa-kernel/src/main/java/org/apache/openjpa/abstractstore/AbstractStoreBrokerFactory.java,3
1.0.1,openjpa-kernel/src/main/java/org/apache/openjpa/abstractstore/AbstractStoreManager.java,26
1.0.1,openjpa-kernel/src/main/java/org/apache/openjpa/ant/MetaDataToolTask.java,4
1.0.1,openjpa-kernel/src/main/java/org/apache/openjpa/conf/AutoDetachValue.java,4
1.0.1,openjpa-kernel/src/main/java/org/apache/openjpa/conf/BrokerFactoryValue.java,3
1.0.1,openjpa-kernel/src/main/java/org/apache/openjpa/conf/BrokerValue.java,1
1.0.1,openjpa-kernel/src/main/java/org/apache/openjpa/conf/DetachOptions.java,6
1.0.1,openjpa-kernel/src/main/java/org/apache/openjpa/conf/OpenJPAConfiguration.java,215
1.0.1,openjpa-kernel/src/main/java/org/apache/openjpa/conf/OpenJPAConfigurationImpl.java,33
1.0.1,openjpa-kernel/src/main/java/org/apache/openjpa/conf/OpenJPAProductDerivation.java,5
1.0.1,openjpa-kernel/src/main/java/org/apache/openjpa/conf/OpenJPAVersion.java,4
1.0.1,openjpa-kernel/src/main/java/org/apache/openjpa/conf/QueryCompilationCacheValue.java,2
1.0.1,openjpa-kernel/src/main/java/org/apache/openjpa/conf/RemoteCommitProviderValue.java,4
1.0.1,openjpa-kernel/src/main/java/org/apache/openjpa/datacache/AbstractDataCache.java,64
1.0.1,openjpa-kernel/src/main/java/org/apache/openjpa/datacache/AbstractQueryCache.java,38
1.0.1,openjpa-kernel/src/main/java/org/apache/openjpa/datacache/Caches.java,5
1.0.1,openjpa-kernel/src/main/java/org/apache/openjpa/datacache/ConcurrentDataCache.java,1
1.0.1,openjpa-kernel/src/main/java/org/apache/openjpa/datacache/DataCache.java,26
1.0.1,openjpa-kernel/src/main/java/org/apache/openjpa/datacache/DataCacheManager.java,8
1.0.1,openjpa-kernel/src/main/java/org/apache/openjpa/datacache/DataCacheManagerImpl.java,5
1.0.1,openjpa-kernel/src/main/java/org/apache/openjpa/datacache/DataCachePCData.java,1
1.0.1,openjpa-kernel/src/main/java/org/apache/openjpa/datacache/DataCachePCDataGenerator.java,6
1.0.1,openjpa-kernel/src/main/java/org/apache/openjpa/datacache/DataCachePCDataImpl.java,4
1.0.1,openjpa-kernel/src/main/java/org/apache/openjpa/datacache/DataCacheScheduler.java,17
1.0.1,openjpa-kernel/src/main/java/org/apache/openjpa/datacache/DataCacheStoreManager.java,69
1.0.1,openjpa-kernel/src/main/java/org/apache/openjpa/datacache/DelegatingDataCache.java,33
1.0.1,openjpa-kernel/src/main/java/org/apache/openjpa/datacache/DelegatingQueryCache.java,19
1.0.1,openjpa-kernel/src/main/java/org/apache/openjpa/datacache/ExpirationListener.java,1
1.0.1,openjpa-kernel/src/main/java/org/apache/openjpa/datacache/QueryCache.java,12
1.0.1,openjpa-kernel/src/main/java/org/apache/openjpa/datacache/QueryCacheStoreQuery.java,42
1.0.1,openjpa-kernel/src/main/java/org/apache/openjpa/datacache/QueryKey.java,47
1.0.1,openjpa-kernel/src/main/java/org/apache/openjpa/datacache/QueryResult.java,2
1.0.1,openjpa-kernel/src/main/java/org/apache/openjpa/datacache/TypesChangedListener.java,1
1.0.1,openjpa-kernel/src/main/java/org/apache/openjpa/ee/AutomaticManagedRuntime.java,26
1.0.1,openjpa-kernel/src/main/java/org/apache/openjpa/ee/InvocationManagedRuntime.java,2
1.0.1,openjpa-kernel/src/main/java/org/apache/openjpa/ee/ManagedRuntime.java,4
1.0.1,openjpa-kernel/src/main/java/org/apache/openjpa/ee/RegistryManagedRuntime.java,1
1.0.1,openjpa-kernel/src/main/java/org/apache/openjpa/ee/WASManagedRuntime.java,3
1.0.1,openjpa-kernel/src/main/java/org/apache/openjpa/ee/WLSManagedRuntime.java,2
1.0.1,openjpa-kernel/src/main/java/org/apache/openjpa/enhance/ApplicationIdTool.java,116
1.0.1,openjpa-kernel/src/main/java/org/apache/openjpa/enhance/AttributeTranslator.java,1
1.0.1,openjpa-kernel/src/main/java/org/apache/openjpa/enhance/CodeGenerator.java,53
1.0.1,openjpa-kernel/src/main/java/org/apache/openjpa/enhance/DynamicPCHelper.java,1
1.0.1,openjpa-kernel/src/main/java/org/apache/openjpa/enhance/DynamicStorage.java,22
1.0.1,openjpa-kernel/src/main/java/org/apache/openjpa/enhance/DynamicStorageGenerator.java,20
1.0.1,openjpa-kernel/src/main/java/org/apache/openjpa/enhance/ManagedInstanceProvider.java,1
1.0.1,openjpa-kernel/src/main/java/org/apache/openjpa/enhance/PCDataGenerator.java,38
1.0.1,openjpa-kernel/src/main/java/org/apache/openjpa/enhance/PCEnhancer.java,238
1.0.1,openjpa-kernel/src/main/java/org/apache/openjpa/enhance/PCRegistry.java,14
1.0.1,openjpa-kernel/src/main/java/org/apache/openjpa/enhance/PCSubclassValidator.java,20
1.0.1,openjpa-kernel/src/main/java/org/apache/openjpa/enhance/PersistenceCapable.java,9
1.0.1,openjpa-kernel/src/main/java/org/apache/openjpa/enhance/RedefinitionHelper.java,24
1.0.1,openjpa-kernel/src/main/java/org/apache/openjpa/enhance/ReflectingPersistenceCapable.java,42
1.0.1,openjpa-kernel/src/main/java/org/apache/openjpa/enhance/Reflection.java,65
1.0.1,openjpa-kernel/src/main/java/org/apache/openjpa/enhance/RuntimeUnenhancedClasssesModes.java,6
1.0.1,openjpa-kernel/src/main/java/org/apache/openjpa/enhance/StateManager.java,49
1.0.1,openjpa-kernel/src/main/java/org/apache/openjpa/event/AbstractLifecycleListener.java,1
1.0.1,openjpa-kernel/src/main/java/org/apache/openjpa/event/AbstractRemoteCommitProvider.java,6
1.0.1,openjpa-kernel/src/main/java/org/apache/openjpa/event/AbstractTransactionListener.java,1
1.0.1,openjpa-kernel/src/main/java/org/apache/openjpa/event/AttachListener.java,2
1.0.1,openjpa-kernel/src/main/java/org/apache/openjpa/event/BeanLifecycleCallbacks.java,6
1.0.1,openjpa-kernel/src/main/java/org/apache/openjpa/event/BeginTransactionListener.java,1
1.0.1,openjpa-kernel/src/main/java/org/apache/openjpa/event/BrokerFactoryEventManager.java,1
1.0.1,openjpa-kernel/src/main/java/org/apache/openjpa/event/BrokerFactoryListener.java,1
1.0.1,openjpa-kernel/src/main/java/org/apache/openjpa/event/CallbackModes.java,10
1.0.1,openjpa-kernel/src/main/java/org/apache/openjpa/event/ClearListener.java,2
1.0.1,openjpa-kernel/src/main/java/org/apache/openjpa/event/DeleteListener.java,2
1.0.1,openjpa-kernel/src/main/java/org/apache/openjpa/event/DetachListener.java,2
1.0.1,openjpa-kernel/src/main/java/org/apache/openjpa/event/DirtyListener.java,4
1.0.1,openjpa-kernel/src/main/java/org/apache/openjpa/event/EndTransactionListener.java,6
1.0.1,openjpa-kernel/src/main/java/org/apache/openjpa/event/FlushTransactionListener.java,2
1.0.1,openjpa-kernel/src/main/java/org/apache/openjpa/event/JMSRemoteCommitProvider.java,17
1.0.1,openjpa-kernel/src/main/java/org/apache/openjpa/event/LifecycleCallbacks.java,2
1.0.1,openjpa-kernel/src/main/java/org/apache/openjpa/event/LifecycleEventManager.java,81
1.0.1,openjpa-kernel/src/main/java/org/apache/openjpa/event/LoadListener.java,2
1.0.1,openjpa-kernel/src/main/java/org/apache/openjpa/event/LogOrphanedKeyAction.java,6
1.0.1,openjpa-kernel/src/main/java/org/apache/openjpa/event/MethodLifecycleCallbacks.java,13
1.0.1,openjpa-kernel/src/main/java/org/apache/openjpa/event/OrphanedKeyAction.java,1
1.0.1,openjpa-kernel/src/main/java/org/apache/openjpa/event/PersistListener.java,2
1.0.1,openjpa-kernel/src/main/java/org/apache/openjpa/event/RemoteCommitEvent.java,15
1.0.1,openjpa-kernel/src/main/java/org/apache/openjpa/event/RemoteCommitEventManager.java,24
1.0.1,openjpa-kernel/src/main/java/org/apache/openjpa/event/RemoteCommitListener.java,2
1.0.1,openjpa-kernel/src/main/java/org/apache/openjpa/event/RemoteCommitProvider.java,3
1.0.1,openjpa-kernel/src/main/java/org/apache/openjpa/event/SingleJVMRemoteCommitProvider.java,3
1.0.1,openjpa-kernel/src/main/java/org/apache/openjpa/event/StoreListener.java,2
1.0.1,openjpa-kernel/src/main/java/org/apache/openjpa/event/TCPRemoteCommitProvider.java,65
1.0.1,openjpa-kernel/src/main/java/org/apache/openjpa/event/TransactionEventManager.java,17
1.0.1,openjpa-kernel/src/main/java/org/apache/openjpa/kernel/AbstractBrokerFactory.java,48
1.0.1,openjpa-kernel/src/main/java/org/apache/openjpa/kernel/AbstractLockManager.java,5
1.0.1,openjpa-kernel/src/main/java/org/apache/openjpa/kernel/AbstractPCData.java,48
1.0.1,openjpa-kernel/src/main/java/org/apache/openjpa/kernel/AbstractPCResultObjectProvider.java,3
1.0.1,openjpa-kernel/src/main/java/org/apache/openjpa/kernel/AbstractStoreQuery.java,5
1.0.1,openjpa-kernel/src/main/java/org/apache/openjpa/kernel/AttachManager.java,29
1.0.1,openjpa-kernel/src/main/java/org/apache/openjpa/kernel/AttachStrategy.java,56
1.0.1,openjpa-kernel/src/main/java/org/apache/openjpa/kernel/AutoClear.java,4
1.0.1,openjpa-kernel/src/main/java/org/apache/openjpa/kernel/AutoDetach.java,8
1.0.1,openjpa-kernel/src/main/java/org/apache/openjpa/kernel/Bootstrap.java,11
1.0.1,openjpa-kernel/src/main/java/org/apache/openjpa/kernel/Broker.java,100
1.0.1,openjpa-kernel/src/main/java/org/apache/openjpa/kernel/BrokerFactory.java,14
1.0.1,openjpa-kernel/src/main/java/org/apache/openjpa/kernel/BrokerImpl.java,513
1.0.1,openjpa-kernel/src/main/java/org/apache/openjpa/kernel/ClearFieldManager.java,1
1.0.1,openjpa-kernel/src/main/java/org/apache/openjpa/kernel/ConnectionRetainModes.java,6
1.0.1,openjpa-kernel/src/main/java/org/apache/openjpa/kernel/DelegatingBroker.java,6
1.0.1,openjpa-kernel/src/main/java/org/apache/openjpa/kernel/DelegatingBrokerFactory.java,6
1.0.1,openjpa-kernel/src/main/java/org/apache/openjpa/kernel/DelegatingExtent.java,6
1.0.1,openjpa-kernel/src/main/java/org/apache/openjpa/kernel/DelegatingFetchConfiguration.java,9
1.0.1,openjpa-kernel/src/main/java/org/apache/openjpa/kernel/DelegatingQuery.java,6
1.0.1,openjpa-kernel/src/main/java/org/apache/openjpa/kernel/DelegatingResultList.java,17
1.0.1,openjpa-kernel/src/main/java/org/apache/openjpa/kernel/DelegatingSeq.java,6
1.0.1,openjpa-kernel/src/main/java/org/apache/openjpa/kernel/DelegatingStoreManager.java,6
1.0.1,openjpa-kernel/src/main/java/org/apache/openjpa/kernel/DetachManager.java,86
1.0.1,openjpa-kernel/src/main/java/org/apache/openjpa/kernel/DetachState.java,8
1.0.1,openjpa-kernel/src/main/java/org/apache/openjpa/kernel/DetachedStateAttachStrategy.java,10
1.0.1,openjpa-kernel/src/main/java/org/apache/openjpa/kernel/DetachedStateManager.java,59
1.0.1,openjpa-kernel/src/main/java/org/apache/openjpa/kernel/DetachedValueStateManager.java,10
1.0.1,openjpa-kernel/src/main/java/org/apache/openjpa/kernel/ENonTransState.java,1
1.0.1,openjpa-kernel/src/main/java/org/apache/openjpa/kernel/ExpressionStoreQuery.java,44
1.0.1,openjpa-kernel/src/main/java/org/apache/openjpa/kernel/Extent.java,11
1.0.1,openjpa-kernel/src/main/java/org/apache/openjpa/kernel/ExtentImpl.java,41
1.0.1,openjpa-kernel/src/main/java/org/apache/openjpa/kernel/FetchConfiguration.java,50
1.0.1,openjpa-kernel/src/main/java/org/apache/openjpa/kernel/FetchConfigurationImpl.java,80
1.0.1,openjpa-kernel/src/main/java/org/apache/openjpa/kernel/Filters.java,117
1.0.1,openjpa-kernel/src/main/java/org/apache/openjpa/kernel/FinalizingBrokerImpl.java,2
1.0.1,openjpa-kernel/src/main/java/org/apache/openjpa/kernel/FindCallbacks.java,2
1.0.1,openjpa-kernel/src/main/java/org/apache/openjpa/kernel/InMemorySavepointManager.java,1
1.0.1,openjpa-kernel/src/main/java/org/apache/openjpa/kernel/InverseManager.java,46
1.0.1,openjpa-kernel/src/main/java/org/apache/openjpa/kernel/LocalManagedRuntime.java,15
1.0.1,openjpa-kernel/src/main/java/org/apache/openjpa/kernel/LockLevels.java,6
1.0.1,openjpa-kernel/src/main/java/org/apache/openjpa/kernel/LockManager.java,8
1.0.1,openjpa-kernel/src/main/java/org/apache/openjpa/kernel/MethodStoreQuery.java,24
1.0.1,openjpa-kernel/src/main/java/org/apache/openjpa/kernel/ObjectIdStateManager.java,24
1.0.1,openjpa-kernel/src/main/java/org/apache/openjpa/kernel/OpCallbacks.java,15
1.0.1,openjpa-kernel/src/main/java/org/apache/openjpa/kernel/OpenJPASavepoint.java,5
1.0.1,openjpa-kernel/src/main/java/org/apache/openjpa/kernel/OpenJPAStateManager.java,71
1.0.1,openjpa-kernel/src/main/java/org/apache/openjpa/kernel/OrderingMergedResultObjectProvider.java,11
1.0.1,openjpa-kernel/src/main/java/org/apache/openjpa/kernel/PCData.java,12
1.0.1,openjpa-kernel/src/main/java/org/apache/openjpa/kernel/PCDataImpl.java,22
1.0.1,openjpa-kernel/src/main/java/org/apache/openjpa/kernel/PCResultObjectProvider.java,1
1.0.1,openjpa-kernel/src/main/java/org/apache/openjpa/kernel/PCState.java,24
1.0.1,openjpa-kernel/src/main/java/org/apache/openjpa/kernel/PNewFlushedDeletedFlushedState.java,1
1.0.1,openjpa-kernel/src/main/java/org/apache/openjpa/kernel/PNewState.java,1
1.0.1,openjpa-kernel/src/main/java/org/apache/openjpa/kernel/PNonTransState.java,4
1.0.1,openjpa-kernel/src/main/java/org/apache/openjpa/kernel/Query.java,26
1.0.1,openjpa-kernel/src/main/java/org/apache/openjpa/kernel/QueryContext.java,43
1.0.1,openjpa-kernel/src/main/java/org/apache/openjpa/kernel/QueryFlushModes.java,6
1.0.1,openjpa-kernel/src/main/java/org/apache/openjpa/kernel/QueryHints.java,2
1.0.1,openjpa-kernel/src/main/java/org/apache/openjpa/kernel/QueryImpl.java,181
1.0.1,openjpa-kernel/src/main/java/org/apache/openjpa/kernel/QueryLanguages.java,3
1.0.1,openjpa-kernel/src/main/java/org/apache/openjpa/kernel/QueryOperations.java,6
1.0.1,openjpa-kernel/src/main/java/org/apache/openjpa/kernel/ROPStoreManager.java,3
1.0.1,openjpa-kernel/src/main/java/org/apache/openjpa/kernel/RestoreState.java,6
1.0.1,openjpa-kernel/src/main/java/org/apache/openjpa/kernel/ResultPacker.java,30
1.0.1,openjpa-kernel/src/main/java/org/apache/openjpa/kernel/SaveFieldManager.java,17
1.0.1,openjpa-kernel/src/main/java/org/apache/openjpa/kernel/SavepointFieldManager.java,11
1.0.1,openjpa-kernel/src/main/java/org/apache/openjpa/kernel/SavepointManager.java,2
1.0.1,openjpa-kernel/src/main/java/org/apache/openjpa/kernel/Seq.java,9
1.0.1,openjpa-kernel/src/main/java/org/apache/openjpa/kernel/SingleFieldManager.java,110
1.0.1,openjpa-kernel/src/main/java/org/apache/openjpa/kernel/StateManagerImpl.java,271
1.0.1,openjpa-kernel/src/main/java/org/apache/openjpa/kernel/StoreContext.java,60
1.0.1,openjpa-kernel/src/main/java/org/apache/openjpa/kernel/StoreManager.java,38
1.0.1,openjpa-kernel/src/main/java/org/apache/openjpa/kernel/StoreQuery.java,45
1.0.1,openjpa-kernel/src/main/java/org/apache/openjpa/kernel/TCleanState.java,1
1.0.1,openjpa-kernel/src/main/java/org/apache/openjpa/kernel/TDirtyState.java,1
1.0.1,openjpa-kernel/src/main/java/org/apache/openjpa/kernel/TimeSeededSeq.java,3
1.0.1,openjpa-kernel/src/main/java/org/apache/openjpa/kernel/TransferFieldManager.java,1
1.0.1,openjpa-kernel/src/main/java/org/apache/openjpa/kernel/UUIDHexSeq.java,4
1.0.1,openjpa-kernel/src/main/java/org/apache/openjpa/kernel/UUIDStringSeq.java,4
1.0.1,openjpa-kernel/src/main/java/org/apache/openjpa/kernel/VersionAttachStrategy.java,37
1.0.1,openjpa-kernel/src/main/java/org/apache/openjpa/kernel/VersionLockManager.java,6
1.0.1,openjpa-kernel/src/main/java/org/apache/openjpa/kernel/exps/Abs.java,9
1.0.1,openjpa-kernel/src/main/java/org/apache/openjpa/kernel/exps/AbstractExpressionBuilder.java,31
1.0.1,openjpa-kernel/src/main/java/org/apache/openjpa/kernel/exps/AbstractExpressionVisitor.java,4
1.0.1,openjpa-kernel/src/main/java/org/apache/openjpa/kernel/exps/Aggregate.java,8
1.0.1,openjpa-kernel/src/main/java/org/apache/openjpa/kernel/exps/AggregateListener.java,4
1.0.1,openjpa-kernel/src/main/java/org/apache/openjpa/kernel/exps/AggregateVal.java,3
1.0.1,openjpa-kernel/src/main/java/org/apache/openjpa/kernel/exps/All.java,1
1.0.1,openjpa-kernel/src/main/java/org/apache/openjpa/kernel/exps/Any.java,1
1.0.1,openjpa-kernel/src/main/java/org/apache/openjpa/kernel/exps/Args.java,10
1.0.1,openjpa-kernel/src/main/java/org/apache/openjpa/kernel/exps/Arguments.java,1
1.0.1,openjpa-kernel/src/main/java/org/apache/openjpa/kernel/exps/Avg.java,4
1.0.1,openjpa-kernel/src/main/java/org/apache/openjpa/kernel/exps/BindVariableAndExpression.java,5
1.0.1,openjpa-kernel/src/main/java/org/apache/openjpa/kernel/exps/BindVariableExpression.java,3
1.0.1,openjpa-kernel/src/main/java/org/apache/openjpa/kernel/exps/BoundVariable.java,2
1.0.1,openjpa-kernel/src/main/java/org/apache/openjpa/kernel/exps/CandidatePath.java,27
1.0.1,openjpa-kernel/src/main/java/org/apache/openjpa/kernel/exps/Cast.java,4
1.0.1,openjpa-kernel/src/main/java/org/apache/openjpa/kernel/exps/Concat.java,4
1.0.1,openjpa-kernel/src/main/java/org/apache/openjpa/kernel/exps/Constant.java,1
1.0.1,openjpa-kernel/src/main/java/org/apache/openjpa/kernel/exps/ContainsExpression.java,3
1.0.1,openjpa-kernel/src/main/java/org/apache/openjpa/kernel/exps/Count.java,3
1.0.1,openjpa-kernel/src/main/java/org/apache/openjpa/kernel/exps/CurrentDate.java,1
1.0.1,openjpa-kernel/src/main/java/org/apache/openjpa/kernel/exps/Distinct.java,2
1.0.1,openjpa-kernel/src/main/java/org/apache/openjpa/kernel/exps/EndsWithExpression.java,1
1.0.1,openjpa-kernel/src/main/java/org/apache/openjpa/kernel/exps/Exp.java,2
1.0.1,openjpa-kernel/src/main/java/org/apache/openjpa/kernel/exps/Expression.java,1
1.0.1,openjpa-kernel/src/main/java/org/apache/openjpa/kernel/exps/ExpressionFactory.java,65
1.0.1,openjpa-kernel/src/main/java/org/apache/openjpa/kernel/exps/ExpressionParser.java,5
1.0.1,openjpa-kernel/src/main/java/org/apache/openjpa/kernel/exps/ExpressionVisitor.java,4
1.0.1,openjpa-kernel/src/main/java/org/apache/openjpa/kernel/exps/Extension.java,10
1.0.1,openjpa-kernel/src/main/java/org/apache/openjpa/kernel/exps/FilterListener.java,5
1.0.1,openjpa-kernel/src/main/java/org/apache/openjpa/kernel/exps/GetMapValue.java,1
1.0.1,openjpa-kernel/src/main/java/org/apache/openjpa/kernel/exps/GetObjectId.java,1
1.0.1,openjpa-kernel/src/main/java/org/apache/openjpa/kernel/exps/GreaterThanEqualExpression.java,2
1.0.1,openjpa-kernel/src/main/java/org/apache/openjpa/kernel/exps/GreaterThanExpression.java,2
1.0.1,openjpa-kernel/src/main/java/org/apache/openjpa/kernel/exps/InMemoryExpressionFactory.java,50
1.0.1,openjpa-kernel/src/main/java/org/apache/openjpa/kernel/exps/IndexOf.java,2
1.0.1,openjpa-kernel/src/main/java/org/apache/openjpa/kernel/exps/IsEmptyExpression.java,9
1.0.1,openjpa-kernel/src/main/java/org/apache/openjpa/kernel/exps/LessThanEqualExpression.java,2
1.0.1,openjpa-kernel/src/main/java/org/apache/openjpa/kernel/exps/LessThanExpression.java,2
1.0.1,openjpa-kernel/src/main/java/org/apache/openjpa/kernel/exps/Literal.java,8
1.0.1,openjpa-kernel/src/main/java/org/apache/openjpa/kernel/exps/MatchesExpression.java,4
1.0.1,openjpa-kernel/src/main/java/org/apache/openjpa/kernel/exps/MathVal.java,1
1.0.1,openjpa-kernel/src/main/java/org/apache/openjpa/kernel/exps/Max.java,2
1.0.1,openjpa-kernel/src/main/java/org/apache/openjpa/kernel/exps/Min.java,2
1.0.1,openjpa-kernel/src/main/java/org/apache/openjpa/kernel/exps/Null.java,1
1.0.1,openjpa-kernel/src/main/java/org/apache/openjpa/kernel/exps/Parameter.java,2
1.0.1,openjpa-kernel/src/main/java/org/apache/openjpa/kernel/exps/Path.java,5
1.0.1,openjpa-kernel/src/main/java/org/apache/openjpa/kernel/exps/QueryExpressions.java,11
1.0.1,openjpa-kernel/src/main/java/org/apache/openjpa/kernel/exps/Resolver.java,4
1.0.1,openjpa-kernel/src/main/java/org/apache/openjpa/kernel/exps/Size.java,2
1.0.1,openjpa-kernel/src/main/java/org/apache/openjpa/kernel/exps/Sqrt.java,1
1.0.1,openjpa-kernel/src/main/java/org/apache/openjpa/kernel/exps/StartsWithExpression.java,1
1.0.1,openjpa-kernel/src/main/java/org/apache/openjpa/kernel/exps/StringContains.java,2
1.0.1,openjpa-kernel/src/main/java/org/apache/openjpa/kernel/exps/StringLength.java,2
1.0.1,openjpa-kernel/src/main/java/org/apache/openjpa/kernel/exps/SubQ.java,1
1.0.1,openjpa-kernel/src/main/java/org/apache/openjpa/kernel/exps/Subquery.java,2
1.0.1,openjpa-kernel/src/main/java/org/apache/openjpa/kernel/exps/Substring.java,1
1.0.1,openjpa-kernel/src/main/java/org/apache/openjpa/kernel/exps/Sum.java,4
1.0.1,openjpa-kernel/src/main/java/org/apache/openjpa/kernel/exps/This.java,1
1.0.1,openjpa-kernel/src/main/java/org/apache/openjpa/kernel/exps/ToLowerCase.java,1
1.0.1,openjpa-kernel/src/main/java/org/apache/openjpa/kernel/exps/ToUpperCase.java,1
1.0.1,openjpa-kernel/src/main/java/org/apache/openjpa/kernel/exps/Trim.java,4
1.0.1,openjpa-kernel/src/main/java/org/apache/openjpa/kernel/exps/UnaryMathVal.java,1
1.0.1,openjpa-kernel/src/main/java/org/apache/openjpa/kernel/exps/Val.java,4
1.0.1,openjpa-kernel/src/main/java/org/apache/openjpa/kernel/exps/Value.java,8
1.0.1,openjpa-kernel/src/main/java/org/apache/openjpa/kernel/exps/WildcardMatch.java,4
1.0.1,openjpa-kernel/src/main/java/org/apache/openjpa/kernel/jpql/JPQLExpressionBuilder.java,127
1.0.1,openjpa-kernel/src/main/java/org/apache/openjpa/kernel/jpql/JPQLParser.java,4
1.0.1,openjpa-kernel/src/main/java/org/apache/openjpa/kernel/jpql/ParseException.java,7
1.0.1,openjpa-kernel/src/main/java/org/apache/openjpa/meta/AbstractCFMetaDataFactory.java,120
1.0.1,openjpa-kernel/src/main/java/org/apache/openjpa/meta/AbstractMetaDataDefaults.java,28
1.0.1,openjpa-kernel/src/main/java/org/apache/openjpa/meta/AbstractMetaDataFactory.java,5
1.0.1,openjpa-kernel/src/main/java/org/apache/openjpa/meta/ClassMetaData.java,233
1.0.1,openjpa-kernel/src/main/java/org/apache/openjpa/meta/DelegatingMetaDataFactory.java,1
1.0.1,openjpa-kernel/src/main/java/org/apache/openjpa/meta/Extensions.java,41
1.0.1,openjpa-kernel/src/main/java/org/apache/openjpa/meta/FetchGroup.java,44
1.0.1,openjpa-kernel/src/main/java/org/apache/openjpa/meta/FieldMetaData.java,171
1.0.1,openjpa-kernel/src/main/java/org/apache/openjpa/meta/InMemoryRelatedFieldOrder.java,14
1.0.1,openjpa-kernel/src/main/java/org/apache/openjpa/meta/InMemoryValueOrder.java,22
1.0.1,openjpa-kernel/src/main/java/org/apache/openjpa/meta/InheritanceComparator.java,13
1.0.1,openjpa-kernel/src/main/java/org/apache/openjpa/meta/InterfaceImplGenerator.java,11
1.0.1,openjpa-kernel/src/main/java/org/apache/openjpa/meta/JavaTypes.java,79
1.0.1,openjpa-kernel/src/main/java/org/apache/openjpa/meta/LifecycleMetaData.java,17
1.0.1,openjpa-kernel/src/main/java/org/apache/openjpa/meta/MetaDataContext.java,1
1.0.1,openjpa-kernel/src/main/java/org/apache/openjpa/meta/MetaDataDefaults.java,10
1.0.1,openjpa-kernel/src/main/java/org/apache/openjpa/meta/MetaDataFactory.java,19
1.0.1,openjpa-kernel/src/main/java/org/apache/openjpa/meta/MetaDataInheritanceComparator.java,9
1.0.1,openjpa-kernel/src/main/java/org/apache/openjpa/meta/MetaDataModes.java,12
1.0.1,openjpa-kernel/src/main/java/org/apache/openjpa/meta/MetaDataRepository.java,186
1.0.1,openjpa-kernel/src/main/java/org/apache/openjpa/meta/MetaDataTool.java,29
1.0.1,openjpa-kernel/src/main/java/org/apache/openjpa/meta/NonPersistentMetaData.java,5
1.0.1,openjpa-kernel/src/main/java/org/apache/openjpa/meta/NoneMetaDataFactory.java,12
1.0.1,openjpa-kernel/src/main/java/org/apache/openjpa/meta/Order.java,4
1.0.1,openjpa-kernel/src/main/java/org/apache/openjpa/meta/ProxySetupStateManager.java,7
1.0.1,openjpa-kernel/src/main/java/org/apache/openjpa/meta/QueryMetaData.java,8
1.0.1,openjpa-kernel/src/main/java/org/apache/openjpa/meta/SequenceMetaData.java,16
1.0.1,openjpa-kernel/src/main/java/org/apache/openjpa/meta/UpdateStrategies.java,6
1.0.1,openjpa-kernel/src/main/java/org/apache/openjpa/meta/ValueMetaData.java,42
1.0.1,openjpa-kernel/src/main/java/org/apache/openjpa/meta/ValueMetaDataImpl.java,44
1.0.1,openjpa-kernel/src/main/java/org/apache/openjpa/meta/ValueStrategies.java,8
1.0.1,openjpa-kernel/src/main/java/org/apache/openjpa/meta/XMLClassMetaData.java,2
1.0.1,openjpa-kernel/src/main/java/org/apache/openjpa/meta/XMLFieldMetaData.java,5
1.0.1,openjpa-kernel/src/main/java/org/apache/openjpa/meta/XMLMetaData.java,21
1.0.1,openjpa-kernel/src/main/java/org/apache/openjpa/util/AbstractChangeTracker.java,19
1.0.1,openjpa-kernel/src/main/java/org/apache/openjpa/util/AbstractLRSProxyCollection.java,35
1.0.1,openjpa-kernel/src/main/java/org/apache/openjpa/util/AbstractLRSProxyMap.java,56
1.0.1,openjpa-kernel/src/main/java/org/apache/openjpa/util/ApplicationIds.java,62
1.0.1,openjpa-kernel/src/main/java/org/apache/openjpa/util/ArrayStateImage.java,6
1.0.1,openjpa-kernel/src/main/java/org/apache/openjpa/util/ByteId.java,2
1.0.1,openjpa-kernel/src/main/java/org/apache/openjpa/util/CacheMap.java,45
1.0.1,openjpa-kernel/src/main/java/org/apache/openjpa/util/ChangeTracker.java,8
1.0.1,openjpa-kernel/src/main/java/org/apache/openjpa/util/CharId.java,2
1.0.1,openjpa-kernel/src/main/java/org/apache/openjpa/util/ClassResolver.java,1
1.0.1,openjpa-kernel/src/main/java/org/apache/openjpa/util/ClassResolverImpl.java,6
1.0.1,openjpa-kernel/src/main/java/org/apache/openjpa/util/CollectionChangeTracker.java,2
1.0.1,openjpa-kernel/src/main/java/org/apache/openjpa/util/CollectionChangeTrackerImpl.java,9
1.0.1,openjpa-kernel/src/main/java/org/apache/openjpa/util/DateId.java,1
1.0.1,openjpa-kernel/src/main/java/org/apache/openjpa/util/DoubleId.java,2
1.0.1,openjpa-kernel/src/main/java/org/apache/openjpa/util/ExceptionInfo.java,13
1.0.1,openjpa-kernel/src/main/java/org/apache/openjpa/util/Exceptions.java,24
1.0.1,openjpa-kernel/src/main/java/org/apache/openjpa/util/FloatId.java,2
1.0.1,openjpa-kernel/src/main/java/org/apache/openjpa/util/GeneralException.java,1
1.0.1,openjpa-kernel/src/main/java/org/apache/openjpa/util/GeneratedClasses.java,10
1.0.1,openjpa-kernel/src/main/java/org/apache/openjpa/util/Id.java,9
1.0.1,openjpa-kernel/src/main/java/org/apache/openjpa/util/ImplHelper.java,23
1.0.1,openjpa-kernel/src/main/java/org/apache/openjpa/util/IntId.java,1
1.0.1,openjpa-kernel/src/main/java/org/apache/openjpa/util/LockException.java,2
1.0.1,openjpa-kernel/src/main/java/org/apache/openjpa/util/MapChangeTracker.java,5
1.0.1,openjpa-kernel/src/main/java/org/apache/openjpa/util/MapChangeTrackerImpl.java,14
1.0.1,openjpa-kernel/src/main/java/org/apache/openjpa/util/MultiLoaderClassResolver.java,3
1.0.1,openjpa-kernel/src/main/java/org/apache/openjpa/util/OpenJPAException.java,10
1.0.1,openjpa-kernel/src/main/java/org/apache/openjpa/util/OpenJPAId.java,11
1.0.1,openjpa-kernel/src/main/java/org/apache/openjpa/util/Proxies.java,5
1.0.1,openjpa-kernel/src/main/java/org/apache/openjpa/util/Proxy.java,5
1.0.1,openjpa-kernel/src/main/java/org/apache/openjpa/util/ProxyBean.java,1
1.0.1,openjpa-kernel/src/main/java/org/apache/openjpa/util/ProxyCalendar.java,2
1.0.1,openjpa-kernel/src/main/java/org/apache/openjpa/util/ProxyCollection.java,2
1.0.1,openjpa-kernel/src/main/java/org/apache/openjpa/util/ProxyCollections.java,40
1.0.1,openjpa-kernel/src/main/java/org/apache/openjpa/util/ProxyDate.java,1
1.0.1,openjpa-kernel/src/main/java/org/apache/openjpa/util/ProxyManager.java,11
1.0.1,openjpa-kernel/src/main/java/org/apache/openjpa/util/ProxyManagerImpl.java,125
1.0.1,openjpa-kernel/src/main/java/org/apache/openjpa/util/ProxyMap.java,3
1.0.1,openjpa-kernel/src/main/java/org/apache/openjpa/util/ProxyMaps.java,20
1.0.1,openjpa-kernel/src/main/java/org/apache/openjpa/util/RuntimeExceptionTranslator.java,1
1.0.1,openjpa-kernel/src/main/java/org/apache/openjpa/util/Serialization.java,12
1.0.1,openjpa-kernel/src/main/java/org/apache/openjpa/util/ShortId.java,2
1.0.1,openjpa-kernel/src/main/java/org/apache/openjpa/util/StoreFacadeTypeRegistry.java,6
1.0.1,openjpa-kernel/src/main/java/org/apache/openjpa/util/StringId.java,1
1.0.1,openjpa-kernel/src/main/java/org/apache/openjpa/util/UserException.java,1
1.0.1,openjpa-lib-5/src/main/java/org/apache/openjpa/lib/util/J2DoPriv5Helper.java,3
1.0.1,openjpa-lib/src/main/java/org/apache/openjpa/lib/ant/AbstractTask.java,14
1.0.1,openjpa-lib/src/main/java/org/apache/openjpa/lib/conf/AbstractProductDerivation.java,2
1.0.1,openjpa-lib/src/main/java/org/apache/openjpa/lib/conf/BooleanValue.java,3
1.0.1,openjpa-lib/src/main/java/org/apache/openjpa/lib/conf/Configurable.java,3
1.0.1,openjpa-lib/src/main/java/org/apache/openjpa/lib/conf/Configuration.java,33
1.0.1,openjpa-lib/src/main/java/org/apache/openjpa/lib/conf/ConfigurationImpl.java,105
1.0.1,openjpa-lib/src/main/java/org/apache/openjpa/lib/conf/ConfigurationProvider.java,4
1.0.1,openjpa-lib/src/main/java/org/apache/openjpa/lib/conf/Configurations.java,71
1.0.1,openjpa-lib/src/main/java/org/apache/openjpa/lib/conf/DoubleValue.java,5
1.0.1,openjpa-lib/src/main/java/org/apache/openjpa/lib/conf/FileValue.java,1
1.0.1,openjpa-lib/src/main/java/org/apache/openjpa/lib/conf/GenericConfigurable.java,1
1.0.1,openjpa-lib/src/main/java/org/apache/openjpa/lib/conf/IntValue.java,5
1.0.1,openjpa-lib/src/main/java/org/apache/openjpa/lib/conf/MapConfigurationProvider.java,6
1.0.1,openjpa-lib/src/main/java/org/apache/openjpa/lib/conf/ObjectValue.java,3
1.0.1,openjpa-lib/src/main/java/org/apache/openjpa/lib/conf/PluginListValue.java,14
1.0.1,openjpa-lib/src/main/java/org/apache/openjpa/lib/conf/PluginValue.java,6
1.0.1,openjpa-lib/src/main/java/org/apache/openjpa/lib/conf/ProductDerivation.java,13
1.0.1,openjpa-lib/src/main/java/org/apache/openjpa/lib/conf/ProductDerivations.java,41
1.0.1,openjpa-lib/src/main/java/org/apache/openjpa/lib/conf/StringListValue.java,9
1.0.1,openjpa-lib/src/main/java/org/apache/openjpa/lib/conf/StringValue.java,1
1.0.1,openjpa-lib/src/main/java/org/apache/openjpa/lib/conf/Value.java,23
1.0.1,openjpa-lib/src/main/java/org/apache/openjpa/lib/conf/ValueListener.java,1
1.0.1,openjpa-lib/src/main/java/org/apache/openjpa/lib/graph/BreadthFirstWalk.java,13
1.0.1,openjpa-lib/src/main/java/org/apache/openjpa/lib/graph/DepthFirstAnalysis.java,17
1.0.1,openjpa-lib/src/main/java/org/apache/openjpa/lib/graph/Edge.java,5
1.0.1,openjpa-lib/src/main/java/org/apache/openjpa/lib/graph/Graph.java,18
1.0.1,openjpa-lib/src/main/java/org/apache/openjpa/lib/graph/GraphVisitor.java,3
1.0.1,openjpa-lib/src/main/java/org/apache/openjpa/lib/jdbc/AbstractJDBCListener.java,1
1.0.1,openjpa-lib/src/main/java/org/apache/openjpa/lib/jdbc/ConfiguringConnectionDecorator.java,12
1.0.1,openjpa-lib/src/main/java/org/apache/openjpa/lib/jdbc/ConnectionDecorator.java,1
1.0.1,openjpa-lib/src/main/java/org/apache/openjpa/lib/jdbc/DataSourceLogs.java,8
1.0.1,openjpa-lib/src/main/java/org/apache/openjpa/lib/jdbc/DecoratingDataSource.java,5
1.0.1,openjpa-lib/src/main/java/org/apache/openjpa/lib/jdbc/DelegatingCallableStatement.java,167
1.0.1,openjpa-lib/src/main/java/org/apache/openjpa/lib/jdbc/DelegatingConnection.java,96
1.0.1,openjpa-lib/src/main/java/org/apache/openjpa/lib/jdbc/DelegatingDataSource.java,16
1.0.1,openjpa-lib/src/main/java/org/apache/openjpa/lib/jdbc/DelegatingDatabaseMetaData.java,170
1.0.1,openjpa-lib/src/main/java/org/apache/openjpa/lib/jdbc/DelegatingPreparedStatement.java,89
1.0.1,openjpa-lib/src/main/java/org/apache/openjpa/lib/jdbc/DelegatingResultSet.java,146
1.0.1,openjpa-lib/src/main/java/org/apache/openjpa/lib/jdbc/DelegatingStatement.java,50
1.0.1,openjpa-lib/src/main/java/org/apache/openjpa/lib/jdbc/JDBCEventConnectionDecorator.java,7
1.0.1,openjpa-lib/src/main/java/org/apache/openjpa/lib/jdbc/JDBCListener.java,12
1.0.1,openjpa-lib/src/main/java/org/apache/openjpa/lib/jdbc/LoggingConnectionDecorator.java,100
1.0.1,openjpa-lib/src/main/java/org/apache/openjpa/lib/jdbc/ReportingSQLException.java,6
1.0.1,openjpa-lib/src/main/java/org/apache/openjpa/lib/jdbc/SQLFormatter.java,17
1.0.1,openjpa-lib/src/main/java/org/apache/openjpa/lib/log/AbstractLog.java,11
1.0.1,openjpa-lib/src/main/java/org/apache/openjpa/lib/log/CommonsLogFactory.java,2
1.0.1,openjpa-lib/src/main/java/org/apache/openjpa/lib/log/Log.java,20
1.0.1,openjpa-lib/src/main/java/org/apache/openjpa/lib/log/Log4JLogFactory.java,1
1.0.1,openjpa-lib/src/main/java/org/apache/openjpa/lib/log/LogFactory.java,1
1.0.1,openjpa-lib/src/main/java/org/apache/openjpa/lib/log/LogFactoryImpl.java,13
1.0.1,openjpa-lib/src/main/java/org/apache/openjpa/lib/log/LogOutputStream.java,3
1.0.1,openjpa-lib/src/main/java/org/apache/openjpa/lib/log/MultiLogFactory.java,38
1.0.1,openjpa-lib/src/main/java/org/apache/openjpa/lib/log/NoneLogFactory.java,10
1.0.1,openjpa-lib/src/main/java/org/apache/openjpa/lib/meta/CFMetaDataParser.java,29
1.0.1,openjpa-lib/src/main/java/org/apache/openjpa/lib/meta/CFMetaDataSerializer.java,5
1.0.1,openjpa-lib/src/main/java/org/apache/openjpa/lib/meta/ClassAnnotationMetaDataFilter.java,13
1.0.1,openjpa-lib/src/main/java/org/apache/openjpa/lib/meta/ClassArgParser.java,67
1.0.1,openjpa-lib/src/main/java/org/apache/openjpa/lib/meta/ClassMetaDataIterator.java,15
1.0.1,openjpa-lib/src/main/java/org/apache/openjpa/lib/meta/ClasspathMetaDataIterator.java,8
1.0.1,openjpa-lib/src/main/java/org/apache/openjpa/lib/meta/FileMetaDataIterator.java,18
1.0.1,openjpa-lib/src/main/java/org/apache/openjpa/lib/meta/MetaDataFilter.java,4
1.0.1,openjpa-lib/src/main/java/org/apache/openjpa/lib/meta/MetaDataIterator.java,5
1.0.1,openjpa-lib/src/main/java/org/apache/openjpa/lib/meta/MetaDataIteratorChain.java,11
1.0.1,openjpa-lib/src/main/java/org/apache/openjpa/lib/meta/MetaDataParser.java,9
1.0.1,openjpa-lib/src/main/java/org/apache/openjpa/lib/meta/MetaDataSerializer.java,8
1.0.1,openjpa-lib/src/main/java/org/apache/openjpa/lib/meta/ResourceMetaDataIterator.java,6
1.0.1,openjpa-lib/src/main/java/org/apache/openjpa/lib/meta/SourceTracker.java,7
1.0.1,openjpa-lib/src/main/java/org/apache/openjpa/lib/meta/SourceTrackers.java,2
1.0.1,openjpa-lib/src/main/java/org/apache/openjpa/lib/meta/URLMetaDataIterator.java,7
1.0.1,openjpa-lib/src/main/java/org/apache/openjpa/lib/meta/XMLMetaDataParser.java,60
1.0.1,openjpa-lib/src/main/java/org/apache/openjpa/lib/meta/XMLMetaDataSerializer.java,27
1.0.1,openjpa-lib/src/main/java/org/apache/openjpa/lib/meta/ZipFileMetaDataIterator.java,12
1.0.1,openjpa-lib/src/main/java/org/apache/openjpa/lib/meta/ZipStreamMetaDataIterator.java,16
1.0.1,openjpa-lib/src/main/java/org/apache/openjpa/lib/rop/AbstractListIterator.java,3
1.0.1,openjpa-lib/src/main/java/org/apache/openjpa/lib/rop/AbstractNonSequentialResultList.java,16
1.0.1,openjpa-lib/src/main/java/org/apache/openjpa/lib/rop/AbstractResultList.java,1
1.0.1,openjpa-lib/src/main/java/org/apache/openjpa/lib/rop/AbstractSequentialResultList.java,13
1.0.1,openjpa-lib/src/main/java/org/apache/openjpa/lib/rop/EagerResultList.java,2
1.0.1,openjpa-lib/src/main/java/org/apache/openjpa/lib/rop/LazyForwardResultList.java,15
1.0.1,openjpa-lib/src/main/java/org/apache/openjpa/lib/rop/ListResultObjectProvider.java,3
1.0.1,openjpa-lib/src/main/java/org/apache/openjpa/lib/rop/MergedResultObjectProvider.java,15
1.0.1,openjpa-lib/src/main/java/org/apache/openjpa/lib/rop/RandomAccessResultList.java,16
1.0.1,openjpa-lib/src/main/java/org/apache/openjpa/lib/rop/RangeResultObjectProvider.java,9
1.0.1,openjpa-lib/src/main/java/org/apache/openjpa/lib/rop/ResultList.java,3
1.0.1,openjpa-lib/src/main/java/org/apache/openjpa/lib/rop/ResultListIterator.java,3
1.0.1,openjpa-lib/src/main/java/org/apache/openjpa/lib/rop/ResultObjectProvider.java,9
1.0.1,openjpa-lib/src/main/java/org/apache/openjpa/lib/rop/ResultObjectProviderIterator.java,8
1.0.1,openjpa-lib/src/main/java/org/apache/openjpa/lib/rop/SimpleResultList.java,5
1.0.1,openjpa-lib/src/main/java/org/apache/openjpa/lib/rop/WindowResultList.java,11
1.0.1,openjpa-lib/src/main/java/org/apache/openjpa/lib/util/Base16Encoder.java,9
1.0.1,openjpa-lib/src/main/java/org/apache/openjpa/lib/util/BytecodeWriter.java,1
1.0.1,openjpa-lib/src/main/java/org/apache/openjpa/lib/util/Bytes.java,11
1.0.1,openjpa-lib/src/main/java/org/apache/openjpa/lib/util/Closeable.java,1
1.0.1,openjpa-lib/src/main/java/org/apache/openjpa/lib/util/CodeFormat.java,31
1.0.1,openjpa-lib/src/main/java/org/apache/openjpa/lib/util/EventManager.java,6
1.0.1,openjpa-lib/src/main/java/org/apache/openjpa/lib/util/Files.java,35
1.0.1,openjpa-lib/src/main/java/org/apache/openjpa/lib/util/FormatPreservingProperties.java,69
1.0.1,openjpa-lib/src/main/java/org/apache/openjpa/lib/util/J2DoPrivHelper.java,54
1.0.1,openjpa-lib/src/main/java/org/apache/openjpa/lib/util/JavaVersions.java,28
1.0.1,openjpa-lib/src/main/java/org/apache/openjpa/lib/util/LRUMap.java,3
1.0.1,openjpa-lib/src/main/java/org/apache/openjpa/lib/util/Localizer.java,7
1.0.1,openjpa-lib/src/main/java/org/apache/openjpa/lib/util/MultiClassLoader.java,30
1.0.1,openjpa-lib/src/main/java/org/apache/openjpa/lib/util/Options.java,74
1.0.1,openjpa-lib/src/main/java/org/apache/openjpa/lib/util/ParameterTemplate.java,11
1.0.1,openjpa-lib/src/main/java/org/apache/openjpa/lib/util/ParseException.java,1
1.0.1,openjpa-lib/src/main/java/org/apache/openjpa/lib/util/ReferenceHashMap.java,17
1.0.1,openjpa-lib/src/main/java/org/apache/openjpa/lib/util/ReferenceHashSet.java,15
1.0.1,openjpa-lib/src/main/java/org/apache/openjpa/lib/util/ReferenceMap.java,6
1.0.1,openjpa-lib/src/main/java/org/apache/openjpa/lib/util/ResourceBundleProvider.java,1
1.0.1,openjpa-lib/src/main/java/org/apache/openjpa/lib/util/Services.java,17
1.0.1,openjpa-lib/src/main/java/org/apache/openjpa/lib/util/SimpleRegex.java,12
1.0.1,openjpa-lib/src/main/java/org/apache/openjpa/lib/util/SimpleResourceBundleProvider.java,4
1.0.1,openjpa-lib/src/main/java/org/apache/openjpa/lib/util/SizedMap.java,4
1.0.1,openjpa-lib/src/main/java/org/apache/openjpa/lib/util/StreamResourceBundleProvider.java,3
1.0.1,openjpa-lib/src/main/java/org/apache/openjpa/lib/util/StringDistance.java,17
1.0.1,openjpa-lib/src/main/java/org/apache/openjpa/lib/util/TemporaryClassLoader.java,12
1.0.1,openjpa-lib/src/main/java/org/apache/openjpa/lib/util/TypedProperties.java,9
1.0.1,openjpa-lib/src/main/java/org/apache/openjpa/lib/util/UUIDGenerator.java,2
1.0.1,openjpa-lib/src/main/java/org/apache/openjpa/lib/util/ZipResourceBundleProvider.java,7
1.0.1,openjpa-lib/src/main/java/org/apache/openjpa/lib/util/concurrent/AbstractCollection.java,2
1.0.1,openjpa-lib/src/main/java/org/apache/openjpa/lib/util/concurrent/AbstractConcurrentEventManager.java,7
1.0.1,openjpa-lib/src/main/java/org/apache/openjpa/lib/util/concurrent/AbstractQueue.java,13
1.0.1,openjpa-lib/src/main/java/org/apache/openjpa/lib/util/concurrent/AbstractSet.java,2
1.0.1,openjpa-lib/src/main/java/org/apache/openjpa/lib/util/concurrent/Arrays.java,87
1.0.1,openjpa-lib/src/main/java/org/apache/openjpa/lib/util/concurrent/ConcurrentHashMap.java,100
1.0.1,openjpa-lib/src/main/java/org/apache/openjpa/lib/util/concurrent/ConcurrentHashSet.java,14
1.0.1,openjpa-lib/src/main/java/org/apache/openjpa/lib/util/concurrent/ConcurrentLinkedQueue.java,48
1.0.1,openjpa-lib/src/main/java/org/apache/openjpa/lib/util/concurrent/ConcurrentMap.java,2
1.0.1,openjpa-lib/src/main/java/org/apache/openjpa/lib/util/concurrent/ConcurrentReferenceHashMap.java,146
1.0.1,openjpa-lib/src/main/java/org/apache/openjpa/lib/util/concurrent/ConcurrentReferenceHashSet.java,15
1.0.1,openjpa-lib/src/main/java/org/apache/openjpa/lib/util/concurrent/CondVar.java,18
1.0.1,openjpa-lib/src/main/java/org/apache/openjpa/lib/util/concurrent/CopyOnWriteArrayList.java,159
1.0.1,openjpa-lib/src/main/java/org/apache/openjpa/lib/util/concurrent/CopyOnWriteArraySet.java,9
1.0.1,openjpa-lib/src/main/java/org/apache/openjpa/lib/util/concurrent/FIFOCondVar.java,13
1.0.1,openjpa-lib/src/main/java/org/apache/openjpa/lib/util/concurrent/FIFOWaitQueue.java,8
1.0.1,openjpa-lib/src/main/java/org/apache/openjpa/lib/util/concurrent/Queue.java,1
1.0.1,openjpa-lib/src/main/java/org/apache/openjpa/lib/util/concurrent/ReentrantLock.java,61
1.0.1,openjpa-lib/src/main/java/org/apache/openjpa/lib/util/concurrent/TimeUnit.java,67
1.0.1,openjpa-lib/src/main/java/org/apache/openjpa/lib/util/concurrent/Utils.java,12
1.0.1,openjpa-lib/src/main/java/org/apache/openjpa/lib/util/concurrent/WaitQueue.java,7
1.0.1,openjpa-lib/src/main/java/org/apache/openjpa/lib/xml/Commentable.java,3
1.0.1,openjpa-lib/src/main/java/org/apache/openjpa/lib/xml/DocTypeReader.java,26
1.0.1,openjpa-lib/src/main/java/org/apache/openjpa/lib/xml/Location.java,1
1.0.1,openjpa-lib/src/main/java/org/apache/openjpa/lib/xml/ValidatingErrorHandler.java,3
1.0.1,openjpa-lib/src/main/java/org/apache/openjpa/lib/xml/XMLFactory.java,5
1.0.1,openjpa-lib/src/main/java/org/apache/openjpa/lib/xml/XMLWriter.java,11
1.0.1,openjpa-persistence-jdbc/src/main/java/org/apache/openjpa/persistence/jdbc/AnnotationPersistenceMappingParser.java,111
1.0.1,openjpa-persistence-jdbc/src/main/java/org/apache/openjpa/persistence/jdbc/AnnotationPersistenceMappingSerializer.java,85
1.0.1,openjpa-persistence-jdbc/src/main/java/org/apache/openjpa/persistence/jdbc/EmbeddedMapping.java,2
1.0.1,openjpa-persistence-jdbc/src/main/java/org/apache/openjpa/persistence/jdbc/FetchDirection.java,1
1.0.1,openjpa-persistence-jdbc/src/main/java/org/apache/openjpa/persistence/jdbc/FetchMode.java,1
1.0.1,openjpa-persistence-jdbc/src/main/java/org/apache/openjpa/persistence/jdbc/IsolationLevel.java,1
1.0.1,openjpa-persistence-jdbc/src/main/java/org/apache/openjpa/persistence/jdbc/JDBCFetchPlan.java,41
1.0.1,openjpa-persistence-jdbc/src/main/java/org/apache/openjpa/persistence/jdbc/JDBCPersistenceProductDerivation.java,4
1.0.1,openjpa-persistence-jdbc/src/main/java/org/apache/openjpa/persistence/jdbc/JoinSyntax.java,1
1.0.1,openjpa-persistence-jdbc/src/main/java/org/apache/openjpa/persistence/jdbc/LRSSizeAlgorithm.java,1
1.0.1,openjpa-persistence-jdbc/src/main/java/org/apache/openjpa/persistence/jdbc/PersistenceMappingDefaults.java,18
1.0.1,openjpa-persistence-jdbc/src/main/java/org/apache/openjpa/persistence/jdbc/PersistenceMappingFactory.java,2
1.0.1,openjpa-persistence-jdbc/src/main/java/org/apache/openjpa/persistence/jdbc/ResultSetType.java,1
1.0.1,openjpa-persistence-jdbc/src/main/java/org/apache/openjpa/persistence/jdbc/XMLPersistenceMappingParser.java,66
1.0.1,openjpa-persistence-jdbc/src/main/java/org/apache/openjpa/persistence/jdbc/XMLPersistenceMappingSerializer.java,81
1.0.1,openjpa-persistence/src/main/java/org/apache/openjpa/persistence/AnnotationBuilder.java,15
1.0.1,openjpa-persistence/src/main/java/org/apache/openjpa/persistence/AnnotationPersistenceMetaDataParser.java,210
1.0.1,openjpa-persistence/src/main/java/org/apache/openjpa/persistence/AnnotationPersistenceMetaDataSerializer.java,200
1.0.1,openjpa-persistence/src/main/java/org/apache/openjpa/persistence/AnnotationPersistenceXMLMetaDataParser.java,15
1.0.1,openjpa-persistence/src/main/java/org/apache/openjpa/persistence/ArgumentException.java,5
1.0.1,openjpa-persistence/src/main/java/org/apache/openjpa/persistence/AutoClearType.java,1
1.0.1,openjpa-persistence/src/main/java/org/apache/openjpa/persistence/AutoDetachType.java,9
1.0.1,openjpa-persistence/src/main/java/org/apache/openjpa/persistence/CallbackMode.java,10
1.0.1,openjpa-persistence/src/main/java/org/apache/openjpa/persistence/ConnectionRetainMode.java,1
1.0.1,openjpa-persistence/src/main/java/org/apache/openjpa/persistence/DetachStateType.java,1
1.0.1,openjpa-persistence/src/main/java/org/apache/openjpa/persistence/EntityExistsException.java,1
1.0.1,openjpa-persistence/src/main/java/org/apache/openjpa/persistence/EntityManagerFactoryImpl.java,29
1.0.1,openjpa-persistence/src/main/java/org/apache/openjpa/persistence/EntityManagerFactoryValue.java,1
1.0.1,openjpa-persistence/src/main/java/org/apache/openjpa/persistence/EntityManagerImpl.java,47
1.0.1,openjpa-persistence/src/main/java/org/apache/openjpa/persistence/EntityNotFoundException.java,1
1.0.1,openjpa-persistence/src/main/java/org/apache/openjpa/persistence/Extent.java,8
1.0.1,openjpa-persistence/src/main/java/org/apache/openjpa/persistence/ExtentImpl.java,6
1.0.1,openjpa-persistence/src/main/java/org/apache/openjpa/persistence/FetchPlan.java,41
1.0.1,openjpa-persistence/src/main/java/org/apache/openjpa/persistence/FetchPlanImpl.java,8
1.0.1,openjpa-persistence/src/main/java/org/apache/openjpa/persistence/Generator.java,6
1.0.1,openjpa-persistence/src/main/java/org/apache/openjpa/persistence/GeneratorImpl.java,5
1.0.1,openjpa-persistence/src/main/java/org/apache/openjpa/persistence/InvalidStateException.java,5
1.0.1,openjpa-persistence/src/main/java/org/apache/openjpa/persistence/JPAFacadeHelper.java,39
1.0.1,openjpa-persistence/src/main/java/org/apache/openjpa/persistence/MetaDataParsers.java,8
1.0.1,openjpa-persistence/src/main/java/org/apache/openjpa/persistence/NoResultException.java,1
1.0.1,openjpa-persistence/src/main/java/org/apache/openjpa/persistence/NonUniqueResultException.java,1
1.0.1,openjpa-persistence/src/main/java/org/apache/openjpa/persistence/OpenJPAEntityManager.java,127
1.0.1,openjpa-persistence/src/main/java/org/apache/openjpa/persistence/OpenJPAEntityManagerFactory.java,8
1.0.1,openjpa-persistence/src/main/java/org/apache/openjpa/persistence/OpenJPAEntityManagerFactorySPI.java,7
1.0.1,openjpa-persistence/src/main/java/org/apache/openjpa/persistence/OpenJPAEntityManagerSPI.java,16
1.0.1,openjpa-persistence/src/main/java/org/apache/openjpa/persistence/OpenJPAEntityTransaction.java,4
1.0.1,openjpa-persistence/src/main/java/org/apache/openjpa/persistence/OpenJPAPersistence.java,6
1.0.1,openjpa-persistence/src/main/java/org/apache/openjpa/persistence/OpenJPAQuery.java,35
1.0.1,openjpa-persistence/src/main/java/org/apache/openjpa/persistence/OpenJPAQuerySPI.java,4
1.0.1,openjpa-persistence/src/main/java/org/apache/openjpa/persistence/OptimisticLockException.java,1
1.0.1,openjpa-persistence/src/main/java/org/apache/openjpa/persistence/PersistenceException.java,1
1.0.1,openjpa-persistence/src/main/java/org/apache/openjpa/persistence/PersistenceExceptions.java,13
1.0.1,openjpa-persistence/src/main/java/org/apache/openjpa/persistence/PersistenceListenerAdapter.java,8
1.0.1,openjpa-persistence/src/main/java/org/apache/openjpa/persistence/PersistenceMetaDataDefaults.java,30
1.0.1,openjpa-persistence/src/main/java/org/apache/openjpa/persistence/PersistenceMetaDataFactory.java,43
1.0.1,openjpa-persistence/src/main/java/org/apache/openjpa/persistence/PersistenceProductDerivation.java,42
1.0.1,openjpa-persistence/src/main/java/org/apache/openjpa/persistence/PersistenceProviderImpl.java,5
1.0.1,openjpa-persistence/src/main/java/org/apache/openjpa/persistence/PersistenceUnitInfoImpl.java,34
1.0.1,openjpa-persistence/src/main/java/org/apache/openjpa/persistence/QueryImpl.java,52
1.0.1,openjpa-persistence/src/main/java/org/apache/openjpa/persistence/QueryOperationType.java,1
1.0.1,openjpa-persistence/src/main/java/org/apache/openjpa/persistence/QueryResultCache.java,6
1.0.1,openjpa-persistence/src/main/java/org/apache/openjpa/persistence/QueryResultCacheImpl.java,9
1.0.1,openjpa-persistence/src/main/java/org/apache/openjpa/persistence/RestoreStateType.java,1
1.0.1,openjpa-persistence/src/main/java/org/apache/openjpa/persistence/RollbackException.java,1
1.0.1,openjpa-persistence/src/main/java/org/apache/openjpa/persistence/StoreCache.java,14
1.0.1,openjpa-persistence/src/main/java/org/apache/openjpa/persistence/StoreCacheImpl.java,14
1.0.1,openjpa-persistence/src/main/java/org/apache/openjpa/persistence/TransactionRequiredException.java,1
1.0.1,openjpa-persistence/src/main/java/org/apache/openjpa/persistence/XMLPersistenceMetaDataParser.java,153
1.0.1,openjpa-persistence/src/main/java/org/apache/openjpa/persistence/XMLPersistenceMetaDataSerializer.java,191
1.0.1,openjpa-xmlstore/src/main/java/org/apache/openjpa/xmlstore/ObjectData.java,26
1.0.1,openjpa-xmlstore/src/main/java/org/apache/openjpa/xmlstore/XMLConfiguration.java,2
1.0.1,openjpa-xmlstore/src/main/java/org/apache/openjpa/xmlstore/XMLFileHandler.java,48
1.0.1,openjpa-xmlstore/src/main/java/org/apache/openjpa/xmlstore/XMLStore.java,10
1.0.1,openjpa-xmlstore/src/main/java/org/apache/openjpa/xmlstore/XMLStoreManager.java,20
1.0.2,openjpa-examples/src/main/java/hellojpa/Main.java,2
1.0.2,openjpa-examples/src/main/java/hellojpa/Message.java,2
1.0.2,openjpa-examples/src/main/java/relations/Deity.java,5
1.0.2,openjpa-examples/src/main/java/relations/Main.java,15
1.0.2,openjpa-examples/src/main/java/reversemapping/Main.java,2
1.0.2,openjpa-jdbc-5/src/main/java/org/apache/openjpa/jdbc/kernel/JDBC3SavepointManager.java,2
1.0.2,openjpa-jdbc-5/src/main/java/org/apache/openjpa/jdbc/meta/strats/EnumValueHandler.java,8
1.0.2,openjpa-jdbc-5/src/main/java/org/apache/openjpa/jdbc/meta/strats/XMLValueHandler.java,3
1.0.2,openjpa-jdbc/src/main/java/org/apache/openjpa/jdbc/ant/MappingToolTask.java,4
1.0.2,openjpa-jdbc/src/main/java/org/apache/openjpa/jdbc/ant/ReverseMappingToolTask.java,4
1.0.2,openjpa-jdbc/src/main/java/org/apache/openjpa/jdbc/ant/SchemaToolTask.java,2
1.0.2,openjpa-jdbc/src/main/java/org/apache/openjpa/jdbc/conf/JDBCConfiguration.java,72
1.0.2,openjpa-jdbc/src/main/java/org/apache/openjpa/jdbc/conf/JDBCConfigurationImpl.java,34
1.0.2,openjpa-jdbc/src/main/java/org/apache/openjpa/jdbc/conf/MappingFactoryValue.java,11
1.0.2,openjpa-jdbc/src/main/java/org/apache/openjpa/jdbc/conf/MappingRepositoryValue.java,1
1.0.2,openjpa-jdbc/src/main/java/org/apache/openjpa/jdbc/kernel/AbstractJDBCSavepointManager.java,2
1.0.2,openjpa-jdbc/src/main/java/org/apache/openjpa/jdbc/kernel/AbstractJDBCSeq.java,10
1.0.2,openjpa-jdbc/src/main/java/org/apache/openjpa/jdbc/kernel/AbstractUpdateManager.java,39
1.0.2,openjpa-jdbc/src/main/java/org/apache/openjpa/jdbc/kernel/ClassTableJDBCSeq.java,19
1.0.2,openjpa-jdbc/src/main/java/org/apache/openjpa/jdbc/kernel/ConstraintUpdateManager.java,34
1.0.2,openjpa-jdbc/src/main/java/org/apache/openjpa/jdbc/kernel/EagerFetchModes.java,6
1.0.2,openjpa-jdbc/src/main/java/org/apache/openjpa/jdbc/kernel/GenericResultObjectProvider.java,6
1.0.2,openjpa-jdbc/src/main/java/org/apache/openjpa/jdbc/kernel/InstanceResultObjectProvider.java,1
1.0.2,openjpa-jdbc/src/main/java/org/apache/openjpa/jdbc/kernel/JDBCBrokerFactory.java,10
1.0.2,openjpa-jdbc/src/main/java/org/apache/openjpa/jdbc/kernel/JDBCFetchConfiguration.java,23
1.0.2,openjpa-jdbc/src/main/java/org/apache/openjpa/jdbc/kernel/JDBCFetchConfigurationImpl.java,35
1.0.2,openjpa-jdbc/src/main/java/org/apache/openjpa/jdbc/kernel/JDBCLockManager.java,2
1.0.2,openjpa-jdbc/src/main/java/org/apache/openjpa/jdbc/kernel/JDBCSeq.java,1
1.0.2,openjpa-jdbc/src/main/java/org/apache/openjpa/jdbc/kernel/JDBCStore.java,10
1.0.2,openjpa-jdbc/src/main/java/org/apache/openjpa/jdbc/kernel/JDBCStoreManager.java,131
1.0.2,openjpa-jdbc/src/main/java/org/apache/openjpa/jdbc/kernel/JDBCStoreQuery.java,69
1.0.2,openjpa-jdbc/src/main/java/org/apache/openjpa/jdbc/kernel/LRSSizes.java,6
1.0.2,openjpa-jdbc/src/main/java/org/apache/openjpa/jdbc/kernel/MappedQueryResultObjectProvider.java,40
1.0.2,openjpa-jdbc/src/main/java/org/apache/openjpa/jdbc/kernel/NativeJDBCSeq.java,22
1.0.2,openjpa-jdbc/src/main/java/org/apache/openjpa/jdbc/kernel/OperationOrderUpdateManager.java,18
1.0.2,openjpa-jdbc/src/main/java/org/apache/openjpa/jdbc/kernel/PagingResultObjectProvider.java,48
1.0.2,openjpa-jdbc/src/main/java/org/apache/openjpa/jdbc/kernel/PessimisticLockManager.java,15
1.0.2,openjpa-jdbc/src/main/java/org/apache/openjpa/jdbc/kernel/PreparedStatementManager.java,3
1.0.2,openjpa-jdbc/src/main/java/org/apache/openjpa/jdbc/kernel/PreparedStatementManagerImpl.java,8
1.0.2,openjpa-jdbc/src/main/java/org/apache/openjpa/jdbc/kernel/ProjectionResultObjectProvider.java,1
1.0.2,openjpa-jdbc/src/main/java/org/apache/openjpa/jdbc/kernel/SQLProjectionResultObjectProvider.java,7
1.0.2,openjpa-jdbc/src/main/java/org/apache/openjpa/jdbc/kernel/SQLStoreQuery.java,33
1.0.2,openjpa-jdbc/src/main/java/org/apache/openjpa/jdbc/kernel/SelectResultObjectProvider.java,7
1.0.2,openjpa-jdbc/src/main/java/org/apache/openjpa/jdbc/kernel/TableJDBCSeq.java,55
1.0.2,openjpa-jdbc/src/main/java/org/apache/openjpa/jdbc/kernel/UpdateManager.java,2
1.0.2,openjpa-jdbc/src/main/java/org/apache/openjpa/jdbc/kernel/ValueTableJDBCSeq.java,11
1.0.2,openjpa-jdbc/src/main/java/org/apache/openjpa/jdbc/kernel/exps/Abs.java,1
1.0.2,openjpa-jdbc/src/main/java/org/apache/openjpa/jdbc/kernel/exps/Aggregate.java,11
1.0.2,openjpa-jdbc/src/main/java/org/apache/openjpa/jdbc/kernel/exps/AndExpression.java,4
1.0.2,openjpa-jdbc/src/main/java/org/apache/openjpa/jdbc/kernel/exps/Args.java,22
1.0.2,openjpa-jdbc/src/main/java/org/apache/openjpa/jdbc/kernel/exps/BinaryOpExpState.java,1
1.0.2,openjpa-jdbc/src/main/java/org/apache/openjpa/jdbc/kernel/exps/BindVariableAndExpression.java,2
1.0.2,openjpa-jdbc/src/main/java/org/apache/openjpa/jdbc/kernel/exps/BindVariableExpression.java,2
1.0.2,openjpa-jdbc/src/main/java/org/apache/openjpa/jdbc/kernel/exps/CompareEqualExpression.java,5
1.0.2,openjpa-jdbc/src/main/java/org/apache/openjpa/jdbc/kernel/exps/CompareExpression.java,1
1.0.2,openjpa-jdbc/src/main/java/org/apache/openjpa/jdbc/kernel/exps/Concat.java,2
1.0.2,openjpa-jdbc/src/main/java/org/apache/openjpa/jdbc/kernel/exps/Const.java,20
1.0.2,openjpa-jdbc/src/main/java/org/apache/openjpa/jdbc/kernel/exps/ConstGetObjectId.java,7
1.0.2,openjpa-jdbc/src/main/java/org/apache/openjpa/jdbc/kernel/exps/ConstInstanceofExpression.java,2
1.0.2,openjpa-jdbc/src/main/java/org/apache/openjpa/jdbc/kernel/exps/ConstPath.java,15
1.0.2,openjpa-jdbc/src/main/java/org/apache/openjpa/jdbc/kernel/exps/ContainsExpression.java,2
1.0.2,openjpa-jdbc/src/main/java/org/apache/openjpa/jdbc/kernel/exps/ContainsKeyExpression.java,1
1.0.2,openjpa-jdbc/src/main/java/org/apache/openjpa/jdbc/kernel/exps/CurrentDate.java,1
1.0.2,openjpa-jdbc/src/main/java/org/apache/openjpa/jdbc/kernel/exps/EmptyExpression.java,2
1.0.2,openjpa-jdbc/src/main/java/org/apache/openjpa/jdbc/kernel/exps/EndsWithExpression.java,3
1.0.2,openjpa-jdbc/src/main/java/org/apache/openjpa/jdbc/kernel/exps/EqualExpression.java,7
1.0.2,openjpa-jdbc/src/main/java/org/apache/openjpa/jdbc/kernel/exps/Exp.java,3
1.0.2,openjpa-jdbc/src/main/java/org/apache/openjpa/jdbc/kernel/exps/ExpContext.java,1
1.0.2,openjpa-jdbc/src/main/java/org/apache/openjpa/jdbc/kernel/exps/ExpState.java,1
1.0.2,openjpa-jdbc/src/main/java/org/apache/openjpa/jdbc/kernel/exps/Extension.java,15
1.0.2,openjpa-jdbc/src/main/java/org/apache/openjpa/jdbc/kernel/exps/FilterValue.java,15
1.0.2,openjpa-jdbc/src/main/java/org/apache/openjpa/jdbc/kernel/exps/FilterValueImpl.java,6
1.0.2,openjpa-jdbc/src/main/java/org/apache/openjpa/jdbc/kernel/exps/GetColumn.java,2
1.0.2,openjpa-jdbc/src/main/java/org/apache/openjpa/jdbc/kernel/exps/GetMapValue.java,8
1.0.2,openjpa-jdbc/src/main/java/org/apache/openjpa/jdbc/kernel/exps/GetObjectId.java,7
1.0.2,openjpa-jdbc/src/main/java/org/apache/openjpa/jdbc/kernel/exps/HasContainsExpressionVisitor.java,2
1.0.2,openjpa-jdbc/src/main/java/org/apache/openjpa/jdbc/kernel/exps/InExpression.java,18
1.0.2,openjpa-jdbc/src/main/java/org/apache/openjpa/jdbc/kernel/exps/IndexOf.java,2
1.0.2,openjpa-jdbc/src/main/java/org/apache/openjpa/jdbc/kernel/exps/InstanceofExpression.java,9
1.0.2,openjpa-jdbc/src/main/java/org/apache/openjpa/jdbc/kernel/exps/JDBCAggregateListener.java,1
1.0.2,openjpa-jdbc/src/main/java/org/apache/openjpa/jdbc/kernel/exps/JDBCExpressionFactory.java,14
1.0.2,openjpa-jdbc/src/main/java/org/apache/openjpa/jdbc/kernel/exps/JDBCFilterListener.java,1
1.0.2,openjpa-jdbc/src/main/java/org/apache/openjpa/jdbc/kernel/exps/JDBCPath.java,1
1.0.2,openjpa-jdbc/src/main/java/org/apache/openjpa/jdbc/kernel/exps/JDBCStringContains.java,3
1.0.2,openjpa-jdbc/src/main/java/org/apache/openjpa/jdbc/kernel/exps/JDBCWildcardMatch.java,2
1.0.2,openjpa-jdbc/src/main/java/org/apache/openjpa/jdbc/kernel/exps/Lit.java,4
1.0.2,openjpa-jdbc/src/main/java/org/apache/openjpa/jdbc/kernel/exps/MatchesExpression.java,9
1.0.2,openjpa-jdbc/src/main/java/org/apache/openjpa/jdbc/kernel/exps/Math.java,1
1.0.2,openjpa-jdbc/src/main/java/org/apache/openjpa/jdbc/kernel/exps/NotContainsExpression.java,1
1.0.2,openjpa-jdbc/src/main/java/org/apache/openjpa/jdbc/kernel/exps/NotEqualExpression.java,7
1.0.2,openjpa-jdbc/src/main/java/org/apache/openjpa/jdbc/kernel/exps/Null.java,2
1.0.2,openjpa-jdbc/src/main/java/org/apache/openjpa/jdbc/kernel/exps/OrExpression.java,7
1.0.2,openjpa-jdbc/src/main/java/org/apache/openjpa/jdbc/kernel/exps/PCPath.java,98
1.0.2,openjpa-jdbc/src/main/java/org/apache/openjpa/jdbc/kernel/exps/Param.java,4
1.0.2,openjpa-jdbc/src/main/java/org/apache/openjpa/jdbc/kernel/exps/SQLEmbed.java,1
1.0.2,openjpa-jdbc/src/main/java/org/apache/openjpa/jdbc/kernel/exps/SelectConstructor.java,19
1.0.2,openjpa-jdbc/src/main/java/org/apache/openjpa/jdbc/kernel/exps/StartsWithExpression.java,3
1.0.2,openjpa-jdbc/src/main/java/org/apache/openjpa/jdbc/kernel/exps/StringFunction.java,1
1.0.2,openjpa-jdbc/src/main/java/org/apache/openjpa/jdbc/kernel/exps/StringLength.java,1
1.0.2,openjpa-jdbc/src/main/java/org/apache/openjpa/jdbc/kernel/exps/SubQ.java,16
1.0.2,openjpa-jdbc/src/main/java/org/apache/openjpa/jdbc/kernel/exps/Substring.java,2
1.0.2,openjpa-jdbc/src/main/java/org/apache/openjpa/jdbc/kernel/exps/Sum.java,1
1.0.2,openjpa-jdbc/src/main/java/org/apache/openjpa/jdbc/kernel/exps/Trim.java,9
1.0.2,openjpa-jdbc/src/main/java/org/apache/openjpa/jdbc/kernel/exps/UnaryOp.java,2
1.0.2,openjpa-jdbc/src/main/java/org/apache/openjpa/jdbc/kernel/exps/Val.java,18
1.0.2,openjpa-jdbc/src/main/java/org/apache/openjpa/jdbc/kernel/exps/Variable.java,14
1.0.2,openjpa-jdbc/src/main/java/org/apache/openjpa/jdbc/meta/ClassMapping.java,79
1.0.2,openjpa-jdbc/src/main/java/org/apache/openjpa/jdbc/meta/ClassMappingInfo.java,27
1.0.2,openjpa-jdbc/src/main/java/org/apache/openjpa/jdbc/meta/ClassStrategy.java,7
1.0.2,openjpa-jdbc/src/main/java/org/apache/openjpa/jdbc/meta/DelegatingJoinable.java,5
1.0.2,openjpa-jdbc/src/main/java/org/apache/openjpa/jdbc/meta/Discriminator.java,21
1.0.2,openjpa-jdbc/src/main/java/org/apache/openjpa/jdbc/meta/DiscriminatorMappingInfo.java,13
1.0.2,openjpa-jdbc/src/main/java/org/apache/openjpa/jdbc/meta/DiscriminatorStrategy.java,6
1.0.2,openjpa-jdbc/src/main/java/org/apache/openjpa/jdbc/meta/Embeddable.java,7
1.0.2,openjpa-jdbc/src/main/java/org/apache/openjpa/jdbc/meta/FieldMapping.java,45
1.0.2,openjpa-jdbc/src/main/java/org/apache/openjpa/jdbc/meta/FieldMappingInfo.java,24
1.0.2,openjpa-jdbc/src/main/java/org/apache/openjpa/jdbc/meta/FieldStrategy.java,25
1.0.2,openjpa-jdbc/src/main/java/org/apache/openjpa/jdbc/meta/JDBCColumnOrder.java,1
1.0.2,openjpa-jdbc/src/main/java/org/apache/openjpa/jdbc/meta/JDBCOrder.java,2
1.0.2,openjpa-jdbc/src/main/java/org/apache/openjpa/jdbc/meta/JDBCRelatedFieldOrder.java,1
1.0.2,openjpa-jdbc/src/main/java/org/apache/openjpa/jdbc/meta/JDBCValueOrder.java,2
1.0.2,openjpa-jdbc/src/main/java/org/apache/openjpa/jdbc/meta/JavaSQLTypes.java,17
1.0.2,openjpa-jdbc/src/main/java/org/apache/openjpa/jdbc/meta/Joinable.java,6
1.0.2,openjpa-jdbc/src/main/java/org/apache/openjpa/jdbc/meta/MappingDefaults.java,29
1.0.2,openjpa-jdbc/src/main/java/org/apache/openjpa/jdbc/meta/MappingDefaultsImpl.java,48
1.0.2,openjpa-jdbc/src/main/java/org/apache/openjpa/jdbc/meta/MappingInfo.java,184
1.0.2,openjpa-jdbc/src/main/java/org/apache/openjpa/jdbc/meta/MappingRepository.java,120
1.0.2,openjpa-jdbc/src/main/java/org/apache/openjpa/jdbc/meta/MappingStrategyInstaller.java,4
1.0.2,openjpa-jdbc/src/main/java/org/apache/openjpa/jdbc/meta/MappingTool.java,101
1.0.2,openjpa-jdbc/src/main/java/org/apache/openjpa/jdbc/meta/MetaDataPlusMappingFactory.java,8
1.0.2,openjpa-jdbc/src/main/java/org/apache/openjpa/jdbc/meta/NoneMappingDefaults.java,8
1.0.2,openjpa-jdbc/src/main/java/org/apache/openjpa/jdbc/meta/PropertiesReverseCustomizer.java,19
1.0.2,openjpa-jdbc/src/main/java/org/apache/openjpa/jdbc/meta/QueryResultMapping.java,44
1.0.2,openjpa-jdbc/src/main/java/org/apache/openjpa/jdbc/meta/RefreshStrategyInstaller.java,12
1.0.2,openjpa-jdbc/src/main/java/org/apache/openjpa/jdbc/meta/RelationId.java,1
1.0.2,openjpa-jdbc/src/main/java/org/apache/openjpa/jdbc/meta/ReverseCustomizer.java,13
1.0.2,openjpa-jdbc/src/main/java/org/apache/openjpa/jdbc/meta/ReverseMappingTool.java,211
1.0.2,openjpa-jdbc/src/main/java/org/apache/openjpa/jdbc/meta/RuntimeStrategyInstaller.java,5
1.0.2,openjpa-jdbc/src/main/java/org/apache/openjpa/jdbc/meta/Strategy.java,12
1.0.2,openjpa-jdbc/src/main/java/org/apache/openjpa/jdbc/meta/ValueHandler.java,7
1.0.2,openjpa-jdbc/src/main/java/org/apache/openjpa/jdbc/meta/ValueMapping.java,41
1.0.2,openjpa-jdbc/src/main/java/org/apache/openjpa/jdbc/meta/ValueMappingImpl.java,64
1.0.2,openjpa-jdbc/src/main/java/org/apache/openjpa/jdbc/meta/ValueMappingInfo.java,23
1.0.2,openjpa-jdbc/src/main/java/org/apache/openjpa/jdbc/meta/Version.java,18
1.0.2,openjpa-jdbc/src/main/java/org/apache/openjpa/jdbc/meta/VersionMappingInfo.java,3
1.0.2,openjpa-jdbc/src/main/java/org/apache/openjpa/jdbc/meta/VersionStrategy.java,8
1.0.2,openjpa-jdbc/src/main/java/org/apache/openjpa/jdbc/meta/strats/AbstractDiscriminatorStrategy.java,1
1.0.2,openjpa-jdbc/src/main/java/org/apache/openjpa/jdbc/meta/strats/AbstractFieldStrategy.java,7
1.0.2,openjpa-jdbc/src/main/java/org/apache/openjpa/jdbc/meta/strats/AbstractStrategy.java,8
1.0.2,openjpa-jdbc/src/main/java/org/apache/openjpa/jdbc/meta/strats/AbstractVersionStrategy.java,2
1.0.2,openjpa-jdbc/src/main/java/org/apache/openjpa/jdbc/meta/strats/CharArrayStreamValueHandler.java,4
1.0.2,openjpa-jdbc/src/main/java/org/apache/openjpa/jdbc/meta/strats/CharArrayValueHandler.java,1
1.0.2,openjpa-jdbc/src/main/java/org/apache/openjpa/jdbc/meta/strats/ClassNameDiscriminatorStrategy.java,7
1.0.2,openjpa-jdbc/src/main/java/org/apache/openjpa/jdbc/meta/strats/ColumnVersionStrategy.java,37
1.0.2,openjpa-jdbc/src/main/java/org/apache/openjpa/jdbc/meta/strats/ContainerFieldStrategy.java,6
1.0.2,openjpa-jdbc/src/main/java/org/apache/openjpa/jdbc/meta/strats/EmbedFieldStrategy.java,74
1.0.2,openjpa-jdbc/src/main/java/org/apache/openjpa/jdbc/meta/strats/EmbedValueHandler.java,16
1.0.2,openjpa-jdbc/src/main/java/org/apache/openjpa/jdbc/meta/strats/EmbeddedClassStrategy.java,9
1.0.2,openjpa-jdbc/src/main/java/org/apache/openjpa/jdbc/meta/strats/FlatClassStrategy.java,2
1.0.2,openjpa-jdbc/src/main/java/org/apache/openjpa/jdbc/meta/strats/FullClassStrategy.java,8
1.0.2,openjpa-jdbc/src/main/java/org/apache/openjpa/jdbc/meta/strats/HandlerFieldStrategy.java,48
1.0.2,openjpa-jdbc/src/main/java/org/apache/openjpa/jdbc/meta/strats/HandlerStrategies.java,31
1.0.2,openjpa-jdbc/src/main/java/org/apache/openjpa/jdbc/meta/strats/IdentityJoinable.java,2
1.0.2,openjpa-jdbc/src/main/java/org/apache/openjpa/jdbc/meta/strats/ImmutableValueHandler.java,5
1.0.2,openjpa-jdbc/src/main/java/org/apache/openjpa/jdbc/meta/strats/InValueDiscriminatorStrategy.java,13
1.0.2,openjpa-jdbc/src/main/java/org/apache/openjpa/jdbc/meta/strats/LRSCollectionFieldStrategy.java,7
1.0.2,openjpa-jdbc/src/main/java/org/apache/openjpa/jdbc/meta/strats/LRSMapFieldStrategy.java,15
1.0.2,openjpa-jdbc/src/main/java/org/apache/openjpa/jdbc/meta/strats/LRSProxyCollection.java,10
1.0.2,openjpa-jdbc/src/main/java/org/apache/openjpa/jdbc/meta/strats/LRSProxyMap.java,40
1.0.2,openjpa-jdbc/src/main/java/org/apache/openjpa/jdbc/meta/strats/MapTableFieldStrategy.java,7
1.0.2,openjpa-jdbc/src/main/java/org/apache/openjpa/jdbc/meta/strats/MaxEmbeddedBlobFieldStrategy.java,3
1.0.2,openjpa-jdbc/src/main/java/org/apache/openjpa/jdbc/meta/strats/MaxEmbeddedByteArrayFieldStrategy.java,3
1.0.2,openjpa-jdbc/src/main/java/org/apache/openjpa/jdbc/meta/strats/MaxEmbeddedCharArrayFieldStrategy.java,8
1.0.2,openjpa-jdbc/src/main/java/org/apache/openjpa/jdbc/meta/strats/MaxEmbeddedClobFieldStrategy.java,3
1.0.2,openjpa-jdbc/src/main/java/org/apache/openjpa/jdbc/meta/strats/MaxEmbeddedLobFieldStrategy.java,17
1.0.2,openjpa-jdbc/src/main/java/org/apache/openjpa/jdbc/meta/strats/NoneClassStrategy.java,2
1.0.2,openjpa-jdbc/src/main/java/org/apache/openjpa/jdbc/meta/strats/NoneDiscriminatorStrategy.java,1
1.0.2,openjpa-jdbc/src/main/java/org/apache/openjpa/jdbc/meta/strats/NoneFieldStrategy.java,2
1.0.2,openjpa-jdbc/src/main/java/org/apache/openjpa/jdbc/meta/strats/NoneVersionStrategy.java,2
1.0.2,openjpa-jdbc/src/main/java/org/apache/openjpa/jdbc/meta/strats/NumberVersionStrategy.java,3
1.0.2,openjpa-jdbc/src/main/java/org/apache/openjpa/jdbc/meta/strats/ObjectIdClassStrategy.java,1
1.0.2,openjpa-jdbc/src/main/java/org/apache/openjpa/jdbc/meta/strats/ObjectIdValueHandler.java,3
1.0.2,openjpa-jdbc/src/main/java/org/apache/openjpa/jdbc/meta/strats/PrimitiveFieldStrategy.java,36
1.0.2,openjpa-jdbc/src/main/java/org/apache/openjpa/jdbc/meta/strats/PrimitiveWrapperArrays.java,9
1.0.2,openjpa-jdbc/src/main/java/org/apache/openjpa/jdbc/meta/strats/RelationCollectionInverseKeyFieldStrategy.java,2
1.0.2,openjpa-jdbc/src/main/java/org/apache/openjpa/jdbc/meta/strats/RelationCollectionTableFieldStrategy.java,2
1.0.2,openjpa-jdbc/src/main/java/org/apache/openjpa/jdbc/meta/strats/RelationFieldStrategy.java,97
1.0.2,openjpa-jdbc/src/main/java/org/apache/openjpa/jdbc/meta/strats/RelationMapInverseKeyFieldStrategy.java,5
1.0.2,openjpa-jdbc/src/main/java/org/apache/openjpa/jdbc/meta/strats/RelationMapTableFieldStrategy.java,5
1.0.2,openjpa-jdbc/src/main/java/org/apache/openjpa/jdbc/meta/strats/RelationStrategies.java,14
1.0.2,openjpa-jdbc/src/main/java/org/apache/openjpa/jdbc/meta/strats/RelationToManyInverseKeyFieldStrategy.java,35
1.0.2,openjpa-jdbc/src/main/java/org/apache/openjpa/jdbc/meta/strats/RelationToManyTableFieldStrategy.java,18
1.0.2,openjpa-jdbc/src/main/java/org/apache/openjpa/jdbc/meta/strats/StateComparisonVersionStrategy.java,23
1.0.2,openjpa-jdbc/src/main/java/org/apache/openjpa/jdbc/meta/strats/StoreCollectionFieldStrategy.java,45
1.0.2,openjpa-jdbc/src/main/java/org/apache/openjpa/jdbc/meta/strats/StringFieldStrategy.java,15
1.0.2,openjpa-jdbc/src/main/java/org/apache/openjpa/jdbc/meta/strats/SubclassJoinDiscriminatorStrategy.java,17
1.0.2,openjpa-jdbc/src/main/java/org/apache/openjpa/jdbc/meta/strats/TimestampVersionStrategy.java,2
1.0.2,openjpa-jdbc/src/main/java/org/apache/openjpa/jdbc/meta/strats/UntypedPCValueHandler.java,4
1.0.2,openjpa-jdbc/src/main/java/org/apache/openjpa/jdbc/meta/strats/ValueMapDiscriminatorStrategy.java,10
1.0.2,openjpa-jdbc/src/main/java/org/apache/openjpa/jdbc/meta/strats/VerticalClassStrategy.java,7
1.0.2,openjpa-jdbc/src/main/java/org/apache/openjpa/jdbc/schema/Column.java,68
1.0.2,openjpa-jdbc/src/main/java/org/apache/openjpa/jdbc/schema/ColumnIO.java,16
1.0.2,openjpa-jdbc/src/main/java/org/apache/openjpa/jdbc/schema/Constraint.java,10
1.0.2,openjpa-jdbc/src/main/java/org/apache/openjpa/jdbc/schema/DataSourceFactory.java,20
1.0.2,openjpa-jdbc/src/main/java/org/apache/openjpa/jdbc/schema/DriverDataSource.java,15
1.0.2,openjpa-jdbc/src/main/java/org/apache/openjpa/jdbc/schema/DynamicSchemaFactory.java,12
1.0.2,openjpa-jdbc/src/main/java/org/apache/openjpa/jdbc/schema/FileSchemaFactory.java,3
1.0.2,openjpa-jdbc/src/main/java/org/apache/openjpa/jdbc/schema/ForeignKey.java,90
1.0.2,openjpa-jdbc/src/main/java/org/apache/openjpa/jdbc/schema/Index.java,7
1.0.2,openjpa-jdbc/src/main/java/org/apache/openjpa/jdbc/schema/LazySchemaFactory.java,12
1.0.2,openjpa-jdbc/src/main/java/org/apache/openjpa/jdbc/schema/LocalConstraint.java,29
1.0.2,openjpa-jdbc/src/main/java/org/apache/openjpa/jdbc/schema/NameSet.java,8
1.0.2,openjpa-jdbc/src/main/java/org/apache/openjpa/jdbc/schema/PrimaryKey.java,4
1.0.2,openjpa-jdbc/src/main/java/org/apache/openjpa/jdbc/schema/Schema.java,35
1.0.2,openjpa-jdbc/src/main/java/org/apache/openjpa/jdbc/schema/SchemaFactory.java,2
1.0.2,openjpa-jdbc/src/main/java/org/apache/openjpa/jdbc/schema/SchemaGenerator.java,122
1.0.2,openjpa-jdbc/src/main/java/org/apache/openjpa/jdbc/schema/SchemaGroup.java,63
1.0.2,openjpa-jdbc/src/main/java/org/apache/openjpa/jdbc/schema/SchemaParser.java,5
1.0.2,openjpa-jdbc/src/main/java/org/apache/openjpa/jdbc/schema/SchemaSerializer.java,8
1.0.2,openjpa-jdbc/src/main/java/org/apache/openjpa/jdbc/schema/SchemaTool.java,202
1.0.2,openjpa-jdbc/src/main/java/org/apache/openjpa/jdbc/schema/Schemas.java,39
1.0.2,openjpa-jdbc/src/main/java/org/apache/openjpa/jdbc/schema/Sequence.java,11
1.0.2,openjpa-jdbc/src/main/java/org/apache/openjpa/jdbc/schema/SimpleDriverDataSource.java,18
1.0.2,openjpa-jdbc/src/main/java/org/apache/openjpa/jdbc/schema/Table.java,87
1.0.2,openjpa-jdbc/src/main/java/org/apache/openjpa/jdbc/schema/TableSchemaFactory.java,41
1.0.2,openjpa-jdbc/src/main/java/org/apache/openjpa/jdbc/schema/Unique.java,1
1.0.2,openjpa-jdbc/src/main/java/org/apache/openjpa/jdbc/schema/XMLSchemaParser.java,50
1.0.2,openjpa-jdbc/src/main/java/org/apache/openjpa/jdbc/schema/XMLSchemaSerializer.java,82
1.0.2,openjpa-jdbc/src/main/java/org/apache/openjpa/jdbc/sql/AbstractResult.java,33
1.0.2,openjpa-jdbc/src/main/java/org/apache/openjpa/jdbc/sql/AbstractSQLServerDictionary.java,7
1.0.2,openjpa-jdbc/src/main/java/org/apache/openjpa/jdbc/sql/AccessDictionary.java,2
1.0.2,openjpa-jdbc/src/main/java/org/apache/openjpa/jdbc/sql/DB2Dictionary.java,52
1.0.2,openjpa-jdbc/src/main/java/org/apache/openjpa/jdbc/sql/DBDictionary.java,391
1.0.2,openjpa-jdbc/src/main/java/org/apache/openjpa/jdbc/sql/DBDictionaryFactory.java,41
1.0.2,openjpa-jdbc/src/main/java/org/apache/openjpa/jdbc/sql/DerbyDictionary.java,2
1.0.2,openjpa-jdbc/src/main/java/org/apache/openjpa/jdbc/sql/EmpressDictionary.java,15
1.0.2,openjpa-jdbc/src/main/java/org/apache/openjpa/jdbc/sql/FoxProDictionary.java,8
1.0.2,openjpa-jdbc/src/main/java/org/apache/openjpa/jdbc/sql/H2Dictionary.java,17
1.0.2,openjpa-jdbc/src/main/java/org/apache/openjpa/jdbc/sql/HSQLDictionary.java,19
1.0.2,openjpa-jdbc/src/main/java/org/apache/openjpa/jdbc/sql/InformixDictionary.java,14
1.0.2,openjpa-jdbc/src/main/java/org/apache/openjpa/jdbc/sql/InterbaseDictionary.java,2
1.0.2,openjpa-jdbc/src/main/java/org/apache/openjpa/jdbc/sql/JDataStoreDictionary.java,3
1.0.2,openjpa-jdbc/src/main/java/org/apache/openjpa/jdbc/sql/Join.java,10
1.0.2,openjpa-jdbc/src/main/java/org/apache/openjpa/jdbc/sql/JoinSet.java,59
1.0.2,openjpa-jdbc/src/main/java/org/apache/openjpa/jdbc/sql/JoinSyntaxes.java,6
1.0.2,openjpa-jdbc/src/main/java/org/apache/openjpa/jdbc/sql/Joins.java,9
1.0.2,openjpa-jdbc/src/main/java/org/apache/openjpa/jdbc/sql/LogicalUnion.java,53
1.0.2,openjpa-jdbc/src/main/java/org/apache/openjpa/jdbc/sql/MergedResult.java,15
1.0.2,openjpa-jdbc/src/main/java/org/apache/openjpa/jdbc/sql/MySQLDictionary.java,9
1.0.2,openjpa-jdbc/src/main/java/org/apache/openjpa/jdbc/sql/OracleDictionary.java,143
1.0.2,openjpa-jdbc/src/main/java/org/apache/openjpa/jdbc/sql/PointbaseDictionary.java,4
1.0.2,openjpa-jdbc/src/main/java/org/apache/openjpa/jdbc/sql/PostgresDictionary.java,19
1.0.2,openjpa-jdbc/src/main/java/org/apache/openjpa/jdbc/sql/PrimaryRow.java,43
1.0.2,openjpa-jdbc/src/main/java/org/apache/openjpa/jdbc/sql/Raw.java,1
1.0.2,openjpa-jdbc/src/main/java/org/apache/openjpa/jdbc/sql/Result.java,78
1.0.2,openjpa-jdbc/src/main/java/org/apache/openjpa/jdbc/sql/ResultSetResult.java,22
1.0.2,openjpa-jdbc/src/main/java/org/apache/openjpa/jdbc/sql/Row.java,75
1.0.2,openjpa-jdbc/src/main/java/org/apache/openjpa/jdbc/sql/RowImpl.java,91
1.0.2,openjpa-jdbc/src/main/java/org/apache/openjpa/jdbc/sql/RowManager.java,5
1.0.2,openjpa-jdbc/src/main/java/org/apache/openjpa/jdbc/sql/RowManagerImpl.java,18
1.0.2,openjpa-jdbc/src/main/java/org/apache/openjpa/jdbc/sql/SQLBuffer.java,64
1.0.2,openjpa-jdbc/src/main/java/org/apache/openjpa/jdbc/sql/SQLExceptions.java,5
1.0.2,openjpa-jdbc/src/main/java/org/apache/openjpa/jdbc/sql/SQLFactory.java,3
1.0.2,openjpa-jdbc/src/main/java/org/apache/openjpa/jdbc/sql/SQLFactoryImpl.java,2
1.0.2,openjpa-jdbc/src/main/java/org/apache/openjpa/jdbc/sql/SQLServerDictionary.java,31
1.0.2,openjpa-jdbc/src/main/java/org/apache/openjpa/jdbc/sql/SecondaryRow.java,15
1.0.2,openjpa-jdbc/src/main/java/org/apache/openjpa/jdbc/sql/Select.java,105
1.0.2,openjpa-jdbc/src/main/java/org/apache/openjpa/jdbc/sql/SelectExecutor.java,18
1.0.2,openjpa-jdbc/src/main/java/org/apache/openjpa/jdbc/sql/SelectImpl.java,357
1.0.2,openjpa-jdbc/src/main/java/org/apache/openjpa/jdbc/sql/SybaseDictionary.java,18
1.0.2,openjpa-jdbc/src/main/java/org/apache/openjpa/jdbc/sql/Union.java,7
1.0.2,openjpa-kernel-5/src/main/java/org/apache/openjpa/enhance/ClassRedefiner.java,17
1.0.2,openjpa-kernel-5/src/main/java/org/apache/openjpa/enhance/InstrumentationFactory.java,9
1.0.2,openjpa-kernel-5/src/main/java/org/apache/openjpa/enhance/ManagedClassSubclasser.java,30
1.0.2,openjpa-kernel-5/src/main/java/org/apache/openjpa/enhance/PCClassFileTransformer.java,28
1.0.2,openjpa-kernel-5/src/main/java/org/apache/openjpa/enhance/PCEnhancerAgent.java,3
1.0.2,openjpa-kernel/src/main/java/org/apache/openjpa/abstractstore/AbstractStoreBrokerFactory.java,3
1.0.2,openjpa-kernel/src/main/java/org/apache/openjpa/abstractstore/AbstractStoreManager.java,26
1.0.2,openjpa-kernel/src/main/java/org/apache/openjpa/ant/MetaDataToolTask.java,4
1.0.2,openjpa-kernel/src/main/java/org/apache/openjpa/conf/AutoDetachValue.java,4
1.0.2,openjpa-kernel/src/main/java/org/apache/openjpa/conf/BrokerFactoryValue.java,3
1.0.2,openjpa-kernel/src/main/java/org/apache/openjpa/conf/BrokerValue.java,1
1.0.2,openjpa-kernel/src/main/java/org/apache/openjpa/conf/DetachOptions.java,6
1.0.2,openjpa-kernel/src/main/java/org/apache/openjpa/conf/OpenJPAConfiguration.java,215
1.0.2,openjpa-kernel/src/main/java/org/apache/openjpa/conf/OpenJPAConfigurationImpl.java,33
1.0.2,openjpa-kernel/src/main/java/org/apache/openjpa/conf/OpenJPAProductDerivation.java,5
1.0.2,openjpa-kernel/src/main/java/org/apache/openjpa/conf/OpenJPAVersion.java,4
1.0.2,openjpa-kernel/src/main/java/org/apache/openjpa/conf/QueryCompilationCacheValue.java,2
1.0.2,openjpa-kernel/src/main/java/org/apache/openjpa/conf/RemoteCommitProviderValue.java,4
1.0.2,openjpa-kernel/src/main/java/org/apache/openjpa/datacache/AbstractDataCache.java,64
1.0.2,openjpa-kernel/src/main/java/org/apache/openjpa/datacache/AbstractQueryCache.java,38
1.0.2,openjpa-kernel/src/main/java/org/apache/openjpa/datacache/Caches.java,5
1.0.2,openjpa-kernel/src/main/java/org/apache/openjpa/datacache/ConcurrentDataCache.java,1
1.0.2,openjpa-kernel/src/main/java/org/apache/openjpa/datacache/DataCache.java,26
1.0.2,openjpa-kernel/src/main/java/org/apache/openjpa/datacache/DataCacheManager.java,8
1.0.2,openjpa-kernel/src/main/java/org/apache/openjpa/datacache/DataCacheManagerImpl.java,5
1.0.2,openjpa-kernel/src/main/java/org/apache/openjpa/datacache/DataCachePCData.java,1
1.0.2,openjpa-kernel/src/main/java/org/apache/openjpa/datacache/DataCachePCDataGenerator.java,6
1.0.2,openjpa-kernel/src/main/java/org/apache/openjpa/datacache/DataCachePCDataImpl.java,4
1.0.2,openjpa-kernel/src/main/java/org/apache/openjpa/datacache/DataCacheScheduler.java,17
1.0.2,openjpa-kernel/src/main/java/org/apache/openjpa/datacache/DataCacheStoreManager.java,69
1.0.2,openjpa-kernel/src/main/java/org/apache/openjpa/datacache/DelegatingDataCache.java,33
1.0.2,openjpa-kernel/src/main/java/org/apache/openjpa/datacache/DelegatingQueryCache.java,19
1.0.2,openjpa-kernel/src/main/java/org/apache/openjpa/datacache/ExpirationListener.java,1
1.0.2,openjpa-kernel/src/main/java/org/apache/openjpa/datacache/QueryCache.java,12
1.0.2,openjpa-kernel/src/main/java/org/apache/openjpa/datacache/QueryCacheStoreQuery.java,42
1.0.2,openjpa-kernel/src/main/java/org/apache/openjpa/datacache/QueryKey.java,47
1.0.2,openjpa-kernel/src/main/java/org/apache/openjpa/datacache/QueryResult.java,2
1.0.2,openjpa-kernel/src/main/java/org/apache/openjpa/datacache/TypesChangedListener.java,1
1.0.2,openjpa-kernel/src/main/java/org/apache/openjpa/ee/AutomaticManagedRuntime.java,26
1.0.2,openjpa-kernel/src/main/java/org/apache/openjpa/ee/InvocationManagedRuntime.java,2
1.0.2,openjpa-kernel/src/main/java/org/apache/openjpa/ee/ManagedRuntime.java,4
1.0.2,openjpa-kernel/src/main/java/org/apache/openjpa/ee/RegistryManagedRuntime.java,1
1.0.2,openjpa-kernel/src/main/java/org/apache/openjpa/ee/WASManagedRuntime.java,3
1.0.2,openjpa-kernel/src/main/java/org/apache/openjpa/ee/WLSManagedRuntime.java,2
1.0.2,openjpa-kernel/src/main/java/org/apache/openjpa/enhance/ApplicationIdTool.java,116
1.0.2,openjpa-kernel/src/main/java/org/apache/openjpa/enhance/AttributeTranslator.java,1
1.0.2,openjpa-kernel/src/main/java/org/apache/openjpa/enhance/CodeGenerator.java,53
1.0.2,openjpa-kernel/src/main/java/org/apache/openjpa/enhance/DynamicPCHelper.java,1
1.0.2,openjpa-kernel/src/main/java/org/apache/openjpa/enhance/DynamicStorage.java,22
1.0.2,openjpa-kernel/src/main/java/org/apache/openjpa/enhance/DynamicStorageGenerator.java,20
1.0.2,openjpa-kernel/src/main/java/org/apache/openjpa/enhance/ManagedInstanceProvider.java,1
1.0.2,openjpa-kernel/src/main/java/org/apache/openjpa/enhance/PCDataGenerator.java,38
1.0.2,openjpa-kernel/src/main/java/org/apache/openjpa/enhance/PCEnhancer.java,238
1.0.2,openjpa-kernel/src/main/java/org/apache/openjpa/enhance/PCRegistry.java,14
1.0.2,openjpa-kernel/src/main/java/org/apache/openjpa/enhance/PCSubclassValidator.java,20
1.0.2,openjpa-kernel/src/main/java/org/apache/openjpa/enhance/PersistenceCapable.java,9
1.0.2,openjpa-kernel/src/main/java/org/apache/openjpa/enhance/RedefinitionHelper.java,24
1.0.2,openjpa-kernel/src/main/java/org/apache/openjpa/enhance/ReflectingPersistenceCapable.java,42
1.0.2,openjpa-kernel/src/main/java/org/apache/openjpa/enhance/Reflection.java,73
1.0.2,openjpa-kernel/src/main/java/org/apache/openjpa/enhance/RuntimeUnenhancedClasssesModes.java,6
1.0.2,openjpa-kernel/src/main/java/org/apache/openjpa/enhance/StateManager.java,49
1.0.2,openjpa-kernel/src/main/java/org/apache/openjpa/event/AbstractLifecycleListener.java,1
1.0.2,openjpa-kernel/src/main/java/org/apache/openjpa/event/AbstractRemoteCommitProvider.java,6
1.0.2,openjpa-kernel/src/main/java/org/apache/openjpa/event/AbstractTransactionListener.java,1
1.0.2,openjpa-kernel/src/main/java/org/apache/openjpa/event/AttachListener.java,2
1.0.2,openjpa-kernel/src/main/java/org/apache/openjpa/event/BeanLifecycleCallbacks.java,6
1.0.2,openjpa-kernel/src/main/java/org/apache/openjpa/event/BeginTransactionListener.java,1
1.0.2,openjpa-kernel/src/main/java/org/apache/openjpa/event/BrokerFactoryEventManager.java,1
1.0.2,openjpa-kernel/src/main/java/org/apache/openjpa/event/BrokerFactoryListener.java,1
1.0.2,openjpa-kernel/src/main/java/org/apache/openjpa/event/CallbackModes.java,10
1.0.2,openjpa-kernel/src/main/java/org/apache/openjpa/event/ClearListener.java,2
1.0.2,openjpa-kernel/src/main/java/org/apache/openjpa/event/DeleteListener.java,2
1.0.2,openjpa-kernel/src/main/java/org/apache/openjpa/event/DetachListener.java,2
1.0.2,openjpa-kernel/src/main/java/org/apache/openjpa/event/DirtyListener.java,4
1.0.2,openjpa-kernel/src/main/java/org/apache/openjpa/event/EndTransactionListener.java,6
1.0.2,openjpa-kernel/src/main/java/org/apache/openjpa/event/FlushTransactionListener.java,2
1.0.2,openjpa-kernel/src/main/java/org/apache/openjpa/event/JMSRemoteCommitProvider.java,17
1.0.2,openjpa-kernel/src/main/java/org/apache/openjpa/event/LifecycleCallbacks.java,2
1.0.2,openjpa-kernel/src/main/java/org/apache/openjpa/event/LifecycleEventManager.java,89
1.0.2,openjpa-kernel/src/main/java/org/apache/openjpa/event/LoadListener.java,2
1.0.2,openjpa-kernel/src/main/java/org/apache/openjpa/event/LogOrphanedKeyAction.java,6
1.0.2,openjpa-kernel/src/main/java/org/apache/openjpa/event/MethodLifecycleCallbacks.java,13
1.0.2,openjpa-kernel/src/main/java/org/apache/openjpa/event/OrphanedKeyAction.java,1
1.0.2,openjpa-kernel/src/main/java/org/apache/openjpa/event/PersistListener.java,2
1.0.2,openjpa-kernel/src/main/java/org/apache/openjpa/event/PostDeleteListener.java,1
1.0.2,openjpa-kernel/src/main/java/org/apache/openjpa/event/PostPersistListener.java,1
1.0.2,openjpa-kernel/src/main/java/org/apache/openjpa/event/RemoteCommitEvent.java,15
1.0.2,openjpa-kernel/src/main/java/org/apache/openjpa/event/RemoteCommitEventManager.java,24
1.0.2,openjpa-kernel/src/main/java/org/apache/openjpa/event/RemoteCommitListener.java,2
1.0.2,openjpa-kernel/src/main/java/org/apache/openjpa/event/RemoteCommitProvider.java,3
1.0.2,openjpa-kernel/src/main/java/org/apache/openjpa/event/SingleJVMRemoteCommitProvider.java,3
1.0.2,openjpa-kernel/src/main/java/org/apache/openjpa/event/StoreListener.java,2
1.0.2,openjpa-kernel/src/main/java/org/apache/openjpa/event/TCPRemoteCommitProvider.java,65
1.0.2,openjpa-kernel/src/main/java/org/apache/openjpa/event/TransactionEventManager.java,17
1.0.2,openjpa-kernel/src/main/java/org/apache/openjpa/event/UpdateListener.java,2
1.0.2,openjpa-kernel/src/main/java/org/apache/openjpa/kernel/AbstractBrokerFactory.java,48
1.0.2,openjpa-kernel/src/main/java/org/apache/openjpa/kernel/AbstractLockManager.java,5
1.0.2,openjpa-kernel/src/main/java/org/apache/openjpa/kernel/AbstractPCData.java,48
1.0.2,openjpa-kernel/src/main/java/org/apache/openjpa/kernel/AbstractPCResultObjectProvider.java,3
1.0.2,openjpa-kernel/src/main/java/org/apache/openjpa/kernel/AbstractStoreQuery.java,5
1.0.2,openjpa-kernel/src/main/java/org/apache/openjpa/kernel/AttachManager.java,29
1.0.2,openjpa-kernel/src/main/java/org/apache/openjpa/kernel/AttachStrategy.java,56
1.0.2,openjpa-kernel/src/main/java/org/apache/openjpa/kernel/AutoClear.java,4
1.0.2,openjpa-kernel/src/main/java/org/apache/openjpa/kernel/AutoDetach.java,8
1.0.2,openjpa-kernel/src/main/java/org/apache/openjpa/kernel/Bootstrap.java,11
1.0.2,openjpa-kernel/src/main/java/org/apache/openjpa/kernel/Broker.java,100
1.0.2,openjpa-kernel/src/main/java/org/apache/openjpa/kernel/BrokerFactory.java,14
1.0.2,openjpa-kernel/src/main/java/org/apache/openjpa/kernel/BrokerImpl.java,513
1.0.2,openjpa-kernel/src/main/java/org/apache/openjpa/kernel/ClearFieldManager.java,1
1.0.2,openjpa-kernel/src/main/java/org/apache/openjpa/kernel/ConnectionRetainModes.java,6
1.0.2,openjpa-kernel/src/main/java/org/apache/openjpa/kernel/DelegatingBroker.java,6
1.0.2,openjpa-kernel/src/main/java/org/apache/openjpa/kernel/DelegatingBrokerFactory.java,6
1.0.2,openjpa-kernel/src/main/java/org/apache/openjpa/kernel/DelegatingExtent.java,6
1.0.2,openjpa-kernel/src/main/java/org/apache/openjpa/kernel/DelegatingFetchConfiguration.java,9
1.0.2,openjpa-kernel/src/main/java/org/apache/openjpa/kernel/DelegatingQuery.java,6
1.0.2,openjpa-kernel/src/main/java/org/apache/openjpa/kernel/DelegatingResultList.java,17
1.0.2,openjpa-kernel/src/main/java/org/apache/openjpa/kernel/DelegatingSeq.java,6
1.0.2,openjpa-kernel/src/main/java/org/apache/openjpa/kernel/DelegatingStoreManager.java,6
1.0.2,openjpa-kernel/src/main/java/org/apache/openjpa/kernel/DetachManager.java,86
1.0.2,openjpa-kernel/src/main/java/org/apache/openjpa/kernel/DetachState.java,8
1.0.2,openjpa-kernel/src/main/java/org/apache/openjpa/kernel/DetachedStateAttachStrategy.java,10
1.0.2,openjpa-kernel/src/main/java/org/apache/openjpa/kernel/DetachedStateManager.java,59
1.0.2,openjpa-kernel/src/main/java/org/apache/openjpa/kernel/DetachedValueStateManager.java,10
1.0.2,openjpa-kernel/src/main/java/org/apache/openjpa/kernel/ENonTransState.java,1
1.0.2,openjpa-kernel/src/main/java/org/apache/openjpa/kernel/ExpressionStoreQuery.java,44
1.0.2,openjpa-kernel/src/main/java/org/apache/openjpa/kernel/Extent.java,11
1.0.2,openjpa-kernel/src/main/java/org/apache/openjpa/kernel/ExtentImpl.java,41
1.0.2,openjpa-kernel/src/main/java/org/apache/openjpa/kernel/FetchConfiguration.java,50
1.0.2,openjpa-kernel/src/main/java/org/apache/openjpa/kernel/FetchConfigurationImpl.java,80
1.0.2,openjpa-kernel/src/main/java/org/apache/openjpa/kernel/Filters.java,117
1.0.2,openjpa-kernel/src/main/java/org/apache/openjpa/kernel/FinalizingBrokerImpl.java,2
1.0.2,openjpa-kernel/src/main/java/org/apache/openjpa/kernel/FindCallbacks.java,2
1.0.2,openjpa-kernel/src/main/java/org/apache/openjpa/kernel/InMemorySavepointManager.java,1
1.0.2,openjpa-kernel/src/main/java/org/apache/openjpa/kernel/InverseManager.java,46
1.0.2,openjpa-kernel/src/main/java/org/apache/openjpa/kernel/LocalManagedRuntime.java,15
1.0.2,openjpa-kernel/src/main/java/org/apache/openjpa/kernel/LockLevels.java,6
1.0.2,openjpa-kernel/src/main/java/org/apache/openjpa/kernel/LockManager.java,8
1.0.2,openjpa-kernel/src/main/java/org/apache/openjpa/kernel/MethodStoreQuery.java,24
1.0.2,openjpa-kernel/src/main/java/org/apache/openjpa/kernel/ObjectIdStateManager.java,24
1.0.2,openjpa-kernel/src/main/java/org/apache/openjpa/kernel/OpCallbacks.java,15
1.0.2,openjpa-kernel/src/main/java/org/apache/openjpa/kernel/OpenJPASavepoint.java,5
1.0.2,openjpa-kernel/src/main/java/org/apache/openjpa/kernel/OpenJPAStateManager.java,71
1.0.2,openjpa-kernel/src/main/java/org/apache/openjpa/kernel/OrderingMergedResultObjectProvider.java,11
1.0.2,openjpa-kernel/src/main/java/org/apache/openjpa/kernel/PCData.java,12
1.0.2,openjpa-kernel/src/main/java/org/apache/openjpa/kernel/PCDataImpl.java,22
1.0.2,openjpa-kernel/src/main/java/org/apache/openjpa/kernel/PCResultObjectProvider.java,1
1.0.2,openjpa-kernel/src/main/java/org/apache/openjpa/kernel/PCState.java,24
1.0.2,openjpa-kernel/src/main/java/org/apache/openjpa/kernel/PNewFlushedDeletedFlushedState.java,1
1.0.2,openjpa-kernel/src/main/java/org/apache/openjpa/kernel/PNewState.java,1
1.0.2,openjpa-kernel/src/main/java/org/apache/openjpa/kernel/PNonTransState.java,4
1.0.2,openjpa-kernel/src/main/java/org/apache/openjpa/kernel/Query.java,26
1.0.2,openjpa-kernel/src/main/java/org/apache/openjpa/kernel/QueryContext.java,43
1.0.2,openjpa-kernel/src/main/java/org/apache/openjpa/kernel/QueryFlushModes.java,6
1.0.2,openjpa-kernel/src/main/java/org/apache/openjpa/kernel/QueryHints.java,2
1.0.2,openjpa-kernel/src/main/java/org/apache/openjpa/kernel/QueryImpl.java,181
1.0.2,openjpa-kernel/src/main/java/org/apache/openjpa/kernel/QueryLanguages.java,3
1.0.2,openjpa-kernel/src/main/java/org/apache/openjpa/kernel/QueryOperations.java,6
1.0.2,openjpa-kernel/src/main/java/org/apache/openjpa/kernel/ROPStoreManager.java,3
1.0.2,openjpa-kernel/src/main/java/org/apache/openjpa/kernel/RestoreState.java,6
1.0.2,openjpa-kernel/src/main/java/org/apache/openjpa/kernel/ResultPacker.java,30
1.0.2,openjpa-kernel/src/main/java/org/apache/openjpa/kernel/SaveFieldManager.java,17
1.0.2,openjpa-kernel/src/main/java/org/apache/openjpa/kernel/SavepointFieldManager.java,11
1.0.2,openjpa-kernel/src/main/java/org/apache/openjpa/kernel/SavepointManager.java,2
1.0.2,openjpa-kernel/src/main/java/org/apache/openjpa/kernel/Seq.java,9
1.0.2,openjpa-kernel/src/main/java/org/apache/openjpa/kernel/SingleFieldManager.java,110
1.0.2,openjpa-kernel/src/main/java/org/apache/openjpa/kernel/StateManagerImpl.java,276
1.0.2,openjpa-kernel/src/main/java/org/apache/openjpa/kernel/StoreContext.java,60
1.0.2,openjpa-kernel/src/main/java/org/apache/openjpa/kernel/StoreManager.java,38
1.0.2,openjpa-kernel/src/main/java/org/apache/openjpa/kernel/StoreQuery.java,45
1.0.2,openjpa-kernel/src/main/java/org/apache/openjpa/kernel/TCleanState.java,1
1.0.2,openjpa-kernel/src/main/java/org/apache/openjpa/kernel/TDirtyState.java,1
1.0.2,openjpa-kernel/src/main/java/org/apache/openjpa/kernel/TimeSeededSeq.java,3
1.0.2,openjpa-kernel/src/main/java/org/apache/openjpa/kernel/TransferFieldManager.java,1
1.0.2,openjpa-kernel/src/main/java/org/apache/openjpa/kernel/UUIDHexSeq.java,4
1.0.2,openjpa-kernel/src/main/java/org/apache/openjpa/kernel/UUIDStringSeq.java,4
1.0.2,openjpa-kernel/src/main/java/org/apache/openjpa/kernel/VersionAttachStrategy.java,38
1.0.2,openjpa-kernel/src/main/java/org/apache/openjpa/kernel/VersionLockManager.java,6
1.0.2,openjpa-kernel/src/main/java/org/apache/openjpa/kernel/exps/Abs.java,9
1.0.2,openjpa-kernel/src/main/java/org/apache/openjpa/kernel/exps/AbstractExpressionBuilder.java,31
1.0.2,openjpa-kernel/src/main/java/org/apache/openjpa/kernel/exps/AbstractExpressionVisitor.java,4
1.0.2,openjpa-kernel/src/main/java/org/apache/openjpa/kernel/exps/Aggregate.java,8
1.0.2,openjpa-kernel/src/main/java/org/apache/openjpa/kernel/exps/AggregateListener.java,4
1.0.2,openjpa-kernel/src/main/java/org/apache/openjpa/kernel/exps/AggregateVal.java,3
1.0.2,openjpa-kernel/src/main/java/org/apache/openjpa/kernel/exps/All.java,1
1.0.2,openjpa-kernel/src/main/java/org/apache/openjpa/kernel/exps/Any.java,1
1.0.2,openjpa-kernel/src/main/java/org/apache/openjpa/kernel/exps/Args.java,10
1.0.2,openjpa-kernel/src/main/java/org/apache/openjpa/kernel/exps/Arguments.java,1
1.0.2,openjpa-kernel/src/main/java/org/apache/openjpa/kernel/exps/Avg.java,4
1.0.2,openjpa-kernel/src/main/java/org/apache/openjpa/kernel/exps/BindVariableAndExpression.java,5
1.0.2,openjpa-kernel/src/main/java/org/apache/openjpa/kernel/exps/BindVariableExpression.java,3
1.0.2,openjpa-kernel/src/main/java/org/apache/openjpa/kernel/exps/BoundVariable.java,2
1.0.2,openjpa-kernel/src/main/java/org/apache/openjpa/kernel/exps/CandidatePath.java,27
1.0.2,openjpa-kernel/src/main/java/org/apache/openjpa/kernel/exps/Cast.java,4
1.0.2,openjpa-kernel/src/main/java/org/apache/openjpa/kernel/exps/Concat.java,4
1.0.2,openjpa-kernel/src/main/java/org/apache/openjpa/kernel/exps/Constant.java,1
1.0.2,openjpa-kernel/src/main/java/org/apache/openjpa/kernel/exps/ContainsExpression.java,3
1.0.2,openjpa-kernel/src/main/java/org/apache/openjpa/kernel/exps/Count.java,3
1.0.2,openjpa-kernel/src/main/java/org/apache/openjpa/kernel/exps/CurrentDate.java,1
1.0.2,openjpa-kernel/src/main/java/org/apache/openjpa/kernel/exps/Distinct.java,2
1.0.2,openjpa-kernel/src/main/java/org/apache/openjpa/kernel/exps/EndsWithExpression.java,1
1.0.2,openjpa-kernel/src/main/java/org/apache/openjpa/kernel/exps/Exp.java,2
1.0.2,openjpa-kernel/src/main/java/org/apache/openjpa/kernel/exps/Expression.java,1
1.0.2,openjpa-kernel/src/main/java/org/apache/openjpa/kernel/exps/ExpressionFactory.java,65
1.0.2,openjpa-kernel/src/main/java/org/apache/openjpa/kernel/exps/ExpressionParser.java,5
1.0.2,openjpa-kernel/src/main/java/org/apache/openjpa/kernel/exps/ExpressionVisitor.java,4
1.0.2,openjpa-kernel/src/main/java/org/apache/openjpa/kernel/exps/Extension.java,10
1.0.2,openjpa-kernel/src/main/java/org/apache/openjpa/kernel/exps/FilterListener.java,5
1.0.2,openjpa-kernel/src/main/java/org/apache/openjpa/kernel/exps/GetMapValue.java,1
1.0.2,openjpa-kernel/src/main/java/org/apache/openjpa/kernel/exps/GetObjectId.java,1
1.0.2,openjpa-kernel/src/main/java/org/apache/openjpa/kernel/exps/GreaterThanEqualExpression.java,2
1.0.2,openjpa-kernel/src/main/java/org/apache/openjpa/kernel/exps/GreaterThanExpression.java,2
1.0.2,openjpa-kernel/src/main/java/org/apache/openjpa/kernel/exps/InMemoryExpressionFactory.java,50
1.0.2,openjpa-kernel/src/main/java/org/apache/openjpa/kernel/exps/IndexOf.java,2
1.0.2,openjpa-kernel/src/main/java/org/apache/openjpa/kernel/exps/IsEmptyExpression.java,9
1.0.2,openjpa-kernel/src/main/java/org/apache/openjpa/kernel/exps/LessThanEqualExpression.java,2
1.0.2,openjpa-kernel/src/main/java/org/apache/openjpa/kernel/exps/LessThanExpression.java,2
1.0.2,openjpa-kernel/src/main/java/org/apache/openjpa/kernel/exps/Literal.java,8
1.0.2,openjpa-kernel/src/main/java/org/apache/openjpa/kernel/exps/MatchesExpression.java,4
1.0.2,openjpa-kernel/src/main/java/org/apache/openjpa/kernel/exps/MathVal.java,1
1.0.2,openjpa-kernel/src/main/java/org/apache/openjpa/kernel/exps/Max.java,2
1.0.2,openjpa-kernel/src/main/java/org/apache/openjpa/kernel/exps/Min.java,2
1.0.2,openjpa-kernel/src/main/java/org/apache/openjpa/kernel/exps/Null.java,1
1.0.2,openjpa-kernel/src/main/java/org/apache/openjpa/kernel/exps/Parameter.java,2
1.0.2,openjpa-kernel/src/main/java/org/apache/openjpa/kernel/exps/Path.java,5
1.0.2,openjpa-kernel/src/main/java/org/apache/openjpa/kernel/exps/QueryExpressions.java,11
1.0.2,openjpa-kernel/src/main/java/org/apache/openjpa/kernel/exps/Resolver.java,4
1.0.2,openjpa-kernel/src/main/java/org/apache/openjpa/kernel/exps/Size.java,2
1.0.2,openjpa-kernel/src/main/java/org/apache/openjpa/kernel/exps/Sqrt.java,1
1.0.2,openjpa-kernel/src/main/java/org/apache/openjpa/kernel/exps/StartsWithExpression.java,1
1.0.2,openjpa-kernel/src/main/java/org/apache/openjpa/kernel/exps/StringContains.java,2
1.0.2,openjpa-kernel/src/main/java/org/apache/openjpa/kernel/exps/StringLength.java,2
1.0.2,openjpa-kernel/src/main/java/org/apache/openjpa/kernel/exps/SubQ.java,1
1.0.2,openjpa-kernel/src/main/java/org/apache/openjpa/kernel/exps/Subquery.java,2
1.0.2,openjpa-kernel/src/main/java/org/apache/openjpa/kernel/exps/Substring.java,1
1.0.2,openjpa-kernel/src/main/java/org/apache/openjpa/kernel/exps/Sum.java,4
1.0.2,openjpa-kernel/src/main/java/org/apache/openjpa/kernel/exps/This.java,1
1.0.2,openjpa-kernel/src/main/java/org/apache/openjpa/kernel/exps/ToLowerCase.java,1
1.0.2,openjpa-kernel/src/main/java/org/apache/openjpa/kernel/exps/ToUpperCase.java,1
1.0.2,openjpa-kernel/src/main/java/org/apache/openjpa/kernel/exps/Trim.java,4
1.0.2,openjpa-kernel/src/main/java/org/apache/openjpa/kernel/exps/UnaryMathVal.java,1
1.0.2,openjpa-kernel/src/main/java/org/apache/openjpa/kernel/exps/Val.java,4
1.0.2,openjpa-kernel/src/main/java/org/apache/openjpa/kernel/exps/Value.java,8
1.0.2,openjpa-kernel/src/main/java/org/apache/openjpa/kernel/exps/WildcardMatch.java,4
1.0.2,openjpa-kernel/src/main/java/org/apache/openjpa/kernel/jpql/JPQLExpressionBuilder.java,127
1.0.2,openjpa-kernel/src/main/java/org/apache/openjpa/kernel/jpql/JPQLParser.java,4
1.0.2,openjpa-kernel/src/main/java/org/apache/openjpa/kernel/jpql/ParseException.java,7
1.0.2,openjpa-kernel/src/main/java/org/apache/openjpa/meta/AbstractCFMetaDataFactory.java,120
1.0.2,openjpa-kernel/src/main/java/org/apache/openjpa/meta/AbstractMetaDataDefaults.java,28
1.0.2,openjpa-kernel/src/main/java/org/apache/openjpa/meta/AbstractMetaDataFactory.java,5
1.0.2,openjpa-kernel/src/main/java/org/apache/openjpa/meta/ClassMetaData.java,233
1.0.2,openjpa-kernel/src/main/java/org/apache/openjpa/meta/DelegatingMetaDataFactory.java,1
1.0.2,openjpa-kernel/src/main/java/org/apache/openjpa/meta/Extensions.java,41
1.0.2,openjpa-kernel/src/main/java/org/apache/openjpa/meta/FetchGroup.java,44
1.0.2,openjpa-kernel/src/main/java/org/apache/openjpa/meta/FieldMetaData.java,171
1.0.2,openjpa-kernel/src/main/java/org/apache/openjpa/meta/InMemoryRelatedFieldOrder.java,14
1.0.2,openjpa-kernel/src/main/java/org/apache/openjpa/meta/InMemoryValueOrder.java,22
1.0.2,openjpa-kernel/src/main/java/org/apache/openjpa/meta/InheritanceComparator.java,17
1.0.2,openjpa-kernel/src/main/java/org/apache/openjpa/meta/InterfaceImplGenerator.java,11
1.0.2,openjpa-kernel/src/main/java/org/apache/openjpa/meta/JavaTypes.java,79
1.0.2,openjpa-kernel/src/main/java/org/apache/openjpa/meta/LifecycleMetaData.java,17
1.0.2,openjpa-kernel/src/main/java/org/apache/openjpa/meta/MetaDataContext.java,1
1.0.2,openjpa-kernel/src/main/java/org/apache/openjpa/meta/MetaDataDefaults.java,10
1.0.2,openjpa-kernel/src/main/java/org/apache/openjpa/meta/MetaDataFactory.java,19
1.0.2,openjpa-kernel/src/main/java/org/apache/openjpa/meta/MetaDataInheritanceComparator.java,9
1.0.2,openjpa-kernel/src/main/java/org/apache/openjpa/meta/MetaDataModes.java,12
1.0.2,openjpa-kernel/src/main/java/org/apache/openjpa/meta/MetaDataRepository.java,186
1.0.2,openjpa-kernel/src/main/java/org/apache/openjpa/meta/MetaDataTool.java,29
1.0.2,openjpa-kernel/src/main/java/org/apache/openjpa/meta/NonPersistentMetaData.java,5
1.0.2,openjpa-kernel/src/main/java/org/apache/openjpa/meta/NoneMetaDataFactory.java,12
1.0.2,openjpa-kernel/src/main/java/org/apache/openjpa/meta/Order.java,4
1.0.2,openjpa-kernel/src/main/java/org/apache/openjpa/meta/ProxySetupStateManager.java,7
1.0.2,openjpa-kernel/src/main/java/org/apache/openjpa/meta/QueryMetaData.java,8
1.0.2,openjpa-kernel/src/main/java/org/apache/openjpa/meta/SequenceMetaData.java,16
1.0.2,openjpa-kernel/src/main/java/org/apache/openjpa/meta/UpdateStrategies.java,6
1.0.2,openjpa-kernel/src/main/java/org/apache/openjpa/meta/ValueMetaData.java,42
1.0.2,openjpa-kernel/src/main/java/org/apache/openjpa/meta/ValueMetaDataImpl.java,44
1.0.2,openjpa-kernel/src/main/java/org/apache/openjpa/meta/ValueStrategies.java,8
1.0.2,openjpa-kernel/src/main/java/org/apache/openjpa/meta/XMLClassMetaData.java,2
1.0.2,openjpa-kernel/src/main/java/org/apache/openjpa/meta/XMLFieldMetaData.java,5
1.0.2,openjpa-kernel/src/main/java/org/apache/openjpa/meta/XMLMetaData.java,21
1.0.2,openjpa-kernel/src/main/java/org/apache/openjpa/util/AbstractChangeTracker.java,19
1.0.2,openjpa-kernel/src/main/java/org/apache/openjpa/util/AbstractLRSProxyCollection.java,35
1.0.2,openjpa-kernel/src/main/java/org/apache/openjpa/util/AbstractLRSProxyMap.java,56
1.0.2,openjpa-kernel/src/main/java/org/apache/openjpa/util/ApplicationIds.java,64
1.0.2,openjpa-kernel/src/main/java/org/apache/openjpa/util/ArrayStateImage.java,6
1.0.2,openjpa-kernel/src/main/java/org/apache/openjpa/util/BigDecimalId.java,5
1.0.2,openjpa-kernel/src/main/java/org/apache/openjpa/util/BigIntegerId.java,5
1.0.2,openjpa-kernel/src/main/java/org/apache/openjpa/util/ByteId.java,2
1.0.2,openjpa-kernel/src/main/java/org/apache/openjpa/util/CacheMap.java,45
1.0.2,openjpa-kernel/src/main/java/org/apache/openjpa/util/ChangeTracker.java,8
1.0.2,openjpa-kernel/src/main/java/org/apache/openjpa/util/CharId.java,2
1.0.2,openjpa-kernel/src/main/java/org/apache/openjpa/util/ClassResolver.java,1
1.0.2,openjpa-kernel/src/main/java/org/apache/openjpa/util/ClassResolverImpl.java,6
1.0.2,openjpa-kernel/src/main/java/org/apache/openjpa/util/CollectionChangeTracker.java,2
1.0.2,openjpa-kernel/src/main/java/org/apache/openjpa/util/CollectionChangeTrackerImpl.java,9
1.0.2,openjpa-kernel/src/main/java/org/apache/openjpa/util/DateId.java,1
1.0.2,openjpa-kernel/src/main/java/org/apache/openjpa/util/DoubleId.java,2
1.0.2,openjpa-kernel/src/main/java/org/apache/openjpa/util/ExceptionInfo.java,13
1.0.2,openjpa-kernel/src/main/java/org/apache/openjpa/util/Exceptions.java,24
1.0.2,openjpa-kernel/src/main/java/org/apache/openjpa/util/FloatId.java,2
1.0.2,openjpa-kernel/src/main/java/org/apache/openjpa/util/GeneralException.java,1
1.0.2,openjpa-kernel/src/main/java/org/apache/openjpa/util/GeneratedClasses.java,10
1.0.2,openjpa-kernel/src/main/java/org/apache/openjpa/util/Id.java,9
1.0.2,openjpa-kernel/src/main/java/org/apache/openjpa/util/ImplHelper.java,23
1.0.2,openjpa-kernel/src/main/java/org/apache/openjpa/util/IntId.java,1
1.0.2,openjpa-kernel/src/main/java/org/apache/openjpa/util/LockException.java,2
1.0.2,openjpa-kernel/src/main/java/org/apache/openjpa/util/MapChangeTracker.java,5
1.0.2,openjpa-kernel/src/main/java/org/apache/openjpa/util/MapChangeTrackerImpl.java,14
1.0.2,openjpa-kernel/src/main/java/org/apache/openjpa/util/MultiLoaderClassResolver.java,3
1.0.2,openjpa-kernel/src/main/java/org/apache/openjpa/util/OpenJPAException.java,10
1.0.2,openjpa-kernel/src/main/java/org/apache/openjpa/util/OpenJPAId.java,11
1.0.2,openjpa-kernel/src/main/java/org/apache/openjpa/util/Proxies.java,5
1.0.2,openjpa-kernel/src/main/java/org/apache/openjpa/util/Proxy.java,5
1.0.2,openjpa-kernel/src/main/java/org/apache/openjpa/util/ProxyBean.java,1
1.0.2,openjpa-kernel/src/main/java/org/apache/openjpa/util/ProxyCalendar.java,2
1.0.2,openjpa-kernel/src/main/java/org/apache/openjpa/util/ProxyCollection.java,2
1.0.2,openjpa-kernel/src/main/java/org/apache/openjpa/util/ProxyCollections.java,40
1.0.2,openjpa-kernel/src/main/java/org/apache/openjpa/util/ProxyDate.java,1
1.0.2,openjpa-kernel/src/main/java/org/apache/openjpa/util/ProxyManager.java,11
1.0.2,openjpa-kernel/src/main/java/org/apache/openjpa/util/ProxyManagerImpl.java,125
1.0.2,openjpa-kernel/src/main/java/org/apache/openjpa/util/ProxyMap.java,3
1.0.2,openjpa-kernel/src/main/java/org/apache/openjpa/util/ProxyMaps.java,20
1.0.2,openjpa-kernel/src/main/java/org/apache/openjpa/util/RuntimeExceptionTranslator.java,1
1.0.2,openjpa-kernel/src/main/java/org/apache/openjpa/util/Serialization.java,12
1.0.2,openjpa-kernel/src/main/java/org/apache/openjpa/util/ShortId.java,2
1.0.2,openjpa-kernel/src/main/java/org/apache/openjpa/util/StoreFacadeTypeRegistry.java,6
1.0.2,openjpa-kernel/src/main/java/org/apache/openjpa/util/StringId.java,1
1.0.2,openjpa-kernel/src/main/java/org/apache/openjpa/util/UserException.java,1
1.0.2,openjpa-lib-5/src/main/java/org/apache/openjpa/lib/util/J2DoPriv5Helper.java,3
1.0.2,openjpa-lib/src/main/java/org/apache/openjpa/lib/ant/AbstractTask.java,14
1.0.2,openjpa-lib/src/main/java/org/apache/openjpa/lib/conf/AbstractProductDerivation.java,2
1.0.2,openjpa-lib/src/main/java/org/apache/openjpa/lib/conf/BooleanValue.java,3
1.0.2,openjpa-lib/src/main/java/org/apache/openjpa/lib/conf/Configurable.java,3
1.0.2,openjpa-lib/src/main/java/org/apache/openjpa/lib/conf/Configuration.java,33
1.0.2,openjpa-lib/src/main/java/org/apache/openjpa/lib/conf/ConfigurationImpl.java,105
1.0.2,openjpa-lib/src/main/java/org/apache/openjpa/lib/conf/ConfigurationProvider.java,4
1.0.2,openjpa-lib/src/main/java/org/apache/openjpa/lib/conf/Configurations.java,71
1.0.2,openjpa-lib/src/main/java/org/apache/openjpa/lib/conf/DoubleValue.java,5
1.0.2,openjpa-lib/src/main/java/org/apache/openjpa/lib/conf/FileValue.java,1
1.0.2,openjpa-lib/src/main/java/org/apache/openjpa/lib/conf/GenericConfigurable.java,1
1.0.2,openjpa-lib/src/main/java/org/apache/openjpa/lib/conf/IntValue.java,5
1.0.2,openjpa-lib/src/main/java/org/apache/openjpa/lib/conf/MapConfigurationProvider.java,6
1.0.2,openjpa-lib/src/main/java/org/apache/openjpa/lib/conf/ObjectValue.java,3
1.0.2,openjpa-lib/src/main/java/org/apache/openjpa/lib/conf/PluginListValue.java,14
1.0.2,openjpa-lib/src/main/java/org/apache/openjpa/lib/conf/PluginValue.java,6
1.0.2,openjpa-lib/src/main/java/org/apache/openjpa/lib/conf/ProductDerivation.java,13
1.0.2,openjpa-lib/src/main/java/org/apache/openjpa/lib/conf/ProductDerivations.java,41
1.0.2,openjpa-lib/src/main/java/org/apache/openjpa/lib/conf/StringListValue.java,9
1.0.2,openjpa-lib/src/main/java/org/apache/openjpa/lib/conf/StringValue.java,1
1.0.2,openjpa-lib/src/main/java/org/apache/openjpa/lib/conf/Value.java,23
1.0.2,openjpa-lib/src/main/java/org/apache/openjpa/lib/conf/ValueListener.java,1
1.0.2,openjpa-lib/src/main/java/org/apache/openjpa/lib/graph/BreadthFirstWalk.java,13
1.0.2,openjpa-lib/src/main/java/org/apache/openjpa/lib/graph/DepthFirstAnalysis.java,17
1.0.2,openjpa-lib/src/main/java/org/apache/openjpa/lib/graph/Edge.java,5
1.0.2,openjpa-lib/src/main/java/org/apache/openjpa/lib/graph/Graph.java,18
1.0.2,openjpa-lib/src/main/java/org/apache/openjpa/lib/graph/GraphVisitor.java,3
1.0.2,openjpa-lib/src/main/java/org/apache/openjpa/lib/jdbc/AbstractJDBCListener.java,1
1.0.2,openjpa-lib/src/main/java/org/apache/openjpa/lib/jdbc/ConfiguringConnectionDecorator.java,12
1.0.2,openjpa-lib/src/main/java/org/apache/openjpa/lib/jdbc/ConnectionDecorator.java,1
1.0.2,openjpa-lib/src/main/java/org/apache/openjpa/lib/jdbc/DataSourceLogs.java,8
1.0.2,openjpa-lib/src/main/java/org/apache/openjpa/lib/jdbc/DecoratingDataSource.java,5
1.0.2,openjpa-lib/src/main/java/org/apache/openjpa/lib/jdbc/DelegatingCallableStatement.java,167
1.0.2,openjpa-lib/src/main/java/org/apache/openjpa/lib/jdbc/DelegatingConnection.java,96
1.0.2,openjpa-lib/src/main/java/org/apache/openjpa/lib/jdbc/DelegatingDataSource.java,16
1.0.2,openjpa-lib/src/main/java/org/apache/openjpa/lib/jdbc/DelegatingDatabaseMetaData.java,170
1.0.2,openjpa-lib/src/main/java/org/apache/openjpa/lib/jdbc/DelegatingPreparedStatement.java,89
1.0.2,openjpa-lib/src/main/java/org/apache/openjpa/lib/jdbc/DelegatingResultSet.java,146
1.0.2,openjpa-lib/src/main/java/org/apache/openjpa/lib/jdbc/DelegatingStatement.java,50
1.0.2,openjpa-lib/src/main/java/org/apache/openjpa/lib/jdbc/JDBCEventConnectionDecorator.java,7
1.0.2,openjpa-lib/src/main/java/org/apache/openjpa/lib/jdbc/JDBCListener.java,12
1.0.2,openjpa-lib/src/main/java/org/apache/openjpa/lib/jdbc/LoggingConnectionDecorator.java,100
1.0.2,openjpa-lib/src/main/java/org/apache/openjpa/lib/jdbc/ReportingSQLException.java,6
1.0.2,openjpa-lib/src/main/java/org/apache/openjpa/lib/jdbc/SQLFormatter.java,17
1.0.2,openjpa-lib/src/main/java/org/apache/openjpa/lib/log/AbstractLog.java,11
1.0.2,openjpa-lib/src/main/java/org/apache/openjpa/lib/log/CommonsLogFactory.java,2
1.0.2,openjpa-lib/src/main/java/org/apache/openjpa/lib/log/Log.java,20
1.0.2,openjpa-lib/src/main/java/org/apache/openjpa/lib/log/Log4JLogFactory.java,1
1.0.2,openjpa-lib/src/main/java/org/apache/openjpa/lib/log/LogFactory.java,1
1.0.2,openjpa-lib/src/main/java/org/apache/openjpa/lib/log/LogFactoryImpl.java,13
1.0.2,openjpa-lib/src/main/java/org/apache/openjpa/lib/log/LogOutputStream.java,3
1.0.2,openjpa-lib/src/main/java/org/apache/openjpa/lib/log/MultiLogFactory.java,38
1.0.2,openjpa-lib/src/main/java/org/apache/openjpa/lib/log/NoneLogFactory.java,10
1.0.2,openjpa-lib/src/main/java/org/apache/openjpa/lib/meta/CFMetaDataParser.java,29
1.0.2,openjpa-lib/src/main/java/org/apache/openjpa/lib/meta/CFMetaDataSerializer.java,5
1.0.2,openjpa-lib/src/main/java/org/apache/openjpa/lib/meta/ClassAnnotationMetaDataFilter.java,13
1.0.2,openjpa-lib/src/main/java/org/apache/openjpa/lib/meta/ClassArgParser.java,67
1.0.2,openjpa-lib/src/main/java/org/apache/openjpa/lib/meta/ClassMetaDataIterator.java,15
1.0.2,openjpa-lib/src/main/java/org/apache/openjpa/lib/meta/ClasspathMetaDataIterator.java,8
1.0.2,openjpa-lib/src/main/java/org/apache/openjpa/lib/meta/FileMetaDataIterator.java,18
1.0.2,openjpa-lib/src/main/java/org/apache/openjpa/lib/meta/MetaDataFilter.java,4
1.0.2,openjpa-lib/src/main/java/org/apache/openjpa/lib/meta/MetaDataIterator.java,5
1.0.2,openjpa-lib/src/main/java/org/apache/openjpa/lib/meta/MetaDataIteratorChain.java,11
1.0.2,openjpa-lib/src/main/java/org/apache/openjpa/lib/meta/MetaDataParser.java,9
1.0.2,openjpa-lib/src/main/java/org/apache/openjpa/lib/meta/MetaDataSerializer.java,8
1.0.2,openjpa-lib/src/main/java/org/apache/openjpa/lib/meta/ResourceMetaDataIterator.java,6
1.0.2,openjpa-lib/src/main/java/org/apache/openjpa/lib/meta/SourceTracker.java,7
1.0.2,openjpa-lib/src/main/java/org/apache/openjpa/lib/meta/SourceTrackers.java,2
1.0.2,openjpa-lib/src/main/java/org/apache/openjpa/lib/meta/URLMetaDataIterator.java,7
1.0.2,openjpa-lib/src/main/java/org/apache/openjpa/lib/meta/XMLMetaDataParser.java,60
1.0.2,openjpa-lib/src/main/java/org/apache/openjpa/lib/meta/XMLMetaDataSerializer.java,27
1.0.2,openjpa-lib/src/main/java/org/apache/openjpa/lib/meta/ZipFileMetaDataIterator.java,12
1.0.2,openjpa-lib/src/main/java/org/apache/openjpa/lib/meta/ZipStreamMetaDataIterator.java,16
1.0.2,openjpa-lib/src/main/java/org/apache/openjpa/lib/rop/AbstractListIterator.java,3
1.0.2,openjpa-lib/src/main/java/org/apache/openjpa/lib/rop/AbstractNonSequentialResultList.java,16
1.0.2,openjpa-lib/src/main/java/org/apache/openjpa/lib/rop/AbstractResultList.java,1
1.0.2,openjpa-lib/src/main/java/org/apache/openjpa/lib/rop/AbstractSequentialResultList.java,13
1.0.2,openjpa-lib/src/main/java/org/apache/openjpa/lib/rop/EagerResultList.java,2
1.0.2,openjpa-lib/src/main/java/org/apache/openjpa/lib/rop/LazyForwardResultList.java,15
1.0.2,openjpa-lib/src/main/java/org/apache/openjpa/lib/rop/ListResultObjectProvider.java,3
1.0.2,openjpa-lib/src/main/java/org/apache/openjpa/lib/rop/MergedResultObjectProvider.java,15
1.0.2,openjpa-lib/src/main/java/org/apache/openjpa/lib/rop/RandomAccessResultList.java,16
1.0.2,openjpa-lib/src/main/java/org/apache/openjpa/lib/rop/RangeResultObjectProvider.java,9
1.0.2,openjpa-lib/src/main/java/org/apache/openjpa/lib/rop/ResultList.java,3
1.0.2,openjpa-lib/src/main/java/org/apache/openjpa/lib/rop/ResultListIterator.java,3
1.0.2,openjpa-lib/src/main/java/org/apache/openjpa/lib/rop/ResultObjectProvider.java,9
1.0.2,openjpa-lib/src/main/java/org/apache/openjpa/lib/rop/ResultObjectProviderIterator.java,8
1.0.2,openjpa-lib/src/main/java/org/apache/openjpa/lib/rop/SimpleResultList.java,5
1.0.2,openjpa-lib/src/main/java/org/apache/openjpa/lib/rop/WindowResultList.java,11
1.0.2,openjpa-lib/src/main/java/org/apache/openjpa/lib/util/Base16Encoder.java,9
1.0.2,openjpa-lib/src/main/java/org/apache/openjpa/lib/util/BytecodeWriter.java,1
1.0.2,openjpa-lib/src/main/java/org/apache/openjpa/lib/util/Bytes.java,11
1.0.2,openjpa-lib/src/main/java/org/apache/openjpa/lib/util/Closeable.java,1
1.0.2,openjpa-lib/src/main/java/org/apache/openjpa/lib/util/CodeFormat.java,31
1.0.2,openjpa-lib/src/main/java/org/apache/openjpa/lib/util/EventManager.java,6
1.0.2,openjpa-lib/src/main/java/org/apache/openjpa/lib/util/Files.java,35
1.0.2,openjpa-lib/src/main/java/org/apache/openjpa/lib/util/FormatPreservingProperties.java,69
1.0.2,openjpa-lib/src/main/java/org/apache/openjpa/lib/util/J2DoPrivHelper.java,54
1.0.2,openjpa-lib/src/main/java/org/apache/openjpa/lib/util/JavaVersions.java,28
1.0.2,openjpa-lib/src/main/java/org/apache/openjpa/lib/util/LRUMap.java,3
1.0.2,openjpa-lib/src/main/java/org/apache/openjpa/lib/util/Localizer.java,7
1.0.2,openjpa-lib/src/main/java/org/apache/openjpa/lib/util/MultiClassLoader.java,30
1.0.2,openjpa-lib/src/main/java/org/apache/openjpa/lib/util/Options.java,74
1.0.2,openjpa-lib/src/main/java/org/apache/openjpa/lib/util/ParameterTemplate.java,11
1.0.2,openjpa-lib/src/main/java/org/apache/openjpa/lib/util/ParseException.java,1
1.0.2,openjpa-lib/src/main/java/org/apache/openjpa/lib/util/ReferenceHashMap.java,17
1.0.2,openjpa-lib/src/main/java/org/apache/openjpa/lib/util/ReferenceHashSet.java,15
1.0.2,openjpa-lib/src/main/java/org/apache/openjpa/lib/util/ReferenceMap.java,6
1.0.2,openjpa-lib/src/main/java/org/apache/openjpa/lib/util/ResourceBundleProvider.java,1
1.0.2,openjpa-lib/src/main/java/org/apache/openjpa/lib/util/Services.java,22
1.0.2,openjpa-lib/src/main/java/org/apache/openjpa/lib/util/SimpleRegex.java,12
1.0.2,openjpa-lib/src/main/java/org/apache/openjpa/lib/util/SimpleResourceBundleProvider.java,4
1.0.2,openjpa-lib/src/main/java/org/apache/openjpa/lib/util/SizedMap.java,4
1.0.2,openjpa-lib/src/main/java/org/apache/openjpa/lib/util/StreamResourceBundleProvider.java,3
1.0.2,openjpa-lib/src/main/java/org/apache/openjpa/lib/util/StringDistance.java,17
1.0.2,openjpa-lib/src/main/java/org/apache/openjpa/lib/util/TemporaryClassLoader.java,12
1.0.2,openjpa-lib/src/main/java/org/apache/openjpa/lib/util/TypedProperties.java,9
1.0.2,openjpa-lib/src/main/java/org/apache/openjpa/lib/util/UUIDGenerator.java,2
1.0.2,openjpa-lib/src/main/java/org/apache/openjpa/lib/util/ZipResourceBundleProvider.java,7
1.0.2,openjpa-lib/src/main/java/org/apache/openjpa/lib/util/concurrent/AbstractCollection.java,2
1.0.2,openjpa-lib/src/main/java/org/apache/openjpa/lib/util/concurrent/AbstractConcurrentEventManager.java,7
1.0.2,openjpa-lib/src/main/java/org/apache/openjpa/lib/util/concurrent/AbstractQueue.java,13
1.0.2,openjpa-lib/src/main/java/org/apache/openjpa/lib/util/concurrent/AbstractSet.java,2
1.0.2,openjpa-lib/src/main/java/org/apache/openjpa/lib/util/concurrent/Arrays.java,87
1.0.2,openjpa-lib/src/main/java/org/apache/openjpa/lib/util/concurrent/ConcurrentHashMap.java,100
1.0.2,openjpa-lib/src/main/java/org/apache/openjpa/lib/util/concurrent/ConcurrentHashSet.java,14
1.0.2,openjpa-lib/src/main/java/org/apache/openjpa/lib/util/concurrent/ConcurrentLinkedQueue.java,48
1.0.2,openjpa-lib/src/main/java/org/apache/openjpa/lib/util/concurrent/ConcurrentMap.java,2
1.0.2,openjpa-lib/src/main/java/org/apache/openjpa/lib/util/concurrent/ConcurrentReferenceHashMap.java,146
1.0.2,openjpa-lib/src/main/java/org/apache/openjpa/lib/util/concurrent/ConcurrentReferenceHashSet.java,15
1.0.2,openjpa-lib/src/main/java/org/apache/openjpa/lib/util/concurrent/CondVar.java,18
1.0.2,openjpa-lib/src/main/java/org/apache/openjpa/lib/util/concurrent/CopyOnWriteArrayList.java,159
1.0.2,openjpa-lib/src/main/java/org/apache/openjpa/lib/util/concurrent/CopyOnWriteArraySet.java,9
1.0.2,openjpa-lib/src/main/java/org/apache/openjpa/lib/util/concurrent/FIFOCondVar.java,13
1.0.2,openjpa-lib/src/main/java/org/apache/openjpa/lib/util/concurrent/FIFOWaitQueue.java,8
1.0.2,openjpa-lib/src/main/java/org/apache/openjpa/lib/util/concurrent/Queue.java,1
1.0.2,openjpa-lib/src/main/java/org/apache/openjpa/lib/util/concurrent/ReentrantLock.java,61
1.0.2,openjpa-lib/src/main/java/org/apache/openjpa/lib/util/concurrent/TimeUnit.java,67
1.0.2,openjpa-lib/src/main/java/org/apache/openjpa/lib/util/concurrent/Utils.java,12
1.0.2,openjpa-lib/src/main/java/org/apache/openjpa/lib/util/concurrent/WaitQueue.java,7
1.0.2,openjpa-lib/src/main/java/org/apache/openjpa/lib/xml/Commentable.java,3
1.0.2,openjpa-lib/src/main/java/org/apache/openjpa/lib/xml/DocTypeReader.java,26
1.0.2,openjpa-lib/src/main/java/org/apache/openjpa/lib/xml/Location.java,1
1.0.2,openjpa-lib/src/main/java/org/apache/openjpa/lib/xml/ValidatingErrorHandler.java,3
1.0.2,openjpa-lib/src/main/java/org/apache/openjpa/lib/xml/XMLFactory.java,5
1.0.2,openjpa-lib/src/main/java/org/apache/openjpa/lib/xml/XMLWriter.java,11
1.0.2,openjpa-persistence-jdbc/src/main/java/org/apache/openjpa/persistence/jdbc/AnnotationPersistenceMappingParser.java,111
1.0.2,openjpa-persistence-jdbc/src/main/java/org/apache/openjpa/persistence/jdbc/AnnotationPersistenceMappingSerializer.java,85
1.0.2,openjpa-persistence-jdbc/src/main/java/org/apache/openjpa/persistence/jdbc/EmbeddedMapping.java,2
1.0.2,openjpa-persistence-jdbc/src/main/java/org/apache/openjpa/persistence/jdbc/FetchDirection.java,1
1.0.2,openjpa-persistence-jdbc/src/main/java/org/apache/openjpa/persistence/jdbc/FetchMode.java,1
1.0.2,openjpa-persistence-jdbc/src/main/java/org/apache/openjpa/persistence/jdbc/IsolationLevel.java,1
1.0.2,openjpa-persistence-jdbc/src/main/java/org/apache/openjpa/persistence/jdbc/JDBCFetchPlan.java,41
1.0.2,openjpa-persistence-jdbc/src/main/java/org/apache/openjpa/persistence/jdbc/JDBCPersistenceProductDerivation.java,4
1.0.2,openjpa-persistence-jdbc/src/main/java/org/apache/openjpa/persistence/jdbc/JoinSyntax.java,1
1.0.2,openjpa-persistence-jdbc/src/main/java/org/apache/openjpa/persistence/jdbc/LRSSizeAlgorithm.java,1
1.0.2,openjpa-persistence-jdbc/src/main/java/org/apache/openjpa/persistence/jdbc/PersistenceMappingDefaults.java,18
1.0.2,openjpa-persistence-jdbc/src/main/java/org/apache/openjpa/persistence/jdbc/PersistenceMappingFactory.java,2
1.0.2,openjpa-persistence-jdbc/src/main/java/org/apache/openjpa/persistence/jdbc/ResultSetType.java,1
1.0.2,openjpa-persistence-jdbc/src/main/java/org/apache/openjpa/persistence/jdbc/XMLPersistenceMappingParser.java,66
1.0.2,openjpa-persistence-jdbc/src/main/java/org/apache/openjpa/persistence/jdbc/XMLPersistenceMappingSerializer.java,81
1.0.2,openjpa-persistence/src/main/java/org/apache/openjpa/persistence/AnnotationBuilder.java,15
1.0.2,openjpa-persistence/src/main/java/org/apache/openjpa/persistence/AnnotationPersistenceMetaDataParser.java,210
1.0.2,openjpa-persistence/src/main/java/org/apache/openjpa/persistence/AnnotationPersistenceMetaDataSerializer.java,200
1.0.2,openjpa-persistence/src/main/java/org/apache/openjpa/persistence/AnnotationPersistenceXMLMetaDataParser.java,15
1.0.2,openjpa-persistence/src/main/java/org/apache/openjpa/persistence/ArgumentException.java,5
1.0.2,openjpa-persistence/src/main/java/org/apache/openjpa/persistence/AutoClearType.java,1
1.0.2,openjpa-persistence/src/main/java/org/apache/openjpa/persistence/AutoDetachType.java,9
1.0.2,openjpa-persistence/src/main/java/org/apache/openjpa/persistence/CallbackMode.java,10
1.0.2,openjpa-persistence/src/main/java/org/apache/openjpa/persistence/ConnectionRetainMode.java,1
1.0.2,openjpa-persistence/src/main/java/org/apache/openjpa/persistence/DetachStateType.java,1
1.0.2,openjpa-persistence/src/main/java/org/apache/openjpa/persistence/EntityExistsException.java,1
1.0.2,openjpa-persistence/src/main/java/org/apache/openjpa/persistence/EntityManagerFactoryImpl.java,29
1.0.2,openjpa-persistence/src/main/java/org/apache/openjpa/persistence/EntityManagerFactoryValue.java,1
1.0.2,openjpa-persistence/src/main/java/org/apache/openjpa/persistence/EntityManagerImpl.java,47
1.0.2,openjpa-persistence/src/main/java/org/apache/openjpa/persistence/EntityNotFoundException.java,1
1.0.2,openjpa-persistence/src/main/java/org/apache/openjpa/persistence/Extent.java,8
1.0.2,openjpa-persistence/src/main/java/org/apache/openjpa/persistence/ExtentImpl.java,6
1.0.2,openjpa-persistence/src/main/java/org/apache/openjpa/persistence/FetchPlan.java,41
1.0.2,openjpa-persistence/src/main/java/org/apache/openjpa/persistence/FetchPlanImpl.java,8
1.0.2,openjpa-persistence/src/main/java/org/apache/openjpa/persistence/Generator.java,6
1.0.2,openjpa-persistence/src/main/java/org/apache/openjpa/persistence/GeneratorImpl.java,5
1.0.2,openjpa-persistence/src/main/java/org/apache/openjpa/persistence/InvalidStateException.java,5
1.0.2,openjpa-persistence/src/main/java/org/apache/openjpa/persistence/JPAFacadeHelper.java,43
1.0.2,openjpa-persistence/src/main/java/org/apache/openjpa/persistence/MetaDataParsers.java,8
1.0.2,openjpa-persistence/src/main/java/org/apache/openjpa/persistence/NoResultException.java,1
1.0.2,openjpa-persistence/src/main/java/org/apache/openjpa/persistence/NonUniqueResultException.java,1
1.0.2,openjpa-persistence/src/main/java/org/apache/openjpa/persistence/OpenJPAEntityManager.java,127
1.0.2,openjpa-persistence/src/main/java/org/apache/openjpa/persistence/OpenJPAEntityManagerFactory.java,8
1.0.2,openjpa-persistence/src/main/java/org/apache/openjpa/persistence/OpenJPAEntityManagerFactorySPI.java,7
1.0.2,openjpa-persistence/src/main/java/org/apache/openjpa/persistence/OpenJPAEntityManagerSPI.java,16
1.0.2,openjpa-persistence/src/main/java/org/apache/openjpa/persistence/OpenJPAEntityTransaction.java,4
1.0.2,openjpa-persistence/src/main/java/org/apache/openjpa/persistence/OpenJPAPersistence.java,6
1.0.2,openjpa-persistence/src/main/java/org/apache/openjpa/persistence/OpenJPAQuery.java,35
1.0.2,openjpa-persistence/src/main/java/org/apache/openjpa/persistence/OpenJPAQuerySPI.java,4
1.0.2,openjpa-persistence/src/main/java/org/apache/openjpa/persistence/OptimisticLockException.java,1
1.0.2,openjpa-persistence/src/main/java/org/apache/openjpa/persistence/PersistenceException.java,1
1.0.2,openjpa-persistence/src/main/java/org/apache/openjpa/persistence/PersistenceExceptions.java,13
1.0.2,openjpa-persistence/src/main/java/org/apache/openjpa/persistence/PersistenceListenerAdapter.java,8
1.0.2,openjpa-persistence/src/main/java/org/apache/openjpa/persistence/PersistenceMetaDataDefaults.java,30
1.0.2,openjpa-persistence/src/main/java/org/apache/openjpa/persistence/PersistenceMetaDataFactory.java,43
1.0.2,openjpa-persistence/src/main/java/org/apache/openjpa/persistence/PersistenceProductDerivation.java,42
1.0.2,openjpa-persistence/src/main/java/org/apache/openjpa/persistence/PersistenceProviderImpl.java,5
1.0.2,openjpa-persistence/src/main/java/org/apache/openjpa/persistence/PersistenceUnitInfoImpl.java,34
1.0.2,openjpa-persistence/src/main/java/org/apache/openjpa/persistence/QueryImpl.java,52
1.0.2,openjpa-persistence/src/main/java/org/apache/openjpa/persistence/QueryOperationType.java,1
1.0.2,openjpa-persistence/src/main/java/org/apache/openjpa/persistence/QueryResultCache.java,6
1.0.2,openjpa-persistence/src/main/java/org/apache/openjpa/persistence/QueryResultCacheImpl.java,9
1.0.2,openjpa-persistence/src/main/java/org/apache/openjpa/persistence/RestoreStateType.java,1
1.0.2,openjpa-persistence/src/main/java/org/apache/openjpa/persistence/RollbackException.java,1
1.0.2,openjpa-persistence/src/main/java/org/apache/openjpa/persistence/StoreCache.java,14
1.0.2,openjpa-persistence/src/main/java/org/apache/openjpa/persistence/StoreCacheImpl.java,14
1.0.2,openjpa-persistence/src/main/java/org/apache/openjpa/persistence/TransactionRequiredException.java,1
1.0.2,openjpa-persistence/src/main/java/org/apache/openjpa/persistence/XMLPersistenceMetaDataParser.java,153
1.0.2,openjpa-persistence/src/main/java/org/apache/openjpa/persistence/XMLPersistenceMetaDataSerializer.java,191
1.0.2,openjpa-xmlstore/src/main/java/org/apache/openjpa/xmlstore/ObjectData.java,26
1.0.2,openjpa-xmlstore/src/main/java/org/apache/openjpa/xmlstore/XMLConfiguration.java,2
1.0.2,openjpa-xmlstore/src/main/java/org/apache/openjpa/xmlstore/XMLFileHandler.java,48
1.0.2,openjpa-xmlstore/src/main/java/org/apache/openjpa/xmlstore/XMLStore.java,10
1.0.2,openjpa-xmlstore/src/main/java/org/apache/openjpa/xmlstore/XMLStoreManager.java,20
1.0.3,openjpa-examples/src/main/java/hellojpa/Main.java,2
1.0.3,openjpa-examples/src/main/java/hellojpa/Message.java,2
1.0.3,openjpa-examples/src/main/java/relations/Deity.java,5
1.0.3,openjpa-examples/src/main/java/relations/Main.java,15
1.0.3,openjpa-examples/src/main/java/reversemapping/Main.java,2
1.0.3,openjpa-jdbc-5/src/main/java/org/apache/openjpa/jdbc/kernel/JDBC3SavepointManager.java,2
1.0.3,openjpa-jdbc-5/src/main/java/org/apache/openjpa/jdbc/meta/strats/EnumValueHandler.java,8
1.0.3,openjpa-jdbc-5/src/main/java/org/apache/openjpa/jdbc/meta/strats/XMLValueHandler.java,3
1.0.3,openjpa-jdbc/src/main/java/org/apache/openjpa/jdbc/ant/MappingToolTask.java,4
1.0.3,openjpa-jdbc/src/main/java/org/apache/openjpa/jdbc/ant/ReverseMappingToolTask.java,4
1.0.3,openjpa-jdbc/src/main/java/org/apache/openjpa/jdbc/ant/SchemaToolTask.java,2
1.0.3,openjpa-jdbc/src/main/java/org/apache/openjpa/jdbc/conf/JDBCConfiguration.java,72
1.0.3,openjpa-jdbc/src/main/java/org/apache/openjpa/jdbc/conf/JDBCConfigurationImpl.java,34
1.0.3,openjpa-jdbc/src/main/java/org/apache/openjpa/jdbc/conf/MappingFactoryValue.java,11
1.0.3,openjpa-jdbc/src/main/java/org/apache/openjpa/jdbc/conf/MappingRepositoryValue.java,1
1.0.3,openjpa-jdbc/src/main/java/org/apache/openjpa/jdbc/kernel/AbstractJDBCSavepointManager.java,2
1.0.3,openjpa-jdbc/src/main/java/org/apache/openjpa/jdbc/kernel/AbstractJDBCSeq.java,10
1.0.3,openjpa-jdbc/src/main/java/org/apache/openjpa/jdbc/kernel/AbstractUpdateManager.java,39
1.0.3,openjpa-jdbc/src/main/java/org/apache/openjpa/jdbc/kernel/ClassTableJDBCSeq.java,19
1.0.3,openjpa-jdbc/src/main/java/org/apache/openjpa/jdbc/kernel/ConstraintUpdateManager.java,34
1.0.3,openjpa-jdbc/src/main/java/org/apache/openjpa/jdbc/kernel/EagerFetchModes.java,6
1.0.3,openjpa-jdbc/src/main/java/org/apache/openjpa/jdbc/kernel/GenericResultObjectProvider.java,6
1.0.3,openjpa-jdbc/src/main/java/org/apache/openjpa/jdbc/kernel/InstanceResultObjectProvider.java,1
1.0.3,openjpa-jdbc/src/main/java/org/apache/openjpa/jdbc/kernel/JDBCBrokerFactory.java,10
1.0.3,openjpa-jdbc/src/main/java/org/apache/openjpa/jdbc/kernel/JDBCFetchConfiguration.java,27
1.0.3,openjpa-jdbc/src/main/java/org/apache/openjpa/jdbc/kernel/JDBCFetchConfigurationImpl.java,40
1.0.3,openjpa-jdbc/src/main/java/org/apache/openjpa/jdbc/kernel/JDBCLockManager.java,2
1.0.3,openjpa-jdbc/src/main/java/org/apache/openjpa/jdbc/kernel/JDBCSeq.java,1
1.0.3,openjpa-jdbc/src/main/java/org/apache/openjpa/jdbc/kernel/JDBCStore.java,10
1.0.3,openjpa-jdbc/src/main/java/org/apache/openjpa/jdbc/kernel/JDBCStoreManager.java,131
1.0.3,openjpa-jdbc/src/main/java/org/apache/openjpa/jdbc/kernel/JDBCStoreQuery.java,71
1.0.3,openjpa-jdbc/src/main/java/org/apache/openjpa/jdbc/kernel/LRSSizes.java,6
1.0.3,openjpa-jdbc/src/main/java/org/apache/openjpa/jdbc/kernel/MappedQueryResultObjectProvider.java,40
1.0.3,openjpa-jdbc/src/main/java/org/apache/openjpa/jdbc/kernel/NativeJDBCSeq.java,22
1.0.3,openjpa-jdbc/src/main/java/org/apache/openjpa/jdbc/kernel/OperationOrderUpdateManager.java,18
1.0.3,openjpa-jdbc/src/main/java/org/apache/openjpa/jdbc/kernel/PagingResultObjectProvider.java,48
1.0.3,openjpa-jdbc/src/main/java/org/apache/openjpa/jdbc/kernel/PessimisticLockManager.java,15
1.0.3,openjpa-jdbc/src/main/java/org/apache/openjpa/jdbc/kernel/PreparedStatementManager.java,3
1.0.3,openjpa-jdbc/src/main/java/org/apache/openjpa/jdbc/kernel/PreparedStatementManagerImpl.java,8
1.0.3,openjpa-jdbc/src/main/java/org/apache/openjpa/jdbc/kernel/ProjectionResultObjectProvider.java,1
1.0.3,openjpa-jdbc/src/main/java/org/apache/openjpa/jdbc/kernel/SQLProjectionResultObjectProvider.java,7
1.0.3,openjpa-jdbc/src/main/java/org/apache/openjpa/jdbc/kernel/SQLStoreQuery.java,30
1.0.3,openjpa-jdbc/src/main/java/org/apache/openjpa/jdbc/kernel/SelectResultObjectProvider.java,7
1.0.3,openjpa-jdbc/src/main/java/org/apache/openjpa/jdbc/kernel/TableJDBCSeq.java,56
1.0.3,openjpa-jdbc/src/main/java/org/apache/openjpa/jdbc/kernel/UpdateManager.java,2
1.0.3,openjpa-jdbc/src/main/java/org/apache/openjpa/jdbc/kernel/ValueTableJDBCSeq.java,11
1.0.3,openjpa-jdbc/src/main/java/org/apache/openjpa/jdbc/kernel/exps/Abs.java,1
1.0.3,openjpa-jdbc/src/main/java/org/apache/openjpa/jdbc/kernel/exps/Aggregate.java,11
1.0.3,openjpa-jdbc/src/main/java/org/apache/openjpa/jdbc/kernel/exps/AndExpression.java,4
1.0.3,openjpa-jdbc/src/main/java/org/apache/openjpa/jdbc/kernel/exps/Args.java,22
1.0.3,openjpa-jdbc/src/main/java/org/apache/openjpa/jdbc/kernel/exps/BinaryOpExpState.java,1
1.0.3,openjpa-jdbc/src/main/java/org/apache/openjpa/jdbc/kernel/exps/BindVariableAndExpression.java,2
1.0.3,openjpa-jdbc/src/main/java/org/apache/openjpa/jdbc/kernel/exps/BindVariableExpression.java,2
1.0.3,openjpa-jdbc/src/main/java/org/apache/openjpa/jdbc/kernel/exps/CompareEqualExpression.java,5
1.0.3,openjpa-jdbc/src/main/java/org/apache/openjpa/jdbc/kernel/exps/CompareExpression.java,1
1.0.3,openjpa-jdbc/src/main/java/org/apache/openjpa/jdbc/kernel/exps/Concat.java,2
1.0.3,openjpa-jdbc/src/main/java/org/apache/openjpa/jdbc/kernel/exps/Const.java,20
1.0.3,openjpa-jdbc/src/main/java/org/apache/openjpa/jdbc/kernel/exps/ConstGetObjectId.java,7
1.0.3,openjpa-jdbc/src/main/java/org/apache/openjpa/jdbc/kernel/exps/ConstInstanceofExpression.java,2
1.0.3,openjpa-jdbc/src/main/java/org/apache/openjpa/jdbc/kernel/exps/ConstPath.java,15
1.0.3,openjpa-jdbc/src/main/java/org/apache/openjpa/jdbc/kernel/exps/ContainsExpression.java,2
1.0.3,openjpa-jdbc/src/main/java/org/apache/openjpa/jdbc/kernel/exps/ContainsKeyExpression.java,1
1.0.3,openjpa-jdbc/src/main/java/org/apache/openjpa/jdbc/kernel/exps/CurrentDate.java,1
1.0.3,openjpa-jdbc/src/main/java/org/apache/openjpa/jdbc/kernel/exps/EmptyExpression.java,2
1.0.3,openjpa-jdbc/src/main/java/org/apache/openjpa/jdbc/kernel/exps/EndsWithExpression.java,3
1.0.3,openjpa-jdbc/src/main/java/org/apache/openjpa/jdbc/kernel/exps/EqualExpression.java,7
1.0.3,openjpa-jdbc/src/main/java/org/apache/openjpa/jdbc/kernel/exps/Exp.java,3
1.0.3,openjpa-jdbc/src/main/java/org/apache/openjpa/jdbc/kernel/exps/ExpContext.java,1
1.0.3,openjpa-jdbc/src/main/java/org/apache/openjpa/jdbc/kernel/exps/ExpState.java,1
1.0.3,openjpa-jdbc/src/main/java/org/apache/openjpa/jdbc/kernel/exps/Extension.java,15
1.0.3,openjpa-jdbc/src/main/java/org/apache/openjpa/jdbc/kernel/exps/FilterValue.java,15
1.0.3,openjpa-jdbc/src/main/java/org/apache/openjpa/jdbc/kernel/exps/FilterValueImpl.java,6
1.0.3,openjpa-jdbc/src/main/java/org/apache/openjpa/jdbc/kernel/exps/GetColumn.java,2
1.0.3,openjpa-jdbc/src/main/java/org/apache/openjpa/jdbc/kernel/exps/GetMapValue.java,8
1.0.3,openjpa-jdbc/src/main/java/org/apache/openjpa/jdbc/kernel/exps/GetObjectId.java,7
1.0.3,openjpa-jdbc/src/main/java/org/apache/openjpa/jdbc/kernel/exps/HasContainsExpressionVisitor.java,2
1.0.3,openjpa-jdbc/src/main/java/org/apache/openjpa/jdbc/kernel/exps/InExpression.java,18
1.0.3,openjpa-jdbc/src/main/java/org/apache/openjpa/jdbc/kernel/exps/IndexOf.java,2
1.0.3,openjpa-jdbc/src/main/java/org/apache/openjpa/jdbc/kernel/exps/InstanceofExpression.java,9
1.0.3,openjpa-jdbc/src/main/java/org/apache/openjpa/jdbc/kernel/exps/JDBCAggregateListener.java,1
1.0.3,openjpa-jdbc/src/main/java/org/apache/openjpa/jdbc/kernel/exps/JDBCExpressionFactory.java,14
1.0.3,openjpa-jdbc/src/main/java/org/apache/openjpa/jdbc/kernel/exps/JDBCFilterListener.java,1
1.0.3,openjpa-jdbc/src/main/java/org/apache/openjpa/jdbc/kernel/exps/JDBCPath.java,1
1.0.3,openjpa-jdbc/src/main/java/org/apache/openjpa/jdbc/kernel/exps/JDBCStringContains.java,3
1.0.3,openjpa-jdbc/src/main/java/org/apache/openjpa/jdbc/kernel/exps/JDBCWildcardMatch.java,2
1.0.3,openjpa-jdbc/src/main/java/org/apache/openjpa/jdbc/kernel/exps/Lit.java,4
1.0.3,openjpa-jdbc/src/main/java/org/apache/openjpa/jdbc/kernel/exps/MatchesExpression.java,9
1.0.3,openjpa-jdbc/src/main/java/org/apache/openjpa/jdbc/kernel/exps/Math.java,1
1.0.3,openjpa-jdbc/src/main/java/org/apache/openjpa/jdbc/kernel/exps/NotContainsExpression.java,1
1.0.3,openjpa-jdbc/src/main/java/org/apache/openjpa/jdbc/kernel/exps/NotEqualExpression.java,7
1.0.3,openjpa-jdbc/src/main/java/org/apache/openjpa/jdbc/kernel/exps/Null.java,2
1.0.3,openjpa-jdbc/src/main/java/org/apache/openjpa/jdbc/kernel/exps/OrExpression.java,7
1.0.3,openjpa-jdbc/src/main/java/org/apache/openjpa/jdbc/kernel/exps/PCPath.java,98
1.0.3,openjpa-jdbc/src/main/java/org/apache/openjpa/jdbc/kernel/exps/Param.java,4
1.0.3,openjpa-jdbc/src/main/java/org/apache/openjpa/jdbc/kernel/exps/SQLEmbed.java,1
1.0.3,openjpa-jdbc/src/main/java/org/apache/openjpa/jdbc/kernel/exps/SelectConstructor.java,19
1.0.3,openjpa-jdbc/src/main/java/org/apache/openjpa/jdbc/kernel/exps/StartsWithExpression.java,3
1.0.3,openjpa-jdbc/src/main/java/org/apache/openjpa/jdbc/kernel/exps/StringFunction.java,1
1.0.3,openjpa-jdbc/src/main/java/org/apache/openjpa/jdbc/kernel/exps/StringLength.java,1
1.0.3,openjpa-jdbc/src/main/java/org/apache/openjpa/jdbc/kernel/exps/SubQ.java,16
1.0.3,openjpa-jdbc/src/main/java/org/apache/openjpa/jdbc/kernel/exps/Substring.java,2
1.0.3,openjpa-jdbc/src/main/java/org/apache/openjpa/jdbc/kernel/exps/Sum.java,1
1.0.3,openjpa-jdbc/src/main/java/org/apache/openjpa/jdbc/kernel/exps/Trim.java,9
1.0.3,openjpa-jdbc/src/main/java/org/apache/openjpa/jdbc/kernel/exps/UnaryOp.java,2
1.0.3,openjpa-jdbc/src/main/java/org/apache/openjpa/jdbc/kernel/exps/Val.java,18
1.0.3,openjpa-jdbc/src/main/java/org/apache/openjpa/jdbc/kernel/exps/Variable.java,14
1.0.3,openjpa-jdbc/src/main/java/org/apache/openjpa/jdbc/meta/ClassMapping.java,79
1.0.3,openjpa-jdbc/src/main/java/org/apache/openjpa/jdbc/meta/ClassMappingInfo.java,27
1.0.3,openjpa-jdbc/src/main/java/org/apache/openjpa/jdbc/meta/ClassStrategy.java,7
1.0.3,openjpa-jdbc/src/main/java/org/apache/openjpa/jdbc/meta/DelegatingJoinable.java,5
1.0.3,openjpa-jdbc/src/main/java/org/apache/openjpa/jdbc/meta/Discriminator.java,21
1.0.3,openjpa-jdbc/src/main/java/org/apache/openjpa/jdbc/meta/DiscriminatorMappingInfo.java,13
1.0.3,openjpa-jdbc/src/main/java/org/apache/openjpa/jdbc/meta/DiscriminatorStrategy.java,6
1.0.3,openjpa-jdbc/src/main/java/org/apache/openjpa/jdbc/meta/Embeddable.java,7
1.0.3,openjpa-jdbc/src/main/java/org/apache/openjpa/jdbc/meta/FieldMapping.java,45
1.0.3,openjpa-jdbc/src/main/java/org/apache/openjpa/jdbc/meta/FieldMappingInfo.java,24
1.0.3,openjpa-jdbc/src/main/java/org/apache/openjpa/jdbc/meta/FieldStrategy.java,25
1.0.3,openjpa-jdbc/src/main/java/org/apache/openjpa/jdbc/meta/JDBCColumnOrder.java,1
1.0.3,openjpa-jdbc/src/main/java/org/apache/openjpa/jdbc/meta/JDBCOrder.java,2
1.0.3,openjpa-jdbc/src/main/java/org/apache/openjpa/jdbc/meta/JDBCRelatedFieldOrder.java,1
1.0.3,openjpa-jdbc/src/main/java/org/apache/openjpa/jdbc/meta/JDBCValueOrder.java,2
1.0.3,openjpa-jdbc/src/main/java/org/apache/openjpa/jdbc/meta/JavaSQLTypes.java,17
1.0.3,openjpa-jdbc/src/main/java/org/apache/openjpa/jdbc/meta/Joinable.java,6
1.0.3,openjpa-jdbc/src/main/java/org/apache/openjpa/jdbc/meta/MappingDefaults.java,29
1.0.3,openjpa-jdbc/src/main/java/org/apache/openjpa/jdbc/meta/MappingDefaultsImpl.java,48
1.0.3,openjpa-jdbc/src/main/java/org/apache/openjpa/jdbc/meta/MappingInfo.java,184
1.0.3,openjpa-jdbc/src/main/java/org/apache/openjpa/jdbc/meta/MappingRepository.java,120
1.0.3,openjpa-jdbc/src/main/java/org/apache/openjpa/jdbc/meta/MappingStrategyInstaller.java,4
1.0.3,openjpa-jdbc/src/main/java/org/apache/openjpa/jdbc/meta/MappingTool.java,101
1.0.3,openjpa-jdbc/src/main/java/org/apache/openjpa/jdbc/meta/MetaDataPlusMappingFactory.java,8
1.0.3,openjpa-jdbc/src/main/java/org/apache/openjpa/jdbc/meta/NoneMappingDefaults.java,8
1.0.3,openjpa-jdbc/src/main/java/org/apache/openjpa/jdbc/meta/PropertiesReverseCustomizer.java,19
1.0.3,openjpa-jdbc/src/main/java/org/apache/openjpa/jdbc/meta/QueryResultMapping.java,44
1.0.3,openjpa-jdbc/src/main/java/org/apache/openjpa/jdbc/meta/RefreshStrategyInstaller.java,12
1.0.3,openjpa-jdbc/src/main/java/org/apache/openjpa/jdbc/meta/RelationId.java,1
1.0.3,openjpa-jdbc/src/main/java/org/apache/openjpa/jdbc/meta/ReverseCustomizer.java,13
1.0.3,openjpa-jdbc/src/main/java/org/apache/openjpa/jdbc/meta/ReverseMappingTool.java,211
1.0.3,openjpa-jdbc/src/main/java/org/apache/openjpa/jdbc/meta/RuntimeStrategyInstaller.java,5
1.0.3,openjpa-jdbc/src/main/java/org/apache/openjpa/jdbc/meta/Strategy.java,12
1.0.3,openjpa-jdbc/src/main/java/org/apache/openjpa/jdbc/meta/ValueHandler.java,7
1.0.3,openjpa-jdbc/src/main/java/org/apache/openjpa/jdbc/meta/ValueMapping.java,41
1.0.3,openjpa-jdbc/src/main/java/org/apache/openjpa/jdbc/meta/ValueMappingImpl.java,64
1.0.3,openjpa-jdbc/src/main/java/org/apache/openjpa/jdbc/meta/ValueMappingInfo.java,23
1.0.3,openjpa-jdbc/src/main/java/org/apache/openjpa/jdbc/meta/Version.java,18
1.0.3,openjpa-jdbc/src/main/java/org/apache/openjpa/jdbc/meta/VersionMappingInfo.java,3
1.0.3,openjpa-jdbc/src/main/java/org/apache/openjpa/jdbc/meta/VersionStrategy.java,8
1.0.3,openjpa-jdbc/src/main/java/org/apache/openjpa/jdbc/meta/strats/AbstractDiscriminatorStrategy.java,1
1.0.3,openjpa-jdbc/src/main/java/org/apache/openjpa/jdbc/meta/strats/AbstractFieldStrategy.java,7
1.0.3,openjpa-jdbc/src/main/java/org/apache/openjpa/jdbc/meta/strats/AbstractStrategy.java,8
1.0.3,openjpa-jdbc/src/main/java/org/apache/openjpa/jdbc/meta/strats/AbstractVersionStrategy.java,2
1.0.3,openjpa-jdbc/src/main/java/org/apache/openjpa/jdbc/meta/strats/CharArrayStreamValueHandler.java,4
1.0.3,openjpa-jdbc/src/main/java/org/apache/openjpa/jdbc/meta/strats/CharArrayValueHandler.java,1
1.0.3,openjpa-jdbc/src/main/java/org/apache/openjpa/jdbc/meta/strats/ClassNameDiscriminatorStrategy.java,7
1.0.3,openjpa-jdbc/src/main/java/org/apache/openjpa/jdbc/meta/strats/ColumnVersionStrategy.java,37
1.0.3,openjpa-jdbc/src/main/java/org/apache/openjpa/jdbc/meta/strats/ContainerFieldStrategy.java,6
1.0.3,openjpa-jdbc/src/main/java/org/apache/openjpa/jdbc/meta/strats/EmbedFieldStrategy.java,74
1.0.3,openjpa-jdbc/src/main/java/org/apache/openjpa/jdbc/meta/strats/EmbedValueHandler.java,16
1.0.3,openjpa-jdbc/src/main/java/org/apache/openjpa/jdbc/meta/strats/EmbeddedClassStrategy.java,9
1.0.3,openjpa-jdbc/src/main/java/org/apache/openjpa/jdbc/meta/strats/FlatClassStrategy.java,2
1.0.3,openjpa-jdbc/src/main/java/org/apache/openjpa/jdbc/meta/strats/FullClassStrategy.java,8
1.0.3,openjpa-jdbc/src/main/java/org/apache/openjpa/jdbc/meta/strats/HandlerFieldStrategy.java,48
1.0.3,openjpa-jdbc/src/main/java/org/apache/openjpa/jdbc/meta/strats/HandlerStrategies.java,31
1.0.3,openjpa-jdbc/src/main/java/org/apache/openjpa/jdbc/meta/strats/IdentityJoinable.java,2
1.0.3,openjpa-jdbc/src/main/java/org/apache/openjpa/jdbc/meta/strats/ImmutableValueHandler.java,5
1.0.3,openjpa-jdbc/src/main/java/org/apache/openjpa/jdbc/meta/strats/InValueDiscriminatorStrategy.java,13
1.0.3,openjpa-jdbc/src/main/java/org/apache/openjpa/jdbc/meta/strats/LRSCollectionFieldStrategy.java,7
1.0.3,openjpa-jdbc/src/main/java/org/apache/openjpa/jdbc/meta/strats/LRSMapFieldStrategy.java,15
1.0.3,openjpa-jdbc/src/main/java/org/apache/openjpa/jdbc/meta/strats/LRSProxyCollection.java,10
1.0.3,openjpa-jdbc/src/main/java/org/apache/openjpa/jdbc/meta/strats/LRSProxyMap.java,40
1.0.3,openjpa-jdbc/src/main/java/org/apache/openjpa/jdbc/meta/strats/MapTableFieldStrategy.java,7
1.0.3,openjpa-jdbc/src/main/java/org/apache/openjpa/jdbc/meta/strats/MaxEmbeddedBlobFieldStrategy.java,3
1.0.3,openjpa-jdbc/src/main/java/org/apache/openjpa/jdbc/meta/strats/MaxEmbeddedByteArrayFieldStrategy.java,3
1.0.3,openjpa-jdbc/src/main/java/org/apache/openjpa/jdbc/meta/strats/MaxEmbeddedCharArrayFieldStrategy.java,8
1.0.3,openjpa-jdbc/src/main/java/org/apache/openjpa/jdbc/meta/strats/MaxEmbeddedClobFieldStrategy.java,3
1.0.3,openjpa-jdbc/src/main/java/org/apache/openjpa/jdbc/meta/strats/MaxEmbeddedLobFieldStrategy.java,17
1.0.3,openjpa-jdbc/src/main/java/org/apache/openjpa/jdbc/meta/strats/NoneClassStrategy.java,2
1.0.3,openjpa-jdbc/src/main/java/org/apache/openjpa/jdbc/meta/strats/NoneDiscriminatorStrategy.java,1
1.0.3,openjpa-jdbc/src/main/java/org/apache/openjpa/jdbc/meta/strats/NoneFieldStrategy.java,2
1.0.3,openjpa-jdbc/src/main/java/org/apache/openjpa/jdbc/meta/strats/NoneVersionStrategy.java,2
1.0.3,openjpa-jdbc/src/main/java/org/apache/openjpa/jdbc/meta/strats/NumberVersionStrategy.java,3
1.0.3,openjpa-jdbc/src/main/java/org/apache/openjpa/jdbc/meta/strats/ObjectIdClassStrategy.java,1
1.0.3,openjpa-jdbc/src/main/java/org/apache/openjpa/jdbc/meta/strats/ObjectIdValueHandler.java,3
1.0.3,openjpa-jdbc/src/main/java/org/apache/openjpa/jdbc/meta/strats/PrimitiveFieldStrategy.java,36
1.0.3,openjpa-jdbc/src/main/java/org/apache/openjpa/jdbc/meta/strats/PrimitiveWrapperArrays.java,9
1.0.3,openjpa-jdbc/src/main/java/org/apache/openjpa/jdbc/meta/strats/RelationCollectionInverseKeyFieldStrategy.java,2
1.0.3,openjpa-jdbc/src/main/java/org/apache/openjpa/jdbc/meta/strats/RelationCollectionTableFieldStrategy.java,2
1.0.3,openjpa-jdbc/src/main/java/org/apache/openjpa/jdbc/meta/strats/RelationFieldStrategy.java,98
1.0.3,openjpa-jdbc/src/main/java/org/apache/openjpa/jdbc/meta/strats/RelationMapInverseKeyFieldStrategy.java,5
1.0.3,openjpa-jdbc/src/main/java/org/apache/openjpa/jdbc/meta/strats/RelationMapTableFieldStrategy.java,5
1.0.3,openjpa-jdbc/src/main/java/org/apache/openjpa/jdbc/meta/strats/RelationStrategies.java,14
1.0.3,openjpa-jdbc/src/main/java/org/apache/openjpa/jdbc/meta/strats/RelationToManyInverseKeyFieldStrategy.java,35
1.0.3,openjpa-jdbc/src/main/java/org/apache/openjpa/jdbc/meta/strats/RelationToManyTableFieldStrategy.java,18
1.0.3,openjpa-jdbc/src/main/java/org/apache/openjpa/jdbc/meta/strats/StateComparisonVersionStrategy.java,23
1.0.3,openjpa-jdbc/src/main/java/org/apache/openjpa/jdbc/meta/strats/StoreCollectionFieldStrategy.java,45
1.0.3,openjpa-jdbc/src/main/java/org/apache/openjpa/jdbc/meta/strats/StringFieldStrategy.java,15
1.0.3,openjpa-jdbc/src/main/java/org/apache/openjpa/jdbc/meta/strats/SubclassJoinDiscriminatorStrategy.java,17
1.0.3,openjpa-jdbc/src/main/java/org/apache/openjpa/jdbc/meta/strats/TimestampVersionStrategy.java,2
1.0.3,openjpa-jdbc/src/main/java/org/apache/openjpa/jdbc/meta/strats/UntypedPCValueHandler.java,4
1.0.3,openjpa-jdbc/src/main/java/org/apache/openjpa/jdbc/meta/strats/ValueMapDiscriminatorStrategy.java,10
1.0.3,openjpa-jdbc/src/main/java/org/apache/openjpa/jdbc/meta/strats/VerticalClassStrategy.java,7
1.0.3,openjpa-jdbc/src/main/java/org/apache/openjpa/jdbc/schema/Column.java,68
1.0.3,openjpa-jdbc/src/main/java/org/apache/openjpa/jdbc/schema/ColumnIO.java,16
1.0.3,openjpa-jdbc/src/main/java/org/apache/openjpa/jdbc/schema/Constraint.java,10
1.0.3,openjpa-jdbc/src/main/java/org/apache/openjpa/jdbc/schema/DataSourceFactory.java,20
1.0.3,openjpa-jdbc/src/main/java/org/apache/openjpa/jdbc/schema/DriverDataSource.java,15
1.0.3,openjpa-jdbc/src/main/java/org/apache/openjpa/jdbc/schema/DynamicSchemaFactory.java,12
1.0.3,openjpa-jdbc/src/main/java/org/apache/openjpa/jdbc/schema/FileSchemaFactory.java,3
1.0.3,openjpa-jdbc/src/main/java/org/apache/openjpa/jdbc/schema/ForeignKey.java,90
1.0.3,openjpa-jdbc/src/main/java/org/apache/openjpa/jdbc/schema/Index.java,7
1.0.3,openjpa-jdbc/src/main/java/org/apache/openjpa/jdbc/schema/LazySchemaFactory.java,12
1.0.3,openjpa-jdbc/src/main/java/org/apache/openjpa/jdbc/schema/LocalConstraint.java,29
1.0.3,openjpa-jdbc/src/main/java/org/apache/openjpa/jdbc/schema/NameSet.java,8
1.0.3,openjpa-jdbc/src/main/java/org/apache/openjpa/jdbc/schema/PrimaryKey.java,4
1.0.3,openjpa-jdbc/src/main/java/org/apache/openjpa/jdbc/schema/Schema.java,35
1.0.3,openjpa-jdbc/src/main/java/org/apache/openjpa/jdbc/schema/SchemaFactory.java,2
1.0.3,openjpa-jdbc/src/main/java/org/apache/openjpa/jdbc/schema/SchemaGenerator.java,122
1.0.3,openjpa-jdbc/src/main/java/org/apache/openjpa/jdbc/schema/SchemaGroup.java,63
1.0.3,openjpa-jdbc/src/main/java/org/apache/openjpa/jdbc/schema/SchemaParser.java,5
1.0.3,openjpa-jdbc/src/main/java/org/apache/openjpa/jdbc/schema/SchemaSerializer.java,8
1.0.3,openjpa-jdbc/src/main/java/org/apache/openjpa/jdbc/schema/SchemaTool.java,202
1.0.3,openjpa-jdbc/src/main/java/org/apache/openjpa/jdbc/schema/Schemas.java,39
1.0.3,openjpa-jdbc/src/main/java/org/apache/openjpa/jdbc/schema/Sequence.java,11
1.0.3,openjpa-jdbc/src/main/java/org/apache/openjpa/jdbc/schema/SimpleDriverDataSource.java,18
1.0.3,openjpa-jdbc/src/main/java/org/apache/openjpa/jdbc/schema/Table.java,87
1.0.3,openjpa-jdbc/src/main/java/org/apache/openjpa/jdbc/schema/TableSchemaFactory.java,41
1.0.3,openjpa-jdbc/src/main/java/org/apache/openjpa/jdbc/schema/Unique.java,1
1.0.3,openjpa-jdbc/src/main/java/org/apache/openjpa/jdbc/schema/XMLSchemaParser.java,50
1.0.3,openjpa-jdbc/src/main/java/org/apache/openjpa/jdbc/schema/XMLSchemaSerializer.java,82
1.0.3,openjpa-jdbc/src/main/java/org/apache/openjpa/jdbc/sql/AbstractResult.java,33
1.0.3,openjpa-jdbc/src/main/java/org/apache/openjpa/jdbc/sql/AbstractSQLServerDictionary.java,7
1.0.3,openjpa-jdbc/src/main/java/org/apache/openjpa/jdbc/sql/AccessDictionary.java,2
1.0.3,openjpa-jdbc/src/main/java/org/apache/openjpa/jdbc/sql/DB2Dictionary.java,49
1.0.3,openjpa-jdbc/src/main/java/org/apache/openjpa/jdbc/sql/DBDictionary.java,393
1.0.3,openjpa-jdbc/src/main/java/org/apache/openjpa/jdbc/sql/DBDictionaryFactory.java,41
1.0.3,openjpa-jdbc/src/main/java/org/apache/openjpa/jdbc/sql/DerbyDictionary.java,2
1.0.3,openjpa-jdbc/src/main/java/org/apache/openjpa/jdbc/sql/EmpressDictionary.java,15
1.0.3,openjpa-jdbc/src/main/java/org/apache/openjpa/jdbc/sql/FoxProDictionary.java,8
1.0.3,openjpa-jdbc/src/main/java/org/apache/openjpa/jdbc/sql/H2Dictionary.java,17
1.0.3,openjpa-jdbc/src/main/java/org/apache/openjpa/jdbc/sql/HSQLDictionary.java,19
1.0.3,openjpa-jdbc/src/main/java/org/apache/openjpa/jdbc/sql/InformixDictionary.java,14
1.0.3,openjpa-jdbc/src/main/java/org/apache/openjpa/jdbc/sql/InterbaseDictionary.java,2
1.0.3,openjpa-jdbc/src/main/java/org/apache/openjpa/jdbc/sql/JDataStoreDictionary.java,3
1.0.3,openjpa-jdbc/src/main/java/org/apache/openjpa/jdbc/sql/Join.java,10
1.0.3,openjpa-jdbc/src/main/java/org/apache/openjpa/jdbc/sql/JoinSet.java,59
1.0.3,openjpa-jdbc/src/main/java/org/apache/openjpa/jdbc/sql/JoinSyntaxes.java,6
1.0.3,openjpa-jdbc/src/main/java/org/apache/openjpa/jdbc/sql/Joins.java,9
1.0.3,openjpa-jdbc/src/main/java/org/apache/openjpa/jdbc/sql/LogicalUnion.java,53
1.0.3,openjpa-jdbc/src/main/java/org/apache/openjpa/jdbc/sql/MergedResult.java,15
1.0.3,openjpa-jdbc/src/main/java/org/apache/openjpa/jdbc/sql/MySQLDictionary.java,9
1.0.3,openjpa-jdbc/src/main/java/org/apache/openjpa/jdbc/sql/OracleDictionary.java,144
1.0.3,openjpa-jdbc/src/main/java/org/apache/openjpa/jdbc/sql/PointbaseDictionary.java,4
1.0.3,openjpa-jdbc/src/main/java/org/apache/openjpa/jdbc/sql/PostgresDictionary.java,19
1.0.3,openjpa-jdbc/src/main/java/org/apache/openjpa/jdbc/sql/PrimaryRow.java,43
1.0.3,openjpa-jdbc/src/main/java/org/apache/openjpa/jdbc/sql/Raw.java,1
1.0.3,openjpa-jdbc/src/main/java/org/apache/openjpa/jdbc/sql/Result.java,78
1.0.3,openjpa-jdbc/src/main/java/org/apache/openjpa/jdbc/sql/ResultSetResult.java,22
1.0.3,openjpa-jdbc/src/main/java/org/apache/openjpa/jdbc/sql/Row.java,75
1.0.3,openjpa-jdbc/src/main/java/org/apache/openjpa/jdbc/sql/RowImpl.java,91
1.0.3,openjpa-jdbc/src/main/java/org/apache/openjpa/jdbc/sql/RowManager.java,5
1.0.3,openjpa-jdbc/src/main/java/org/apache/openjpa/jdbc/sql/RowManagerImpl.java,18
1.0.3,openjpa-jdbc/src/main/java/org/apache/openjpa/jdbc/sql/SQLBuffer.java,64
1.0.3,openjpa-jdbc/src/main/java/org/apache/openjpa/jdbc/sql/SQLExceptions.java,5
1.0.3,openjpa-jdbc/src/main/java/org/apache/openjpa/jdbc/sql/SQLFactory.java,3
1.0.3,openjpa-jdbc/src/main/java/org/apache/openjpa/jdbc/sql/SQLFactoryImpl.java,2
1.0.3,openjpa-jdbc/src/main/java/org/apache/openjpa/jdbc/sql/SQLServerDictionary.java,31
1.0.3,openjpa-jdbc/src/main/java/org/apache/openjpa/jdbc/sql/SecondaryRow.java,15
1.0.3,openjpa-jdbc/src/main/java/org/apache/openjpa/jdbc/sql/Select.java,105
1.0.3,openjpa-jdbc/src/main/java/org/apache/openjpa/jdbc/sql/SelectExecutor.java,18
1.0.3,openjpa-jdbc/src/main/java/org/apache/openjpa/jdbc/sql/SelectImpl.java,366
1.0.3,openjpa-jdbc/src/main/java/org/apache/openjpa/jdbc/sql/SybaseDictionary.java,18
1.0.3,openjpa-jdbc/src/main/java/org/apache/openjpa/jdbc/sql/Union.java,7
1.0.3,openjpa-kernel-5/src/main/java/org/apache/openjpa/enhance/ClassRedefiner.java,17
1.0.3,openjpa-kernel-5/src/main/java/org/apache/openjpa/enhance/InstrumentationFactory.java,9
1.0.3,openjpa-kernel-5/src/main/java/org/apache/openjpa/enhance/ManagedClassSubclasser.java,30
1.0.3,openjpa-kernel-5/src/main/java/org/apache/openjpa/enhance/PCClassFileTransformer.java,28
1.0.3,openjpa-kernel-5/src/main/java/org/apache/openjpa/enhance/PCEnhancerAgent.java,3
1.0.3,openjpa-kernel/src/main/java/org/apache/openjpa/abstractstore/AbstractStoreBrokerFactory.java,3
1.0.3,openjpa-kernel/src/main/java/org/apache/openjpa/abstractstore/AbstractStoreManager.java,26
1.0.3,openjpa-kernel/src/main/java/org/apache/openjpa/ant/MetaDataToolTask.java,4
1.0.3,openjpa-kernel/src/main/java/org/apache/openjpa/conf/AutoDetachValue.java,4
1.0.3,openjpa-kernel/src/main/java/org/apache/openjpa/conf/BrokerFactoryValue.java,3
1.0.3,openjpa-kernel/src/main/java/org/apache/openjpa/conf/BrokerValue.java,1
1.0.3,openjpa-kernel/src/main/java/org/apache/openjpa/conf/DetachOptions.java,6
1.0.3,openjpa-kernel/src/main/java/org/apache/openjpa/conf/OpenJPAConfiguration.java,215
1.0.3,openjpa-kernel/src/main/java/org/apache/openjpa/conf/OpenJPAConfigurationImpl.java,33
1.0.3,openjpa-kernel/src/main/java/org/apache/openjpa/conf/OpenJPAProductDerivation.java,5
1.0.3,openjpa-kernel/src/main/java/org/apache/openjpa/conf/OpenJPAVersion.java,4
1.0.3,openjpa-kernel/src/main/java/org/apache/openjpa/conf/QueryCompilationCacheValue.java,2
1.0.3,openjpa-kernel/src/main/java/org/apache/openjpa/conf/RemoteCommitProviderValue.java,4
1.0.3,openjpa-kernel/src/main/java/org/apache/openjpa/datacache/AbstractDataCache.java,64
1.0.3,openjpa-kernel/src/main/java/org/apache/openjpa/datacache/AbstractQueryCache.java,38
1.0.3,openjpa-kernel/src/main/java/org/apache/openjpa/datacache/Caches.java,5
1.0.3,openjpa-kernel/src/main/java/org/apache/openjpa/datacache/ConcurrentDataCache.java,1
1.0.3,openjpa-kernel/src/main/java/org/apache/openjpa/datacache/DataCache.java,26
1.0.3,openjpa-kernel/src/main/java/org/apache/openjpa/datacache/DataCacheManager.java,8
1.0.3,openjpa-kernel/src/main/java/org/apache/openjpa/datacache/DataCacheManagerImpl.java,5
1.0.3,openjpa-kernel/src/main/java/org/apache/openjpa/datacache/DataCachePCData.java,1
1.0.3,openjpa-kernel/src/main/java/org/apache/openjpa/datacache/DataCachePCDataGenerator.java,6
1.0.3,openjpa-kernel/src/main/java/org/apache/openjpa/datacache/DataCachePCDataImpl.java,4
1.0.3,openjpa-kernel/src/main/java/org/apache/openjpa/datacache/DataCacheScheduler.java,17
1.0.3,openjpa-kernel/src/main/java/org/apache/openjpa/datacache/DataCacheStoreManager.java,69
1.0.3,openjpa-kernel/src/main/java/org/apache/openjpa/datacache/DelegatingDataCache.java,33
1.0.3,openjpa-kernel/src/main/java/org/apache/openjpa/datacache/DelegatingQueryCache.java,19
1.0.3,openjpa-kernel/src/main/java/org/apache/openjpa/datacache/ExpirationListener.java,1
1.0.3,openjpa-kernel/src/main/java/org/apache/openjpa/datacache/QueryCache.java,12
1.0.3,openjpa-kernel/src/main/java/org/apache/openjpa/datacache/QueryCacheStoreQuery.java,44
1.0.3,openjpa-kernel/src/main/java/org/apache/openjpa/datacache/QueryKey.java,47
1.0.3,openjpa-kernel/src/main/java/org/apache/openjpa/datacache/QueryResult.java,2
1.0.3,openjpa-kernel/src/main/java/org/apache/openjpa/datacache/TypesChangedListener.java,1
1.0.3,openjpa-kernel/src/main/java/org/apache/openjpa/ee/AutomaticManagedRuntime.java,26
1.0.3,openjpa-kernel/src/main/java/org/apache/openjpa/ee/InvocationManagedRuntime.java,2
1.0.3,openjpa-kernel/src/main/java/org/apache/openjpa/ee/ManagedRuntime.java,4
1.0.3,openjpa-kernel/src/main/java/org/apache/openjpa/ee/RegistryManagedRuntime.java,1
1.0.3,openjpa-kernel/src/main/java/org/apache/openjpa/ee/WASManagedRuntime.java,4
1.0.3,openjpa-kernel/src/main/java/org/apache/openjpa/ee/WLSManagedRuntime.java,2
1.0.3,openjpa-kernel/src/main/java/org/apache/openjpa/enhance/ApplicationIdTool.java,116
1.0.3,openjpa-kernel/src/main/java/org/apache/openjpa/enhance/AttributeTranslator.java,1
1.0.3,openjpa-kernel/src/main/java/org/apache/openjpa/enhance/CodeGenerator.java,53
1.0.3,openjpa-kernel/src/main/java/org/apache/openjpa/enhance/DynamicPCHelper.java,1
1.0.3,openjpa-kernel/src/main/java/org/apache/openjpa/enhance/DynamicStorage.java,22
1.0.3,openjpa-kernel/src/main/java/org/apache/openjpa/enhance/DynamicStorageGenerator.java,20
1.0.3,openjpa-kernel/src/main/java/org/apache/openjpa/enhance/ManagedInstanceProvider.java,1
1.0.3,openjpa-kernel/src/main/java/org/apache/openjpa/enhance/PCDataGenerator.java,38
1.0.3,openjpa-kernel/src/main/java/org/apache/openjpa/enhance/PCEnhancer.java,239
1.0.3,openjpa-kernel/src/main/java/org/apache/openjpa/enhance/PCRegistry.java,14
1.0.3,openjpa-kernel/src/main/java/org/apache/openjpa/enhance/PCSubclassValidator.java,20
1.0.3,openjpa-kernel/src/main/java/org/apache/openjpa/enhance/PersistenceCapable.java,9
1.0.3,openjpa-kernel/src/main/java/org/apache/openjpa/enhance/RedefinitionHelper.java,24
1.0.3,openjpa-kernel/src/main/java/org/apache/openjpa/enhance/ReflectingPersistenceCapable.java,42
1.0.3,openjpa-kernel/src/main/java/org/apache/openjpa/enhance/Reflection.java,73
1.0.3,openjpa-kernel/src/main/java/org/apache/openjpa/enhance/RuntimeUnenhancedClasssesModes.java,6
1.0.3,openjpa-kernel/src/main/java/org/apache/openjpa/enhance/StateManager.java,49
1.0.3,openjpa-kernel/src/main/java/org/apache/openjpa/event/AbstractLifecycleListener.java,1
1.0.3,openjpa-kernel/src/main/java/org/apache/openjpa/event/AbstractRemoteCommitProvider.java,6
1.0.3,openjpa-kernel/src/main/java/org/apache/openjpa/event/AbstractTransactionListener.java,1
1.0.3,openjpa-kernel/src/main/java/org/apache/openjpa/event/AttachListener.java,2
1.0.3,openjpa-kernel/src/main/java/org/apache/openjpa/event/BeanLifecycleCallbacks.java,6
1.0.3,openjpa-kernel/src/main/java/org/apache/openjpa/event/BeginTransactionListener.java,1
1.0.3,openjpa-kernel/src/main/java/org/apache/openjpa/event/BrokerFactoryEventManager.java,1
1.0.3,openjpa-kernel/src/main/java/org/apache/openjpa/event/BrokerFactoryListener.java,1
1.0.3,openjpa-kernel/src/main/java/org/apache/openjpa/event/CallbackModes.java,10
1.0.3,openjpa-kernel/src/main/java/org/apache/openjpa/event/ClearListener.java,2
1.0.3,openjpa-kernel/src/main/java/org/apache/openjpa/event/DeleteListener.java,2
1.0.3,openjpa-kernel/src/main/java/org/apache/openjpa/event/DetachListener.java,2
1.0.3,openjpa-kernel/src/main/java/org/apache/openjpa/event/DirtyListener.java,4
1.0.3,openjpa-kernel/src/main/java/org/apache/openjpa/event/EndTransactionListener.java,6
1.0.3,openjpa-kernel/src/main/java/org/apache/openjpa/event/FlushTransactionListener.java,2
1.0.3,openjpa-kernel/src/main/java/org/apache/openjpa/event/JMSRemoteCommitProvider.java,17
1.0.3,openjpa-kernel/src/main/java/org/apache/openjpa/event/LifecycleCallbacks.java,2
1.0.3,openjpa-kernel/src/main/java/org/apache/openjpa/event/LifecycleEventManager.java,89
1.0.3,openjpa-kernel/src/main/java/org/apache/openjpa/event/LoadListener.java,2
1.0.3,openjpa-kernel/src/main/java/org/apache/openjpa/event/LogOrphanedKeyAction.java,6
1.0.3,openjpa-kernel/src/main/java/org/apache/openjpa/event/MethodLifecycleCallbacks.java,13
1.0.3,openjpa-kernel/src/main/java/org/apache/openjpa/event/OrphanedKeyAction.java,1
1.0.3,openjpa-kernel/src/main/java/org/apache/openjpa/event/PersistListener.java,2
1.0.3,openjpa-kernel/src/main/java/org/apache/openjpa/event/PostDeleteListener.java,1
1.0.3,openjpa-kernel/src/main/java/org/apache/openjpa/event/PostPersistListener.java,1
1.0.3,openjpa-kernel/src/main/java/org/apache/openjpa/event/RemoteCommitEvent.java,15
1.0.3,openjpa-kernel/src/main/java/org/apache/openjpa/event/RemoteCommitEventManager.java,24
1.0.3,openjpa-kernel/src/main/java/org/apache/openjpa/event/RemoteCommitListener.java,2
1.0.3,openjpa-kernel/src/main/java/org/apache/openjpa/event/RemoteCommitProvider.java,3
1.0.3,openjpa-kernel/src/main/java/org/apache/openjpa/event/SingleJVMRemoteCommitProvider.java,3
1.0.3,openjpa-kernel/src/main/java/org/apache/openjpa/event/StoreListener.java,2
1.0.3,openjpa-kernel/src/main/java/org/apache/openjpa/event/TCPRemoteCommitProvider.java,65
1.0.3,openjpa-kernel/src/main/java/org/apache/openjpa/event/TransactionEventManager.java,17
1.0.3,openjpa-kernel/src/main/java/org/apache/openjpa/event/UpdateListener.java,2
1.0.3,openjpa-kernel/src/main/java/org/apache/openjpa/kernel/AbstractBrokerFactory.java,48
1.0.3,openjpa-kernel/src/main/java/org/apache/openjpa/kernel/AbstractLockManager.java,5
1.0.3,openjpa-kernel/src/main/java/org/apache/openjpa/kernel/AbstractPCData.java,48
1.0.3,openjpa-kernel/src/main/java/org/apache/openjpa/kernel/AbstractPCResultObjectProvider.java,3
1.0.3,openjpa-kernel/src/main/java/org/apache/openjpa/kernel/AbstractStoreQuery.java,5
1.0.3,openjpa-kernel/src/main/java/org/apache/openjpa/kernel/AttachManager.java,29
1.0.3,openjpa-kernel/src/main/java/org/apache/openjpa/kernel/AttachStrategy.java,56
1.0.3,openjpa-kernel/src/main/java/org/apache/openjpa/kernel/AutoClear.java,4
1.0.3,openjpa-kernel/src/main/java/org/apache/openjpa/kernel/AutoDetach.java,8
1.0.3,openjpa-kernel/src/main/java/org/apache/openjpa/kernel/Bootstrap.java,11
1.0.3,openjpa-kernel/src/main/java/org/apache/openjpa/kernel/Broker.java,100
1.0.3,openjpa-kernel/src/main/java/org/apache/openjpa/kernel/BrokerFactory.java,14
1.0.3,openjpa-kernel/src/main/java/org/apache/openjpa/kernel/BrokerImpl.java,513
1.0.3,openjpa-kernel/src/main/java/org/apache/openjpa/kernel/ClearFieldManager.java,1
1.0.3,openjpa-kernel/src/main/java/org/apache/openjpa/kernel/ConnectionRetainModes.java,6
1.0.3,openjpa-kernel/src/main/java/org/apache/openjpa/kernel/DelegatingBroker.java,6
1.0.3,openjpa-kernel/src/main/java/org/apache/openjpa/kernel/DelegatingBrokerFactory.java,6
1.0.3,openjpa-kernel/src/main/java/org/apache/openjpa/kernel/DelegatingExtent.java,6
1.0.3,openjpa-kernel/src/main/java/org/apache/openjpa/kernel/DelegatingFetchConfiguration.java,9
1.0.3,openjpa-kernel/src/main/java/org/apache/openjpa/kernel/DelegatingQuery.java,6
1.0.3,openjpa-kernel/src/main/java/org/apache/openjpa/kernel/DelegatingResultList.java,17
1.0.3,openjpa-kernel/src/main/java/org/apache/openjpa/kernel/DelegatingSeq.java,6
1.0.3,openjpa-kernel/src/main/java/org/apache/openjpa/kernel/DelegatingStoreManager.java,6
1.0.3,openjpa-kernel/src/main/java/org/apache/openjpa/kernel/DetachManager.java,86
1.0.3,openjpa-kernel/src/main/java/org/apache/openjpa/kernel/DetachState.java,8
1.0.3,openjpa-kernel/src/main/java/org/apache/openjpa/kernel/DetachedStateAttachStrategy.java,10
1.0.3,openjpa-kernel/src/main/java/org/apache/openjpa/kernel/DetachedStateManager.java,59
1.0.3,openjpa-kernel/src/main/java/org/apache/openjpa/kernel/DetachedValueStateManager.java,10
1.0.3,openjpa-kernel/src/main/java/org/apache/openjpa/kernel/ENonTransState.java,1
1.0.3,openjpa-kernel/src/main/java/org/apache/openjpa/kernel/ExpressionStoreQuery.java,44
1.0.3,openjpa-kernel/src/main/java/org/apache/openjpa/kernel/Extent.java,11
1.0.3,openjpa-kernel/src/main/java/org/apache/openjpa/kernel/ExtentImpl.java,41
1.0.3,openjpa-kernel/src/main/java/org/apache/openjpa/kernel/FetchConfiguration.java,50
1.0.3,openjpa-kernel/src/main/java/org/apache/openjpa/kernel/FetchConfigurationImpl.java,80
1.0.3,openjpa-kernel/src/main/java/org/apache/openjpa/kernel/Filters.java,117
1.0.3,openjpa-kernel/src/main/java/org/apache/openjpa/kernel/FinalizingBrokerImpl.java,2
1.0.3,openjpa-kernel/src/main/java/org/apache/openjpa/kernel/FindCallbacks.java,2
1.0.3,openjpa-kernel/src/main/java/org/apache/openjpa/kernel/InMemorySavepointManager.java,1
1.0.3,openjpa-kernel/src/main/java/org/apache/openjpa/kernel/InverseManager.java,46
1.0.3,openjpa-kernel/src/main/java/org/apache/openjpa/kernel/LocalManagedRuntime.java,15
1.0.3,openjpa-kernel/src/main/java/org/apache/openjpa/kernel/LockLevels.java,6
1.0.3,openjpa-kernel/src/main/java/org/apache/openjpa/kernel/LockManager.java,8
1.0.3,openjpa-kernel/src/main/java/org/apache/openjpa/kernel/MethodStoreQuery.java,24
1.0.3,openjpa-kernel/src/main/java/org/apache/openjpa/kernel/ObjectIdStateManager.java,24
1.0.3,openjpa-kernel/src/main/java/org/apache/openjpa/kernel/OpCallbacks.java,15
1.0.3,openjpa-kernel/src/main/java/org/apache/openjpa/kernel/OpenJPASavepoint.java,5
1.0.3,openjpa-kernel/src/main/java/org/apache/openjpa/kernel/OpenJPAStateManager.java,71
1.0.3,openjpa-kernel/src/main/java/org/apache/openjpa/kernel/OrderingMergedResultObjectProvider.java,11
1.0.3,openjpa-kernel/src/main/java/org/apache/openjpa/kernel/PCData.java,12
1.0.3,openjpa-kernel/src/main/java/org/apache/openjpa/kernel/PCDataImpl.java,22
1.0.3,openjpa-kernel/src/main/java/org/apache/openjpa/kernel/PCResultObjectProvider.java,1
1.0.3,openjpa-kernel/src/main/java/org/apache/openjpa/kernel/PCState.java,24
1.0.3,openjpa-kernel/src/main/java/org/apache/openjpa/kernel/PNewFlushedDeletedFlushedState.java,1
1.0.3,openjpa-kernel/src/main/java/org/apache/openjpa/kernel/PNewState.java,1
1.0.3,openjpa-kernel/src/main/java/org/apache/openjpa/kernel/PNonTransState.java,4
1.0.3,openjpa-kernel/src/main/java/org/apache/openjpa/kernel/Query.java,26
1.0.3,openjpa-kernel/src/main/java/org/apache/openjpa/kernel/QueryContext.java,43
1.0.3,openjpa-kernel/src/main/java/org/apache/openjpa/kernel/QueryFlushModes.java,6
1.0.3,openjpa-kernel/src/main/java/org/apache/openjpa/kernel/QueryHints.java,2
1.0.3,openjpa-kernel/src/main/java/org/apache/openjpa/kernel/QueryImpl.java,181
1.0.3,openjpa-kernel/src/main/java/org/apache/openjpa/kernel/QueryLanguages.java,3
1.0.3,openjpa-kernel/src/main/java/org/apache/openjpa/kernel/QueryOperations.java,6
1.0.3,openjpa-kernel/src/main/java/org/apache/openjpa/kernel/ROPStoreManager.java,3
1.0.3,openjpa-kernel/src/main/java/org/apache/openjpa/kernel/RestoreState.java,6
1.0.3,openjpa-kernel/src/main/java/org/apache/openjpa/kernel/ResultPacker.java,30
1.0.3,openjpa-kernel/src/main/java/org/apache/openjpa/kernel/SaveFieldManager.java,17
1.0.3,openjpa-kernel/src/main/java/org/apache/openjpa/kernel/SavepointFieldManager.java,11
1.0.3,openjpa-kernel/src/main/java/org/apache/openjpa/kernel/SavepointManager.java,2
1.0.3,openjpa-kernel/src/main/java/org/apache/openjpa/kernel/Seq.java,9
1.0.3,openjpa-kernel/src/main/java/org/apache/openjpa/kernel/SingleFieldManager.java,110
1.0.3,openjpa-kernel/src/main/java/org/apache/openjpa/kernel/StateManagerImpl.java,276
1.0.3,openjpa-kernel/src/main/java/org/apache/openjpa/kernel/StoreContext.java,60
1.0.3,openjpa-kernel/src/main/java/org/apache/openjpa/kernel/StoreManager.java,38
1.0.3,openjpa-kernel/src/main/java/org/apache/openjpa/kernel/StoreQuery.java,45
1.0.3,openjpa-kernel/src/main/java/org/apache/openjpa/kernel/TCleanState.java,1
1.0.3,openjpa-kernel/src/main/java/org/apache/openjpa/kernel/TDirtyState.java,1
1.0.3,openjpa-kernel/src/main/java/org/apache/openjpa/kernel/TimeSeededSeq.java,3
1.0.3,openjpa-kernel/src/main/java/org/apache/openjpa/kernel/TransferFieldManager.java,1
1.0.3,openjpa-kernel/src/main/java/org/apache/openjpa/kernel/UUIDHexSeq.java,4
1.0.3,openjpa-kernel/src/main/java/org/apache/openjpa/kernel/UUIDStringSeq.java,4
1.0.3,openjpa-kernel/src/main/java/org/apache/openjpa/kernel/VersionAttachStrategy.java,37
1.0.3,openjpa-kernel/src/main/java/org/apache/openjpa/kernel/VersionLockManager.java,6
1.0.3,openjpa-kernel/src/main/java/org/apache/openjpa/kernel/exps/Abs.java,9
1.0.3,openjpa-kernel/src/main/java/org/apache/openjpa/kernel/exps/AbstractExpressionBuilder.java,31
1.0.3,openjpa-kernel/src/main/java/org/apache/openjpa/kernel/exps/AbstractExpressionVisitor.java,4
1.0.3,openjpa-kernel/src/main/java/org/apache/openjpa/kernel/exps/Aggregate.java,8
1.0.3,openjpa-kernel/src/main/java/org/apache/openjpa/kernel/exps/AggregateListener.java,4
1.0.3,openjpa-kernel/src/main/java/org/apache/openjpa/kernel/exps/AggregateVal.java,3
1.0.3,openjpa-kernel/src/main/java/org/apache/openjpa/kernel/exps/All.java,1
1.0.3,openjpa-kernel/src/main/java/org/apache/openjpa/kernel/exps/Any.java,1
1.0.3,openjpa-kernel/src/main/java/org/apache/openjpa/kernel/exps/Args.java,10
1.0.3,openjpa-kernel/src/main/java/org/apache/openjpa/kernel/exps/Arguments.java,1
1.0.3,openjpa-kernel/src/main/java/org/apache/openjpa/kernel/exps/Avg.java,4
1.0.3,openjpa-kernel/src/main/java/org/apache/openjpa/kernel/exps/BindVariableAndExpression.java,5
1.0.3,openjpa-kernel/src/main/java/org/apache/openjpa/kernel/exps/BindVariableExpression.java,3
1.0.3,openjpa-kernel/src/main/java/org/apache/openjpa/kernel/exps/BoundVariable.java,2
1.0.3,openjpa-kernel/src/main/java/org/apache/openjpa/kernel/exps/CandidatePath.java,27
1.0.3,openjpa-kernel/src/main/java/org/apache/openjpa/kernel/exps/Cast.java,4
1.0.3,openjpa-kernel/src/main/java/org/apache/openjpa/kernel/exps/Concat.java,4
1.0.3,openjpa-kernel/src/main/java/org/apache/openjpa/kernel/exps/Constant.java,1
1.0.3,openjpa-kernel/src/main/java/org/apache/openjpa/kernel/exps/ContainsExpression.java,3
1.0.3,openjpa-kernel/src/main/java/org/apache/openjpa/kernel/exps/Count.java,3
1.0.3,openjpa-kernel/src/main/java/org/apache/openjpa/kernel/exps/CurrentDate.java,1
1.0.3,openjpa-kernel/src/main/java/org/apache/openjpa/kernel/exps/Distinct.java,2
1.0.3,openjpa-kernel/src/main/java/org/apache/openjpa/kernel/exps/EndsWithExpression.java,1
1.0.3,openjpa-kernel/src/main/java/org/apache/openjpa/kernel/exps/Exp.java,2
1.0.3,openjpa-kernel/src/main/java/org/apache/openjpa/kernel/exps/Expression.java,1
1.0.3,openjpa-kernel/src/main/java/org/apache/openjpa/kernel/exps/ExpressionFactory.java,65
1.0.3,openjpa-kernel/src/main/java/org/apache/openjpa/kernel/exps/ExpressionParser.java,5
1.0.3,openjpa-kernel/src/main/java/org/apache/openjpa/kernel/exps/ExpressionVisitor.java,4
1.0.3,openjpa-kernel/src/main/java/org/apache/openjpa/kernel/exps/Extension.java,10
1.0.3,openjpa-kernel/src/main/java/org/apache/openjpa/kernel/exps/FilterListener.java,5
1.0.3,openjpa-kernel/src/main/java/org/apache/openjpa/kernel/exps/GetMapValue.java,1
1.0.3,openjpa-kernel/src/main/java/org/apache/openjpa/kernel/exps/GetObjectId.java,1
1.0.3,openjpa-kernel/src/main/java/org/apache/openjpa/kernel/exps/GreaterThanEqualExpression.java,2
1.0.3,openjpa-kernel/src/main/java/org/apache/openjpa/kernel/exps/GreaterThanExpression.java,2
1.0.3,openjpa-kernel/src/main/java/org/apache/openjpa/kernel/exps/InMemoryExpressionFactory.java,50
1.0.3,openjpa-kernel/src/main/java/org/apache/openjpa/kernel/exps/IndexOf.java,2
1.0.3,openjpa-kernel/src/main/java/org/apache/openjpa/kernel/exps/IsEmptyExpression.java,9
1.0.3,openjpa-kernel/src/main/java/org/apache/openjpa/kernel/exps/LessThanEqualExpression.java,2
1.0.3,openjpa-kernel/src/main/java/org/apache/openjpa/kernel/exps/LessThanExpression.java,2
1.0.3,openjpa-kernel/src/main/java/org/apache/openjpa/kernel/exps/Literal.java,8
1.0.3,openjpa-kernel/src/main/java/org/apache/openjpa/kernel/exps/MatchesExpression.java,4
1.0.3,openjpa-kernel/src/main/java/org/apache/openjpa/kernel/exps/MathVal.java,1
1.0.3,openjpa-kernel/src/main/java/org/apache/openjpa/kernel/exps/Max.java,2
1.0.3,openjpa-kernel/src/main/java/org/apache/openjpa/kernel/exps/Min.java,2
1.0.3,openjpa-kernel/src/main/java/org/apache/openjpa/kernel/exps/Null.java,1
1.0.3,openjpa-kernel/src/main/java/org/apache/openjpa/kernel/exps/Parameter.java,2
1.0.3,openjpa-kernel/src/main/java/org/apache/openjpa/kernel/exps/Path.java,5
1.0.3,openjpa-kernel/src/main/java/org/apache/openjpa/kernel/exps/QueryExpressions.java,11
1.0.3,openjpa-kernel/src/main/java/org/apache/openjpa/kernel/exps/Resolver.java,4
1.0.3,openjpa-kernel/src/main/java/org/apache/openjpa/kernel/exps/Size.java,2
1.0.3,openjpa-kernel/src/main/java/org/apache/openjpa/kernel/exps/Sqrt.java,1
1.0.3,openjpa-kernel/src/main/java/org/apache/openjpa/kernel/exps/StartsWithExpression.java,1
1.0.3,openjpa-kernel/src/main/java/org/apache/openjpa/kernel/exps/StringContains.java,2
1.0.3,openjpa-kernel/src/main/java/org/apache/openjpa/kernel/exps/StringLength.java,2
1.0.3,openjpa-kernel/src/main/java/org/apache/openjpa/kernel/exps/SubQ.java,1
1.0.3,openjpa-kernel/src/main/java/org/apache/openjpa/kernel/exps/Subquery.java,2
1.0.3,openjpa-kernel/src/main/java/org/apache/openjpa/kernel/exps/Substring.java,1
1.0.3,openjpa-kernel/src/main/java/org/apache/openjpa/kernel/exps/Sum.java,4
1.0.3,openjpa-kernel/src/main/java/org/apache/openjpa/kernel/exps/This.java,1
1.0.3,openjpa-kernel/src/main/java/org/apache/openjpa/kernel/exps/ToLowerCase.java,1
1.0.3,openjpa-kernel/src/main/java/org/apache/openjpa/kernel/exps/ToUpperCase.java,1
1.0.3,openjpa-kernel/src/main/java/org/apache/openjpa/kernel/exps/Trim.java,4
1.0.3,openjpa-kernel/src/main/java/org/apache/openjpa/kernel/exps/UnaryMathVal.java,1
1.0.3,openjpa-kernel/src/main/java/org/apache/openjpa/kernel/exps/Val.java,4
1.0.3,openjpa-kernel/src/main/java/org/apache/openjpa/kernel/exps/Value.java,8
1.0.3,openjpa-kernel/src/main/java/org/apache/openjpa/kernel/exps/WildcardMatch.java,4
1.0.3,openjpa-kernel/src/main/java/org/apache/openjpa/kernel/jpql/JPQLExpressionBuilder.java,129
1.0.3,openjpa-kernel/src/main/java/org/apache/openjpa/kernel/jpql/JPQLParser.java,4
1.0.3,openjpa-kernel/src/main/java/org/apache/openjpa/kernel/jpql/ParseException.java,7
1.0.3,openjpa-kernel/src/main/java/org/apache/openjpa/meta/AbstractCFMetaDataFactory.java,120
1.0.3,openjpa-kernel/src/main/java/org/apache/openjpa/meta/AbstractMetaDataDefaults.java,28
1.0.3,openjpa-kernel/src/main/java/org/apache/openjpa/meta/AbstractMetaDataFactory.java,5
1.0.3,openjpa-kernel/src/main/java/org/apache/openjpa/meta/ClassMetaData.java,233
1.0.3,openjpa-kernel/src/main/java/org/apache/openjpa/meta/DelegatingMetaDataFactory.java,1
1.0.3,openjpa-kernel/src/main/java/org/apache/openjpa/meta/Extensions.java,41
1.0.3,openjpa-kernel/src/main/java/org/apache/openjpa/meta/FetchGroup.java,44
1.0.3,openjpa-kernel/src/main/java/org/apache/openjpa/meta/FieldMetaData.java,171
1.0.3,openjpa-kernel/src/main/java/org/apache/openjpa/meta/InMemoryRelatedFieldOrder.java,14
1.0.3,openjpa-kernel/src/main/java/org/apache/openjpa/meta/InMemoryValueOrder.java,22
1.0.3,openjpa-kernel/src/main/java/org/apache/openjpa/meta/InheritanceComparator.java,17
1.0.3,openjpa-kernel/src/main/java/org/apache/openjpa/meta/InterfaceImplGenerator.java,11
1.0.3,openjpa-kernel/src/main/java/org/apache/openjpa/meta/JavaTypes.java,79
1.0.3,openjpa-kernel/src/main/java/org/apache/openjpa/meta/LifecycleMetaData.java,17
1.0.3,openjpa-kernel/src/main/java/org/apache/openjpa/meta/MetaDataContext.java,1
1.0.3,openjpa-kernel/src/main/java/org/apache/openjpa/meta/MetaDataDefaults.java,10
1.0.3,openjpa-kernel/src/main/java/org/apache/openjpa/meta/MetaDataFactory.java,19
1.0.3,openjpa-kernel/src/main/java/org/apache/openjpa/meta/MetaDataInheritanceComparator.java,9
1.0.3,openjpa-kernel/src/main/java/org/apache/openjpa/meta/MetaDataModes.java,12
1.0.3,openjpa-kernel/src/main/java/org/apache/openjpa/meta/MetaDataRepository.java,186
1.0.3,openjpa-kernel/src/main/java/org/apache/openjpa/meta/MetaDataTool.java,29
1.0.3,openjpa-kernel/src/main/java/org/apache/openjpa/meta/NonPersistentMetaData.java,5
1.0.3,openjpa-kernel/src/main/java/org/apache/openjpa/meta/NoneMetaDataFactory.java,12
1.0.3,openjpa-kernel/src/main/java/org/apache/openjpa/meta/Order.java,4
1.0.3,openjpa-kernel/src/main/java/org/apache/openjpa/meta/ProxySetupStateManager.java,7
1.0.3,openjpa-kernel/src/main/java/org/apache/openjpa/meta/QueryMetaData.java,8
1.0.3,openjpa-kernel/src/main/java/org/apache/openjpa/meta/SequenceMetaData.java,16
1.0.3,openjpa-kernel/src/main/java/org/apache/openjpa/meta/UpdateStrategies.java,6
1.0.3,openjpa-kernel/src/main/java/org/apache/openjpa/meta/ValueMetaData.java,42
1.0.3,openjpa-kernel/src/main/java/org/apache/openjpa/meta/ValueMetaDataImpl.java,44
1.0.3,openjpa-kernel/src/main/java/org/apache/openjpa/meta/ValueStrategies.java,8
1.0.3,openjpa-kernel/src/main/java/org/apache/openjpa/meta/XMLClassMetaData.java,2
1.0.3,openjpa-kernel/src/main/java/org/apache/openjpa/meta/XMLFieldMetaData.java,5
1.0.3,openjpa-kernel/src/main/java/org/apache/openjpa/meta/XMLMetaData.java,21
1.0.3,openjpa-kernel/src/main/java/org/apache/openjpa/util/AbstractChangeTracker.java,19
1.0.3,openjpa-kernel/src/main/java/org/apache/openjpa/util/AbstractLRSProxyCollection.java,35
1.0.3,openjpa-kernel/src/main/java/org/apache/openjpa/util/AbstractLRSProxyMap.java,56
1.0.3,openjpa-kernel/src/main/java/org/apache/openjpa/util/ApplicationIds.java,64
1.0.3,openjpa-kernel/src/main/java/org/apache/openjpa/util/ArrayStateImage.java,6
1.0.3,openjpa-kernel/src/main/java/org/apache/openjpa/util/BigDecimalId.java,5
1.0.3,openjpa-kernel/src/main/java/org/apache/openjpa/util/BigIntegerId.java,5
1.0.3,openjpa-kernel/src/main/java/org/apache/openjpa/util/ByteId.java,2
1.0.3,openjpa-kernel/src/main/java/org/apache/openjpa/util/CacheMap.java,45
1.0.3,openjpa-kernel/src/main/java/org/apache/openjpa/util/ChangeTracker.java,8
1.0.3,openjpa-kernel/src/main/java/org/apache/openjpa/util/CharId.java,2
1.0.3,openjpa-kernel/src/main/java/org/apache/openjpa/util/ClassResolver.java,1
1.0.3,openjpa-kernel/src/main/java/org/apache/openjpa/util/ClassResolverImpl.java,6
1.0.3,openjpa-kernel/src/main/java/org/apache/openjpa/util/CollectionChangeTracker.java,2
1.0.3,openjpa-kernel/src/main/java/org/apache/openjpa/util/CollectionChangeTrackerImpl.java,9
1.0.3,openjpa-kernel/src/main/java/org/apache/openjpa/util/DateId.java,1
1.0.3,openjpa-kernel/src/main/java/org/apache/openjpa/util/DoubleId.java,2
1.0.3,openjpa-kernel/src/main/java/org/apache/openjpa/util/ExceptionInfo.java,13
1.0.3,openjpa-kernel/src/main/java/org/apache/openjpa/util/Exceptions.java,24
1.0.3,openjpa-kernel/src/main/java/org/apache/openjpa/util/FloatId.java,2
1.0.3,openjpa-kernel/src/main/java/org/apache/openjpa/util/GeneralException.java,1
1.0.3,openjpa-kernel/src/main/java/org/apache/openjpa/util/GeneratedClasses.java,10
1.0.3,openjpa-kernel/src/main/java/org/apache/openjpa/util/Id.java,9
1.0.3,openjpa-kernel/src/main/java/org/apache/openjpa/util/ImplHelper.java,23
1.0.3,openjpa-kernel/src/main/java/org/apache/openjpa/util/IntId.java,1
1.0.3,openjpa-kernel/src/main/java/org/apache/openjpa/util/LockException.java,2
1.0.3,openjpa-kernel/src/main/java/org/apache/openjpa/util/MapChangeTracker.java,5
1.0.3,openjpa-kernel/src/main/java/org/apache/openjpa/util/MapChangeTrackerImpl.java,14
1.0.3,openjpa-kernel/src/main/java/org/apache/openjpa/util/MultiLoaderClassResolver.java,3
1.0.3,openjpa-kernel/src/main/java/org/apache/openjpa/util/OpenJPAException.java,10
1.0.3,openjpa-kernel/src/main/java/org/apache/openjpa/util/OpenJPAId.java,11
1.0.3,openjpa-kernel/src/main/java/org/apache/openjpa/util/Proxies.java,5
1.0.3,openjpa-kernel/src/main/java/org/apache/openjpa/util/Proxy.java,5
1.0.3,openjpa-kernel/src/main/java/org/apache/openjpa/util/ProxyBean.java,1
1.0.3,openjpa-kernel/src/main/java/org/apache/openjpa/util/ProxyCalendar.java,2
1.0.3,openjpa-kernel/src/main/java/org/apache/openjpa/util/ProxyCollection.java,2
1.0.3,openjpa-kernel/src/main/java/org/apache/openjpa/util/ProxyCollections.java,40
1.0.3,openjpa-kernel/src/main/java/org/apache/openjpa/util/ProxyDate.java,1
1.0.3,openjpa-kernel/src/main/java/org/apache/openjpa/util/ProxyManager.java,11
1.0.3,openjpa-kernel/src/main/java/org/apache/openjpa/util/ProxyManagerImpl.java,125
1.0.3,openjpa-kernel/src/main/java/org/apache/openjpa/util/ProxyMap.java,3
1.0.3,openjpa-kernel/src/main/java/org/apache/openjpa/util/ProxyMaps.java,20
1.0.3,openjpa-kernel/src/main/java/org/apache/openjpa/util/RuntimeExceptionTranslator.java,1
1.0.3,openjpa-kernel/src/main/java/org/apache/openjpa/util/Serialization.java,12
1.0.3,openjpa-kernel/src/main/java/org/apache/openjpa/util/ShortId.java,2
1.0.3,openjpa-kernel/src/main/java/org/apache/openjpa/util/StoreFacadeTypeRegistry.java,6
1.0.3,openjpa-kernel/src/main/java/org/apache/openjpa/util/StringId.java,1
1.0.3,openjpa-kernel/src/main/java/org/apache/openjpa/util/UserException.java,1
1.0.3,openjpa-lib-5/src/main/java/org/apache/openjpa/lib/util/J2DoPriv5Helper.java,3
1.0.3,openjpa-lib/src/main/java/org/apache/openjpa/lib/ant/AbstractTask.java,14
1.0.3,openjpa-lib/src/main/java/org/apache/openjpa/lib/conf/AbstractProductDerivation.java,2
1.0.3,openjpa-lib/src/main/java/org/apache/openjpa/lib/conf/BooleanValue.java,3
1.0.3,openjpa-lib/src/main/java/org/apache/openjpa/lib/conf/Configurable.java,3
1.0.3,openjpa-lib/src/main/java/org/apache/openjpa/lib/conf/Configuration.java,33
1.0.3,openjpa-lib/src/main/java/org/apache/openjpa/lib/conf/ConfigurationImpl.java,105
1.0.3,openjpa-lib/src/main/java/org/apache/openjpa/lib/conf/ConfigurationProvider.java,4
1.0.3,openjpa-lib/src/main/java/org/apache/openjpa/lib/conf/Configurations.java,71
1.0.3,openjpa-lib/src/main/java/org/apache/openjpa/lib/conf/DoubleValue.java,5
1.0.3,openjpa-lib/src/main/java/org/apache/openjpa/lib/conf/FileValue.java,1
1.0.3,openjpa-lib/src/main/java/org/apache/openjpa/lib/conf/GenericConfigurable.java,1
1.0.3,openjpa-lib/src/main/java/org/apache/openjpa/lib/conf/IntValue.java,5
1.0.3,openjpa-lib/src/main/java/org/apache/openjpa/lib/conf/MapConfigurationProvider.java,6
1.0.3,openjpa-lib/src/main/java/org/apache/openjpa/lib/conf/ObjectValue.java,3
1.0.3,openjpa-lib/src/main/java/org/apache/openjpa/lib/conf/PluginListValue.java,14
1.0.3,openjpa-lib/src/main/java/org/apache/openjpa/lib/conf/PluginValue.java,6
1.0.3,openjpa-lib/src/main/java/org/apache/openjpa/lib/conf/ProductDerivation.java,13
1.0.3,openjpa-lib/src/main/java/org/apache/openjpa/lib/conf/ProductDerivations.java,41
1.0.3,openjpa-lib/src/main/java/org/apache/openjpa/lib/conf/StringListValue.java,9
1.0.3,openjpa-lib/src/main/java/org/apache/openjpa/lib/conf/StringValue.java,1
1.0.3,openjpa-lib/src/main/java/org/apache/openjpa/lib/conf/Value.java,23
1.0.3,openjpa-lib/src/main/java/org/apache/openjpa/lib/conf/ValueListener.java,1
1.0.3,openjpa-lib/src/main/java/org/apache/openjpa/lib/graph/BreadthFirstWalk.java,13
1.0.3,openjpa-lib/src/main/java/org/apache/openjpa/lib/graph/DepthFirstAnalysis.java,17
1.0.3,openjpa-lib/src/main/java/org/apache/openjpa/lib/graph/Edge.java,5
1.0.3,openjpa-lib/src/main/java/org/apache/openjpa/lib/graph/Graph.java,18
1.0.3,openjpa-lib/src/main/java/org/apache/openjpa/lib/graph/GraphVisitor.java,3
1.0.3,openjpa-lib/src/main/java/org/apache/openjpa/lib/jdbc/AbstractJDBCListener.java,1
1.0.3,openjpa-lib/src/main/java/org/apache/openjpa/lib/jdbc/ConfiguringConnectionDecorator.java,12
1.0.3,openjpa-lib/src/main/java/org/apache/openjpa/lib/jdbc/ConnectionDecorator.java,1
1.0.3,openjpa-lib/src/main/java/org/apache/openjpa/lib/jdbc/DataSourceLogs.java,8
1.0.3,openjpa-lib/src/main/java/org/apache/openjpa/lib/jdbc/DecoratingDataSource.java,5
1.0.3,openjpa-lib/src/main/java/org/apache/openjpa/lib/jdbc/DelegatingCallableStatement.java,167
1.0.3,openjpa-lib/src/main/java/org/apache/openjpa/lib/jdbc/DelegatingConnection.java,96
1.0.3,openjpa-lib/src/main/java/org/apache/openjpa/lib/jdbc/DelegatingDataSource.java,16
1.0.3,openjpa-lib/src/main/java/org/apache/openjpa/lib/jdbc/DelegatingDatabaseMetaData.java,170
1.0.3,openjpa-lib/src/main/java/org/apache/openjpa/lib/jdbc/DelegatingPreparedStatement.java,89
1.0.3,openjpa-lib/src/main/java/org/apache/openjpa/lib/jdbc/DelegatingResultSet.java,146
1.0.3,openjpa-lib/src/main/java/org/apache/openjpa/lib/jdbc/DelegatingStatement.java,50
1.0.3,openjpa-lib/src/main/java/org/apache/openjpa/lib/jdbc/JDBCEventConnectionDecorator.java,7
1.0.3,openjpa-lib/src/main/java/org/apache/openjpa/lib/jdbc/JDBCListener.java,12
1.0.3,openjpa-lib/src/main/java/org/apache/openjpa/lib/jdbc/LoggingConnectionDecorator.java,100
1.0.3,openjpa-lib/src/main/java/org/apache/openjpa/lib/jdbc/ReportingSQLException.java,6
1.0.3,openjpa-lib/src/main/java/org/apache/openjpa/lib/jdbc/SQLFormatter.java,17
1.0.3,openjpa-lib/src/main/java/org/apache/openjpa/lib/log/AbstractLog.java,11
1.0.3,openjpa-lib/src/main/java/org/apache/openjpa/lib/log/CommonsLogFactory.java,2
1.0.3,openjpa-lib/src/main/java/org/apache/openjpa/lib/log/Log.java,20
1.0.3,openjpa-lib/src/main/java/org/apache/openjpa/lib/log/Log4JLogFactory.java,1
1.0.3,openjpa-lib/src/main/java/org/apache/openjpa/lib/log/LogFactory.java,1
1.0.3,openjpa-lib/src/main/java/org/apache/openjpa/lib/log/LogFactoryImpl.java,13
1.0.3,openjpa-lib/src/main/java/org/apache/openjpa/lib/log/LogOutputStream.java,3
1.0.3,openjpa-lib/src/main/java/org/apache/openjpa/lib/log/MultiLogFactory.java,38
1.0.3,openjpa-lib/src/main/java/org/apache/openjpa/lib/log/NoneLogFactory.java,10
1.0.3,openjpa-lib/src/main/java/org/apache/openjpa/lib/meta/CFMetaDataParser.java,29
1.0.3,openjpa-lib/src/main/java/org/apache/openjpa/lib/meta/CFMetaDataSerializer.java,5
1.0.3,openjpa-lib/src/main/java/org/apache/openjpa/lib/meta/ClassAnnotationMetaDataFilter.java,13
1.0.3,openjpa-lib/src/main/java/org/apache/openjpa/lib/meta/ClassArgParser.java,67
1.0.3,openjpa-lib/src/main/java/org/apache/openjpa/lib/meta/ClassMetaDataIterator.java,15
1.0.3,openjpa-lib/src/main/java/org/apache/openjpa/lib/meta/ClasspathMetaDataIterator.java,8
1.0.3,openjpa-lib/src/main/java/org/apache/openjpa/lib/meta/FileMetaDataIterator.java,18
1.0.3,openjpa-lib/src/main/java/org/apache/openjpa/lib/meta/MetaDataFilter.java,4
1.0.3,openjpa-lib/src/main/java/org/apache/openjpa/lib/meta/MetaDataIterator.java,5
1.0.3,openjpa-lib/src/main/java/org/apache/openjpa/lib/meta/MetaDataIteratorChain.java,11
1.0.3,openjpa-lib/src/main/java/org/apache/openjpa/lib/meta/MetaDataParser.java,9
1.0.3,openjpa-lib/src/main/java/org/apache/openjpa/lib/meta/MetaDataSerializer.java,8
1.0.3,openjpa-lib/src/main/java/org/apache/openjpa/lib/meta/ResourceMetaDataIterator.java,6
1.0.3,openjpa-lib/src/main/java/org/apache/openjpa/lib/meta/SourceTracker.java,7
1.0.3,openjpa-lib/src/main/java/org/apache/openjpa/lib/meta/SourceTrackers.java,2
1.0.3,openjpa-lib/src/main/java/org/apache/openjpa/lib/meta/URLMetaDataIterator.java,7
1.0.3,openjpa-lib/src/main/java/org/apache/openjpa/lib/meta/XMLMetaDataParser.java,60
1.0.3,openjpa-lib/src/main/java/org/apache/openjpa/lib/meta/XMLMetaDataSerializer.java,27
1.0.3,openjpa-lib/src/main/java/org/apache/openjpa/lib/meta/ZipFileMetaDataIterator.java,12
1.0.3,openjpa-lib/src/main/java/org/apache/openjpa/lib/meta/ZipStreamMetaDataIterator.java,16
1.0.3,openjpa-lib/src/main/java/org/apache/openjpa/lib/rop/AbstractListIterator.java,3
1.0.3,openjpa-lib/src/main/java/org/apache/openjpa/lib/rop/AbstractNonSequentialResultList.java,16
1.0.3,openjpa-lib/src/main/java/org/apache/openjpa/lib/rop/AbstractResultList.java,1
1.0.3,openjpa-lib/src/main/java/org/apache/openjpa/lib/rop/AbstractSequentialResultList.java,13
1.0.3,openjpa-lib/src/main/java/org/apache/openjpa/lib/rop/EagerResultList.java,2
1.0.3,openjpa-lib/src/main/java/org/apache/openjpa/lib/rop/LazyForwardResultList.java,15
1.0.3,openjpa-lib/src/main/java/org/apache/openjpa/lib/rop/ListResultObjectProvider.java,3
1.0.3,openjpa-lib/src/main/java/org/apache/openjpa/lib/rop/MergedResultObjectProvider.java,15
1.0.3,openjpa-lib/src/main/java/org/apache/openjpa/lib/rop/RandomAccessResultList.java,16
1.0.3,openjpa-lib/src/main/java/org/apache/openjpa/lib/rop/RangeResultObjectProvider.java,9
1.0.3,openjpa-lib/src/main/java/org/apache/openjpa/lib/rop/ResultList.java,3
1.0.3,openjpa-lib/src/main/java/org/apache/openjpa/lib/rop/ResultListIterator.java,3
1.0.3,openjpa-lib/src/main/java/org/apache/openjpa/lib/rop/ResultObjectProvider.java,9
1.0.3,openjpa-lib/src/main/java/org/apache/openjpa/lib/rop/ResultObjectProviderIterator.java,8
1.0.3,openjpa-lib/src/main/java/org/apache/openjpa/lib/rop/SimpleResultList.java,5
1.0.3,openjpa-lib/src/main/java/org/apache/openjpa/lib/rop/WindowResultList.java,11
1.0.3,openjpa-lib/src/main/java/org/apache/openjpa/lib/util/Base16Encoder.java,9
1.0.3,openjpa-lib/src/main/java/org/apache/openjpa/lib/util/BytecodeWriter.java,1
1.0.3,openjpa-lib/src/main/java/org/apache/openjpa/lib/util/Bytes.java,11
1.0.3,openjpa-lib/src/main/java/org/apache/openjpa/lib/util/Closeable.java,1
1.0.3,openjpa-lib/src/main/java/org/apache/openjpa/lib/util/CodeFormat.java,31
1.0.3,openjpa-lib/src/main/java/org/apache/openjpa/lib/util/EventManager.java,6
1.0.3,openjpa-lib/src/main/java/org/apache/openjpa/lib/util/Files.java,35
1.0.3,openjpa-lib/src/main/java/org/apache/openjpa/lib/util/FormatPreservingProperties.java,69
1.0.3,openjpa-lib/src/main/java/org/apache/openjpa/lib/util/J2DoPrivHelper.java,54
1.0.3,openjpa-lib/src/main/java/org/apache/openjpa/lib/util/JavaVersions.java,28
1.0.3,openjpa-lib/src/main/java/org/apache/openjpa/lib/util/LRUMap.java,3
1.0.3,openjpa-lib/src/main/java/org/apache/openjpa/lib/util/Localizer.java,7
1.0.3,openjpa-lib/src/main/java/org/apache/openjpa/lib/util/MultiClassLoader.java,30
1.0.3,openjpa-lib/src/main/java/org/apache/openjpa/lib/util/Options.java,74
1.0.3,openjpa-lib/src/main/java/org/apache/openjpa/lib/util/ParameterTemplate.java,11
1.0.3,openjpa-lib/src/main/java/org/apache/openjpa/lib/util/ParseException.java,1
1.0.3,openjpa-lib/src/main/java/org/apache/openjpa/lib/util/ReferenceHashMap.java,17
1.0.3,openjpa-lib/src/main/java/org/apache/openjpa/lib/util/ReferenceHashSet.java,15
1.0.3,openjpa-lib/src/main/java/org/apache/openjpa/lib/util/ReferenceMap.java,6
1.0.3,openjpa-lib/src/main/java/org/apache/openjpa/lib/util/ResourceBundleProvider.java,1
1.0.3,openjpa-lib/src/main/java/org/apache/openjpa/lib/util/Services.java,22
1.0.3,openjpa-lib/src/main/java/org/apache/openjpa/lib/util/SimpleRegex.java,12
1.0.3,openjpa-lib/src/main/java/org/apache/openjpa/lib/util/SimpleResourceBundleProvider.java,4
1.0.3,openjpa-lib/src/main/java/org/apache/openjpa/lib/util/SizedMap.java,4
1.0.3,openjpa-lib/src/main/java/org/apache/openjpa/lib/util/StreamResourceBundleProvider.java,3
1.0.3,openjpa-lib/src/main/java/org/apache/openjpa/lib/util/StringDistance.java,17
1.0.3,openjpa-lib/src/main/java/org/apache/openjpa/lib/util/TemporaryClassLoader.java,12
1.0.3,openjpa-lib/src/main/java/org/apache/openjpa/lib/util/TypedProperties.java,9
1.0.3,openjpa-lib/src/main/java/org/apache/openjpa/lib/util/UUIDGenerator.java,2
1.0.3,openjpa-lib/src/main/java/org/apache/openjpa/lib/util/ZipResourceBundleProvider.java,7
1.0.3,openjpa-lib/src/main/java/org/apache/openjpa/lib/util/concurrent/AbstractCollection.java,2
1.0.3,openjpa-lib/src/main/java/org/apache/openjpa/lib/util/concurrent/AbstractConcurrentEventManager.java,7
1.0.3,openjpa-lib/src/main/java/org/apache/openjpa/lib/util/concurrent/AbstractQueue.java,13
1.0.3,openjpa-lib/src/main/java/org/apache/openjpa/lib/util/concurrent/AbstractSet.java,2
1.0.3,openjpa-lib/src/main/java/org/apache/openjpa/lib/util/concurrent/Arrays.java,87
1.0.3,openjpa-lib/src/main/java/org/apache/openjpa/lib/util/concurrent/ConcurrentHashMap.java,100
1.0.3,openjpa-lib/src/main/java/org/apache/openjpa/lib/util/concurrent/ConcurrentHashSet.java,14
1.0.3,openjpa-lib/src/main/java/org/apache/openjpa/lib/util/concurrent/ConcurrentLinkedQueue.java,48
1.0.3,openjpa-lib/src/main/java/org/apache/openjpa/lib/util/concurrent/ConcurrentMap.java,2
1.0.3,openjpa-lib/src/main/java/org/apache/openjpa/lib/util/concurrent/ConcurrentReferenceHashMap.java,146
1.0.3,openjpa-lib/src/main/java/org/apache/openjpa/lib/util/concurrent/ConcurrentReferenceHashSet.java,15
1.0.3,openjpa-lib/src/main/java/org/apache/openjpa/lib/util/concurrent/CondVar.java,18
1.0.3,openjpa-lib/src/main/java/org/apache/openjpa/lib/util/concurrent/CopyOnWriteArrayList.java,159
1.0.3,openjpa-lib/src/main/java/org/apache/openjpa/lib/util/concurrent/CopyOnWriteArraySet.java,9
1.0.3,openjpa-lib/src/main/java/org/apache/openjpa/lib/util/concurrent/FIFOCondVar.java,13
1.0.3,openjpa-lib/src/main/java/org/apache/openjpa/lib/util/concurrent/FIFOWaitQueue.java,8
1.0.3,openjpa-lib/src/main/java/org/apache/openjpa/lib/util/concurrent/Queue.java,1
1.0.3,openjpa-lib/src/main/java/org/apache/openjpa/lib/util/concurrent/ReentrantLock.java,61
1.0.3,openjpa-lib/src/main/java/org/apache/openjpa/lib/util/concurrent/TimeUnit.java,67
1.0.3,openjpa-lib/src/main/java/org/apache/openjpa/lib/util/concurrent/Utils.java,12
1.0.3,openjpa-lib/src/main/java/org/apache/openjpa/lib/util/concurrent/WaitQueue.java,7
1.0.3,openjpa-lib/src/main/java/org/apache/openjpa/lib/xml/Commentable.java,3
1.0.3,openjpa-lib/src/main/java/org/apache/openjpa/lib/xml/DocTypeReader.java,26
1.0.3,openjpa-lib/src/main/java/org/apache/openjpa/lib/xml/Location.java,1
1.0.3,openjpa-lib/src/main/java/org/apache/openjpa/lib/xml/ValidatingErrorHandler.java,3
1.0.3,openjpa-lib/src/main/java/org/apache/openjpa/lib/xml/XMLFactory.java,5
1.0.3,openjpa-lib/src/main/java/org/apache/openjpa/lib/xml/XMLWriter.java,11
1.0.3,openjpa-persistence-jdbc/src/main/java/org/apache/openjpa/persistence/jdbc/AnnotationPersistenceMappingParser.java,111
1.0.3,openjpa-persistence-jdbc/src/main/java/org/apache/openjpa/persistence/jdbc/AnnotationPersistenceMappingSerializer.java,85
1.0.3,openjpa-persistence-jdbc/src/main/java/org/apache/openjpa/persistence/jdbc/EmbeddedMapping.java,2
1.0.3,openjpa-persistence-jdbc/src/main/java/org/apache/openjpa/persistence/jdbc/FetchDirection.java,1
1.0.3,openjpa-persistence-jdbc/src/main/java/org/apache/openjpa/persistence/jdbc/FetchMode.java,1
1.0.3,openjpa-persistence-jdbc/src/main/java/org/apache/openjpa/persistence/jdbc/IsolationLevel.java,1
1.0.3,openjpa-persistence-jdbc/src/main/java/org/apache/openjpa/persistence/jdbc/JDBCFetchPlan.java,41
1.0.3,openjpa-persistence-jdbc/src/main/java/org/apache/openjpa/persistence/jdbc/JDBCPersistenceProductDerivation.java,4
1.0.3,openjpa-persistence-jdbc/src/main/java/org/apache/openjpa/persistence/jdbc/JoinSyntax.java,1
1.0.3,openjpa-persistence-jdbc/src/main/java/org/apache/openjpa/persistence/jdbc/LRSSizeAlgorithm.java,1
1.0.3,openjpa-persistence-jdbc/src/main/java/org/apache/openjpa/persistence/jdbc/PersistenceMappingDefaults.java,18
1.0.3,openjpa-persistence-jdbc/src/main/java/org/apache/openjpa/persistence/jdbc/PersistenceMappingFactory.java,2
1.0.3,openjpa-persistence-jdbc/src/main/java/org/apache/openjpa/persistence/jdbc/ResultSetType.java,1
1.0.3,openjpa-persistence-jdbc/src/main/java/org/apache/openjpa/persistence/jdbc/XMLPersistenceMappingParser.java,66
1.0.3,openjpa-persistence-jdbc/src/main/java/org/apache/openjpa/persistence/jdbc/XMLPersistenceMappingSerializer.java,81
1.0.3,openjpa-persistence/src/main/java/org/apache/openjpa/persistence/AnnotationBuilder.java,15
1.0.3,openjpa-persistence/src/main/java/org/apache/openjpa/persistence/AnnotationPersistenceMetaDataParser.java,210
1.0.3,openjpa-persistence/src/main/java/org/apache/openjpa/persistence/AnnotationPersistenceMetaDataSerializer.java,200
1.0.3,openjpa-persistence/src/main/java/org/apache/openjpa/persistence/AnnotationPersistenceXMLMetaDataParser.java,15
1.0.3,openjpa-persistence/src/main/java/org/apache/openjpa/persistence/ArgumentException.java,5
1.0.3,openjpa-persistence/src/main/java/org/apache/openjpa/persistence/AutoClearType.java,1
1.0.3,openjpa-persistence/src/main/java/org/apache/openjpa/persistence/AutoDetachType.java,9
1.0.3,openjpa-persistence/src/main/java/org/apache/openjpa/persistence/CallbackMode.java,10
1.0.3,openjpa-persistence/src/main/java/org/apache/openjpa/persistence/ConnectionRetainMode.java,1
1.0.3,openjpa-persistence/src/main/java/org/apache/openjpa/persistence/DetachStateType.java,1
1.0.3,openjpa-persistence/src/main/java/org/apache/openjpa/persistence/EntityExistsException.java,1
1.0.3,openjpa-persistence/src/main/java/org/apache/openjpa/persistence/EntityManagerFactoryImpl.java,29
1.0.3,openjpa-persistence/src/main/java/org/apache/openjpa/persistence/EntityManagerFactoryValue.java,1
1.0.3,openjpa-persistence/src/main/java/org/apache/openjpa/persistence/EntityManagerImpl.java,47
1.0.3,openjpa-persistence/src/main/java/org/apache/openjpa/persistence/EntityNotFoundException.java,1
1.0.3,openjpa-persistence/src/main/java/org/apache/openjpa/persistence/Extent.java,8
1.0.3,openjpa-persistence/src/main/java/org/apache/openjpa/persistence/ExtentImpl.java,6
1.0.3,openjpa-persistence/src/main/java/org/apache/openjpa/persistence/FetchPlan.java,41
1.0.3,openjpa-persistence/src/main/java/org/apache/openjpa/persistence/FetchPlanImpl.java,8
1.0.3,openjpa-persistence/src/main/java/org/apache/openjpa/persistence/Generator.java,6
1.0.3,openjpa-persistence/src/main/java/org/apache/openjpa/persistence/GeneratorImpl.java,5
1.0.3,openjpa-persistence/src/main/java/org/apache/openjpa/persistence/InvalidStateException.java,5
1.0.3,openjpa-persistence/src/main/java/org/apache/openjpa/persistence/JPAFacadeHelper.java,43
1.0.3,openjpa-persistence/src/main/java/org/apache/openjpa/persistence/MetaDataParsers.java,8
1.0.3,openjpa-persistence/src/main/java/org/apache/openjpa/persistence/NoResultException.java,1
1.0.3,openjpa-persistence/src/main/java/org/apache/openjpa/persistence/NonUniqueResultException.java,1
1.0.3,openjpa-persistence/src/main/java/org/apache/openjpa/persistence/OpenJPAEntityManager.java,127
1.0.3,openjpa-persistence/src/main/java/org/apache/openjpa/persistence/OpenJPAEntityManagerFactory.java,8
1.0.3,openjpa-persistence/src/main/java/org/apache/openjpa/persistence/OpenJPAEntityManagerFactorySPI.java,7
1.0.3,openjpa-persistence/src/main/java/org/apache/openjpa/persistence/OpenJPAEntityManagerSPI.java,16
1.0.3,openjpa-persistence/src/main/java/org/apache/openjpa/persistence/OpenJPAEntityTransaction.java,4
1.0.3,openjpa-persistence/src/main/java/org/apache/openjpa/persistence/OpenJPAPersistence.java,6
1.0.3,openjpa-persistence/src/main/java/org/apache/openjpa/persistence/OpenJPAQuery.java,35
1.0.3,openjpa-persistence/src/main/java/org/apache/openjpa/persistence/OpenJPAQuerySPI.java,4
1.0.3,openjpa-persistence/src/main/java/org/apache/openjpa/persistence/OptimisticLockException.java,1
1.0.3,openjpa-persistence/src/main/java/org/apache/openjpa/persistence/PersistenceException.java,1
1.0.3,openjpa-persistence/src/main/java/org/apache/openjpa/persistence/PersistenceExceptions.java,13
1.0.3,openjpa-persistence/src/main/java/org/apache/openjpa/persistence/PersistenceListenerAdapter.java,8
1.0.3,openjpa-persistence/src/main/java/org/apache/openjpa/persistence/PersistenceMetaDataDefaults.java,30
1.0.3,openjpa-persistence/src/main/java/org/apache/openjpa/persistence/PersistenceMetaDataFactory.java,43
1.0.3,openjpa-persistence/src/main/java/org/apache/openjpa/persistence/PersistenceProductDerivation.java,42
1.0.3,openjpa-persistence/src/main/java/org/apache/openjpa/persistence/PersistenceProviderImpl.java,5
1.0.3,openjpa-persistence/src/main/java/org/apache/openjpa/persistence/PersistenceUnitInfoImpl.java,34
1.0.3,openjpa-persistence/src/main/java/org/apache/openjpa/persistence/QueryImpl.java,52
1.0.3,openjpa-persistence/src/main/java/org/apache/openjpa/persistence/QueryOperationType.java,1
1.0.3,openjpa-persistence/src/main/java/org/apache/openjpa/persistence/QueryResultCache.java,6
1.0.3,openjpa-persistence/src/main/java/org/apache/openjpa/persistence/QueryResultCacheImpl.java,9
1.0.3,openjpa-persistence/src/main/java/org/apache/openjpa/persistence/RestoreStateType.java,1
1.0.3,openjpa-persistence/src/main/java/org/apache/openjpa/persistence/RollbackException.java,1
1.0.3,openjpa-persistence/src/main/java/org/apache/openjpa/persistence/StoreCache.java,14
1.0.3,openjpa-persistence/src/main/java/org/apache/openjpa/persistence/StoreCacheImpl.java,14
1.0.3,openjpa-persistence/src/main/java/org/apache/openjpa/persistence/TransactionRequiredException.java,1
1.0.3,openjpa-persistence/src/main/java/org/apache/openjpa/persistence/XMLPersistenceMetaDataParser.java,153
1.0.3,openjpa-persistence/src/main/java/org/apache/openjpa/persistence/XMLPersistenceMetaDataSerializer.java,191
1.0.3,openjpa-xmlstore/src/main/java/org/apache/openjpa/xmlstore/ObjectData.java,26
1.0.3,openjpa-xmlstore/src/main/java/org/apache/openjpa/xmlstore/XMLConfiguration.java,2
1.0.3,openjpa-xmlstore/src/main/java/org/apache/openjpa/xmlstore/XMLFileHandler.java,48
1.0.3,openjpa-xmlstore/src/main/java/org/apache/openjpa/xmlstore/XMLStore.java,10
1.0.3,openjpa-xmlstore/src/main/java/org/apache/openjpa/xmlstore/XMLStoreManager.java,20
1.1.0,openjpa-examples/src/main/java/hellojpa/Main.java,2
1.1.0,openjpa-examples/src/main/java/hellojpa/Message.java,2
1.1.0,openjpa-examples/src/main/java/relations/Deity.java,5
1.1.0,openjpa-examples/src/main/java/relations/Main.java,15
1.1.0,openjpa-examples/src/main/java/reversemapping/Main.java,2
1.1.0,openjpa-jdbc/src/main/java/org/apache/openjpa/jdbc/ant/MappingToolTask.java,4
1.1.0,openjpa-jdbc/src/main/java/org/apache/openjpa/jdbc/ant/ReverseMappingToolTask.java,4
1.1.0,openjpa-jdbc/src/main/java/org/apache/openjpa/jdbc/ant/SchemaToolTask.java,2
1.1.0,openjpa-jdbc/src/main/java/org/apache/openjpa/jdbc/conf/JDBCConfiguration.java,72
1.1.0,openjpa-jdbc/src/main/java/org/apache/openjpa/jdbc/conf/JDBCConfigurationImpl.java,34
1.1.0,openjpa-jdbc/src/main/java/org/apache/openjpa/jdbc/conf/MappingFactoryValue.java,11
1.1.0,openjpa-jdbc/src/main/java/org/apache/openjpa/jdbc/conf/MappingRepositoryValue.java,1
1.1.0,openjpa-jdbc/src/main/java/org/apache/openjpa/jdbc/kernel/AbstractJDBCSavepointManager.java,3
1.1.0,openjpa-jdbc/src/main/java/org/apache/openjpa/jdbc/kernel/AbstractJDBCSeq.java,10
1.1.0,openjpa-jdbc/src/main/java/org/apache/openjpa/jdbc/kernel/AbstractUpdateManager.java,39
1.1.0,openjpa-jdbc/src/main/java/org/apache/openjpa/jdbc/kernel/BatchingPreparedStatementManagerImpl.java,14
1.1.0,openjpa-jdbc/src/main/java/org/apache/openjpa/jdbc/kernel/ClassTableJDBCSeq.java,18
1.1.0,openjpa-jdbc/src/main/java/org/apache/openjpa/jdbc/kernel/ConstraintUpdateManager.java,34
1.1.0,openjpa-jdbc/src/main/java/org/apache/openjpa/jdbc/kernel/EagerFetchModes.java,6
1.1.0,openjpa-jdbc/src/main/java/org/apache/openjpa/jdbc/kernel/GenericResultObjectProvider.java,6
1.1.0,openjpa-jdbc/src/main/java/org/apache/openjpa/jdbc/kernel/InstanceResultObjectProvider.java,1
1.1.0,openjpa-jdbc/src/main/java/org/apache/openjpa/jdbc/kernel/JDBC3SavepointManager.java,2
1.1.0,openjpa-jdbc/src/main/java/org/apache/openjpa/jdbc/kernel/JDBCBrokerFactory.java,7
1.1.0,openjpa-jdbc/src/main/java/org/apache/openjpa/jdbc/kernel/JDBCFetchConfiguration.java,27
1.1.0,openjpa-jdbc/src/main/java/org/apache/openjpa/jdbc/kernel/JDBCFetchConfigurationImpl.java,39
1.1.0,openjpa-jdbc/src/main/java/org/apache/openjpa/jdbc/kernel/JDBCLockManager.java,2
1.1.0,openjpa-jdbc/src/main/java/org/apache/openjpa/jdbc/kernel/JDBCSeq.java,1
1.1.0,openjpa-jdbc/src/main/java/org/apache/openjpa/jdbc/kernel/JDBCStore.java,10
1.1.0,openjpa-jdbc/src/main/java/org/apache/openjpa/jdbc/kernel/JDBCStoreManager.java,134
1.1.0,openjpa-jdbc/src/main/java/org/apache/openjpa/jdbc/kernel/JDBCStoreQuery.java,67
1.1.0,openjpa-jdbc/src/main/java/org/apache/openjpa/jdbc/kernel/LRSSizes.java,6
1.1.0,openjpa-jdbc/src/main/java/org/apache/openjpa/jdbc/kernel/MappedQueryResultObjectProvider.java,41
1.1.0,openjpa-jdbc/src/main/java/org/apache/openjpa/jdbc/kernel/NativeJDBCSeq.java,21
1.1.0,openjpa-jdbc/src/main/java/org/apache/openjpa/jdbc/kernel/OperationOrderUpdateManager.java,18
1.1.0,openjpa-jdbc/src/main/java/org/apache/openjpa/jdbc/kernel/PagingResultObjectProvider.java,48
1.1.0,openjpa-jdbc/src/main/java/org/apache/openjpa/jdbc/kernel/PessimisticLockManager.java,16
1.1.0,openjpa-jdbc/src/main/java/org/apache/openjpa/jdbc/kernel/PreparedStatementManager.java,3
1.1.0,openjpa-jdbc/src/main/java/org/apache/openjpa/jdbc/kernel/PreparedStatementManagerImpl.java,8
1.1.0,openjpa-jdbc/src/main/java/org/apache/openjpa/jdbc/kernel/ProjectionResultObjectProvider.java,1
1.1.0,openjpa-jdbc/src/main/java/org/apache/openjpa/jdbc/kernel/SQLProjectionResultObjectProvider.java,7
1.1.0,openjpa-jdbc/src/main/java/org/apache/openjpa/jdbc/kernel/SQLStoreQuery.java,29
1.1.0,openjpa-jdbc/src/main/java/org/apache/openjpa/jdbc/kernel/SelectResultObjectProvider.java,7
1.1.0,openjpa-jdbc/src/main/java/org/apache/openjpa/jdbc/kernel/TableJDBCSeq.java,54
1.1.0,openjpa-jdbc/src/main/java/org/apache/openjpa/jdbc/kernel/UpdateManager.java,2
1.1.0,openjpa-jdbc/src/main/java/org/apache/openjpa/jdbc/kernel/ValueTableJDBCSeq.java,10
1.1.0,openjpa-jdbc/src/main/java/org/apache/openjpa/jdbc/kernel/exps/Abs.java,1
1.1.0,openjpa-jdbc/src/main/java/org/apache/openjpa/jdbc/kernel/exps/Aggregate.java,11
1.1.0,openjpa-jdbc/src/main/java/org/apache/openjpa/jdbc/kernel/exps/AndExpression.java,4
1.1.0,openjpa-jdbc/src/main/java/org/apache/openjpa/jdbc/kernel/exps/Args.java,22
1.1.0,openjpa-jdbc/src/main/java/org/apache/openjpa/jdbc/kernel/exps/BinaryOpExpState.java,1
1.1.0,openjpa-jdbc/src/main/java/org/apache/openjpa/jdbc/kernel/exps/BindVariableAndExpression.java,2
1.1.0,openjpa-jdbc/src/main/java/org/apache/openjpa/jdbc/kernel/exps/BindVariableExpression.java,2
1.1.0,openjpa-jdbc/src/main/java/org/apache/openjpa/jdbc/kernel/exps/CompareEqualExpression.java,5
1.1.0,openjpa-jdbc/src/main/java/org/apache/openjpa/jdbc/kernel/exps/CompareExpression.java,1
1.1.0,openjpa-jdbc/src/main/java/org/apache/openjpa/jdbc/kernel/exps/Concat.java,2
1.1.0,openjpa-jdbc/src/main/java/org/apache/openjpa/jdbc/kernel/exps/Const.java,20
1.1.0,openjpa-jdbc/src/main/java/org/apache/openjpa/jdbc/kernel/exps/ConstGetObjectId.java,7
1.1.0,openjpa-jdbc/src/main/java/org/apache/openjpa/jdbc/kernel/exps/ConstInstanceofExpression.java,2
1.1.0,openjpa-jdbc/src/main/java/org/apache/openjpa/jdbc/kernel/exps/ConstPath.java,15
1.1.0,openjpa-jdbc/src/main/java/org/apache/openjpa/jdbc/kernel/exps/ContainsExpression.java,2
1.1.0,openjpa-jdbc/src/main/java/org/apache/openjpa/jdbc/kernel/exps/ContainsKeyExpression.java,1
1.1.0,openjpa-jdbc/src/main/java/org/apache/openjpa/jdbc/kernel/exps/CurrentDate.java,1
1.1.0,openjpa-jdbc/src/main/java/org/apache/openjpa/jdbc/kernel/exps/EmptyExpression.java,2
1.1.0,openjpa-jdbc/src/main/java/org/apache/openjpa/jdbc/kernel/exps/EndsWithExpression.java,3
1.1.0,openjpa-jdbc/src/main/java/org/apache/openjpa/jdbc/kernel/exps/EqualExpression.java,7
1.1.0,openjpa-jdbc/src/main/java/org/apache/openjpa/jdbc/kernel/exps/Exp.java,3
1.1.0,openjpa-jdbc/src/main/java/org/apache/openjpa/jdbc/kernel/exps/ExpContext.java,1
1.1.0,openjpa-jdbc/src/main/java/org/apache/openjpa/jdbc/kernel/exps/ExpState.java,1
1.1.0,openjpa-jdbc/src/main/java/org/apache/openjpa/jdbc/kernel/exps/Extension.java,15
1.1.0,openjpa-jdbc/src/main/java/org/apache/openjpa/jdbc/kernel/exps/FilterValue.java,15
1.1.0,openjpa-jdbc/src/main/java/org/apache/openjpa/jdbc/kernel/exps/FilterValueImpl.java,6
1.1.0,openjpa-jdbc/src/main/java/org/apache/openjpa/jdbc/kernel/exps/GetColumn.java,2
1.1.0,openjpa-jdbc/src/main/java/org/apache/openjpa/jdbc/kernel/exps/GetMapValue.java,8
1.1.0,openjpa-jdbc/src/main/java/org/apache/openjpa/jdbc/kernel/exps/GetObjectId.java,7
1.1.0,openjpa-jdbc/src/main/java/org/apache/openjpa/jdbc/kernel/exps/HasContainsExpressionVisitor.java,2
1.1.0,openjpa-jdbc/src/main/java/org/apache/openjpa/jdbc/kernel/exps/InExpression.java,18
1.1.0,openjpa-jdbc/src/main/java/org/apache/openjpa/jdbc/kernel/exps/IndexOf.java,2
1.1.0,openjpa-jdbc/src/main/java/org/apache/openjpa/jdbc/kernel/exps/InstanceofExpression.java,9
1.1.0,openjpa-jdbc/src/main/java/org/apache/openjpa/jdbc/kernel/exps/JDBCAggregateListener.java,1
1.1.0,openjpa-jdbc/src/main/java/org/apache/openjpa/jdbc/kernel/exps/JDBCExpressionFactory.java,14
1.1.0,openjpa-jdbc/src/main/java/org/apache/openjpa/jdbc/kernel/exps/JDBCFilterListener.java,1
1.1.0,openjpa-jdbc/src/main/java/org/apache/openjpa/jdbc/kernel/exps/JDBCPath.java,1
1.1.0,openjpa-jdbc/src/main/java/org/apache/openjpa/jdbc/kernel/exps/JDBCStringContains.java,3
1.1.0,openjpa-jdbc/src/main/java/org/apache/openjpa/jdbc/kernel/exps/JDBCWildcardMatch.java,2
1.1.0,openjpa-jdbc/src/main/java/org/apache/openjpa/jdbc/kernel/exps/Lit.java,4
1.1.0,openjpa-jdbc/src/main/java/org/apache/openjpa/jdbc/kernel/exps/MatchesExpression.java,9
1.1.0,openjpa-jdbc/src/main/java/org/apache/openjpa/jdbc/kernel/exps/Math.java,1
1.1.0,openjpa-jdbc/src/main/java/org/apache/openjpa/jdbc/kernel/exps/NotContainsExpression.java,1
1.1.0,openjpa-jdbc/src/main/java/org/apache/openjpa/jdbc/kernel/exps/NotEqualExpression.java,7
1.1.0,openjpa-jdbc/src/main/java/org/apache/openjpa/jdbc/kernel/exps/Null.java,2
1.1.0,openjpa-jdbc/src/main/java/org/apache/openjpa/jdbc/kernel/exps/OrExpression.java,7
1.1.0,openjpa-jdbc/src/main/java/org/apache/openjpa/jdbc/kernel/exps/PCPath.java,96
1.1.0,openjpa-jdbc/src/main/java/org/apache/openjpa/jdbc/kernel/exps/Param.java,3
1.1.0,openjpa-jdbc/src/main/java/org/apache/openjpa/jdbc/kernel/exps/SQLEmbed.java,1
1.1.0,openjpa-jdbc/src/main/java/org/apache/openjpa/jdbc/kernel/exps/SelectConstructor.java,19
1.1.0,openjpa-jdbc/src/main/java/org/apache/openjpa/jdbc/kernel/exps/StartsWithExpression.java,3
1.1.0,openjpa-jdbc/src/main/java/org/apache/openjpa/jdbc/kernel/exps/StringFunction.java,1
1.1.0,openjpa-jdbc/src/main/java/org/apache/openjpa/jdbc/kernel/exps/StringLength.java,1
1.1.0,openjpa-jdbc/src/main/java/org/apache/openjpa/jdbc/kernel/exps/SubQ.java,16
1.1.0,openjpa-jdbc/src/main/java/org/apache/openjpa/jdbc/kernel/exps/Substring.java,2
1.1.0,openjpa-jdbc/src/main/java/org/apache/openjpa/jdbc/kernel/exps/Sum.java,1
1.1.0,openjpa-jdbc/src/main/java/org/apache/openjpa/jdbc/kernel/exps/Trim.java,9
1.1.0,openjpa-jdbc/src/main/java/org/apache/openjpa/jdbc/kernel/exps/UnaryOp.java,2
1.1.0,openjpa-jdbc/src/main/java/org/apache/openjpa/jdbc/kernel/exps/Val.java,18
1.1.0,openjpa-jdbc/src/main/java/org/apache/openjpa/jdbc/kernel/exps/Variable.java,14
1.1.0,openjpa-jdbc/src/main/java/org/apache/openjpa/jdbc/meta/ClassMapping.java,79
1.1.0,openjpa-jdbc/src/main/java/org/apache/openjpa/jdbc/meta/ClassMappingInfo.java,27
1.1.0,openjpa-jdbc/src/main/java/org/apache/openjpa/jdbc/meta/ClassStrategy.java,7
1.1.0,openjpa-jdbc/src/main/java/org/apache/openjpa/jdbc/meta/DelegatingJoinable.java,5
1.1.0,openjpa-jdbc/src/main/java/org/apache/openjpa/jdbc/meta/Discriminator.java,21
1.1.0,openjpa-jdbc/src/main/java/org/apache/openjpa/jdbc/meta/DiscriminatorMappingInfo.java,13
1.1.0,openjpa-jdbc/src/main/java/org/apache/openjpa/jdbc/meta/DiscriminatorStrategy.java,6
1.1.0,openjpa-jdbc/src/main/java/org/apache/openjpa/jdbc/meta/Embeddable.java,7
1.1.0,openjpa-jdbc/src/main/java/org/apache/openjpa/jdbc/meta/FieldMapping.java,45
1.1.0,openjpa-jdbc/src/main/java/org/apache/openjpa/jdbc/meta/FieldMappingInfo.java,24
1.1.0,openjpa-jdbc/src/main/java/org/apache/openjpa/jdbc/meta/FieldStrategy.java,25
1.1.0,openjpa-jdbc/src/main/java/org/apache/openjpa/jdbc/meta/JDBCColumnOrder.java,1
1.1.0,openjpa-jdbc/src/main/java/org/apache/openjpa/jdbc/meta/JDBCOrder.java,2
1.1.0,openjpa-jdbc/src/main/java/org/apache/openjpa/jdbc/meta/JDBCRelatedFieldOrder.java,1
1.1.0,openjpa-jdbc/src/main/java/org/apache/openjpa/jdbc/meta/JDBCValueOrder.java,2
1.1.0,openjpa-jdbc/src/main/java/org/apache/openjpa/jdbc/meta/JavaSQLTypes.java,17
1.1.0,openjpa-jdbc/src/main/java/org/apache/openjpa/jdbc/meta/Joinable.java,6
1.1.0,openjpa-jdbc/src/main/java/org/apache/openjpa/jdbc/meta/MappingDefaults.java,29
1.1.0,openjpa-jdbc/src/main/java/org/apache/openjpa/jdbc/meta/MappingDefaultsImpl.java,49
1.1.0,openjpa-jdbc/src/main/java/org/apache/openjpa/jdbc/meta/MappingInfo.java,187
1.1.0,openjpa-jdbc/src/main/java/org/apache/openjpa/jdbc/meta/MappingRepository.java,127
1.1.0,openjpa-jdbc/src/main/java/org/apache/openjpa/jdbc/meta/MappingStrategyInstaller.java,4
1.1.0,openjpa-jdbc/src/main/java/org/apache/openjpa/jdbc/meta/MappingTool.java,100
1.1.0,openjpa-jdbc/src/main/java/org/apache/openjpa/jdbc/meta/MetaDataPlusMappingFactory.java,8
1.1.0,openjpa-jdbc/src/main/java/org/apache/openjpa/jdbc/meta/NoneMappingDefaults.java,8
1.1.0,openjpa-jdbc/src/main/java/org/apache/openjpa/jdbc/meta/PropertiesReverseCustomizer.java,19
1.1.0,openjpa-jdbc/src/main/java/org/apache/openjpa/jdbc/meta/QueryResultMapping.java,44
1.1.0,openjpa-jdbc/src/main/java/org/apache/openjpa/jdbc/meta/RefreshStrategyInstaller.java,12
1.1.0,openjpa-jdbc/src/main/java/org/apache/openjpa/jdbc/meta/RelationId.java,1
1.1.0,openjpa-jdbc/src/main/java/org/apache/openjpa/jdbc/meta/ReverseCustomizer.java,13
1.1.0,openjpa-jdbc/src/main/java/org/apache/openjpa/jdbc/meta/ReverseMappingTool.java,210
1.1.0,openjpa-jdbc/src/main/java/org/apache/openjpa/jdbc/meta/RuntimeStrategyInstaller.java,5
1.1.0,openjpa-jdbc/src/main/java/org/apache/openjpa/jdbc/meta/Strategy.java,12
1.1.0,openjpa-jdbc/src/main/java/org/apache/openjpa/jdbc/meta/ValueHandler.java,7
1.1.0,openjpa-jdbc/src/main/java/org/apache/openjpa/jdbc/meta/ValueMapping.java,41
1.1.0,openjpa-jdbc/src/main/java/org/apache/openjpa/jdbc/meta/ValueMappingImpl.java,64
1.1.0,openjpa-jdbc/src/main/java/org/apache/openjpa/jdbc/meta/ValueMappingInfo.java,23
1.1.0,openjpa-jdbc/src/main/java/org/apache/openjpa/jdbc/meta/Version.java,18
1.1.0,openjpa-jdbc/src/main/java/org/apache/openjpa/jdbc/meta/VersionMappingInfo.java,3
1.1.0,openjpa-jdbc/src/main/java/org/apache/openjpa/jdbc/meta/VersionStrategy.java,8
1.1.0,openjpa-jdbc/src/main/java/org/apache/openjpa/jdbc/meta/strats/AbstractDiscriminatorStrategy.java,1
1.1.0,openjpa-jdbc/src/main/java/org/apache/openjpa/jdbc/meta/strats/AbstractFieldStrategy.java,7
1.1.0,openjpa-jdbc/src/main/java/org/apache/openjpa/jdbc/meta/strats/AbstractStrategy.java,8
1.1.0,openjpa-jdbc/src/main/java/org/apache/openjpa/jdbc/meta/strats/AbstractVersionStrategy.java,2
1.1.0,openjpa-jdbc/src/main/java/org/apache/openjpa/jdbc/meta/strats/CharArrayStreamValueHandler.java,4
1.1.0,openjpa-jdbc/src/main/java/org/apache/openjpa/jdbc/meta/strats/CharArrayValueHandler.java,1
1.1.0,openjpa-jdbc/src/main/java/org/apache/openjpa/jdbc/meta/strats/ClassNameDiscriminatorStrategy.java,7
1.1.0,openjpa-jdbc/src/main/java/org/apache/openjpa/jdbc/meta/strats/ColumnVersionStrategy.java,37
1.1.0,openjpa-jdbc/src/main/java/org/apache/openjpa/jdbc/meta/strats/ContainerFieldStrategy.java,6
1.1.0,openjpa-jdbc/src/main/java/org/apache/openjpa/jdbc/meta/strats/ElementEmbedValueHandler.java,24
1.1.0,openjpa-jdbc/src/main/java/org/apache/openjpa/jdbc/meta/strats/EmbedFieldStrategy.java,72
1.1.0,openjpa-jdbc/src/main/java/org/apache/openjpa/jdbc/meta/strats/EmbedValueHandler.java,16
1.1.0,openjpa-jdbc/src/main/java/org/apache/openjpa/jdbc/meta/strats/EmbeddedClassStrategy.java,9
1.1.0,openjpa-jdbc/src/main/java/org/apache/openjpa/jdbc/meta/strats/EnumValueHandler.java,8
1.1.0,openjpa-jdbc/src/main/java/org/apache/openjpa/jdbc/meta/strats/FlatClassStrategy.java,2
1.1.0,openjpa-jdbc/src/main/java/org/apache/openjpa/jdbc/meta/strats/FullClassStrategy.java,8
1.1.0,openjpa-jdbc/src/main/java/org/apache/openjpa/jdbc/meta/strats/HandlerCollectionTableFieldStrategy.java,23
1.1.0,openjpa-jdbc/src/main/java/org/apache/openjpa/jdbc/meta/strats/HandlerFieldStrategy.java,48
1.1.0,openjpa-jdbc/src/main/java/org/apache/openjpa/jdbc/meta/strats/HandlerHandlerMapTableFieldStrategy.java,17
1.1.0,openjpa-jdbc/src/main/java/org/apache/openjpa/jdbc/meta/strats/HandlerRelationMapTableFieldStrategy.java,25
1.1.0,openjpa-jdbc/src/main/java/org/apache/openjpa/jdbc/meta/strats/HandlerStrategies.java,31
1.1.0,openjpa-jdbc/src/main/java/org/apache/openjpa/jdbc/meta/strats/IdentityJoinable.java,2
1.1.0,openjpa-jdbc/src/main/java/org/apache/openjpa/jdbc/meta/strats/ImmutableValueHandler.java,5
1.1.0,openjpa-jdbc/src/main/java/org/apache/openjpa/jdbc/meta/strats/InValueDiscriminatorStrategy.java,13
1.1.0,openjpa-jdbc/src/main/java/org/apache/openjpa/jdbc/meta/strats/LRSCollectionFieldStrategy.java,7
1.1.0,openjpa-jdbc/src/main/java/org/apache/openjpa/jdbc/meta/strats/LRSMapFieldStrategy.java,15
1.1.0,openjpa-jdbc/src/main/java/org/apache/openjpa/jdbc/meta/strats/LRSProxyCollection.java,10
1.1.0,openjpa-jdbc/src/main/java/org/apache/openjpa/jdbc/meta/strats/LRSProxyMap.java,40
1.1.0,openjpa-jdbc/src/main/java/org/apache/openjpa/jdbc/meta/strats/LobFieldStrategy.java,2
1.1.0,openjpa-jdbc/src/main/java/org/apache/openjpa/jdbc/meta/strats/MapTableFieldStrategy.java,7
1.1.0,openjpa-jdbc/src/main/java/org/apache/openjpa/jdbc/meta/strats/MaxEmbeddedBlobFieldStrategy.java,3
1.1.0,openjpa-jdbc/src/main/java/org/apache/openjpa/jdbc/meta/strats/MaxEmbeddedByteArrayFieldStrategy.java,3
1.1.0,openjpa-jdbc/src/main/java/org/apache/openjpa/jdbc/meta/strats/MaxEmbeddedCharArrayFieldStrategy.java,8
1.1.0,openjpa-jdbc/src/main/java/org/apache/openjpa/jdbc/meta/strats/MaxEmbeddedClobFieldStrategy.java,3
1.1.0,openjpa-jdbc/src/main/java/org/apache/openjpa/jdbc/meta/strats/MaxEmbeddedLobFieldStrategy.java,17
1.1.0,openjpa-jdbc/src/main/java/org/apache/openjpa/jdbc/meta/strats/NoneClassStrategy.java,2
1.1.0,openjpa-jdbc/src/main/java/org/apache/openjpa/jdbc/meta/strats/NoneDiscriminatorStrategy.java,1
1.1.0,openjpa-jdbc/src/main/java/org/apache/openjpa/jdbc/meta/strats/NoneFieldStrategy.java,2
1.1.0,openjpa-jdbc/src/main/java/org/apache/openjpa/jdbc/meta/strats/NoneVersionStrategy.java,2
1.1.0,openjpa-jdbc/src/main/java/org/apache/openjpa/jdbc/meta/strats/NumberVersionStrategy.java,3
1.1.0,openjpa-jdbc/src/main/java/org/apache/openjpa/jdbc/meta/strats/ObjectIdClassStrategy.java,1
1.1.0,openjpa-jdbc/src/main/java/org/apache/openjpa/jdbc/meta/strats/ObjectIdValueHandler.java,3
1.1.0,openjpa-jdbc/src/main/java/org/apache/openjpa/jdbc/meta/strats/PrimitiveFieldStrategy.java,36
1.1.0,openjpa-jdbc/src/main/java/org/apache/openjpa/jdbc/meta/strats/PrimitiveWrapperArrays.java,9
1.1.0,openjpa-jdbc/src/main/java/org/apache/openjpa/jdbc/meta/strats/RelationCollectionInverseKeyFieldStrategy.java,2
1.1.0,openjpa-jdbc/src/main/java/org/apache/openjpa/jdbc/meta/strats/RelationCollectionTableFieldStrategy.java,2
1.1.0,openjpa-jdbc/src/main/java/org/apache/openjpa/jdbc/meta/strats/RelationFieldStrategy.java,98
1.1.0,openjpa-jdbc/src/main/java/org/apache/openjpa/jdbc/meta/strats/RelationHandlerMapTableFieldStrategy.java,23
1.1.0,openjpa-jdbc/src/main/java/org/apache/openjpa/jdbc/meta/strats/RelationMapInverseKeyFieldStrategy.java,5
1.1.0,openjpa-jdbc/src/main/java/org/apache/openjpa/jdbc/meta/strats/RelationMapTableFieldStrategy.java,5
1.1.0,openjpa-jdbc/src/main/java/org/apache/openjpa/jdbc/meta/strats/RelationRelationMapTableFieldStrategy.java,33
1.1.0,openjpa-jdbc/src/main/java/org/apache/openjpa/jdbc/meta/strats/RelationStrategies.java,14
1.1.0,openjpa-jdbc/src/main/java/org/apache/openjpa/jdbc/meta/strats/RelationToManyInverseKeyFieldStrategy.java,35
1.1.0,openjpa-jdbc/src/main/java/org/apache/openjpa/jdbc/meta/strats/RelationToManyTableFieldStrategy.java,18
1.1.0,openjpa-jdbc/src/main/java/org/apache/openjpa/jdbc/meta/strats/StateComparisonVersionStrategy.java,23
1.1.0,openjpa-jdbc/src/main/java/org/apache/openjpa/jdbc/meta/strats/StoreCollectionFieldStrategy.java,45
1.1.0,openjpa-jdbc/src/main/java/org/apache/openjpa/jdbc/meta/strats/StringFieldStrategy.java,15
1.1.0,openjpa-jdbc/src/main/java/org/apache/openjpa/jdbc/meta/strats/SubclassJoinDiscriminatorStrategy.java,17
1.1.0,openjpa-jdbc/src/main/java/org/apache/openjpa/jdbc/meta/strats/TimestampVersionStrategy.java,2
1.1.0,openjpa-jdbc/src/main/java/org/apache/openjpa/jdbc/meta/strats/UntypedPCValueHandler.java,4
1.1.0,openjpa-jdbc/src/main/java/org/apache/openjpa/jdbc/meta/strats/ValueMapDiscriminatorStrategy.java,10
1.1.0,openjpa-jdbc/src/main/java/org/apache/openjpa/jdbc/meta/strats/VerticalClassStrategy.java,7
1.1.0,openjpa-jdbc/src/main/java/org/apache/openjpa/jdbc/meta/strats/XMLValueHandler.java,3
1.1.0,openjpa-jdbc/src/main/java/org/apache/openjpa/jdbc/schema/Column.java,68
1.1.0,openjpa-jdbc/src/main/java/org/apache/openjpa/jdbc/schema/ColumnIO.java,16
1.1.0,openjpa-jdbc/src/main/java/org/apache/openjpa/jdbc/schema/Constraint.java,10
1.1.0,openjpa-jdbc/src/main/java/org/apache/openjpa/jdbc/schema/DataSourceFactory.java,20
1.1.0,openjpa-jdbc/src/main/java/org/apache/openjpa/jdbc/schema/DriverDataSource.java,15
1.1.0,openjpa-jdbc/src/main/java/org/apache/openjpa/jdbc/schema/DynamicSchemaFactory.java,12
1.1.0,openjpa-jdbc/src/main/java/org/apache/openjpa/jdbc/schema/FileSchemaFactory.java,3
1.1.0,openjpa-jdbc/src/main/java/org/apache/openjpa/jdbc/schema/ForeignKey.java,90
1.1.0,openjpa-jdbc/src/main/java/org/apache/openjpa/jdbc/schema/Index.java,7
1.1.0,openjpa-jdbc/src/main/java/org/apache/openjpa/jdbc/schema/LazySchemaFactory.java,12
1.1.0,openjpa-jdbc/src/main/java/org/apache/openjpa/jdbc/schema/LocalConstraint.java,29
1.1.0,openjpa-jdbc/src/main/java/org/apache/openjpa/jdbc/schema/NameSet.java,8
1.1.0,openjpa-jdbc/src/main/java/org/apache/openjpa/jdbc/schema/PrimaryKey.java,4
1.1.0,openjpa-jdbc/src/main/java/org/apache/openjpa/jdbc/schema/Schema.java,35
1.1.0,openjpa-jdbc/src/main/java/org/apache/openjpa/jdbc/schema/SchemaFactory.java,2
1.1.0,openjpa-jdbc/src/main/java/org/apache/openjpa/jdbc/schema/SchemaGenerator.java,122
1.1.0,openjpa-jdbc/src/main/java/org/apache/openjpa/jdbc/schema/SchemaGroup.java,63
1.1.0,openjpa-jdbc/src/main/java/org/apache/openjpa/jdbc/schema/SchemaParser.java,5
1.1.0,openjpa-jdbc/src/main/java/org/apache/openjpa/jdbc/schema/SchemaSerializer.java,8
1.1.0,openjpa-jdbc/src/main/java/org/apache/openjpa/jdbc/schema/SchemaTool.java,201
1.1.0,openjpa-jdbc/src/main/java/org/apache/openjpa/jdbc/schema/Schemas.java,39
1.1.0,openjpa-jdbc/src/main/java/org/apache/openjpa/jdbc/schema/Sequence.java,11
1.1.0,openjpa-jdbc/src/main/java/org/apache/openjpa/jdbc/schema/SimpleDriverDataSource.java,18
1.1.0,openjpa-jdbc/src/main/java/org/apache/openjpa/jdbc/schema/Table.java,87
1.1.0,openjpa-jdbc/src/main/java/org/apache/openjpa/jdbc/schema/TableSchemaFactory.java,40
1.1.0,openjpa-jdbc/src/main/java/org/apache/openjpa/jdbc/schema/Unique.java,1
1.1.0,openjpa-jdbc/src/main/java/org/apache/openjpa/jdbc/schema/XMLSchemaParser.java,50
1.1.0,openjpa-jdbc/src/main/java/org/apache/openjpa/jdbc/schema/XMLSchemaSerializer.java,82
1.1.0,openjpa-jdbc/src/main/java/org/apache/openjpa/jdbc/sql/AbstractResult.java,33
1.1.0,openjpa-jdbc/src/main/java/org/apache/openjpa/jdbc/sql/AbstractSQLServerDictionary.java,8
1.1.0,openjpa-jdbc/src/main/java/org/apache/openjpa/jdbc/sql/AccessDictionary.java,3
1.1.0,openjpa-jdbc/src/main/java/org/apache/openjpa/jdbc/sql/DB2Dictionary.java,56
1.1.0,openjpa-jdbc/src/main/java/org/apache/openjpa/jdbc/sql/DBDictionary.java,417
1.1.0,openjpa-jdbc/src/main/java/org/apache/openjpa/jdbc/sql/DBDictionaryFactory.java,41
1.1.0,openjpa-jdbc/src/main/java/org/apache/openjpa/jdbc/sql/DerbyDictionary.java,2
1.1.0,openjpa-jdbc/src/main/java/org/apache/openjpa/jdbc/sql/EmpressDictionary.java,15
1.1.0,openjpa-jdbc/src/main/java/org/apache/openjpa/jdbc/sql/FoxProDictionary.java,8
1.1.0,openjpa-jdbc/src/main/java/org/apache/openjpa/jdbc/sql/H2Dictionary.java,17
1.1.0,openjpa-jdbc/src/main/java/org/apache/openjpa/jdbc/sql/HSQLDictionary.java,19
1.1.0,openjpa-jdbc/src/main/java/org/apache/openjpa/jdbc/sql/InformixDictionary.java,14
1.1.0,openjpa-jdbc/src/main/java/org/apache/openjpa/jdbc/sql/InterbaseDictionary.java,2
1.1.0,openjpa-jdbc/src/main/java/org/apache/openjpa/jdbc/sql/JDataStoreDictionary.java,3
1.1.0,openjpa-jdbc/src/main/java/org/apache/openjpa/jdbc/sql/Join.java,10
1.1.0,openjpa-jdbc/src/main/java/org/apache/openjpa/jdbc/sql/JoinSet.java,59
1.1.0,openjpa-jdbc/src/main/java/org/apache/openjpa/jdbc/sql/JoinSyntaxes.java,6
1.1.0,openjpa-jdbc/src/main/java/org/apache/openjpa/jdbc/sql/Joins.java,9
1.1.0,openjpa-jdbc/src/main/java/org/apache/openjpa/jdbc/sql/LogicalUnion.java,53
1.1.0,openjpa-jdbc/src/main/java/org/apache/openjpa/jdbc/sql/MergedResult.java,15
1.1.0,openjpa-jdbc/src/main/java/org/apache/openjpa/jdbc/sql/MySQLDictionary.java,12
1.1.0,openjpa-jdbc/src/main/java/org/apache/openjpa/jdbc/sql/OracleDictionary.java,146
1.1.0,openjpa-jdbc/src/main/java/org/apache/openjpa/jdbc/sql/PointbaseDictionary.java,4
1.1.0,openjpa-jdbc/src/main/java/org/apache/openjpa/jdbc/sql/PostgresDictionary.java,34
1.1.0,openjpa-jdbc/src/main/java/org/apache/openjpa/jdbc/sql/PrimaryRow.java,43
1.1.0,openjpa-jdbc/src/main/java/org/apache/openjpa/jdbc/sql/Raw.java,1
1.1.0,openjpa-jdbc/src/main/java/org/apache/openjpa/jdbc/sql/Result.java,79
1.1.0,openjpa-jdbc/src/main/java/org/apache/openjpa/jdbc/sql/ResultSetResult.java,22
1.1.0,openjpa-jdbc/src/main/java/org/apache/openjpa/jdbc/sql/Row.java,75
1.1.0,openjpa-jdbc/src/main/java/org/apache/openjpa/jdbc/sql/RowImpl.java,90
1.1.0,openjpa-jdbc/src/main/java/org/apache/openjpa/jdbc/sql/RowManager.java,5
1.1.0,openjpa-jdbc/src/main/java/org/apache/openjpa/jdbc/sql/RowManagerImpl.java,18
1.1.0,openjpa-jdbc/src/main/java/org/apache/openjpa/jdbc/sql/SQLBuffer.java,64
1.1.0,openjpa-jdbc/src/main/java/org/apache/openjpa/jdbc/sql/SQLExceptions.java,11
1.1.0,openjpa-jdbc/src/main/java/org/apache/openjpa/jdbc/sql/SQLFactory.java,3
1.1.0,openjpa-jdbc/src/main/java/org/apache/openjpa/jdbc/sql/SQLFactoryImpl.java,2
1.1.0,openjpa-jdbc/src/main/java/org/apache/openjpa/jdbc/sql/SQLServerDictionary.java,31
1.1.0,openjpa-jdbc/src/main/java/org/apache/openjpa/jdbc/sql/SecondaryRow.java,15
1.1.0,openjpa-jdbc/src/main/java/org/apache/openjpa/jdbc/sql/Select.java,106
1.1.0,openjpa-jdbc/src/main/java/org/apache/openjpa/jdbc/sql/SelectExecutor.java,18
1.1.0,openjpa-jdbc/src/main/java/org/apache/openjpa/jdbc/sql/SelectImpl.java,356
1.1.0,openjpa-jdbc/src/main/java/org/apache/openjpa/jdbc/sql/SybaseDictionary.java,18
1.1.0,openjpa-jdbc/src/main/java/org/apache/openjpa/jdbc/sql/Union.java,7
1.1.0,openjpa-kernel/src/main/java/org/apache/openjpa/abstractstore/AbstractStoreBrokerFactory.java,3
1.1.0,openjpa-kernel/src/main/java/org/apache/openjpa/abstractstore/AbstractStoreManager.java,26
1.1.0,openjpa-kernel/src/main/java/org/apache/openjpa/ant/MetaDataToolTask.java,4
1.1.0,openjpa-kernel/src/main/java/org/apache/openjpa/conf/AutoDetachValue.java,4
1.1.0,openjpa-kernel/src/main/java/org/apache/openjpa/conf/BrokerFactoryValue.java,3
1.1.0,openjpa-kernel/src/main/java/org/apache/openjpa/conf/BrokerValue.java,2
1.1.0,openjpa-kernel/src/main/java/org/apache/openjpa/conf/CacheMarshaller.java,8
1.1.0,openjpa-kernel/src/main/java/org/apache/openjpa/conf/CacheMarshallerImpl.java,20
1.1.0,openjpa-kernel/src/main/java/org/apache/openjpa/conf/CacheMarshallersValue.java,5
1.1.0,openjpa-kernel/src/main/java/org/apache/openjpa/conf/Compatibility.java,4
1.1.0,openjpa-kernel/src/main/java/org/apache/openjpa/conf/DetachOptions.java,6
1.1.0,openjpa-kernel/src/main/java/org/apache/openjpa/conf/MetaDataCacheMaintenance.java,26
1.1.0,openjpa-kernel/src/main/java/org/apache/openjpa/conf/MetaDataRepositoryValue.java,4
1.1.0,openjpa-kernel/src/main/java/org/apache/openjpa/conf/NoOpCacheMarshaller.java,2
1.1.0,openjpa-kernel/src/main/java/org/apache/openjpa/conf/OpenJPAConfiguration.java,218
1.1.0,openjpa-kernel/src/main/java/org/apache/openjpa/conf/OpenJPAConfigurationImpl.java,33
1.1.0,openjpa-kernel/src/main/java/org/apache/openjpa/conf/OpenJPAProductDerivation.java,5
1.1.0,openjpa-kernel/src/main/java/org/apache/openjpa/conf/OpenJPAVersion.java,4
1.1.0,openjpa-kernel/src/main/java/org/apache/openjpa/conf/OpenJPAVersionAndConfigurationTypeValidationPolicy.java,5
1.1.0,openjpa-kernel/src/main/java/org/apache/openjpa/conf/QueryCompilationCacheValue.java,2
1.1.0,openjpa-kernel/src/main/java/org/apache/openjpa/conf/RemoteCommitProviderValue.java,4
1.1.0,openjpa-kernel/src/main/java/org/apache/openjpa/datacache/AbstractDataCache.java,64
1.1.0,openjpa-kernel/src/main/java/org/apache/openjpa/datacache/AbstractQueryCache.java,38
1.1.0,openjpa-kernel/src/main/java/org/apache/openjpa/datacache/Caches.java,5
1.1.0,openjpa-kernel/src/main/java/org/apache/openjpa/datacache/ConcurrentDataCache.java,1
1.1.0,openjpa-kernel/src/main/java/org/apache/openjpa/datacache/DataCache.java,26
1.1.0,openjpa-kernel/src/main/java/org/apache/openjpa/datacache/DataCacheManager.java,8
1.1.0,openjpa-kernel/src/main/java/org/apache/openjpa/datacache/DataCacheManagerImpl.java,5
1.1.0,openjpa-kernel/src/main/java/org/apache/openjpa/datacache/DataCachePCData.java,1
1.1.0,openjpa-kernel/src/main/java/org/apache/openjpa/datacache/DataCachePCDataGenerator.java,6
1.1.0,openjpa-kernel/src/main/java/org/apache/openjpa/datacache/DataCachePCDataImpl.java,9
1.1.0,openjpa-kernel/src/main/java/org/apache/openjpa/datacache/DataCacheScheduler.java,17
1.1.0,openjpa-kernel/src/main/java/org/apache/openjpa/datacache/DataCacheStoreManager.java,69
1.1.0,openjpa-kernel/src/main/java/org/apache/openjpa/datacache/DelegatingDataCache.java,33
1.1.0,openjpa-kernel/src/main/java/org/apache/openjpa/datacache/DelegatingQueryCache.java,19
1.1.0,openjpa-kernel/src/main/java/org/apache/openjpa/datacache/ExpirationListener.java,1
1.1.0,openjpa-kernel/src/main/java/org/apache/openjpa/datacache/QueryCache.java,12
1.1.0,openjpa-kernel/src/main/java/org/apache/openjpa/datacache/QueryCacheStoreQuery.java,44
1.1.0,openjpa-kernel/src/main/java/org/apache/openjpa/datacache/QueryKey.java,47
1.1.0,openjpa-kernel/src/main/java/org/apache/openjpa/datacache/QueryResult.java,2
1.1.0,openjpa-kernel/src/main/java/org/apache/openjpa/datacache/TypesChangedListener.java,1
1.1.0,openjpa-kernel/src/main/java/org/apache/openjpa/ee/AutomaticManagedRuntime.java,26
1.1.0,openjpa-kernel/src/main/java/org/apache/openjpa/ee/InvocationManagedRuntime.java,2
1.1.0,openjpa-kernel/src/main/java/org/apache/openjpa/ee/ManagedRuntime.java,4
1.1.0,openjpa-kernel/src/main/java/org/apache/openjpa/ee/RegistryManagedRuntime.java,1
1.1.0,openjpa-kernel/src/main/java/org/apache/openjpa/ee/WASManagedRuntime.java,4
1.1.0,openjpa-kernel/src/main/java/org/apache/openjpa/ee/WLSManagedRuntime.java,2
1.1.0,openjpa-kernel/src/main/java/org/apache/openjpa/enhance/ApplicationIdTool.java,115
1.1.0,openjpa-kernel/src/main/java/org/apache/openjpa/enhance/AttributeTranslator.java,1
1.1.0,openjpa-kernel/src/main/java/org/apache/openjpa/enhance/ClassRedefiner.java,17
1.1.0,openjpa-kernel/src/main/java/org/apache/openjpa/enhance/CodeGenerator.java,53
1.1.0,openjpa-kernel/src/main/java/org/apache/openjpa/enhance/DynamicStorage.java,22
1.1.0,openjpa-kernel/src/main/java/org/apache/openjpa/enhance/DynamicStorageGenerator.java,20
1.1.0,openjpa-kernel/src/main/java/org/apache/openjpa/enhance/InstrumentationFactory.java,9
1.1.0,openjpa-kernel/src/main/java/org/apache/openjpa/enhance/ManagedClassSubclasser.java,29
1.1.0,openjpa-kernel/src/main/java/org/apache/openjpa/enhance/ManagedInstanceProvider.java,1
1.1.0,openjpa-kernel/src/main/java/org/apache/openjpa/enhance/PCClassFileTransformer.java,28
1.1.0,openjpa-kernel/src/main/java/org/apache/openjpa/enhance/PCDataGenerator.java,38
1.1.0,openjpa-kernel/src/main/java/org/apache/openjpa/enhance/PCEnhancer.java,238
1.1.0,openjpa-kernel/src/main/java/org/apache/openjpa/enhance/PCEnhancerAgent.java,3
1.1.0,openjpa-kernel/src/main/java/org/apache/openjpa/enhance/PCRegistry.java,15
1.1.0,openjpa-kernel/src/main/java/org/apache/openjpa/enhance/PCSubclassValidator.java,20
1.1.0,openjpa-kernel/src/main/java/org/apache/openjpa/enhance/PersistenceCapable.java,9
1.1.0,openjpa-kernel/src/main/java/org/apache/openjpa/enhance/RedefinitionHelper.java,26
1.1.0,openjpa-kernel/src/main/java/org/apache/openjpa/enhance/ReflectingPersistenceCapable.java,45
1.1.0,openjpa-kernel/src/main/java/org/apache/openjpa/enhance/Reflection.java,73
1.1.0,openjpa-kernel/src/main/java/org/apache/openjpa/enhance/RuntimeUnenhancedClassesModes.java,6
1.1.0,openjpa-kernel/src/main/java/org/apache/openjpa/enhance/RuntimeUnenhancedClasssesModes.java,6
1.1.0,openjpa-kernel/src/main/java/org/apache/openjpa/enhance/StateManager.java,49
1.1.0,openjpa-kernel/src/main/java/org/apache/openjpa/event/AbstractLifecycleListener.java,1
1.1.0,openjpa-kernel/src/main/java/org/apache/openjpa/event/AbstractRemoteCommitProvider.java,6
1.1.0,openjpa-kernel/src/main/java/org/apache/openjpa/event/AbstractTransactionListener.java,1
1.1.0,openjpa-kernel/src/main/java/org/apache/openjpa/event/AttachListener.java,2
1.1.0,openjpa-kernel/src/main/java/org/apache/openjpa/event/BeanLifecycleCallbacks.java,6
1.1.0,openjpa-kernel/src/main/java/org/apache/openjpa/event/BeginTransactionListener.java,1
1.1.0,openjpa-kernel/src/main/java/org/apache/openjpa/event/BrokerFactoryEventManager.java,1
1.1.0,openjpa-kernel/src/main/java/org/apache/openjpa/event/BrokerFactoryListener.java,1
1.1.0,openjpa-kernel/src/main/java/org/apache/openjpa/event/CallbackModes.java,10
1.1.0,openjpa-kernel/src/main/java/org/apache/openjpa/event/ClearListener.java,2
1.1.0,openjpa-kernel/src/main/java/org/apache/openjpa/event/DeleteListener.java,2
1.1.0,openjpa-kernel/src/main/java/org/apache/openjpa/event/DetachListener.java,2
1.1.0,openjpa-kernel/src/main/java/org/apache/openjpa/event/DirtyListener.java,4
1.1.0,openjpa-kernel/src/main/java/org/apache/openjpa/event/EndTransactionListener.java,6
1.1.0,openjpa-kernel/src/main/java/org/apache/openjpa/event/FlushTransactionListener.java,2
1.1.0,openjpa-kernel/src/main/java/org/apache/openjpa/event/JMSRemoteCommitProvider.java,21
1.1.0,openjpa-kernel/src/main/java/org/apache/openjpa/event/LifecycleCallbacks.java,2
1.1.0,openjpa-kernel/src/main/java/org/apache/openjpa/event/LifecycleEventManager.java,88
1.1.0,openjpa-kernel/src/main/java/org/apache/openjpa/event/LoadListener.java,2
1.1.0,openjpa-kernel/src/main/java/org/apache/openjpa/event/LogOrphanedKeyAction.java,6
1.1.0,openjpa-kernel/src/main/java/org/apache/openjpa/event/MethodLifecycleCallbacks.java,13
1.1.0,openjpa-kernel/src/main/java/org/apache/openjpa/event/OrphanedKeyAction.java,1
1.1.0,openjpa-kernel/src/main/java/org/apache/openjpa/event/PersistListener.java,2
1.1.0,openjpa-kernel/src/main/java/org/apache/openjpa/event/PostDeleteListener.java,1
1.1.0,openjpa-kernel/src/main/java/org/apache/openjpa/event/PostPersistListener.java,1
1.1.0,openjpa-kernel/src/main/java/org/apache/openjpa/event/RemoteCommitEvent.java,15
1.1.0,openjpa-kernel/src/main/java/org/apache/openjpa/event/RemoteCommitEventManager.java,24
1.1.0,openjpa-kernel/src/main/java/org/apache/openjpa/event/RemoteCommitListener.java,2
1.1.0,openjpa-kernel/src/main/java/org/apache/openjpa/event/RemoteCommitProvider.java,3
1.1.0,openjpa-kernel/src/main/java/org/apache/openjpa/event/SingleJVMRemoteCommitProvider.java,3
1.1.0,openjpa-kernel/src/main/java/org/apache/openjpa/event/StoreListener.java,2
1.1.0,openjpa-kernel/src/main/java/org/apache/openjpa/event/TCPRemoteCommitProvider.java,65
1.1.0,openjpa-kernel/src/main/java/org/apache/openjpa/event/TransactionEventManager.java,17
1.1.0,openjpa-kernel/src/main/java/org/apache/openjpa/event/UpdateListener.java,2
1.1.0,openjpa-kernel/src/main/java/org/apache/openjpa/kernel/AbstractBrokerFactory.java,49
1.1.0,openjpa-kernel/src/main/java/org/apache/openjpa/kernel/AbstractLockManager.java,5
1.1.0,openjpa-kernel/src/main/java/org/apache/openjpa/kernel/AbstractPCData.java,47
1.1.0,openjpa-kernel/src/main/java/org/apache/openjpa/kernel/AbstractPCResultObjectProvider.java,3
1.1.0,openjpa-kernel/src/main/java/org/apache/openjpa/kernel/AbstractStoreQuery.java,5
1.1.0,openjpa-kernel/src/main/java/org/apache/openjpa/kernel/AttachManager.java,29
1.1.0,openjpa-kernel/src/main/java/org/apache/openjpa/kernel/AttachStrategy.java,57
1.1.0,openjpa-kernel/src/main/java/org/apache/openjpa/kernel/AutoClear.java,4
1.1.0,openjpa-kernel/src/main/java/org/apache/openjpa/kernel/AutoDetach.java,8
1.1.0,openjpa-kernel/src/main/java/org/apache/openjpa/kernel/Bootstrap.java,11
1.1.0,openjpa-kernel/src/main/java/org/apache/openjpa/kernel/Broker.java,100
1.1.0,openjpa-kernel/src/main/java/org/apache/openjpa/kernel/BrokerFactory.java,14
1.1.0,openjpa-kernel/src/main/java/org/apache/openjpa/kernel/BrokerImpl.java,481
1.1.0,openjpa-kernel/src/main/java/org/apache/openjpa/kernel/ClearFieldManager.java,1
1.1.0,openjpa-kernel/src/main/java/org/apache/openjpa/kernel/ConnectionRetainModes.java,6
1.1.0,openjpa-kernel/src/main/java/org/apache/openjpa/kernel/DelegatingBroker.java,6
1.1.0,openjpa-kernel/src/main/java/org/apache/openjpa/kernel/DelegatingBrokerFactory.java,6
1.1.0,openjpa-kernel/src/main/java/org/apache/openjpa/kernel/DelegatingExtent.java,6
1.1.0,openjpa-kernel/src/main/java/org/apache/openjpa/kernel/DelegatingFetchConfiguration.java,9
1.1.0,openjpa-kernel/src/main/java/org/apache/openjpa/kernel/DelegatingQuery.java,6
1.1.0,openjpa-kernel/src/main/java/org/apache/openjpa/kernel/DelegatingResultList.java,17
1.1.0,openjpa-kernel/src/main/java/org/apache/openjpa/kernel/DelegatingSeq.java,6
1.1.0,openjpa-kernel/src/main/java/org/apache/openjpa/kernel/DelegatingStoreManager.java,6
1.1.0,openjpa-kernel/src/main/java/org/apache/openjpa/kernel/DetachManager.java,86
1.1.0,openjpa-kernel/src/main/java/org/apache/openjpa/kernel/DetachState.java,8
1.1.0,openjpa-kernel/src/main/java/org/apache/openjpa/kernel/DetachedStateAttachStrategy.java,10
1.1.0,openjpa-kernel/src/main/java/org/apache/openjpa/kernel/DetachedStateManager.java,59
1.1.0,openjpa-kernel/src/main/java/org/apache/openjpa/kernel/DetachedValueStateManager.java,11
1.1.0,openjpa-kernel/src/main/java/org/apache/openjpa/kernel/ENonTransState.java,1
1.1.0,openjpa-kernel/src/main/java/org/apache/openjpa/kernel/ExpressionStoreQuery.java,45
1.1.0,openjpa-kernel/src/main/java/org/apache/openjpa/kernel/Extent.java,11
1.1.0,openjpa-kernel/src/main/java/org/apache/openjpa/kernel/ExtentImpl.java,41
1.1.0,openjpa-kernel/src/main/java/org/apache/openjpa/kernel/FetchConfiguration.java,50
1.1.0,openjpa-kernel/src/main/java/org/apache/openjpa/kernel/FetchConfigurationImpl.java,80
1.1.0,openjpa-kernel/src/main/java/org/apache/openjpa/kernel/Filters.java,117
1.1.0,openjpa-kernel/src/main/java/org/apache/openjpa/kernel/FinalizingBrokerImpl.java,2
1.1.0,openjpa-kernel/src/main/java/org/apache/openjpa/kernel/FindCallbacks.java,2
1.1.0,openjpa-kernel/src/main/java/org/apache/openjpa/kernel/InMemorySavepointManager.java,1
1.1.0,openjpa-kernel/src/main/java/org/apache/openjpa/kernel/InverseManager.java,46
1.1.0,openjpa-kernel/src/main/java/org/apache/openjpa/kernel/LocalManagedRuntime.java,15
1.1.0,openjpa-kernel/src/main/java/org/apache/openjpa/kernel/LockLevels.java,6
1.1.0,openjpa-kernel/src/main/java/org/apache/openjpa/kernel/LockManager.java,8
1.1.0,openjpa-kernel/src/main/java/org/apache/openjpa/kernel/ManagedCache.java,42
1.1.0,openjpa-kernel/src/main/java/org/apache/openjpa/kernel/MethodStoreQuery.java,24
1.1.0,openjpa-kernel/src/main/java/org/apache/openjpa/kernel/ObjectIdStateManager.java,24
1.1.0,openjpa-kernel/src/main/java/org/apache/openjpa/kernel/OpCallbacks.java,15
1.1.0,openjpa-kernel/src/main/java/org/apache/openjpa/kernel/OpenJPASavepoint.java,5
1.1.0,openjpa-kernel/src/main/java/org/apache/openjpa/kernel/OpenJPAStateManager.java,72
1.1.0,openjpa-kernel/src/main/java/org/apache/openjpa/kernel/OrderingMergedResultObjectProvider.java,11
1.1.0,openjpa-kernel/src/main/java/org/apache/openjpa/kernel/PCData.java,12
1.1.0,openjpa-kernel/src/main/java/org/apache/openjpa/kernel/PCDataImpl.java,22
1.1.0,openjpa-kernel/src/main/java/org/apache/openjpa/kernel/PCResultObjectProvider.java,1
1.1.0,openjpa-kernel/src/main/java/org/apache/openjpa/kernel/PCState.java,24
1.1.0,openjpa-kernel/src/main/java/org/apache/openjpa/kernel/PNewFlushedDeletedFlushedState.java,1
1.1.0,openjpa-kernel/src/main/java/org/apache/openjpa/kernel/PNewState.java,1
1.1.0,openjpa-kernel/src/main/java/org/apache/openjpa/kernel/PNonTransState.java,4
1.1.0,openjpa-kernel/src/main/java/org/apache/openjpa/kernel/Query.java,26
1.1.0,openjpa-kernel/src/main/java/org/apache/openjpa/kernel/QueryContext.java,43
1.1.0,openjpa-kernel/src/main/java/org/apache/openjpa/kernel/QueryFlushModes.java,6
1.1.0,openjpa-kernel/src/main/java/org/apache/openjpa/kernel/QueryHints.java,2
1.1.0,openjpa-kernel/src/main/java/org/apache/openjpa/kernel/QueryImpl.java,183
1.1.0,openjpa-kernel/src/main/java/org/apache/openjpa/kernel/QueryLanguages.java,3
1.1.0,openjpa-kernel/src/main/java/org/apache/openjpa/kernel/QueryOperations.java,6
1.1.0,openjpa-kernel/src/main/java/org/apache/openjpa/kernel/ROPStoreManager.java,3
1.1.0,openjpa-kernel/src/main/java/org/apache/openjpa/kernel/RestoreState.java,6
1.1.0,openjpa-kernel/src/main/java/org/apache/openjpa/kernel/ResultPacker.java,30
1.1.0,openjpa-kernel/src/main/java/org/apache/openjpa/kernel/SaveFieldManager.java,16
1.1.0,openjpa-kernel/src/main/java/org/apache/openjpa/kernel/SavepointFieldManager.java,11
1.1.0,openjpa-kernel/src/main/java/org/apache/openjpa/kernel/SavepointManager.java,2
1.1.0,openjpa-kernel/src/main/java/org/apache/openjpa/kernel/Seq.java,9
1.1.0,openjpa-kernel/src/main/java/org/apache/openjpa/kernel/SingleFieldManager.java,110
1.1.0,openjpa-kernel/src/main/java/org/apache/openjpa/kernel/StateManagerImpl.java,280
1.1.0,openjpa-kernel/src/main/java/org/apache/openjpa/kernel/StoreContext.java,62
1.1.0,openjpa-kernel/src/main/java/org/apache/openjpa/kernel/StoreManager.java,38
1.1.0,openjpa-kernel/src/main/java/org/apache/openjpa/kernel/StoreQuery.java,45
1.1.0,openjpa-kernel/src/main/java/org/apache/openjpa/kernel/TCleanState.java,1
1.1.0,openjpa-kernel/src/main/java/org/apache/openjpa/kernel/TDirtyState.java,1
1.1.0,openjpa-kernel/src/main/java/org/apache/openjpa/kernel/TimeSeededSeq.java,3
1.1.0,openjpa-kernel/src/main/java/org/apache/openjpa/kernel/TransferFieldManager.java,1
1.1.0,openjpa-kernel/src/main/java/org/apache/openjpa/kernel/UUIDHexSeq.java,4
1.1.0,openjpa-kernel/src/main/java/org/apache/openjpa/kernel/UUIDStringSeq.java,4
1.1.0,openjpa-kernel/src/main/java/org/apache/openjpa/kernel/VersionAttachStrategy.java,40
1.1.0,openjpa-kernel/src/main/java/org/apache/openjpa/kernel/VersionLockManager.java,6
1.1.0,openjpa-kernel/src/main/java/org/apache/openjpa/kernel/exps/Abs.java,9
1.1.0,openjpa-kernel/src/main/java/org/apache/openjpa/kernel/exps/AbstractExpressionBuilder.java,31
1.1.0,openjpa-kernel/src/main/java/org/apache/openjpa/kernel/exps/AbstractExpressionVisitor.java,4
1.1.0,openjpa-kernel/src/main/java/org/apache/openjpa/kernel/exps/Aggregate.java,8
1.1.0,openjpa-kernel/src/main/java/org/apache/openjpa/kernel/exps/AggregateListener.java,4
1.1.0,openjpa-kernel/src/main/java/org/apache/openjpa/kernel/exps/AggregateVal.java,3
1.1.0,openjpa-kernel/src/main/java/org/apache/openjpa/kernel/exps/All.java,1
1.1.0,openjpa-kernel/src/main/java/org/apache/openjpa/kernel/exps/Any.java,1
1.1.0,openjpa-kernel/src/main/java/org/apache/openjpa/kernel/exps/Args.java,10
1.1.0,openjpa-kernel/src/main/java/org/apache/openjpa/kernel/exps/Arguments.java,1
1.1.0,openjpa-kernel/src/main/java/org/apache/openjpa/kernel/exps/Avg.java,4
1.1.0,openjpa-kernel/src/main/java/org/apache/openjpa/kernel/exps/BindVariableAndExpression.java,5
1.1.0,openjpa-kernel/src/main/java/org/apache/openjpa/kernel/exps/BindVariableExpression.java,3
1.1.0,openjpa-kernel/src/main/java/org/apache/openjpa/kernel/exps/BoundVariable.java,2
1.1.0,openjpa-kernel/src/main/java/org/apache/openjpa/kernel/exps/CandidatePath.java,27
1.1.0,openjpa-kernel/src/main/java/org/apache/openjpa/kernel/exps/Cast.java,4
1.1.0,openjpa-kernel/src/main/java/org/apache/openjpa/kernel/exps/Concat.java,4
1.1.0,openjpa-kernel/src/main/java/org/apache/openjpa/kernel/exps/Constant.java,1
1.1.0,openjpa-kernel/src/main/java/org/apache/openjpa/kernel/exps/ContainsExpression.java,3
1.1.0,openjpa-kernel/src/main/java/org/apache/openjpa/kernel/exps/Count.java,3
1.1.0,openjpa-kernel/src/main/java/org/apache/openjpa/kernel/exps/CurrentDate.java,1
1.1.0,openjpa-kernel/src/main/java/org/apache/openjpa/kernel/exps/Distinct.java,2
1.1.0,openjpa-kernel/src/main/java/org/apache/openjpa/kernel/exps/EndsWithExpression.java,1
1.1.0,openjpa-kernel/src/main/java/org/apache/openjpa/kernel/exps/Exp.java,2
1.1.0,openjpa-kernel/src/main/java/org/apache/openjpa/kernel/exps/Expression.java,1
1.1.0,openjpa-kernel/src/main/java/org/apache/openjpa/kernel/exps/ExpressionFactory.java,65
1.1.0,openjpa-kernel/src/main/java/org/apache/openjpa/kernel/exps/ExpressionParser.java,5
1.1.0,openjpa-kernel/src/main/java/org/apache/openjpa/kernel/exps/ExpressionVisitor.java,4
1.1.0,openjpa-kernel/src/main/java/org/apache/openjpa/kernel/exps/Extension.java,10
1.1.0,openjpa-kernel/src/main/java/org/apache/openjpa/kernel/exps/FilterListener.java,5
1.1.0,openjpa-kernel/src/main/java/org/apache/openjpa/kernel/exps/GetMapValue.java,1
1.1.0,openjpa-kernel/src/main/java/org/apache/openjpa/kernel/exps/GetObjectId.java,1
1.1.0,openjpa-kernel/src/main/java/org/apache/openjpa/kernel/exps/GreaterThanEqualExpression.java,2
1.1.0,openjpa-kernel/src/main/java/org/apache/openjpa/kernel/exps/GreaterThanExpression.java,2
1.1.0,openjpa-kernel/src/main/java/org/apache/openjpa/kernel/exps/InMemoryExpressionFactory.java,50
1.1.0,openjpa-kernel/src/main/java/org/apache/openjpa/kernel/exps/IndexOf.java,2
1.1.0,openjpa-kernel/src/main/java/org/apache/openjpa/kernel/exps/IsEmptyExpression.java,9
1.1.0,openjpa-kernel/src/main/java/org/apache/openjpa/kernel/exps/LessThanEqualExpression.java,2
1.1.0,openjpa-kernel/src/main/java/org/apache/openjpa/kernel/exps/LessThanExpression.java,2
1.1.0,openjpa-kernel/src/main/java/org/apache/openjpa/kernel/exps/Literal.java,8
1.1.0,openjpa-kernel/src/main/java/org/apache/openjpa/kernel/exps/MatchesExpression.java,4
1.1.0,openjpa-kernel/src/main/java/org/apache/openjpa/kernel/exps/MathVal.java,1
1.1.0,openjpa-kernel/src/main/java/org/apache/openjpa/kernel/exps/Max.java,2
1.1.0,openjpa-kernel/src/main/java/org/apache/openjpa/kernel/exps/Min.java,2
1.1.0,openjpa-kernel/src/main/java/org/apache/openjpa/kernel/exps/Null.java,1
1.1.0,openjpa-kernel/src/main/java/org/apache/openjpa/kernel/exps/Parameter.java,2
1.1.0,openjpa-kernel/src/main/java/org/apache/openjpa/kernel/exps/Path.java,5
1.1.0,openjpa-kernel/src/main/java/org/apache/openjpa/kernel/exps/QueryExpressions.java,11
1.1.0,openjpa-kernel/src/main/java/org/apache/openjpa/kernel/exps/Resolver.java,5
1.1.0,openjpa-kernel/src/main/java/org/apache/openjpa/kernel/exps/Size.java,2
1.1.0,openjpa-kernel/src/main/java/org/apache/openjpa/kernel/exps/Sqrt.java,1
1.1.0,openjpa-kernel/src/main/java/org/apache/openjpa/kernel/exps/StartsWithExpression.java,1
1.1.0,openjpa-kernel/src/main/java/org/apache/openjpa/kernel/exps/StringContains.java,2
1.1.0,openjpa-kernel/src/main/java/org/apache/openjpa/kernel/exps/StringLength.java,2
1.1.0,openjpa-kernel/src/main/java/org/apache/openjpa/kernel/exps/SubQ.java,1
1.1.0,openjpa-kernel/src/main/java/org/apache/openjpa/kernel/exps/Subquery.java,2
1.1.0,openjpa-kernel/src/main/java/org/apache/openjpa/kernel/exps/Substring.java,1
1.1.0,openjpa-kernel/src/main/java/org/apache/openjpa/kernel/exps/Sum.java,4
1.1.0,openjpa-kernel/src/main/java/org/apache/openjpa/kernel/exps/This.java,1
1.1.0,openjpa-kernel/src/main/java/org/apache/openjpa/kernel/exps/ToLowerCase.java,1
1.1.0,openjpa-kernel/src/main/java/org/apache/openjpa/kernel/exps/ToUpperCase.java,1
1.1.0,openjpa-kernel/src/main/java/org/apache/openjpa/kernel/exps/Trim.java,4
1.1.0,openjpa-kernel/src/main/java/org/apache/openjpa/kernel/exps/UnaryMathVal.java,1
1.1.0,openjpa-kernel/src/main/java/org/apache/openjpa/kernel/exps/Val.java,4
1.1.0,openjpa-kernel/src/main/java/org/apache/openjpa/kernel/exps/Value.java,8
1.1.0,openjpa-kernel/src/main/java/org/apache/openjpa/kernel/exps/WildcardMatch.java,4
1.1.0,openjpa-kernel/src/main/java/org/apache/openjpa/kernel/jpql/JPQLExpressionBuilder.java,132
1.1.0,openjpa-kernel/src/main/java/org/apache/openjpa/kernel/jpql/JPQLParser.java,4
1.1.0,openjpa-kernel/src/main/java/org/apache/openjpa/kernel/jpql/ParseException.java,7
1.1.0,openjpa-kernel/src/main/java/org/apache/openjpa/meta/AbstractCFMetaDataFactory.java,120
1.1.0,openjpa-kernel/src/main/java/org/apache/openjpa/meta/AbstractMetaDataDefaults.java,34
1.1.0,openjpa-kernel/src/main/java/org/apache/openjpa/meta/AbstractMetaDataFactory.java,5
1.1.0,openjpa-kernel/src/main/java/org/apache/openjpa/meta/ClassMetaData.java,233
1.1.0,openjpa-kernel/src/main/java/org/apache/openjpa/meta/DelegatingMetaDataFactory.java,1
1.1.0,openjpa-kernel/src/main/java/org/apache/openjpa/meta/Extensions.java,41
1.1.0,openjpa-kernel/src/main/java/org/apache/openjpa/meta/FetchGroup.java,44
1.1.0,openjpa-kernel/src/main/java/org/apache/openjpa/meta/FieldMetaData.java,171
1.1.0,openjpa-kernel/src/main/java/org/apache/openjpa/meta/InMemoryRelatedFieldOrder.java,14
1.1.0,openjpa-kernel/src/main/java/org/apache/openjpa/meta/InMemoryValueOrder.java,22
1.1.0,openjpa-kernel/src/main/java/org/apache/openjpa/meta/InheritanceComparator.java,16
1.1.0,openjpa-kernel/src/main/java/org/apache/openjpa/meta/InheritanceOrderedMetaDataList.java,5
1.1.0,openjpa-kernel/src/main/java/org/apache/openjpa/meta/InterfaceImplGenerator.java,14
1.1.0,openjpa-kernel/src/main/java/org/apache/openjpa/meta/JavaTypes.java,81
1.1.0,openjpa-kernel/src/main/java/org/apache/openjpa/meta/LifecycleMetaData.java,17
1.1.0,openjpa-kernel/src/main/java/org/apache/openjpa/meta/MetaDataContext.java,1
1.1.0,openjpa-kernel/src/main/java/org/apache/openjpa/meta/MetaDataDefaults.java,10
1.1.0,openjpa-kernel/src/main/java/org/apache/openjpa/meta/MetaDataFactory.java,19
1.1.0,openjpa-kernel/src/main/java/org/apache/openjpa/meta/MetaDataInheritanceComparator.java,9
1.1.0,openjpa-kernel/src/main/java/org/apache/openjpa/meta/MetaDataModes.java,14
1.1.0,openjpa-kernel/src/main/java/org/apache/openjpa/meta/MetaDataRepository.java,190
1.1.0,openjpa-kernel/src/main/java/org/apache/openjpa/meta/MetaDataTool.java,28
1.1.0,openjpa-kernel/src/main/java/org/apache/openjpa/meta/NonPersistentMetaData.java,5
1.1.0,openjpa-kernel/src/main/java/org/apache/openjpa/meta/NoneMetaDataFactory.java,12
1.1.0,openjpa-kernel/src/main/java/org/apache/openjpa/meta/Order.java,4
1.1.0,openjpa-kernel/src/main/java/org/apache/openjpa/meta/ProxySetupStateManager.java,7
1.1.0,openjpa-kernel/src/main/java/org/apache/openjpa/meta/QueryMetaData.java,8
1.1.0,openjpa-kernel/src/main/java/org/apache/openjpa/meta/SequenceMetaData.java,16
1.1.0,openjpa-kernel/src/main/java/org/apache/openjpa/meta/UpdateStrategies.java,6
1.1.0,openjpa-kernel/src/main/java/org/apache/openjpa/meta/ValueMetaData.java,42
1.1.0,openjpa-kernel/src/main/java/org/apache/openjpa/meta/ValueMetaDataImpl.java,44
1.1.0,openjpa-kernel/src/main/java/org/apache/openjpa/meta/ValueStrategies.java,8
1.1.0,openjpa-kernel/src/main/java/org/apache/openjpa/meta/XMLClassMetaData.java,2
1.1.0,openjpa-kernel/src/main/java/org/apache/openjpa/meta/XMLFieldMetaData.java,5
1.1.0,openjpa-kernel/src/main/java/org/apache/openjpa/meta/XMLMetaData.java,21
1.1.0,openjpa-kernel/src/main/java/org/apache/openjpa/util/AbstractChangeTracker.java,19
1.1.0,openjpa-kernel/src/main/java/org/apache/openjpa/util/AbstractLRSProxyCollection.java,35
1.1.0,openjpa-kernel/src/main/java/org/apache/openjpa/util/AbstractLRSProxyMap.java,56
1.1.0,openjpa-kernel/src/main/java/org/apache/openjpa/util/ApplicationIds.java,63
1.1.0,openjpa-kernel/src/main/java/org/apache/openjpa/util/ArrayStateImage.java,6
1.1.0,openjpa-kernel/src/main/java/org/apache/openjpa/util/BigDecimalId.java,5
1.1.0,openjpa-kernel/src/main/java/org/apache/openjpa/util/BigIntegerId.java,5
1.1.0,openjpa-kernel/src/main/java/org/apache/openjpa/util/ByteId.java,2
1.1.0,openjpa-kernel/src/main/java/org/apache/openjpa/util/CacheMap.java,48
1.1.0,openjpa-kernel/src/main/java/org/apache/openjpa/util/ChangeTracker.java,8
1.1.0,openjpa-kernel/src/main/java/org/apache/openjpa/util/CharId.java,2
1.1.0,openjpa-kernel/src/main/java/org/apache/openjpa/util/ClassResolver.java,1
1.1.0,openjpa-kernel/src/main/java/org/apache/openjpa/util/ClassResolverImpl.java,6
1.1.0,openjpa-kernel/src/main/java/org/apache/openjpa/util/CollectionChangeTracker.java,2
1.1.0,openjpa-kernel/src/main/java/org/apache/openjpa/util/CollectionChangeTrackerImpl.java,9
1.1.0,openjpa-kernel/src/main/java/org/apache/openjpa/util/DateId.java,1
1.1.0,openjpa-kernel/src/main/java/org/apache/openjpa/util/DoubleId.java,2
1.1.0,openjpa-kernel/src/main/java/org/apache/openjpa/util/ExceptionInfo.java,13
1.1.0,openjpa-kernel/src/main/java/org/apache/openjpa/util/Exceptions.java,26
1.1.0,openjpa-kernel/src/main/java/org/apache/openjpa/util/FloatId.java,2
1.1.0,openjpa-kernel/src/main/java/org/apache/openjpa/util/GeneralException.java,1
1.1.0,openjpa-kernel/src/main/java/org/apache/openjpa/util/GeneratedClasses.java,10
1.1.0,openjpa-kernel/src/main/java/org/apache/openjpa/util/Id.java,9
1.1.0,openjpa-kernel/src/main/java/org/apache/openjpa/util/ImplHelper.java,23
1.1.0,openjpa-kernel/src/main/java/org/apache/openjpa/util/IntId.java,1
1.1.0,openjpa-kernel/src/main/java/org/apache/openjpa/util/LockException.java,2
1.1.0,openjpa-kernel/src/main/java/org/apache/openjpa/util/MapChangeTracker.java,5
1.1.0,openjpa-kernel/src/main/java/org/apache/openjpa/util/MapChangeTrackerImpl.java,14
1.1.0,openjpa-kernel/src/main/java/org/apache/openjpa/util/MultiLoaderClassResolver.java,3
1.1.0,openjpa-kernel/src/main/java/org/apache/openjpa/util/OpenJPAException.java,10
1.1.0,openjpa-kernel/src/main/java/org/apache/openjpa/util/OpenJPAId.java,11
1.1.0,openjpa-kernel/src/main/java/org/apache/openjpa/util/Proxies.java,5
1.1.0,openjpa-kernel/src/main/java/org/apache/openjpa/util/Proxy.java,5
1.1.0,openjpa-kernel/src/main/java/org/apache/openjpa/util/ProxyBean.java,1
1.1.0,openjpa-kernel/src/main/java/org/apache/openjpa/util/ProxyCalendar.java,1
1.1.0,openjpa-kernel/src/main/java/org/apache/openjpa/util/ProxyCollection.java,2
1.1.0,openjpa-kernel/src/main/java/org/apache/openjpa/util/ProxyCollections.java,42
1.1.0,openjpa-kernel/src/main/java/org/apache/openjpa/util/ProxyDate.java,1
1.1.0,openjpa-kernel/src/main/java/org/apache/openjpa/util/ProxyManager.java,11
1.1.0,openjpa-kernel/src/main/java/org/apache/openjpa/util/ProxyManagerImpl.java,125
1.1.0,openjpa-kernel/src/main/java/org/apache/openjpa/util/ProxyMap.java,3
1.1.0,openjpa-kernel/src/main/java/org/apache/openjpa/util/ProxyMaps.java,20
1.1.0,openjpa-kernel/src/main/java/org/apache/openjpa/util/RuntimeExceptionTranslator.java,1
1.1.0,openjpa-kernel/src/main/java/org/apache/openjpa/util/Serialization.java,12
1.1.0,openjpa-kernel/src/main/java/org/apache/openjpa/util/ShortId.java,2
1.1.0,openjpa-kernel/src/main/java/org/apache/openjpa/util/StoreFacadeTypeRegistry.java,6
1.1.0,openjpa-kernel/src/main/java/org/apache/openjpa/util/StringId.java,1
1.1.0,openjpa-kernel/src/main/java/org/apache/openjpa/util/UserException.java,1
1.1.0,openjpa-lib/src/main/java/org/apache/openjpa/lib/ant/AbstractTask.java,14
1.1.0,openjpa-lib/src/main/java/org/apache/openjpa/lib/conf/AbstractProductDerivation.java,5
1.1.0,openjpa-lib/src/main/java/org/apache/openjpa/lib/conf/BooleanValue.java,3
1.1.0,openjpa-lib/src/main/java/org/apache/openjpa/lib/conf/Configurable.java,3
1.1.0,openjpa-lib/src/main/java/org/apache/openjpa/lib/conf/Configuration.java,33
1.1.0,openjpa-lib/src/main/java/org/apache/openjpa/lib/conf/ConfigurationImpl.java,100
1.1.0,openjpa-lib/src/main/java/org/apache/openjpa/lib/conf/ConfigurationProvider.java,4
1.1.0,openjpa-lib/src/main/java/org/apache/openjpa/lib/conf/Configurations.java,83
1.1.0,openjpa-lib/src/main/java/org/apache/openjpa/lib/conf/DoubleValue.java,5
1.1.0,openjpa-lib/src/main/java/org/apache/openjpa/lib/conf/FileValue.java,1
1.1.0,openjpa-lib/src/main/java/org/apache/openjpa/lib/conf/GenericConfigurable.java,1
1.1.0,openjpa-lib/src/main/java/org/apache/openjpa/lib/conf/IntValue.java,5
1.1.0,openjpa-lib/src/main/java/org/apache/openjpa/lib/conf/MapConfigurationProvider.java,6
1.1.0,openjpa-lib/src/main/java/org/apache/openjpa/lib/conf/ObjectValue.java,4
1.1.0,openjpa-lib/src/main/java/org/apache/openjpa/lib/conf/PluginListValue.java,14
1.1.0,openjpa-lib/src/main/java/org/apache/openjpa/lib/conf/PluginValue.java,6
1.1.0,openjpa-lib/src/main/java/org/apache/openjpa/lib/conf/ProductDerivation.java,16
1.1.0,openjpa-lib/src/main/java/org/apache/openjpa/lib/conf/ProductDerivations.java,45
1.1.0,openjpa-lib/src/main/java/org/apache/openjpa/lib/conf/StringListValue.java,9
1.1.0,openjpa-lib/src/main/java/org/apache/openjpa/lib/conf/StringValue.java,1
1.1.0,openjpa-lib/src/main/java/org/apache/openjpa/lib/conf/Value.java,25
1.1.0,openjpa-lib/src/main/java/org/apache/openjpa/lib/conf/ValueListener.java,1
1.1.0,openjpa-lib/src/main/java/org/apache/openjpa/lib/graph/BreadthFirstWalk.java,13
1.1.0,openjpa-lib/src/main/java/org/apache/openjpa/lib/graph/DepthFirstAnalysis.java,17
1.1.0,openjpa-lib/src/main/java/org/apache/openjpa/lib/graph/Edge.java,5
1.1.0,openjpa-lib/src/main/java/org/apache/openjpa/lib/graph/Graph.java,18
1.1.0,openjpa-lib/src/main/java/org/apache/openjpa/lib/graph/GraphVisitor.java,3
1.1.0,openjpa-lib/src/main/java/org/apache/openjpa/lib/jdbc/AbstractJDBCListener.java,1
1.1.0,openjpa-lib/src/main/java/org/apache/openjpa/lib/jdbc/ConfiguringConnectionDecorator.java,12
1.1.0,openjpa-lib/src/main/java/org/apache/openjpa/lib/jdbc/ConnectionDecorator.java,1
1.1.0,openjpa-lib/src/main/java/org/apache/openjpa/lib/jdbc/DataSourceLogs.java,9
1.1.0,openjpa-lib/src/main/java/org/apache/openjpa/lib/jdbc/DecoratingDataSource.java,5
1.1.0,openjpa-lib/src/main/java/org/apache/openjpa/lib/jdbc/DelegatingCallableStatement.java,167
1.1.0,openjpa-lib/src/main/java/org/apache/openjpa/lib/jdbc/DelegatingConnection.java,96
1.1.0,openjpa-lib/src/main/java/org/apache/openjpa/lib/jdbc/DelegatingDataSource.java,16
1.1.0,openjpa-lib/src/main/java/org/apache/openjpa/lib/jdbc/DelegatingDatabaseMetaData.java,170
1.1.0,openjpa-lib/src/main/java/org/apache/openjpa/lib/jdbc/DelegatingPreparedStatement.java,89
1.1.0,openjpa-lib/src/main/java/org/apache/openjpa/lib/jdbc/DelegatingResultSet.java,146
1.1.0,openjpa-lib/src/main/java/org/apache/openjpa/lib/jdbc/DelegatingStatement.java,50
1.1.0,openjpa-lib/src/main/java/org/apache/openjpa/lib/jdbc/JDBCEventConnectionDecorator.java,7
1.1.0,openjpa-lib/src/main/java/org/apache/openjpa/lib/jdbc/JDBCListener.java,12
1.1.0,openjpa-lib/src/main/java/org/apache/openjpa/lib/jdbc/LoggingConnectionDecorator.java,102
1.1.0,openjpa-lib/src/main/java/org/apache/openjpa/lib/jdbc/ReportingSQLException.java,6
1.1.0,openjpa-lib/src/main/java/org/apache/openjpa/lib/jdbc/SQLFormatter.java,17
1.1.0,openjpa-lib/src/main/java/org/apache/openjpa/lib/log/AbstractLog.java,11
1.1.0,openjpa-lib/src/main/java/org/apache/openjpa/lib/log/CommonsLogFactory.java,2
1.1.0,openjpa-lib/src/main/java/org/apache/openjpa/lib/log/Log.java,20
1.1.0,openjpa-lib/src/main/java/org/apache/openjpa/lib/log/Log4JLogFactory.java,1
1.1.0,openjpa-lib/src/main/java/org/apache/openjpa/lib/log/LogFactory.java,1
1.1.0,openjpa-lib/src/main/java/org/apache/openjpa/lib/log/LogFactoryImpl.java,13
1.1.0,openjpa-lib/src/main/java/org/apache/openjpa/lib/log/LogOutputStream.java,3
1.1.0,openjpa-lib/src/main/java/org/apache/openjpa/lib/log/MultiLogFactory.java,38
1.1.0,openjpa-lib/src/main/java/org/apache/openjpa/lib/log/NoneLogFactory.java,10
1.1.0,openjpa-lib/src/main/java/org/apache/openjpa/lib/meta/CFMetaDataParser.java,29
1.1.0,openjpa-lib/src/main/java/org/apache/openjpa/lib/meta/CFMetaDataSerializer.java,5
1.1.0,openjpa-lib/src/main/java/org/apache/openjpa/lib/meta/ClassAnnotationMetaDataFilter.java,13
1.1.0,openjpa-lib/src/main/java/org/apache/openjpa/lib/meta/ClassArgParser.java,67
1.1.0,openjpa-lib/src/main/java/org/apache/openjpa/lib/meta/ClassMetaDataIterator.java,15
1.1.0,openjpa-lib/src/main/java/org/apache/openjpa/lib/meta/ClasspathMetaDataIterator.java,8
1.1.0,openjpa-lib/src/main/java/org/apache/openjpa/lib/meta/FileMetaDataIterator.java,18
1.1.0,openjpa-lib/src/main/java/org/apache/openjpa/lib/meta/MetaDataFilter.java,4
1.1.0,openjpa-lib/src/main/java/org/apache/openjpa/lib/meta/MetaDataIterator.java,5
1.1.0,openjpa-lib/src/main/java/org/apache/openjpa/lib/meta/MetaDataIteratorChain.java,11
1.1.0,openjpa-lib/src/main/java/org/apache/openjpa/lib/meta/MetaDataParser.java,9
1.1.0,openjpa-lib/src/main/java/org/apache/openjpa/lib/meta/MetaDataSerializer.java,8
1.1.0,openjpa-lib/src/main/java/org/apache/openjpa/lib/meta/ResourceMetaDataIterator.java,6
1.1.0,openjpa-lib/src/main/java/org/apache/openjpa/lib/meta/SourceTracker.java,7
1.1.0,openjpa-lib/src/main/java/org/apache/openjpa/lib/meta/SourceTrackers.java,2
1.1.0,openjpa-lib/src/main/java/org/apache/openjpa/lib/meta/URLMetaDataIterator.java,7
1.1.0,openjpa-lib/src/main/java/org/apache/openjpa/lib/meta/XMLMetaDataParser.java,60
1.1.0,openjpa-lib/src/main/java/org/apache/openjpa/lib/meta/XMLMetaDataSerializer.java,27
1.1.0,openjpa-lib/src/main/java/org/apache/openjpa/lib/meta/ZipFileMetaDataIterator.java,12
1.1.0,openjpa-lib/src/main/java/org/apache/openjpa/lib/meta/ZipStreamMetaDataIterator.java,16
1.1.0,openjpa-lib/src/main/java/org/apache/openjpa/lib/rop/AbstractListIterator.java,3
1.1.0,openjpa-lib/src/main/java/org/apache/openjpa/lib/rop/AbstractNonSequentialResultList.java,16
1.1.0,openjpa-lib/src/main/java/org/apache/openjpa/lib/rop/AbstractResultList.java,1
1.1.0,openjpa-lib/src/main/java/org/apache/openjpa/lib/rop/AbstractSequentialResultList.java,13
1.1.0,openjpa-lib/src/main/java/org/apache/openjpa/lib/rop/EagerResultList.java,2
1.1.0,openjpa-lib/src/main/java/org/apache/openjpa/lib/rop/LazyForwardResultList.java,15
1.1.0,openjpa-lib/src/main/java/org/apache/openjpa/lib/rop/ListResultObjectProvider.java,3
1.1.0,openjpa-lib/src/main/java/org/apache/openjpa/lib/rop/MergedResultObjectProvider.java,15
1.1.0,openjpa-lib/src/main/java/org/apache/openjpa/lib/rop/RandomAccessResultList.java,16
1.1.0,openjpa-lib/src/main/java/org/apache/openjpa/lib/rop/RangeResultObjectProvider.java,9
1.1.0,openjpa-lib/src/main/java/org/apache/openjpa/lib/rop/ResultList.java,3
1.1.0,openjpa-lib/src/main/java/org/apache/openjpa/lib/rop/ResultListIterator.java,3
1.1.0,openjpa-lib/src/main/java/org/apache/openjpa/lib/rop/ResultObjectProvider.java,9
1.1.0,openjpa-lib/src/main/java/org/apache/openjpa/lib/rop/ResultObjectProviderIterator.java,8
1.1.0,openjpa-lib/src/main/java/org/apache/openjpa/lib/rop/SimpleResultList.java,5
1.1.0,openjpa-lib/src/main/java/org/apache/openjpa/lib/rop/WindowResultList.java,11
1.1.0,openjpa-lib/src/main/java/org/apache/openjpa/lib/util/Base16Encoder.java,9
1.1.0,openjpa-lib/src/main/java/org/apache/openjpa/lib/util/BytecodeWriter.java,1
1.1.0,openjpa-lib/src/main/java/org/apache/openjpa/lib/util/Bytes.java,11
1.1.0,openjpa-lib/src/main/java/org/apache/openjpa/lib/util/Closeable.java,1
1.1.0,openjpa-lib/src/main/java/org/apache/openjpa/lib/util/CodeFormat.java,31
1.1.0,openjpa-lib/src/main/java/org/apache/openjpa/lib/util/EventManager.java,6
1.1.0,openjpa-lib/src/main/java/org/apache/openjpa/lib/util/Files.java,35
1.1.0,openjpa-lib/src/main/java/org/apache/openjpa/lib/util/FormatPreservingProperties.java,69
1.1.0,openjpa-lib/src/main/java/org/apache/openjpa/lib/util/J2DoPriv5Helper.java,3
1.1.0,openjpa-lib/src/main/java/org/apache/openjpa/lib/util/J2DoPrivHelper.java,54
1.1.0,openjpa-lib/src/main/java/org/apache/openjpa/lib/util/JavaVersions.java,28
1.1.0,openjpa-lib/src/main/java/org/apache/openjpa/lib/util/LRUMap.java,3
1.1.0,openjpa-lib/src/main/java/org/apache/openjpa/lib/util/Localizer.java,7
1.1.0,openjpa-lib/src/main/java/org/apache/openjpa/lib/util/MultiClassLoader.java,31
1.1.0,openjpa-lib/src/main/java/org/apache/openjpa/lib/util/Options.java,74
1.1.0,openjpa-lib/src/main/java/org/apache/openjpa/lib/util/ParameterTemplate.java,11
1.1.0,openjpa-lib/src/main/java/org/apache/openjpa/lib/util/ParseException.java,1
1.1.0,openjpa-lib/src/main/java/org/apache/openjpa/lib/util/ReferenceHashMap.java,17
1.1.0,openjpa-lib/src/main/java/org/apache/openjpa/lib/util/ReferenceHashSet.java,16
1.1.0,openjpa-lib/src/main/java/org/apache/openjpa/lib/util/ReferenceMap.java,6
1.1.0,openjpa-lib/src/main/java/org/apache/openjpa/lib/util/ResourceBundleProvider.java,1
1.1.0,openjpa-lib/src/main/java/org/apache/openjpa/lib/util/Services.java,22
1.1.0,openjpa-lib/src/main/java/org/apache/openjpa/lib/util/SimpleRegex.java,12
1.1.0,openjpa-lib/src/main/java/org/apache/openjpa/lib/util/SimpleResourceBundleProvider.java,4
1.1.0,openjpa-lib/src/main/java/org/apache/openjpa/lib/util/SizedMap.java,4
1.1.0,openjpa-lib/src/main/java/org/apache/openjpa/lib/util/StreamResourceBundleProvider.java,3
1.1.0,openjpa-lib/src/main/java/org/apache/openjpa/lib/util/StringDistance.java,17
1.1.0,openjpa-lib/src/main/java/org/apache/openjpa/lib/util/TemporaryClassLoader.java,12
1.1.0,openjpa-lib/src/main/java/org/apache/openjpa/lib/util/TimestampHelper.java,3
1.1.0,openjpa-lib/src/main/java/org/apache/openjpa/lib/util/TypedProperties.java,9
1.1.0,openjpa-lib/src/main/java/org/apache/openjpa/lib/util/UUIDGenerator.java,2
1.1.0,openjpa-lib/src/main/java/org/apache/openjpa/lib/util/ZipResourceBundleProvider.java,7
1.1.0,openjpa-lib/src/main/java/org/apache/openjpa/lib/util/concurrent/AbstractConcurrentEventManager.java,7
1.1.0,openjpa-lib/src/main/java/org/apache/openjpa/lib/util/concurrent/ConcurrentMap.java,2
1.1.0,openjpa-lib/src/main/java/org/apache/openjpa/lib/util/concurrent/ConcurrentReferenceHashMap.java,146
1.1.0,openjpa-lib/src/main/java/org/apache/openjpa/lib/util/concurrent/ConcurrentReferenceHashSet.java,15
1.1.0,openjpa-lib/src/main/java/org/apache/openjpa/lib/util/concurrent/NullSafeConcurrentHashMap.java,39
1.1.0,openjpa-lib/src/main/java/org/apache/openjpa/lib/util/concurrent/SizedConcurrentHashMap.java,8
1.1.0,openjpa-lib/src/main/java/org/apache/openjpa/lib/xml/Commentable.java,3
1.1.0,openjpa-lib/src/main/java/org/apache/openjpa/lib/xml/DocTypeReader.java,26
1.1.0,openjpa-lib/src/main/java/org/apache/openjpa/lib/xml/Location.java,1
1.1.0,openjpa-lib/src/main/java/org/apache/openjpa/lib/xml/ValidatingErrorHandler.java,3
1.1.0,openjpa-lib/src/main/java/org/apache/openjpa/lib/xml/XMLFactory.java,5
1.1.0,openjpa-lib/src/main/java/org/apache/openjpa/lib/xml/XMLWriter.java,11
1.1.0,openjpa-persistence-jdbc/src/main/java/org/apache/openjpa/persistence/jdbc/AnnotationPersistenceMappingParser.java,140
1.1.0,openjpa-persistence-jdbc/src/main/java/org/apache/openjpa/persistence/jdbc/AnnotationPersistenceMappingSerializer.java,85
1.1.0,openjpa-persistence-jdbc/src/main/java/org/apache/openjpa/persistence/jdbc/ElementEmbeddedMapping.java,2
1.1.0,openjpa-persistence-jdbc/src/main/java/org/apache/openjpa/persistence/jdbc/EmbeddedMapping.java,2
1.1.0,openjpa-persistence-jdbc/src/main/java/org/apache/openjpa/persistence/jdbc/FetchDirection.java,1
1.1.0,openjpa-persistence-jdbc/src/main/java/org/apache/openjpa/persistence/jdbc/FetchMode.java,1
1.1.0,openjpa-persistence-jdbc/src/main/java/org/apache/openjpa/persistence/jdbc/IsolationLevel.java,1
1.1.0,openjpa-persistence-jdbc/src/main/java/org/apache/openjpa/persistence/jdbc/JDBCFetchPlan.java,57
1.1.0,openjpa-persistence-jdbc/src/main/java/org/apache/openjpa/persistence/jdbc/JDBCPersistenceProductDerivation.java,4
1.1.0,openjpa-persistence-jdbc/src/main/java/org/apache/openjpa/persistence/jdbc/JoinSyntax.java,1
1.1.0,openjpa-persistence-jdbc/src/main/java/org/apache/openjpa/persistence/jdbc/KeyEmbeddedMapping.java,2
1.1.0,openjpa-persistence-jdbc/src/main/java/org/apache/openjpa/persistence/jdbc/LRSSizeAlgorithm.java,1
1.1.0,openjpa-persistence-jdbc/src/main/java/org/apache/openjpa/persistence/jdbc/PersistenceMappingDefaults.java,20
1.1.0,openjpa-persistence-jdbc/src/main/java/org/apache/openjpa/persistence/jdbc/PersistenceMappingFactory.java,2
1.1.0,openjpa-persistence-jdbc/src/main/java/org/apache/openjpa/persistence/jdbc/ResultSetType.java,1
1.1.0,openjpa-persistence-jdbc/src/main/java/org/apache/openjpa/persistence/jdbc/XEmbeddedMapping.java,2
1.1.0,openjpa-persistence-jdbc/src/main/java/org/apache/openjpa/persistence/jdbc/XMLPersistenceMappingParser.java,66
1.1.0,openjpa-persistence-jdbc/src/main/java/org/apache/openjpa/persistence/jdbc/XMLPersistenceMappingSerializer.java,81
1.1.0,openjpa-persistence/src/main/java/org/apache/openjpa/persistence/AnnotationBuilder.java,15
1.1.0,openjpa-persistence/src/main/java/org/apache/openjpa/persistence/AnnotationPersistenceMetaDataParser.java,213
1.1.0,openjpa-persistence/src/main/java/org/apache/openjpa/persistence/AnnotationPersistenceMetaDataSerializer.java,200
1.1.0,openjpa-persistence/src/main/java/org/apache/openjpa/persistence/AnnotationPersistenceXMLMetaDataParser.java,15
1.1.0,openjpa-persistence/src/main/java/org/apache/openjpa/persistence/ArgumentException.java,5
1.1.0,openjpa-persistence/src/main/java/org/apache/openjpa/persistence/AutoClearType.java,1
1.1.0,openjpa-persistence/src/main/java/org/apache/openjpa/persistence/AutoDetachType.java,9
1.1.0,openjpa-persistence/src/main/java/org/apache/openjpa/persistence/CallbackMode.java,10
1.1.0,openjpa-persistence/src/main/java/org/apache/openjpa/persistence/ConnectionRetainMode.java,1
1.1.0,openjpa-persistence/src/main/java/org/apache/openjpa/persistence/DetachStateType.java,1
1.1.0,openjpa-persistence/src/main/java/org/apache/openjpa/persistence/EntityExistsException.java,1
1.1.0,openjpa-persistence/src/main/java/org/apache/openjpa/persistence/EntityManagerFactoryImpl.java,29
1.1.0,openjpa-persistence/src/main/java/org/apache/openjpa/persistence/EntityManagerFactoryValue.java,1
1.1.0,openjpa-persistence/src/main/java/org/apache/openjpa/persistence/EntityManagerImpl.java,57
1.1.0,openjpa-persistence/src/main/java/org/apache/openjpa/persistence/EntityNotFoundException.java,1
1.1.0,openjpa-persistence/src/main/java/org/apache/openjpa/persistence/Extent.java,9
1.1.0,openjpa-persistence/src/main/java/org/apache/openjpa/persistence/ExtentImpl.java,6
1.1.0,openjpa-persistence/src/main/java/org/apache/openjpa/persistence/FetchPlan.java,44
1.1.0,openjpa-persistence/src/main/java/org/apache/openjpa/persistence/FetchPlanImpl.java,8
1.1.0,openjpa-persistence/src/main/java/org/apache/openjpa/persistence/Generator.java,7
1.1.0,openjpa-persistence/src/main/java/org/apache/openjpa/persistence/GeneratorImpl.java,5
1.1.0,openjpa-persistence/src/main/java/org/apache/openjpa/persistence/InvalidStateException.java,5
1.1.0,openjpa-persistence/src/main/java/org/apache/openjpa/persistence/JPAFacadeHelper.java,43
1.1.0,openjpa-persistence/src/main/java/org/apache/openjpa/persistence/MetaDataParsers.java,8
1.1.0,openjpa-persistence/src/main/java/org/apache/openjpa/persistence/NoResultException.java,1
1.1.0,openjpa-persistence/src/main/java/org/apache/openjpa/persistence/NonUniqueResultException.java,1
1.1.0,openjpa-persistence/src/main/java/org/apache/openjpa/persistence/OpenJPAEntityManager.java,177
1.1.0,openjpa-persistence/src/main/java/org/apache/openjpa/persistence/OpenJPAEntityManagerFactory.java,16
1.1.0,openjpa-persistence/src/main/java/org/apache/openjpa/persistence/OpenJPAEntityManagerFactorySPI.java,7
1.1.0,openjpa-persistence/src/main/java/org/apache/openjpa/persistence/OpenJPAEntityManagerSPI.java,16
1.1.0,openjpa-persistence/src/main/java/org/apache/openjpa/persistence/OpenJPAEntityTransaction.java,4
1.1.0,openjpa-persistence/src/main/java/org/apache/openjpa/persistence/OpenJPAPersistence.java,6
1.1.0,openjpa-persistence/src/main/java/org/apache/openjpa/persistence/OpenJPAQuery.java,45
1.1.0,openjpa-persistence/src/main/java/org/apache/openjpa/persistence/OpenJPAQuerySPI.java,4
1.1.0,openjpa-persistence/src/main/java/org/apache/openjpa/persistence/OptimisticLockException.java,1
1.1.0,openjpa-persistence/src/main/java/org/apache/openjpa/persistence/PersistenceException.java,1
1.1.0,openjpa-persistence/src/main/java/org/apache/openjpa/persistence/PersistenceExceptions.java,13
1.1.0,openjpa-persistence/src/main/java/org/apache/openjpa/persistence/PersistenceListenerAdapter.java,8
1.1.0,openjpa-persistence/src/main/java/org/apache/openjpa/persistence/PersistenceMetaDataDefaults.java,32
1.1.0,openjpa-persistence/src/main/java/org/apache/openjpa/persistence/PersistenceMetaDataFactory.java,43
1.1.0,openjpa-persistence/src/main/java/org/apache/openjpa/persistence/PersistenceProductDerivation.java,48
1.1.0,openjpa-persistence/src/main/java/org/apache/openjpa/persistence/PersistenceProviderImpl.java,8
1.1.0,openjpa-persistence/src/main/java/org/apache/openjpa/persistence/PersistenceUnitInfoImpl.java,35
1.1.0,openjpa-persistence/src/main/java/org/apache/openjpa/persistence/QueryImpl.java,52
1.1.0,openjpa-persistence/src/main/java/org/apache/openjpa/persistence/QueryOperationType.java,1
1.1.0,openjpa-persistence/src/main/java/org/apache/openjpa/persistence/QueryResultCache.java,6
1.1.0,openjpa-persistence/src/main/java/org/apache/openjpa/persistence/QueryResultCacheImpl.java,9
1.1.0,openjpa-persistence/src/main/java/org/apache/openjpa/persistence/RestoreStateType.java,1
1.1.0,openjpa-persistence/src/main/java/org/apache/openjpa/persistence/RollbackException.java,1
1.1.0,openjpa-persistence/src/main/java/org/apache/openjpa/persistence/StoreCache.java,15
1.1.0,openjpa-persistence/src/main/java/org/apache/openjpa/persistence/StoreCacheImpl.java,14
1.1.0,openjpa-persistence/src/main/java/org/apache/openjpa/persistence/TransactionRequiredException.java,1
1.1.0,openjpa-persistence/src/main/java/org/apache/openjpa/persistence/XMLPersistenceMetaDataParser.java,153
1.1.0,openjpa-persistence/src/main/java/org/apache/openjpa/persistence/XMLPersistenceMetaDataSerializer.java,191
1.1.0,openjpa-slice/src/main/java/org/apache/openjpa/slice/DistributedBrokerImpl.java,4
1.1.0,openjpa-slice/src/main/java/org/apache/openjpa/slice/ExecutorServiceValue.java,3
1.1.0,openjpa-slice/src/main/java/org/apache/openjpa/slice/Slice.java,6
1.1.0,openjpa-slice/src/main/java/org/apache/openjpa/slice/SlicePersistence.java,4
1.1.0,openjpa-slice/src/main/java/org/apache/openjpa/slice/jdbc/DistributedConnection.java,73
1.1.0,openjpa-slice/src/main/java/org/apache/openjpa/slice/jdbc/DistributedDataSource.java,9
1.1.0,openjpa-slice/src/main/java/org/apache/openjpa/slice/jdbc/DistributedJDBCBrokerFactory.java,5
1.1.0,openjpa-slice/src/main/java/org/apache/openjpa/slice/jdbc/DistributedJDBCConfigurationImpl.java,31
1.1.0,openjpa-slice/src/main/java/org/apache/openjpa/slice/jdbc/DistributedPreparedStatement.java,107
1.1.0,openjpa-slice/src/main/java/org/apache/openjpa/slice/jdbc/DistributedResultSet.java,152
1.1.0,openjpa-slice/src/main/java/org/apache/openjpa/slice/jdbc/DistributedStoreManager.java,23
1.1.0,openjpa-slice/src/main/java/org/apache/openjpa/slice/jdbc/DistributedStoreQuery.java,17
1.1.0,openjpa-slice/src/main/java/org/apache/openjpa/slice/jdbc/DistributedTemplate.java,95
1.1.0,openjpa-slice/src/main/java/org/apache/openjpa/slice/jdbc/UniqueResultObjectProvider.java,10
1.1.0,openjpa-xmlstore/src/main/java/org/apache/openjpa/xmlstore/ObjectData.java,26
1.1.0,openjpa-xmlstore/src/main/java/org/apache/openjpa/xmlstore/XMLConfiguration.java,2
1.1.0,openjpa-xmlstore/src/main/java/org/apache/openjpa/xmlstore/XMLFileHandler.java,48
1.1.0,openjpa-xmlstore/src/main/java/org/apache/openjpa/xmlstore/XMLStore.java,10
1.1.0,openjpa-xmlstore/src/main/java/org/apache/openjpa/xmlstore/XMLStoreManager.java,20
1.2.0,openjpa-examples/src/main/java/hellojpa/Main.java,2
1.2.0,openjpa-examples/src/main/java/hellojpa/Message.java,2
1.2.0,openjpa-examples/src/main/java/relations/Deity.java,5
1.2.0,openjpa-examples/src/main/java/relations/Main.java,15
1.2.0,openjpa-examples/src/main/java/reversemapping/Main.java,2
1.2.0,openjpa-jdbc/src/main/java/org/apache/openjpa/jdbc/ant/MappingToolTask.java,4
1.2.0,openjpa-jdbc/src/main/java/org/apache/openjpa/jdbc/ant/ReverseMappingToolTask.java,4
1.2.0,openjpa-jdbc/src/main/java/org/apache/openjpa/jdbc/ant/SchemaToolTask.java,2
1.2.0,openjpa-jdbc/src/main/java/org/apache/openjpa/jdbc/conf/JDBCConfiguration.java,75
1.2.0,openjpa-jdbc/src/main/java/org/apache/openjpa/jdbc/conf/JDBCConfigurationImpl.java,34
1.2.0,openjpa-jdbc/src/main/java/org/apache/openjpa/jdbc/conf/MappingFactoryValue.java,11
1.2.0,openjpa-jdbc/src/main/java/org/apache/openjpa/jdbc/conf/MappingRepositoryValue.java,1
1.2.0,openjpa-jdbc/src/main/java/org/apache/openjpa/jdbc/conf/QuerySQLCacheValue.java,4
1.2.0,openjpa-jdbc/src/main/java/org/apache/openjpa/jdbc/kernel/AbstractJDBCSavepointManager.java,3
1.2.0,openjpa-jdbc/src/main/java/org/apache/openjpa/jdbc/kernel/AbstractJDBCSeq.java,10
1.2.0,openjpa-jdbc/src/main/java/org/apache/openjpa/jdbc/kernel/AbstractUpdateManager.java,37
1.2.0,openjpa-jdbc/src/main/java/org/apache/openjpa/jdbc/kernel/BatchingPreparedStatementManagerImpl.java,18
1.2.0,openjpa-jdbc/src/main/java/org/apache/openjpa/jdbc/kernel/ClassTableJDBCSeq.java,18
1.2.0,openjpa-jdbc/src/main/java/org/apache/openjpa/jdbc/kernel/ConstraintUpdateManager.java,34
1.2.0,openjpa-jdbc/src/main/java/org/apache/openjpa/jdbc/kernel/EagerFetchModes.java,6
1.2.0,openjpa-jdbc/src/main/java/org/apache/openjpa/jdbc/kernel/GenericResultObjectProvider.java,6
1.2.0,openjpa-jdbc/src/main/java/org/apache/openjpa/jdbc/kernel/InstanceResultObjectProvider.java,1
1.2.0,openjpa-jdbc/src/main/java/org/apache/openjpa/jdbc/kernel/JDBC3SavepointManager.java,2
1.2.0,openjpa-jdbc/src/main/java/org/apache/openjpa/jdbc/kernel/JDBCBrokerFactory.java,7
1.2.0,openjpa-jdbc/src/main/java/org/apache/openjpa/jdbc/kernel/JDBCFetchConfiguration.java,27
1.2.0,openjpa-jdbc/src/main/java/org/apache/openjpa/jdbc/kernel/JDBCFetchConfigurationImpl.java,39
1.2.0,openjpa-jdbc/src/main/java/org/apache/openjpa/jdbc/kernel/JDBCLockManager.java,2
1.2.0,openjpa-jdbc/src/main/java/org/apache/openjpa/jdbc/kernel/JDBCSeq.java,1
1.2.0,openjpa-jdbc/src/main/java/org/apache/openjpa/jdbc/kernel/JDBCStore.java,10
1.2.0,openjpa-jdbc/src/main/java/org/apache/openjpa/jdbc/kernel/JDBCStoreManager.java,175
1.2.0,openjpa-jdbc/src/main/java/org/apache/openjpa/jdbc/kernel/JDBCStoreQuery.java,104
1.2.0,openjpa-jdbc/src/main/java/org/apache/openjpa/jdbc/kernel/LRSSizes.java,6
1.2.0,openjpa-jdbc/src/main/java/org/apache/openjpa/jdbc/kernel/MappedQueryResultObjectProvider.java,41
1.2.0,openjpa-jdbc/src/main/java/org/apache/openjpa/jdbc/kernel/NativeJDBCSeq.java,21
1.2.0,openjpa-jdbc/src/main/java/org/apache/openjpa/jdbc/kernel/OperationOrderUpdateManager.java,18
1.2.0,openjpa-jdbc/src/main/java/org/apache/openjpa/jdbc/kernel/PagingResultObjectProvider.java,48
1.2.0,openjpa-jdbc/src/main/java/org/apache/openjpa/jdbc/kernel/PessimisticLockManager.java,16
1.2.0,openjpa-jdbc/src/main/java/org/apache/openjpa/jdbc/kernel/PreparedStatementManager.java,3
1.2.0,openjpa-jdbc/src/main/java/org/apache/openjpa/jdbc/kernel/PreparedStatementManagerImpl.java,8
1.2.0,openjpa-jdbc/src/main/java/org/apache/openjpa/jdbc/kernel/ProjectionResultObjectProvider.java,1
1.2.0,openjpa-jdbc/src/main/java/org/apache/openjpa/jdbc/kernel/SQLProjectionResultObjectProvider.java,7
1.2.0,openjpa-jdbc/src/main/java/org/apache/openjpa/jdbc/kernel/SQLStoreQuery.java,29
1.2.0,openjpa-jdbc/src/main/java/org/apache/openjpa/jdbc/kernel/SelectResultObjectProvider.java,7
1.2.0,openjpa-jdbc/src/main/java/org/apache/openjpa/jdbc/kernel/TableJDBCSeq.java,59
1.2.0,openjpa-jdbc/src/main/java/org/apache/openjpa/jdbc/kernel/UpdateManager.java,2
1.2.0,openjpa-jdbc/src/main/java/org/apache/openjpa/jdbc/kernel/ValueTableJDBCSeq.java,10
1.2.0,openjpa-jdbc/src/main/java/org/apache/openjpa/jdbc/kernel/exps/Abs.java,1
1.2.0,openjpa-jdbc/src/main/java/org/apache/openjpa/jdbc/kernel/exps/Aggregate.java,11
1.2.0,openjpa-jdbc/src/main/java/org/apache/openjpa/jdbc/kernel/exps/AndExpression.java,4
1.2.0,openjpa-jdbc/src/main/java/org/apache/openjpa/jdbc/kernel/exps/Args.java,22
1.2.0,openjpa-jdbc/src/main/java/org/apache/openjpa/jdbc/kernel/exps/BinaryOpExpState.java,1
1.2.0,openjpa-jdbc/src/main/java/org/apache/openjpa/jdbc/kernel/exps/BindVariableAndExpression.java,2
1.2.0,openjpa-jdbc/src/main/java/org/apache/openjpa/jdbc/kernel/exps/BindVariableExpression.java,2
1.2.0,openjpa-jdbc/src/main/java/org/apache/openjpa/jdbc/kernel/exps/CompareEqualExpression.java,5
1.2.0,openjpa-jdbc/src/main/java/org/apache/openjpa/jdbc/kernel/exps/CompareExpression.java,1
1.2.0,openjpa-jdbc/src/main/java/org/apache/openjpa/jdbc/kernel/exps/Concat.java,2
1.2.0,openjpa-jdbc/src/main/java/org/apache/openjpa/jdbc/kernel/exps/Const.java,20
1.2.0,openjpa-jdbc/src/main/java/org/apache/openjpa/jdbc/kernel/exps/ConstGetObjectId.java,7
1.2.0,openjpa-jdbc/src/main/java/org/apache/openjpa/jdbc/kernel/exps/ConstInstanceofExpression.java,2
1.2.0,openjpa-jdbc/src/main/java/org/apache/openjpa/jdbc/kernel/exps/ConstPath.java,15
1.2.0,openjpa-jdbc/src/main/java/org/apache/openjpa/jdbc/kernel/exps/ContainsExpression.java,2
1.2.0,openjpa-jdbc/src/main/java/org/apache/openjpa/jdbc/kernel/exps/ContainsKeyExpression.java,1
1.2.0,openjpa-jdbc/src/main/java/org/apache/openjpa/jdbc/kernel/exps/CurrentDate.java,1
1.2.0,openjpa-jdbc/src/main/java/org/apache/openjpa/jdbc/kernel/exps/Distinct.java,1
1.2.0,openjpa-jdbc/src/main/java/org/apache/openjpa/jdbc/kernel/exps/EmptyExpression.java,2
1.2.0,openjpa-jdbc/src/main/java/org/apache/openjpa/jdbc/kernel/exps/EndsWithExpression.java,3
1.2.0,openjpa-jdbc/src/main/java/org/apache/openjpa/jdbc/kernel/exps/EqualExpression.java,7
1.2.0,openjpa-jdbc/src/main/java/org/apache/openjpa/jdbc/kernel/exps/Exp.java,3
1.2.0,openjpa-jdbc/src/main/java/org/apache/openjpa/jdbc/kernel/exps/ExpContext.java,1
1.2.0,openjpa-jdbc/src/main/java/org/apache/openjpa/jdbc/kernel/exps/ExpState.java,1
1.2.0,openjpa-jdbc/src/main/java/org/apache/openjpa/jdbc/kernel/exps/Extension.java,15
1.2.0,openjpa-jdbc/src/main/java/org/apache/openjpa/jdbc/kernel/exps/FilterValue.java,15
1.2.0,openjpa-jdbc/src/main/java/org/apache/openjpa/jdbc/kernel/exps/FilterValueImpl.java,6
1.2.0,openjpa-jdbc/src/main/java/org/apache/openjpa/jdbc/kernel/exps/GetColumn.java,2
1.2.0,openjpa-jdbc/src/main/java/org/apache/openjpa/jdbc/kernel/exps/GetMapValue.java,8
1.2.0,openjpa-jdbc/src/main/java/org/apache/openjpa/jdbc/kernel/exps/GetObjectId.java,7
1.2.0,openjpa-jdbc/src/main/java/org/apache/openjpa/jdbc/kernel/exps/HasContainsExpressionVisitor.java,2
1.2.0,openjpa-jdbc/src/main/java/org/apache/openjpa/jdbc/kernel/exps/InExpression.java,18
1.2.0,openjpa-jdbc/src/main/java/org/apache/openjpa/jdbc/kernel/exps/IndexOf.java,2
1.2.0,openjpa-jdbc/src/main/java/org/apache/openjpa/jdbc/kernel/exps/InstanceofExpression.java,9
1.2.0,openjpa-jdbc/src/main/java/org/apache/openjpa/jdbc/kernel/exps/JDBCAggregateListener.java,1
1.2.0,openjpa-jdbc/src/main/java/org/apache/openjpa/jdbc/kernel/exps/JDBCExpressionFactory.java,14
1.2.0,openjpa-jdbc/src/main/java/org/apache/openjpa/jdbc/kernel/exps/JDBCFilterListener.java,1
1.2.0,openjpa-jdbc/src/main/java/org/apache/openjpa/jdbc/kernel/exps/JDBCPath.java,1
1.2.0,openjpa-jdbc/src/main/java/org/apache/openjpa/jdbc/kernel/exps/JDBCStringContains.java,3
1.2.0,openjpa-jdbc/src/main/java/org/apache/openjpa/jdbc/kernel/exps/JDBCWildcardMatch.java,2
1.2.0,openjpa-jdbc/src/main/java/org/apache/openjpa/jdbc/kernel/exps/Lit.java,4
1.2.0,openjpa-jdbc/src/main/java/org/apache/openjpa/jdbc/kernel/exps/MatchesExpression.java,9
1.2.0,openjpa-jdbc/src/main/java/org/apache/openjpa/jdbc/kernel/exps/Math.java,1
1.2.0,openjpa-jdbc/src/main/java/org/apache/openjpa/jdbc/kernel/exps/NotContainsExpression.java,1
1.2.0,openjpa-jdbc/src/main/java/org/apache/openjpa/jdbc/kernel/exps/NotEqualExpression.java,7
1.2.0,openjpa-jdbc/src/main/java/org/apache/openjpa/jdbc/kernel/exps/Null.java,2
1.2.0,openjpa-jdbc/src/main/java/org/apache/openjpa/jdbc/kernel/exps/OrExpression.java,7
1.2.0,openjpa-jdbc/src/main/java/org/apache/openjpa/jdbc/kernel/exps/PCPath.java,96
1.2.0,openjpa-jdbc/src/main/java/org/apache/openjpa/jdbc/kernel/exps/Param.java,3
1.2.0,openjpa-jdbc/src/main/java/org/apache/openjpa/jdbc/kernel/exps/SQLEmbed.java,1
1.2.0,openjpa-jdbc/src/main/java/org/apache/openjpa/jdbc/kernel/exps/SelectConstructor.java,19
1.2.0,openjpa-jdbc/src/main/java/org/apache/openjpa/jdbc/kernel/exps/StartsWithExpression.java,3
1.2.0,openjpa-jdbc/src/main/java/org/apache/openjpa/jdbc/kernel/exps/StringFunction.java,1
1.2.0,openjpa-jdbc/src/main/java/org/apache/openjpa/jdbc/kernel/exps/StringLength.java,1
1.2.0,openjpa-jdbc/src/main/java/org/apache/openjpa/jdbc/kernel/exps/SubQ.java,16
1.2.0,openjpa-jdbc/src/main/java/org/apache/openjpa/jdbc/kernel/exps/Substring.java,2
1.2.0,openjpa-jdbc/src/main/java/org/apache/openjpa/jdbc/kernel/exps/Sum.java,1
1.2.0,openjpa-jdbc/src/main/java/org/apache/openjpa/jdbc/kernel/exps/Trim.java,9
1.2.0,openjpa-jdbc/src/main/java/org/apache/openjpa/jdbc/kernel/exps/UnaryOp.java,3
1.2.0,openjpa-jdbc/src/main/java/org/apache/openjpa/jdbc/kernel/exps/Val.java,32
1.2.0,openjpa-jdbc/src/main/java/org/apache/openjpa/jdbc/kernel/exps/Variable.java,14
1.2.0,openjpa-jdbc/src/main/java/org/apache/openjpa/jdbc/meta/ClassMapping.java,91
1.2.0,openjpa-jdbc/src/main/java/org/apache/openjpa/jdbc/meta/ClassMappingInfo.java,29
1.2.0,openjpa-jdbc/src/main/java/org/apache/openjpa/jdbc/meta/ClassStrategy.java,7
1.2.0,openjpa-jdbc/src/main/java/org/apache/openjpa/jdbc/meta/DelegatingJoinable.java,5
1.2.0,openjpa-jdbc/src/main/java/org/apache/openjpa/jdbc/meta/Discriminator.java,21
1.2.0,openjpa-jdbc/src/main/java/org/apache/openjpa/jdbc/meta/DiscriminatorMappingInfo.java,13
1.2.0,openjpa-jdbc/src/main/java/org/apache/openjpa/jdbc/meta/DiscriminatorStrategy.java,6
1.2.0,openjpa-jdbc/src/main/java/org/apache/openjpa/jdbc/meta/Embeddable.java,7
1.2.0,openjpa-jdbc/src/main/java/org/apache/openjpa/jdbc/meta/FieldMapping.java,45
1.2.0,openjpa-jdbc/src/main/java/org/apache/openjpa/jdbc/meta/FieldMappingInfo.java,30
1.2.0,openjpa-jdbc/src/main/java/org/apache/openjpa/jdbc/meta/FieldStrategy.java,25
1.2.0,openjpa-jdbc/src/main/java/org/apache/openjpa/jdbc/meta/JDBCColumnOrder.java,1
1.2.0,openjpa-jdbc/src/main/java/org/apache/openjpa/jdbc/meta/JDBCOrder.java,2
1.2.0,openjpa-jdbc/src/main/java/org/apache/openjpa/jdbc/meta/JDBCRelatedFieldOrder.java,1
1.2.0,openjpa-jdbc/src/main/java/org/apache/openjpa/jdbc/meta/JDBCValueOrder.java,2
1.2.0,openjpa-jdbc/src/main/java/org/apache/openjpa/jdbc/meta/JavaSQLTypes.java,17
1.2.0,openjpa-jdbc/src/main/java/org/apache/openjpa/jdbc/meta/Joinable.java,6
1.2.0,openjpa-jdbc/src/main/java/org/apache/openjpa/jdbc/meta/MappingDefaults.java,29
1.2.0,openjpa-jdbc/src/main/java/org/apache/openjpa/jdbc/meta/MappingDefaultsImpl.java,49
1.2.0,openjpa-jdbc/src/main/java/org/apache/openjpa/jdbc/meta/MappingInfo.java,186
1.2.0,openjpa-jdbc/src/main/java/org/apache/openjpa/jdbc/meta/MappingRepository.java,136
1.2.0,openjpa-jdbc/src/main/java/org/apache/openjpa/jdbc/meta/MappingStrategyInstaller.java,4
1.2.0,openjpa-jdbc/src/main/java/org/apache/openjpa/jdbc/meta/MappingTool.java,100
1.2.0,openjpa-jdbc/src/main/java/org/apache/openjpa/jdbc/meta/MetaDataPlusMappingFactory.java,8
1.2.0,openjpa-jdbc/src/main/java/org/apache/openjpa/jdbc/meta/NoneMappingDefaults.java,8
1.2.0,openjpa-jdbc/src/main/java/org/apache/openjpa/jdbc/meta/PropertiesReverseCustomizer.java,19
1.2.0,openjpa-jdbc/src/main/java/org/apache/openjpa/jdbc/meta/QueryResultMapping.java,44
1.2.0,openjpa-jdbc/src/main/java/org/apache/openjpa/jdbc/meta/RefreshStrategyInstaller.java,12
1.2.0,openjpa-jdbc/src/main/java/org/apache/openjpa/jdbc/meta/RelationId.java,1
1.2.0,openjpa-jdbc/src/main/java/org/apache/openjpa/jdbc/meta/ReverseCustomizer.java,13
1.2.0,openjpa-jdbc/src/main/java/org/apache/openjpa/jdbc/meta/ReverseMappingTool.java,210
1.2.0,openjpa-jdbc/src/main/java/org/apache/openjpa/jdbc/meta/RuntimeStrategyInstaller.java,5
1.2.0,openjpa-jdbc/src/main/java/org/apache/openjpa/jdbc/meta/SequenceMapping.java,5
1.2.0,openjpa-jdbc/src/main/java/org/apache/openjpa/jdbc/meta/Strategy.java,12
1.2.0,openjpa-jdbc/src/main/java/org/apache/openjpa/jdbc/meta/ValueHandler.java,7
1.2.0,openjpa-jdbc/src/main/java/org/apache/openjpa/jdbc/meta/ValueMapping.java,41
1.2.0,openjpa-jdbc/src/main/java/org/apache/openjpa/jdbc/meta/ValueMappingImpl.java,64
1.2.0,openjpa-jdbc/src/main/java/org/apache/openjpa/jdbc/meta/ValueMappingInfo.java,23
1.2.0,openjpa-jdbc/src/main/java/org/apache/openjpa/jdbc/meta/Version.java,18
1.2.0,openjpa-jdbc/src/main/java/org/apache/openjpa/jdbc/meta/VersionMappingInfo.java,3
1.2.0,openjpa-jdbc/src/main/java/org/apache/openjpa/jdbc/meta/VersionStrategy.java,8
1.2.0,openjpa-jdbc/src/main/java/org/apache/openjpa/jdbc/meta/strats/AbstractDiscriminatorStrategy.java,1
1.2.0,openjpa-jdbc/src/main/java/org/apache/openjpa/jdbc/meta/strats/AbstractFieldStrategy.java,7
1.2.0,openjpa-jdbc/src/main/java/org/apache/openjpa/jdbc/meta/strats/AbstractStrategy.java,8
1.2.0,openjpa-jdbc/src/main/java/org/apache/openjpa/jdbc/meta/strats/AbstractVersionStrategy.java,1
1.2.0,openjpa-jdbc/src/main/java/org/apache/openjpa/jdbc/meta/strats/CharArrayStreamValueHandler.java,4
1.2.0,openjpa-jdbc/src/main/java/org/apache/openjpa/jdbc/meta/strats/CharArrayValueHandler.java,1
1.2.0,openjpa-jdbc/src/main/java/org/apache/openjpa/jdbc/meta/strats/ClassNameDiscriminatorStrategy.java,7
1.2.0,openjpa-jdbc/src/main/java/org/apache/openjpa/jdbc/meta/strats/ColumnVersionStrategy.java,38
1.2.0,openjpa-jdbc/src/main/java/org/apache/openjpa/jdbc/meta/strats/ContainerFieldStrategy.java,6
1.2.0,openjpa-jdbc/src/main/java/org/apache/openjpa/jdbc/meta/strats/ElementEmbedValueHandler.java,24
1.2.0,openjpa-jdbc/src/main/java/org/apache/openjpa/jdbc/meta/strats/EmbedFieldStrategy.java,72
1.2.0,openjpa-jdbc/src/main/java/org/apache/openjpa/jdbc/meta/strats/EmbedValueHandler.java,16
1.2.0,openjpa-jdbc/src/main/java/org/apache/openjpa/jdbc/meta/strats/EmbeddedClassStrategy.java,9
1.2.0,openjpa-jdbc/src/main/java/org/apache/openjpa/jdbc/meta/strats/EnumValueHandler.java,8
1.2.0,openjpa-jdbc/src/main/java/org/apache/openjpa/jdbc/meta/strats/FlatClassStrategy.java,2
1.2.0,openjpa-jdbc/src/main/java/org/apache/openjpa/jdbc/meta/strats/FullClassStrategy.java,8
1.2.0,openjpa-jdbc/src/main/java/org/apache/openjpa/jdbc/meta/strats/HandlerCollectionTableFieldStrategy.java,23
1.2.0,openjpa-jdbc/src/main/java/org/apache/openjpa/jdbc/meta/strats/HandlerFieldStrategy.java,48
1.2.0,openjpa-jdbc/src/main/java/org/apache/openjpa/jdbc/meta/strats/HandlerHandlerMapTableFieldStrategy.java,17
1.2.0,openjpa-jdbc/src/main/java/org/apache/openjpa/jdbc/meta/strats/HandlerRelationMapTableFieldStrategy.java,25
1.2.0,openjpa-jdbc/src/main/java/org/apache/openjpa/jdbc/meta/strats/HandlerStrategies.java,30
1.2.0,openjpa-jdbc/src/main/java/org/apache/openjpa/jdbc/meta/strats/IdentityJoinable.java,2
1.2.0,openjpa-jdbc/src/main/java/org/apache/openjpa/jdbc/meta/strats/ImmutableValueHandler.java,5
1.2.0,openjpa-jdbc/src/main/java/org/apache/openjpa/jdbc/meta/strats/InValueDiscriminatorStrategy.java,13
1.2.0,openjpa-jdbc/src/main/java/org/apache/openjpa/jdbc/meta/strats/LRSCollectionFieldStrategy.java,7
1.2.0,openjpa-jdbc/src/main/java/org/apache/openjpa/jdbc/meta/strats/LRSMapFieldStrategy.java,15
1.2.0,openjpa-jdbc/src/main/java/org/apache/openjpa/jdbc/meta/strats/LRSProxyCollection.java,10
1.2.0,openjpa-jdbc/src/main/java/org/apache/openjpa/jdbc/meta/strats/LRSProxyMap.java,40
1.2.0,openjpa-jdbc/src/main/java/org/apache/openjpa/jdbc/meta/strats/LobFieldStrategy.java,2
1.2.0,openjpa-jdbc/src/main/java/org/apache/openjpa/jdbc/meta/strats/MapTableFieldStrategy.java,7
1.2.0,openjpa-jdbc/src/main/java/org/apache/openjpa/jdbc/meta/strats/MaxEmbeddedBlobFieldStrategy.java,3
1.2.0,openjpa-jdbc/src/main/java/org/apache/openjpa/jdbc/meta/strats/MaxEmbeddedByteArrayFieldStrategy.java,3
1.2.0,openjpa-jdbc/src/main/java/org/apache/openjpa/jdbc/meta/strats/MaxEmbeddedCharArrayFieldStrategy.java,8
1.2.0,openjpa-jdbc/src/main/java/org/apache/openjpa/jdbc/meta/strats/MaxEmbeddedClobFieldStrategy.java,3
1.2.0,openjpa-jdbc/src/main/java/org/apache/openjpa/jdbc/meta/strats/MaxEmbeddedLobFieldStrategy.java,17
1.2.0,openjpa-jdbc/src/main/java/org/apache/openjpa/jdbc/meta/strats/NoneClassStrategy.java,2
1.2.0,openjpa-jdbc/src/main/java/org/apache/openjpa/jdbc/meta/strats/NoneDiscriminatorStrategy.java,1
1.2.0,openjpa-jdbc/src/main/java/org/apache/openjpa/jdbc/meta/strats/NoneFieldStrategy.java,2
1.2.0,openjpa-jdbc/src/main/java/org/apache/openjpa/jdbc/meta/strats/NoneVersionStrategy.java,2
1.2.0,openjpa-jdbc/src/main/java/org/apache/openjpa/jdbc/meta/strats/NumberVersionStrategy.java,3
1.2.0,openjpa-jdbc/src/main/java/org/apache/openjpa/jdbc/meta/strats/ObjectIdClassStrategy.java,1
1.2.0,openjpa-jdbc/src/main/java/org/apache/openjpa/jdbc/meta/strats/ObjectIdValueHandler.java,3
1.2.0,openjpa-jdbc/src/main/java/org/apache/openjpa/jdbc/meta/strats/PrimitiveFieldStrategy.java,36
1.2.0,openjpa-jdbc/src/main/java/org/apache/openjpa/jdbc/meta/strats/PrimitiveWrapperArrays.java,9
1.2.0,openjpa-jdbc/src/main/java/org/apache/openjpa/jdbc/meta/strats/RelationCollectionInverseKeyFieldStrategy.java,2
1.2.0,openjpa-jdbc/src/main/java/org/apache/openjpa/jdbc/meta/strats/RelationCollectionTableFieldStrategy.java,2
1.2.0,openjpa-jdbc/src/main/java/org/apache/openjpa/jdbc/meta/strats/RelationFieldStrategy.java,104
1.2.0,openjpa-jdbc/src/main/java/org/apache/openjpa/jdbc/meta/strats/RelationHandlerMapTableFieldStrategy.java,23
1.2.0,openjpa-jdbc/src/main/java/org/apache/openjpa/jdbc/meta/strats/RelationMapInverseKeyFieldStrategy.java,5
1.2.0,openjpa-jdbc/src/main/java/org/apache/openjpa/jdbc/meta/strats/RelationMapTableFieldStrategy.java,5
1.2.0,openjpa-jdbc/src/main/java/org/apache/openjpa/jdbc/meta/strats/RelationRelationMapTableFieldStrategy.java,33
1.2.0,openjpa-jdbc/src/main/java/org/apache/openjpa/jdbc/meta/strats/RelationStrategies.java,14
1.2.0,openjpa-jdbc/src/main/java/org/apache/openjpa/jdbc/meta/strats/RelationToManyInverseKeyFieldStrategy.java,35
1.2.0,openjpa-jdbc/src/main/java/org/apache/openjpa/jdbc/meta/strats/RelationToManyTableFieldStrategy.java,18
1.2.0,openjpa-jdbc/src/main/java/org/apache/openjpa/jdbc/meta/strats/StateComparisonVersionStrategy.java,23
1.2.0,openjpa-jdbc/src/main/java/org/apache/openjpa/jdbc/meta/strats/StoreCollectionFieldStrategy.java,57
1.2.0,openjpa-jdbc/src/main/java/org/apache/openjpa/jdbc/meta/strats/StringFieldStrategy.java,15
1.2.0,openjpa-jdbc/src/main/java/org/apache/openjpa/jdbc/meta/strats/SubclassJoinDiscriminatorStrategy.java,17
1.2.0,openjpa-jdbc/src/main/java/org/apache/openjpa/jdbc/meta/strats/TimestampVersionStrategy.java,2
1.2.0,openjpa-jdbc/src/main/java/org/apache/openjpa/jdbc/meta/strats/UntypedPCValueHandler.java,4
1.2.0,openjpa-jdbc/src/main/java/org/apache/openjpa/jdbc/meta/strats/ValueMapDiscriminatorStrategy.java,10
1.2.0,openjpa-jdbc/src/main/java/org/apache/openjpa/jdbc/meta/strats/VerticalClassStrategy.java,7
1.2.0,openjpa-jdbc/src/main/java/org/apache/openjpa/jdbc/meta/strats/XMLValueHandler.java,3
1.2.0,openjpa-jdbc/src/main/java/org/apache/openjpa/jdbc/schema/Column.java,68
1.2.0,openjpa-jdbc/src/main/java/org/apache/openjpa/jdbc/schema/ColumnIO.java,16
1.2.0,openjpa-jdbc/src/main/java/org/apache/openjpa/jdbc/schema/Constraint.java,10
1.2.0,openjpa-jdbc/src/main/java/org/apache/openjpa/jdbc/schema/DataSourceFactory.java,21
1.2.0,openjpa-jdbc/src/main/java/org/apache/openjpa/jdbc/schema/DriverDataSource.java,15
1.2.0,openjpa-jdbc/src/main/java/org/apache/openjpa/jdbc/schema/DynamicSchemaFactory.java,12
1.2.0,openjpa-jdbc/src/main/java/org/apache/openjpa/jdbc/schema/FileSchemaFactory.java,3
1.2.0,openjpa-jdbc/src/main/java/org/apache/openjpa/jdbc/schema/ForeignKey.java,90
1.2.0,openjpa-jdbc/src/main/java/org/apache/openjpa/jdbc/schema/Index.java,7
1.2.0,openjpa-jdbc/src/main/java/org/apache/openjpa/jdbc/schema/LazySchemaFactory.java,12
1.2.0,openjpa-jdbc/src/main/java/org/apache/openjpa/jdbc/schema/LocalConstraint.java,29
1.2.0,openjpa-jdbc/src/main/java/org/apache/openjpa/jdbc/schema/NameSet.java,8
1.2.0,openjpa-jdbc/src/main/java/org/apache/openjpa/jdbc/schema/PrimaryKey.java,4
1.2.0,openjpa-jdbc/src/main/java/org/apache/openjpa/jdbc/schema/Schema.java,35
1.2.0,openjpa-jdbc/src/main/java/org/apache/openjpa/jdbc/schema/SchemaFactory.java,2
1.2.0,openjpa-jdbc/src/main/java/org/apache/openjpa/jdbc/schema/SchemaGenerator.java,122
1.2.0,openjpa-jdbc/src/main/java/org/apache/openjpa/jdbc/schema/SchemaGroup.java,63
1.2.0,openjpa-jdbc/src/main/java/org/apache/openjpa/jdbc/schema/SchemaParser.java,5
1.2.0,openjpa-jdbc/src/main/java/org/apache/openjpa/jdbc/schema/SchemaSerializer.java,8
1.2.0,openjpa-jdbc/src/main/java/org/apache/openjpa/jdbc/schema/SchemaTool.java,202
1.2.0,openjpa-jdbc/src/main/java/org/apache/openjpa/jdbc/schema/Schemas.java,39
1.2.0,openjpa-jdbc/src/main/java/org/apache/openjpa/jdbc/schema/Sequence.java,11
1.2.0,openjpa-jdbc/src/main/java/org/apache/openjpa/jdbc/schema/SimpleDriverDataSource.java,19
1.2.0,openjpa-jdbc/src/main/java/org/apache/openjpa/jdbc/schema/Table.java,89
1.2.0,openjpa-jdbc/src/main/java/org/apache/openjpa/jdbc/schema/TableSchemaFactory.java,40
1.2.0,openjpa-jdbc/src/main/java/org/apache/openjpa/jdbc/schema/Unique.java,2
1.2.0,openjpa-jdbc/src/main/java/org/apache/openjpa/jdbc/schema/XMLSchemaParser.java,50
1.2.0,openjpa-jdbc/src/main/java/org/apache/openjpa/jdbc/schema/XMLSchemaSerializer.java,82
1.2.0,openjpa-jdbc/src/main/java/org/apache/openjpa/jdbc/sql/AbstractResult.java,33
1.2.0,openjpa-jdbc/src/main/java/org/apache/openjpa/jdbc/sql/AbstractSQLServerDictionary.java,8
1.2.0,openjpa-jdbc/src/main/java/org/apache/openjpa/jdbc/sql/AccessDictionary.java,3
1.2.0,openjpa-jdbc/src/main/java/org/apache/openjpa/jdbc/sql/DB2Dictionary.java,52
1.2.0,openjpa-jdbc/src/main/java/org/apache/openjpa/jdbc/sql/DBDictionary.java,421
1.2.0,openjpa-jdbc/src/main/java/org/apache/openjpa/jdbc/sql/DBDictionaryFactory.java,41
1.2.0,openjpa-jdbc/src/main/java/org/apache/openjpa/jdbc/sql/DerbyDictionary.java,5
1.2.0,openjpa-jdbc/src/main/java/org/apache/openjpa/jdbc/sql/EmpressDictionary.java,15
1.2.0,openjpa-jdbc/src/main/java/org/apache/openjpa/jdbc/sql/FoxProDictionary.java,8
1.2.0,openjpa-jdbc/src/main/java/org/apache/openjpa/jdbc/sql/H2Dictionary.java,17
1.2.0,openjpa-jdbc/src/main/java/org/apache/openjpa/jdbc/sql/HSQLDictionary.java,19
1.2.0,openjpa-jdbc/src/main/java/org/apache/openjpa/jdbc/sql/InformixDictionary.java,17
1.2.0,openjpa-jdbc/src/main/java/org/apache/openjpa/jdbc/sql/InterbaseDictionary.java,2
1.2.0,openjpa-jdbc/src/main/java/org/apache/openjpa/jdbc/sql/JDataStoreDictionary.java,3
1.2.0,openjpa-jdbc/src/main/java/org/apache/openjpa/jdbc/sql/Join.java,10
1.2.0,openjpa-jdbc/src/main/java/org/apache/openjpa/jdbc/sql/JoinSet.java,59
1.2.0,openjpa-jdbc/src/main/java/org/apache/openjpa/jdbc/sql/JoinSyntaxes.java,6
1.2.0,openjpa-jdbc/src/main/java/org/apache/openjpa/jdbc/sql/Joins.java,9
1.2.0,openjpa-jdbc/src/main/java/org/apache/openjpa/jdbc/sql/LogicalUnion.java,53
1.2.0,openjpa-jdbc/src/main/java/org/apache/openjpa/jdbc/sql/MergedResult.java,15
1.2.0,openjpa-jdbc/src/main/java/org/apache/openjpa/jdbc/sql/MySQLDictionary.java,12
1.2.0,openjpa-jdbc/src/main/java/org/apache/openjpa/jdbc/sql/OracleDictionary.java,146
1.2.0,openjpa-jdbc/src/main/java/org/apache/openjpa/jdbc/sql/PointbaseDictionary.java,4
1.2.0,openjpa-jdbc/src/main/java/org/apache/openjpa/jdbc/sql/PostgresDictionary.java,34
1.2.0,openjpa-jdbc/src/main/java/org/apache/openjpa/jdbc/sql/PrimaryRow.java,43
1.2.0,openjpa-jdbc/src/main/java/org/apache/openjpa/jdbc/sql/Raw.java,1
1.2.0,openjpa-jdbc/src/main/java/org/apache/openjpa/jdbc/sql/Result.java,83
1.2.0,openjpa-jdbc/src/main/java/org/apache/openjpa/jdbc/sql/ResultSetResult.java,22
1.2.0,openjpa-jdbc/src/main/java/org/apache/openjpa/jdbc/sql/Row.java,75
1.2.0,openjpa-jdbc/src/main/java/org/apache/openjpa/jdbc/sql/RowImpl.java,89
1.2.0,openjpa-jdbc/src/main/java/org/apache/openjpa/jdbc/sql/RowManager.java,5
1.2.0,openjpa-jdbc/src/main/java/org/apache/openjpa/jdbc/sql/RowManagerImpl.java,18
1.2.0,openjpa-jdbc/src/main/java/org/apache/openjpa/jdbc/sql/SQLBuffer.java,72
1.2.0,openjpa-jdbc/src/main/java/org/apache/openjpa/jdbc/sql/SQLErrorCodeReader.java,8
1.2.0,openjpa-jdbc/src/main/java/org/apache/openjpa/jdbc/sql/SQLExceptions.java,10
1.2.0,openjpa-jdbc/src/main/java/org/apache/openjpa/jdbc/sql/SQLFactory.java,3
1.2.0,openjpa-jdbc/src/main/java/org/apache/openjpa/jdbc/sql/SQLFactoryImpl.java,2
1.2.0,openjpa-jdbc/src/main/java/org/apache/openjpa/jdbc/sql/SQLServerDictionary.java,31
1.2.0,openjpa-jdbc/src/main/java/org/apache/openjpa/jdbc/sql/SecondaryRow.java,15
1.2.0,openjpa-jdbc/src/main/java/org/apache/openjpa/jdbc/sql/Select.java,109
1.2.0,openjpa-jdbc/src/main/java/org/apache/openjpa/jdbc/sql/SelectExecutor.java,20
1.2.0,openjpa-jdbc/src/main/java/org/apache/openjpa/jdbc/sql/SelectImpl.java,370
1.2.0,openjpa-jdbc/src/main/java/org/apache/openjpa/jdbc/sql/SybaseDictionary.java,18
1.2.0,openjpa-jdbc/src/main/java/org/apache/openjpa/jdbc/sql/Union.java,7
1.2.0,openjpa-kernel/src/main/java/org/apache/openjpa/abstractstore/AbstractStoreBrokerFactory.java,3
1.2.0,openjpa-kernel/src/main/java/org/apache/openjpa/abstractstore/AbstractStoreManager.java,26
1.2.0,openjpa-kernel/src/main/java/org/apache/openjpa/ant/MetaDataToolTask.java,4
1.2.0,openjpa-kernel/src/main/java/org/apache/openjpa/conf/AutoDetachValue.java,4
1.2.0,openjpa-kernel/src/main/java/org/apache/openjpa/conf/BrokerFactoryValue.java,3
1.2.0,openjpa-kernel/src/main/java/org/apache/openjpa/conf/BrokerValue.java,2
1.2.0,openjpa-kernel/src/main/java/org/apache/openjpa/conf/CacheMarshaller.java,8
1.2.0,openjpa-kernel/src/main/java/org/apache/openjpa/conf/CacheMarshallerImpl.java,20
1.2.0,openjpa-kernel/src/main/java/org/apache/openjpa/conf/CacheMarshallersValue.java,5
1.2.0,openjpa-kernel/src/main/java/org/apache/openjpa/conf/Compatibility.java,4
1.2.0,openjpa-kernel/src/main/java/org/apache/openjpa/conf/DetachOptions.java,6
1.2.0,openjpa-kernel/src/main/java/org/apache/openjpa/conf/MetaDataCacheMaintenance.java,26
1.2.0,openjpa-kernel/src/main/java/org/apache/openjpa/conf/MetaDataRepositoryValue.java,4
1.2.0,openjpa-kernel/src/main/java/org/apache/openjpa/conf/NoOpCacheMarshaller.java,2
1.2.0,openjpa-kernel/src/main/java/org/apache/openjpa/conf/OpenJPAConfiguration.java,222
1.2.0,openjpa-kernel/src/main/java/org/apache/openjpa/conf/OpenJPAConfigurationImpl.java,33
1.2.0,openjpa-kernel/src/main/java/org/apache/openjpa/conf/OpenJPAProductDerivation.java,5
1.2.0,openjpa-kernel/src/main/java/org/apache/openjpa/conf/OpenJPAVersion.java,4
1.2.0,openjpa-kernel/src/main/java/org/apache/openjpa/conf/OpenJPAVersionAndConfigurationTypeValidationPolicy.java,5
1.2.0,openjpa-kernel/src/main/java/org/apache/openjpa/conf/QueryCompilationCacheValue.java,2
1.2.0,openjpa-kernel/src/main/java/org/apache/openjpa/conf/RemoteCommitProviderValue.java,4
1.2.0,openjpa-kernel/src/main/java/org/apache/openjpa/datacache/AbstractDataCache.java,64
1.2.0,openjpa-kernel/src/main/java/org/apache/openjpa/datacache/AbstractQueryCache.java,38
1.2.0,openjpa-kernel/src/main/java/org/apache/openjpa/datacache/Caches.java,5
1.2.0,openjpa-kernel/src/main/java/org/apache/openjpa/datacache/ConcurrentDataCache.java,1
1.2.0,openjpa-kernel/src/main/java/org/apache/openjpa/datacache/DataCache.java,26
1.2.0,openjpa-kernel/src/main/java/org/apache/openjpa/datacache/DataCacheManager.java,8
1.2.0,openjpa-kernel/src/main/java/org/apache/openjpa/datacache/DataCacheManagerImpl.java,5
1.2.0,openjpa-kernel/src/main/java/org/apache/openjpa/datacache/DataCachePCData.java,1
1.2.0,openjpa-kernel/src/main/java/org/apache/openjpa/datacache/DataCachePCDataGenerator.java,6
1.2.0,openjpa-kernel/src/main/java/org/apache/openjpa/datacache/DataCachePCDataImpl.java,9
1.2.0,openjpa-kernel/src/main/java/org/apache/openjpa/datacache/DataCacheScheduler.java,17
1.2.0,openjpa-kernel/src/main/java/org/apache/openjpa/datacache/DataCacheStoreManager.java,69
1.2.0,openjpa-kernel/src/main/java/org/apache/openjpa/datacache/DelegatingDataCache.java,33
1.2.0,openjpa-kernel/src/main/java/org/apache/openjpa/datacache/DelegatingQueryCache.java,19
1.2.0,openjpa-kernel/src/main/java/org/apache/openjpa/datacache/ExpirationListener.java,1
1.2.0,openjpa-kernel/src/main/java/org/apache/openjpa/datacache/QueryCache.java,12
1.2.0,openjpa-kernel/src/main/java/org/apache/openjpa/datacache/QueryCacheStoreQuery.java,44
1.2.0,openjpa-kernel/src/main/java/org/apache/openjpa/datacache/QueryKey.java,47
1.2.0,openjpa-kernel/src/main/java/org/apache/openjpa/datacache/QueryResult.java,2
1.2.0,openjpa-kernel/src/main/java/org/apache/openjpa/datacache/TypesChangedListener.java,1
1.2.0,openjpa-kernel/src/main/java/org/apache/openjpa/ee/AbstractManagedRuntime.java,2
1.2.0,openjpa-kernel/src/main/java/org/apache/openjpa/ee/AutomaticManagedRuntime.java,29
1.2.0,openjpa-kernel/src/main/java/org/apache/openjpa/ee/InvocationManagedRuntime.java,2
1.2.0,openjpa-kernel/src/main/java/org/apache/openjpa/ee/ManagedRuntime.java,5
1.2.0,openjpa-kernel/src/main/java/org/apache/openjpa/ee/RegistryManagedRuntime.java,1
1.2.0,openjpa-kernel/src/main/java/org/apache/openjpa/ee/WASManagedRuntime.java,4
1.2.0,openjpa-kernel/src/main/java/org/apache/openjpa/ee/WASRegistryManagedRuntime.java,1
1.2.0,openjpa-kernel/src/main/java/org/apache/openjpa/ee/WLSManagedRuntime.java,2
1.2.0,openjpa-kernel/src/main/java/org/apache/openjpa/enhance/ApplicationIdTool.java,115
1.2.0,openjpa-kernel/src/main/java/org/apache/openjpa/enhance/AttributeTranslator.java,1
1.2.0,openjpa-kernel/src/main/java/org/apache/openjpa/enhance/ClassRedefiner.java,17
1.2.0,openjpa-kernel/src/main/java/org/apache/openjpa/enhance/CodeGenerator.java,53
1.2.0,openjpa-kernel/src/main/java/org/apache/openjpa/enhance/DynamicStorage.java,22
1.2.0,openjpa-kernel/src/main/java/org/apache/openjpa/enhance/DynamicStorageGenerator.java,20
1.2.0,openjpa-kernel/src/main/java/org/apache/openjpa/enhance/InstrumentationFactory.java,9
1.2.0,openjpa-kernel/src/main/java/org/apache/openjpa/enhance/ManagedClassSubclasser.java,29
1.2.0,openjpa-kernel/src/main/java/org/apache/openjpa/enhance/ManagedInstanceProvider.java,1
1.2.0,openjpa-kernel/src/main/java/org/apache/openjpa/enhance/PCClassFileTransformer.java,28
1.2.0,openjpa-kernel/src/main/java/org/apache/openjpa/enhance/PCDataGenerator.java,38
1.2.0,openjpa-kernel/src/main/java/org/apache/openjpa/enhance/PCEnhancer.java,238
1.2.0,openjpa-kernel/src/main/java/org/apache/openjpa/enhance/PCEnhancerAgent.java,4
1.2.0,openjpa-kernel/src/main/java/org/apache/openjpa/enhance/PCRegistry.java,15
1.2.0,openjpa-kernel/src/main/java/org/apache/openjpa/enhance/PCSubclassValidator.java,20
1.2.0,openjpa-kernel/src/main/java/org/apache/openjpa/enhance/PersistenceCapable.java,9
1.2.0,openjpa-kernel/src/main/java/org/apache/openjpa/enhance/RedefinitionHelper.java,26
1.2.0,openjpa-kernel/src/main/java/org/apache/openjpa/enhance/ReflectingPersistenceCapable.java,45
1.2.0,openjpa-kernel/src/main/java/org/apache/openjpa/enhance/Reflection.java,77
1.2.0,openjpa-kernel/src/main/java/org/apache/openjpa/enhance/RuntimeUnenhancedClassesModes.java,6
1.2.0,openjpa-kernel/src/main/java/org/apache/openjpa/enhance/RuntimeUnenhancedClasssesModes.java,6
1.2.0,openjpa-kernel/src/main/java/org/apache/openjpa/enhance/StateManager.java,49
1.2.0,openjpa-kernel/src/main/java/org/apache/openjpa/event/AbstractLifecycleListener.java,1
1.2.0,openjpa-kernel/src/main/java/org/apache/openjpa/event/AbstractRemoteCommitProvider.java,6
1.2.0,openjpa-kernel/src/main/java/org/apache/openjpa/event/AbstractTransactionListener.java,1
1.2.0,openjpa-kernel/src/main/java/org/apache/openjpa/event/AttachListener.java,2
1.2.0,openjpa-kernel/src/main/java/org/apache/openjpa/event/BeanLifecycleCallbacks.java,6
1.2.0,openjpa-kernel/src/main/java/org/apache/openjpa/event/BeginTransactionListener.java,1
1.2.0,openjpa-kernel/src/main/java/org/apache/openjpa/event/BrokerFactoryEventManager.java,1
1.2.0,openjpa-kernel/src/main/java/org/apache/openjpa/event/BrokerFactoryListener.java,1
1.2.0,openjpa-kernel/src/main/java/org/apache/openjpa/event/CallbackModes.java,10
1.2.0,openjpa-kernel/src/main/java/org/apache/openjpa/event/ClearListener.java,2
1.2.0,openjpa-kernel/src/main/java/org/apache/openjpa/event/DeleteListener.java,2
1.2.0,openjpa-kernel/src/main/java/org/apache/openjpa/event/DetachListener.java,2
1.2.0,openjpa-kernel/src/main/java/org/apache/openjpa/event/DirtyListener.java,4
1.2.0,openjpa-kernel/src/main/java/org/apache/openjpa/event/EndTransactionListener.java,6
1.2.0,openjpa-kernel/src/main/java/org/apache/openjpa/event/FlushTransactionListener.java,2
1.2.0,openjpa-kernel/src/main/java/org/apache/openjpa/event/JMSRemoteCommitProvider.java,21
1.2.0,openjpa-kernel/src/main/java/org/apache/openjpa/event/LifecycleCallbacks.java,2
1.2.0,openjpa-kernel/src/main/java/org/apache/openjpa/event/LifecycleEventManager.java,88
1.2.0,openjpa-kernel/src/main/java/org/apache/openjpa/event/LoadListener.java,2
1.2.0,openjpa-kernel/src/main/java/org/apache/openjpa/event/LogOrphanedKeyAction.java,6
1.2.0,openjpa-kernel/src/main/java/org/apache/openjpa/event/MethodLifecycleCallbacks.java,13
1.2.0,openjpa-kernel/src/main/java/org/apache/openjpa/event/OrphanedKeyAction.java,1
1.2.0,openjpa-kernel/src/main/java/org/apache/openjpa/event/PersistListener.java,2
1.2.0,openjpa-kernel/src/main/java/org/apache/openjpa/event/PostDeleteListener.java,1
1.2.0,openjpa-kernel/src/main/java/org/apache/openjpa/event/PostPersistListener.java,1
1.2.0,openjpa-kernel/src/main/java/org/apache/openjpa/event/RemoteCommitEvent.java,15
1.2.0,openjpa-kernel/src/main/java/org/apache/openjpa/event/RemoteCommitEventManager.java,24
1.2.0,openjpa-kernel/src/main/java/org/apache/openjpa/event/RemoteCommitListener.java,2
1.2.0,openjpa-kernel/src/main/java/org/apache/openjpa/event/RemoteCommitProvider.java,3
1.2.0,openjpa-kernel/src/main/java/org/apache/openjpa/event/SingleJVMRemoteCommitProvider.java,3
1.2.0,openjpa-kernel/src/main/java/org/apache/openjpa/event/StoreListener.java,2
1.2.0,openjpa-kernel/src/main/java/org/apache/openjpa/event/TCPRemoteCommitProvider.java,65
1.2.0,openjpa-kernel/src/main/java/org/apache/openjpa/event/TransactionEventManager.java,17
1.2.0,openjpa-kernel/src/main/java/org/apache/openjpa/event/UpdateListener.java,2
1.2.0,openjpa-kernel/src/main/java/org/apache/openjpa/kernel/AbstractBrokerFactory.java,49
1.2.0,openjpa-kernel/src/main/java/org/apache/openjpa/kernel/AbstractLockManager.java,5
1.2.0,openjpa-kernel/src/main/java/org/apache/openjpa/kernel/AbstractPCData.java,45
1.2.0,openjpa-kernel/src/main/java/org/apache/openjpa/kernel/AbstractPCResultObjectProvider.java,3
1.2.0,openjpa-kernel/src/main/java/org/apache/openjpa/kernel/AbstractStoreQuery.java,5
1.2.0,openjpa-kernel/src/main/java/org/apache/openjpa/kernel/AttachManager.java,29
1.2.0,openjpa-kernel/src/main/java/org/apache/openjpa/kernel/AttachStrategy.java,57
1.2.0,openjpa-kernel/src/main/java/org/apache/openjpa/kernel/AutoClear.java,4
1.2.0,openjpa-kernel/src/main/java/org/apache/openjpa/kernel/AutoDetach.java,8
1.2.0,openjpa-kernel/src/main/java/org/apache/openjpa/kernel/Bootstrap.java,11
1.2.0,openjpa-kernel/src/main/java/org/apache/openjpa/kernel/Broker.java,100
1.2.0,openjpa-kernel/src/main/java/org/apache/openjpa/kernel/BrokerFactory.java,14
1.2.0,openjpa-kernel/src/main/java/org/apache/openjpa/kernel/BrokerImpl.java,483
1.2.0,openjpa-kernel/src/main/java/org/apache/openjpa/kernel/ClearFieldManager.java,1
1.2.0,openjpa-kernel/src/main/java/org/apache/openjpa/kernel/ConnectionRetainModes.java,6
1.2.0,openjpa-kernel/src/main/java/org/apache/openjpa/kernel/DelegatingBroker.java,6
1.2.0,openjpa-kernel/src/main/java/org/apache/openjpa/kernel/DelegatingBrokerFactory.java,6
1.2.0,openjpa-kernel/src/main/java/org/apache/openjpa/kernel/DelegatingExtent.java,6
1.2.0,openjpa-kernel/src/main/java/org/apache/openjpa/kernel/DelegatingFetchConfiguration.java,9
1.2.0,openjpa-kernel/src/main/java/org/apache/openjpa/kernel/DelegatingQuery.java,6
1.2.0,openjpa-kernel/src/main/java/org/apache/openjpa/kernel/DelegatingResultList.java,17
1.2.0,openjpa-kernel/src/main/java/org/apache/openjpa/kernel/DelegatingSeq.java,6
1.2.0,openjpa-kernel/src/main/java/org/apache/openjpa/kernel/DelegatingStoreManager.java,6
1.2.0,openjpa-kernel/src/main/java/org/apache/openjpa/kernel/DetachManager.java,86
1.2.0,openjpa-kernel/src/main/java/org/apache/openjpa/kernel/DetachState.java,8
1.2.0,openjpa-kernel/src/main/java/org/apache/openjpa/kernel/DetachedStateAttachStrategy.java,10
1.2.0,openjpa-kernel/src/main/java/org/apache/openjpa/kernel/DetachedStateManager.java,59
1.2.0,openjpa-kernel/src/main/java/org/apache/openjpa/kernel/DetachedValueStateManager.java,11
1.2.0,openjpa-kernel/src/main/java/org/apache/openjpa/kernel/ENonTransState.java,1
1.2.0,openjpa-kernel/src/main/java/org/apache/openjpa/kernel/ExpressionStoreQuery.java,45
1.2.0,openjpa-kernel/src/main/java/org/apache/openjpa/kernel/Extent.java,11
1.2.0,openjpa-kernel/src/main/java/org/apache/openjpa/kernel/ExtentImpl.java,41
1.2.0,openjpa-kernel/src/main/java/org/apache/openjpa/kernel/FetchConfiguration.java,50
1.2.0,openjpa-kernel/src/main/java/org/apache/openjpa/kernel/FetchConfigurationImpl.java,83
1.2.0,openjpa-kernel/src/main/java/org/apache/openjpa/kernel/Filters.java,117
1.2.0,openjpa-kernel/src/main/java/org/apache/openjpa/kernel/FinalizingBrokerImpl.java,2
1.2.0,openjpa-kernel/src/main/java/org/apache/openjpa/kernel/FindCallbacks.java,2
1.2.0,openjpa-kernel/src/main/java/org/apache/openjpa/kernel/InMemorySavepointManager.java,1
1.2.0,openjpa-kernel/src/main/java/org/apache/openjpa/kernel/InverseManager.java,46
1.2.0,openjpa-kernel/src/main/java/org/apache/openjpa/kernel/LocalManagedRuntime.java,15
1.2.0,openjpa-kernel/src/main/java/org/apache/openjpa/kernel/LockLevels.java,6
1.2.0,openjpa-kernel/src/main/java/org/apache/openjpa/kernel/LockManager.java,8
1.2.0,openjpa-kernel/src/main/java/org/apache/openjpa/kernel/ManagedCache.java,42
1.2.0,openjpa-kernel/src/main/java/org/apache/openjpa/kernel/MethodStoreQuery.java,24
1.2.0,openjpa-kernel/src/main/java/org/apache/openjpa/kernel/ObjectIdStateManager.java,24
1.2.0,openjpa-kernel/src/main/java/org/apache/openjpa/kernel/OpCallbacks.java,15
1.2.0,openjpa-kernel/src/main/java/org/apache/openjpa/kernel/OpenJPASavepoint.java,5
1.2.0,openjpa-kernel/src/main/java/org/apache/openjpa/kernel/OpenJPAStateManager.java,72
1.2.0,openjpa-kernel/src/main/java/org/apache/openjpa/kernel/OrderingMergedResultObjectProvider.java,11
1.2.0,openjpa-kernel/src/main/java/org/apache/openjpa/kernel/PCData.java,12
1.2.0,openjpa-kernel/src/main/java/org/apache/openjpa/kernel/PCDataImpl.java,22
1.2.0,openjpa-kernel/src/main/java/org/apache/openjpa/kernel/PCResultObjectProvider.java,1
1.2.0,openjpa-kernel/src/main/java/org/apache/openjpa/kernel/PCState.java,24
1.2.0,openjpa-kernel/src/main/java/org/apache/openjpa/kernel/PNewFlushedDeletedFlushedState.java,1
1.2.0,openjpa-kernel/src/main/java/org/apache/openjpa/kernel/PNewState.java,1
1.2.0,openjpa-kernel/src/main/java/org/apache/openjpa/kernel/PNonTransState.java,4
1.2.0,openjpa-kernel/src/main/java/org/apache/openjpa/kernel/Query.java,26
1.2.0,openjpa-kernel/src/main/java/org/apache/openjpa/kernel/QueryContext.java,43
1.2.0,openjpa-kernel/src/main/java/org/apache/openjpa/kernel/QueryFlushModes.java,6
1.2.0,openjpa-kernel/src/main/java/org/apache/openjpa/kernel/QueryHints.java,2
1.2.0,openjpa-kernel/src/main/java/org/apache/openjpa/kernel/QueryImpl.java,184
1.2.0,openjpa-kernel/src/main/java/org/apache/openjpa/kernel/QueryLanguages.java,3
1.2.0,openjpa-kernel/src/main/java/org/apache/openjpa/kernel/QueryOperations.java,6
1.2.0,openjpa-kernel/src/main/java/org/apache/openjpa/kernel/ROPStoreManager.java,3
1.2.0,openjpa-kernel/src/main/java/org/apache/openjpa/kernel/RestoreState.java,6
1.2.0,openjpa-kernel/src/main/java/org/apache/openjpa/kernel/ResultPacker.java,30
1.2.0,openjpa-kernel/src/main/java/org/apache/openjpa/kernel/SaveFieldManager.java,16
1.2.0,openjpa-kernel/src/main/java/org/apache/openjpa/kernel/SavepointFieldManager.java,11
1.2.0,openjpa-kernel/src/main/java/org/apache/openjpa/kernel/SavepointManager.java,2
1.2.0,openjpa-kernel/src/main/java/org/apache/openjpa/kernel/Seq.java,9
1.2.0,openjpa-kernel/src/main/java/org/apache/openjpa/kernel/SingleFieldManager.java,110
1.2.0,openjpa-kernel/src/main/java/org/apache/openjpa/kernel/StateManagerImpl.java,281
1.2.0,openjpa-kernel/src/main/java/org/apache/openjpa/kernel/StoreContext.java,62
1.2.0,openjpa-kernel/src/main/java/org/apache/openjpa/kernel/StoreManager.java,38
1.2.0,openjpa-kernel/src/main/java/org/apache/openjpa/kernel/StoreQuery.java,46
1.2.0,openjpa-kernel/src/main/java/org/apache/openjpa/kernel/TCleanState.java,1
1.2.0,openjpa-kernel/src/main/java/org/apache/openjpa/kernel/TDirtyState.java,1
1.2.0,openjpa-kernel/src/main/java/org/apache/openjpa/kernel/TimeSeededSeq.java,3
1.2.0,openjpa-kernel/src/main/java/org/apache/openjpa/kernel/TransferFieldManager.java,1
1.2.0,openjpa-kernel/src/main/java/org/apache/openjpa/kernel/UUIDHexSeq.java,4
1.2.0,openjpa-kernel/src/main/java/org/apache/openjpa/kernel/UUIDStringSeq.java,4
1.2.0,openjpa-kernel/src/main/java/org/apache/openjpa/kernel/UUIDType4HexSeq.java,4
1.2.0,openjpa-kernel/src/main/java/org/apache/openjpa/kernel/UUIDType4StringSeq.java,4
1.2.0,openjpa-kernel/src/main/java/org/apache/openjpa/kernel/VersionAttachStrategy.java,40
1.2.0,openjpa-kernel/src/main/java/org/apache/openjpa/kernel/VersionLockManager.java,6
1.2.0,openjpa-kernel/src/main/java/org/apache/openjpa/kernel/exps/Abs.java,9
1.2.0,openjpa-kernel/src/main/java/org/apache/openjpa/kernel/exps/AbstractExpressionBuilder.java,31
1.2.0,openjpa-kernel/src/main/java/org/apache/openjpa/kernel/exps/AbstractExpressionVisitor.java,4
1.2.0,openjpa-kernel/src/main/java/org/apache/openjpa/kernel/exps/Aggregate.java,8
1.2.0,openjpa-kernel/src/main/java/org/apache/openjpa/kernel/exps/AggregateListener.java,4
1.2.0,openjpa-kernel/src/main/java/org/apache/openjpa/kernel/exps/AggregateVal.java,3
1.2.0,openjpa-kernel/src/main/java/org/apache/openjpa/kernel/exps/All.java,1
1.2.0,openjpa-kernel/src/main/java/org/apache/openjpa/kernel/exps/Any.java,1
1.2.0,openjpa-kernel/src/main/java/org/apache/openjpa/kernel/exps/Args.java,10
1.2.0,openjpa-kernel/src/main/java/org/apache/openjpa/kernel/exps/Arguments.java,1
1.2.0,openjpa-kernel/src/main/java/org/apache/openjpa/kernel/exps/Avg.java,4
1.2.0,openjpa-kernel/src/main/java/org/apache/openjpa/kernel/exps/BindVariableAndExpression.java,5
1.2.0,openjpa-kernel/src/main/java/org/apache/openjpa/kernel/exps/BindVariableExpression.java,3
1.2.0,openjpa-kernel/src/main/java/org/apache/openjpa/kernel/exps/BoundVariable.java,2
1.2.0,openjpa-kernel/src/main/java/org/apache/openjpa/kernel/exps/CandidatePath.java,27
1.2.0,openjpa-kernel/src/main/java/org/apache/openjpa/kernel/exps/Cast.java,4
1.2.0,openjpa-kernel/src/main/java/org/apache/openjpa/kernel/exps/Concat.java,4
1.2.0,openjpa-kernel/src/main/java/org/apache/openjpa/kernel/exps/Constant.java,1
1.2.0,openjpa-kernel/src/main/java/org/apache/openjpa/kernel/exps/ContainsExpression.java,3
1.2.0,openjpa-kernel/src/main/java/org/apache/openjpa/kernel/exps/Count.java,3
1.2.0,openjpa-kernel/src/main/java/org/apache/openjpa/kernel/exps/CurrentDate.java,1
1.2.0,openjpa-kernel/src/main/java/org/apache/openjpa/kernel/exps/Distinct.java,2
1.2.0,openjpa-kernel/src/main/java/org/apache/openjpa/kernel/exps/EndsWithExpression.java,1
1.2.0,openjpa-kernel/src/main/java/org/apache/openjpa/kernel/exps/Exp.java,2
1.2.0,openjpa-kernel/src/main/java/org/apache/openjpa/kernel/exps/Expression.java,1
1.2.0,openjpa-kernel/src/main/java/org/apache/openjpa/kernel/exps/ExpressionFactory.java,65
1.2.0,openjpa-kernel/src/main/java/org/apache/openjpa/kernel/exps/ExpressionParser.java,5
1.2.0,openjpa-kernel/src/main/java/org/apache/openjpa/kernel/exps/ExpressionVisitor.java,4
1.2.0,openjpa-kernel/src/main/java/org/apache/openjpa/kernel/exps/Extension.java,10
1.2.0,openjpa-kernel/src/main/java/org/apache/openjpa/kernel/exps/FilterListener.java,5
1.2.0,openjpa-kernel/src/main/java/org/apache/openjpa/kernel/exps/GetMapValue.java,1
1.2.0,openjpa-kernel/src/main/java/org/apache/openjpa/kernel/exps/GetObjectId.java,1
1.2.0,openjpa-kernel/src/main/java/org/apache/openjpa/kernel/exps/GreaterThanEqualExpression.java,2
1.2.0,openjpa-kernel/src/main/java/org/apache/openjpa/kernel/exps/GreaterThanExpression.java,2
1.2.0,openjpa-kernel/src/main/java/org/apache/openjpa/kernel/exps/InMemoryExpressionFactory.java,50
1.2.0,openjpa-kernel/src/main/java/org/apache/openjpa/kernel/exps/IndexOf.java,2
1.2.0,openjpa-kernel/src/main/java/org/apache/openjpa/kernel/exps/IsEmptyExpression.java,9
1.2.0,openjpa-kernel/src/main/java/org/apache/openjpa/kernel/exps/LessThanEqualExpression.java,2
1.2.0,openjpa-kernel/src/main/java/org/apache/openjpa/kernel/exps/LessThanExpression.java,2
1.2.0,openjpa-kernel/src/main/java/org/apache/openjpa/kernel/exps/Literal.java,8
1.2.0,openjpa-kernel/src/main/java/org/apache/openjpa/kernel/exps/MatchesExpression.java,4
1.2.0,openjpa-kernel/src/main/java/org/apache/openjpa/kernel/exps/MathVal.java,1
1.2.0,openjpa-kernel/src/main/java/org/apache/openjpa/kernel/exps/Max.java,2
1.2.0,openjpa-kernel/src/main/java/org/apache/openjpa/kernel/exps/Min.java,2
1.2.0,openjpa-kernel/src/main/java/org/apache/openjpa/kernel/exps/Null.java,1
1.2.0,openjpa-kernel/src/main/java/org/apache/openjpa/kernel/exps/Parameter.java,2
1.2.0,openjpa-kernel/src/main/java/org/apache/openjpa/kernel/exps/Path.java,5
1.2.0,openjpa-kernel/src/main/java/org/apache/openjpa/kernel/exps/QueryExpressions.java,11
1.2.0,openjpa-kernel/src/main/java/org/apache/openjpa/kernel/exps/Resolver.java,5
1.2.0,openjpa-kernel/src/main/java/org/apache/openjpa/kernel/exps/Size.java,2
1.2.0,openjpa-kernel/src/main/java/org/apache/openjpa/kernel/exps/Sqrt.java,1
1.2.0,openjpa-kernel/src/main/java/org/apache/openjpa/kernel/exps/StartsWithExpression.java,1
1.2.0,openjpa-kernel/src/main/java/org/apache/openjpa/kernel/exps/StringContains.java,2
1.2.0,openjpa-kernel/src/main/java/org/apache/openjpa/kernel/exps/StringLength.java,2
1.2.0,openjpa-kernel/src/main/java/org/apache/openjpa/kernel/exps/SubQ.java,1
1.2.0,openjpa-kernel/src/main/java/org/apache/openjpa/kernel/exps/Subquery.java,2
1.2.0,openjpa-kernel/src/main/java/org/apache/openjpa/kernel/exps/Substring.java,1
1.2.0,openjpa-kernel/src/main/java/org/apache/openjpa/kernel/exps/Sum.java,4
1.2.0,openjpa-kernel/src/main/java/org/apache/openjpa/kernel/exps/This.java,1
1.2.0,openjpa-kernel/src/main/java/org/apache/openjpa/kernel/exps/ToLowerCase.java,1
1.2.0,openjpa-kernel/src/main/java/org/apache/openjpa/kernel/exps/ToUpperCase.java,1
1.2.0,openjpa-kernel/src/main/java/org/apache/openjpa/kernel/exps/Trim.java,4
1.2.0,openjpa-kernel/src/main/java/org/apache/openjpa/kernel/exps/UnaryMathVal.java,1
1.2.0,openjpa-kernel/src/main/java/org/apache/openjpa/kernel/exps/Val.java,4
1.2.0,openjpa-kernel/src/main/java/org/apache/openjpa/kernel/exps/Value.java,8
1.2.0,openjpa-kernel/src/main/java/org/apache/openjpa/kernel/exps/WildcardMatch.java,4
1.2.0,openjpa-kernel/src/main/java/org/apache/openjpa/kernel/jpql/JPQLExpressionBuilder.java,132
1.2.0,openjpa-kernel/src/main/java/org/apache/openjpa/kernel/jpql/JPQLParser.java,4
1.2.0,openjpa-kernel/src/main/java/org/apache/openjpa/kernel/jpql/ParseException.java,7
1.2.0,openjpa-kernel/src/main/java/org/apache/openjpa/meta/AbstractCFMetaDataFactory.java,120
1.2.0,openjpa-kernel/src/main/java/org/apache/openjpa/meta/AbstractMetaDataDefaults.java,34
1.2.0,openjpa-kernel/src/main/java/org/apache/openjpa/meta/AbstractMetaDataFactory.java,5
1.2.0,openjpa-kernel/src/main/java/org/apache/openjpa/meta/ClassMetaData.java,236
1.2.0,openjpa-kernel/src/main/java/org/apache/openjpa/meta/DelegatingMetaDataFactory.java,1
1.2.0,openjpa-kernel/src/main/java/org/apache/openjpa/meta/Extensions.java,41
1.2.0,openjpa-kernel/src/main/java/org/apache/openjpa/meta/FetchGroup.java,44
1.2.0,openjpa-kernel/src/main/java/org/apache/openjpa/meta/FieldMetaData.java,171
1.2.0,openjpa-kernel/src/main/java/org/apache/openjpa/meta/InMemoryRelatedFieldOrder.java,14
1.2.0,openjpa-kernel/src/main/java/org/apache/openjpa/meta/InMemoryValueOrder.java,22
1.2.0,openjpa-kernel/src/main/java/org/apache/openjpa/meta/InheritanceComparator.java,16
1.2.0,openjpa-kernel/src/main/java/org/apache/openjpa/meta/InheritanceOrderedMetaDataList.java,5
1.2.0,openjpa-kernel/src/main/java/org/apache/openjpa/meta/InterfaceImplGenerator.java,14
1.2.0,openjpa-kernel/src/main/java/org/apache/openjpa/meta/JavaTypes.java,81
1.2.0,openjpa-kernel/src/main/java/org/apache/openjpa/meta/LifecycleMetaData.java,17
1.2.0,openjpa-kernel/src/main/java/org/apache/openjpa/meta/MetaDataContext.java,1
1.2.0,openjpa-kernel/src/main/java/org/apache/openjpa/meta/MetaDataDefaults.java,10
1.2.0,openjpa-kernel/src/main/java/org/apache/openjpa/meta/MetaDataFactory.java,19
1.2.0,openjpa-kernel/src/main/java/org/apache/openjpa/meta/MetaDataInheritanceComparator.java,9
1.2.0,openjpa-kernel/src/main/java/org/apache/openjpa/meta/MetaDataModes.java,14
1.2.0,openjpa-kernel/src/main/java/org/apache/openjpa/meta/MetaDataRepository.java,190
1.2.0,openjpa-kernel/src/main/java/org/apache/openjpa/meta/MetaDataTool.java,28
1.2.0,openjpa-kernel/src/main/java/org/apache/openjpa/meta/NonPersistentMetaData.java,5
1.2.0,openjpa-kernel/src/main/java/org/apache/openjpa/meta/NoneMetaDataFactory.java,12
1.2.0,openjpa-kernel/src/main/java/org/apache/openjpa/meta/Order.java,4
1.2.0,openjpa-kernel/src/main/java/org/apache/openjpa/meta/ProxySetupStateManager.java,7
1.2.0,openjpa-kernel/src/main/java/org/apache/openjpa/meta/QueryMetaData.java,8
1.2.0,openjpa-kernel/src/main/java/org/apache/openjpa/meta/SequenceMetaData.java,16
1.2.0,openjpa-kernel/src/main/java/org/apache/openjpa/meta/UpdateStrategies.java,6
1.2.0,openjpa-kernel/src/main/java/org/apache/openjpa/meta/ValueMetaData.java,42
1.2.0,openjpa-kernel/src/main/java/org/apache/openjpa/meta/ValueMetaDataImpl.java,44
1.2.0,openjpa-kernel/src/main/java/org/apache/openjpa/meta/ValueStrategies.java,8
1.2.0,openjpa-kernel/src/main/java/org/apache/openjpa/meta/XMLClassMetaData.java,2
1.2.0,openjpa-kernel/src/main/java/org/apache/openjpa/meta/XMLFieldMetaData.java,5
1.2.0,openjpa-kernel/src/main/java/org/apache/openjpa/meta/XMLMetaData.java,21
1.2.0,openjpa-kernel/src/main/java/org/apache/openjpa/util/AbstractChangeTracker.java,19
1.2.0,openjpa-kernel/src/main/java/org/apache/openjpa/util/AbstractLRSProxyCollection.java,35
1.2.0,openjpa-kernel/src/main/java/org/apache/openjpa/util/AbstractLRSProxyMap.java,56
1.2.0,openjpa-kernel/src/main/java/org/apache/openjpa/util/ApplicationIds.java,64
1.2.0,openjpa-kernel/src/main/java/org/apache/openjpa/util/ArrayStateImage.java,6
1.2.0,openjpa-kernel/src/main/java/org/apache/openjpa/util/BigDecimalId.java,5
1.2.0,openjpa-kernel/src/main/java/org/apache/openjpa/util/BigIntegerId.java,5
1.2.0,openjpa-kernel/src/main/java/org/apache/openjpa/util/ByteId.java,2
1.2.0,openjpa-kernel/src/main/java/org/apache/openjpa/util/CacheMap.java,47
1.2.0,openjpa-kernel/src/main/java/org/apache/openjpa/util/ChangeTracker.java,8
1.2.0,openjpa-kernel/src/main/java/org/apache/openjpa/util/CharId.java,2
1.2.0,openjpa-kernel/src/main/java/org/apache/openjpa/util/ClassResolver.java,1
1.2.0,openjpa-kernel/src/main/java/org/apache/openjpa/util/ClassResolverImpl.java,6
1.2.0,openjpa-kernel/src/main/java/org/apache/openjpa/util/CollectionChangeTracker.java,2
1.2.0,openjpa-kernel/src/main/java/org/apache/openjpa/util/CollectionChangeTrackerImpl.java,9
1.2.0,openjpa-kernel/src/main/java/org/apache/openjpa/util/DateId.java,1
1.2.0,openjpa-kernel/src/main/java/org/apache/openjpa/util/DoubleId.java,2
1.2.0,openjpa-kernel/src/main/java/org/apache/openjpa/util/ExceptionInfo.java,13
1.2.0,openjpa-kernel/src/main/java/org/apache/openjpa/util/Exceptions.java,26
1.2.0,openjpa-kernel/src/main/java/org/apache/openjpa/util/FloatId.java,2
1.2.0,openjpa-kernel/src/main/java/org/apache/openjpa/util/GeneralException.java,1
1.2.0,openjpa-kernel/src/main/java/org/apache/openjpa/util/GeneratedClasses.java,10
1.2.0,openjpa-kernel/src/main/java/org/apache/openjpa/util/Id.java,9
1.2.0,openjpa-kernel/src/main/java/org/apache/openjpa/util/ImplHelper.java,23
1.2.0,openjpa-kernel/src/main/java/org/apache/openjpa/util/IntId.java,1
1.2.0,openjpa-kernel/src/main/java/org/apache/openjpa/util/LockException.java,2
1.2.0,openjpa-kernel/src/main/java/org/apache/openjpa/util/MapChangeTracker.java,5
1.2.0,openjpa-kernel/src/main/java/org/apache/openjpa/util/MapChangeTrackerImpl.java,14
1.2.0,openjpa-kernel/src/main/java/org/apache/openjpa/util/MultiLoaderClassResolver.java,3
1.2.0,openjpa-kernel/src/main/java/org/apache/openjpa/util/OpenJPAException.java,10
1.2.0,openjpa-kernel/src/main/java/org/apache/openjpa/util/OpenJPAId.java,11
1.2.0,openjpa-kernel/src/main/java/org/apache/openjpa/util/Proxies.java,5
1.2.0,openjpa-kernel/src/main/java/org/apache/openjpa/util/Proxy.java,5
1.2.0,openjpa-kernel/src/main/java/org/apache/openjpa/util/ProxyBean.java,1
1.2.0,openjpa-kernel/src/main/java/org/apache/openjpa/util/ProxyCalendar.java,1
1.2.0,openjpa-kernel/src/main/java/org/apache/openjpa/util/ProxyCollection.java,2
1.2.0,openjpa-kernel/src/main/java/org/apache/openjpa/util/ProxyCollections.java,40
1.2.0,openjpa-kernel/src/main/java/org/apache/openjpa/util/ProxyDate.java,1
1.2.0,openjpa-kernel/src/main/java/org/apache/openjpa/util/ProxyManager.java,11
1.2.0,openjpa-kernel/src/main/java/org/apache/openjpa/util/ProxyManagerImpl.java,125
1.2.0,openjpa-kernel/src/main/java/org/apache/openjpa/util/ProxyMap.java,3
1.2.0,openjpa-kernel/src/main/java/org/apache/openjpa/util/ProxyMaps.java,20
1.2.0,openjpa-kernel/src/main/java/org/apache/openjpa/util/RuntimeExceptionTranslator.java,1
1.2.0,openjpa-kernel/src/main/java/org/apache/openjpa/util/Serialization.java,12
1.2.0,openjpa-kernel/src/main/java/org/apache/openjpa/util/ShortId.java,2
1.2.0,openjpa-kernel/src/main/java/org/apache/openjpa/util/StoreFacadeTypeRegistry.java,6
1.2.0,openjpa-kernel/src/main/java/org/apache/openjpa/util/StringId.java,1
1.2.0,openjpa-kernel/src/main/java/org/apache/openjpa/util/UserException.java,1
1.2.0,openjpa-lib/src/main/java/org/apache/openjpa/lib/ant/AbstractTask.java,14
1.2.0,openjpa-lib/src/main/java/org/apache/openjpa/lib/conf/AbstractProductDerivation.java,5
1.2.0,openjpa-lib/src/main/java/org/apache/openjpa/lib/conf/BooleanValue.java,3
1.2.0,openjpa-lib/src/main/java/org/apache/openjpa/lib/conf/Configurable.java,3
1.2.0,openjpa-lib/src/main/java/org/apache/openjpa/lib/conf/Configuration.java,33
1.2.0,openjpa-lib/src/main/java/org/apache/openjpa/lib/conf/ConfigurationImpl.java,100
1.2.0,openjpa-lib/src/main/java/org/apache/openjpa/lib/conf/ConfigurationProvider.java,4
1.2.0,openjpa-lib/src/main/java/org/apache/openjpa/lib/conf/Configurations.java,84
1.2.0,openjpa-lib/src/main/java/org/apache/openjpa/lib/conf/DoubleValue.java,5
1.2.0,openjpa-lib/src/main/java/org/apache/openjpa/lib/conf/FileValue.java,1
1.2.0,openjpa-lib/src/main/java/org/apache/openjpa/lib/conf/GenericConfigurable.java,1
1.2.0,openjpa-lib/src/main/java/org/apache/openjpa/lib/conf/IntValue.java,5
1.2.0,openjpa-lib/src/main/java/org/apache/openjpa/lib/conf/MapConfigurationProvider.java,6
1.2.0,openjpa-lib/src/main/java/org/apache/openjpa/lib/conf/ObjectValue.java,4
1.2.0,openjpa-lib/src/main/java/org/apache/openjpa/lib/conf/PluginListValue.java,14
1.2.0,openjpa-lib/src/main/java/org/apache/openjpa/lib/conf/PluginValue.java,6
1.2.0,openjpa-lib/src/main/java/org/apache/openjpa/lib/conf/ProductDerivation.java,16
1.2.0,openjpa-lib/src/main/java/org/apache/openjpa/lib/conf/ProductDerivations.java,45
1.2.0,openjpa-lib/src/main/java/org/apache/openjpa/lib/conf/StringListValue.java,9
1.2.0,openjpa-lib/src/main/java/org/apache/openjpa/lib/conf/StringValue.java,1
1.2.0,openjpa-lib/src/main/java/org/apache/openjpa/lib/conf/Value.java,31
1.2.0,openjpa-lib/src/main/java/org/apache/openjpa/lib/conf/ValueListener.java,1
1.2.0,openjpa-lib/src/main/java/org/apache/openjpa/lib/graph/BreadthFirstWalk.java,13
1.2.0,openjpa-lib/src/main/java/org/apache/openjpa/lib/graph/DepthFirstAnalysis.java,17
1.2.0,openjpa-lib/src/main/java/org/apache/openjpa/lib/graph/Edge.java,5
1.2.0,openjpa-lib/src/main/java/org/apache/openjpa/lib/graph/Graph.java,18
1.2.0,openjpa-lib/src/main/java/org/apache/openjpa/lib/graph/GraphVisitor.java,3
1.2.0,openjpa-lib/src/main/java/org/apache/openjpa/lib/jdbc/AbstractJDBCListener.java,1
1.2.0,openjpa-lib/src/main/java/org/apache/openjpa/lib/jdbc/ConfiguringConnectionDecorator.java,12
1.2.0,openjpa-lib/src/main/java/org/apache/openjpa/lib/jdbc/ConnectionDecorator.java,1
1.2.0,openjpa-lib/src/main/java/org/apache/openjpa/lib/jdbc/DataSourceLogs.java,9
1.2.0,openjpa-lib/src/main/java/org/apache/openjpa/lib/jdbc/DecoratingDataSource.java,5
1.2.0,openjpa-lib/src/main/java/org/apache/openjpa/lib/jdbc/DelegatingCallableStatement.java,167
1.2.0,openjpa-lib/src/main/java/org/apache/openjpa/lib/jdbc/DelegatingConnection.java,96
1.2.0,openjpa-lib/src/main/java/org/apache/openjpa/lib/jdbc/DelegatingDataSource.java,16
1.2.0,openjpa-lib/src/main/java/org/apache/openjpa/lib/jdbc/DelegatingDatabaseMetaData.java,170
1.2.0,openjpa-lib/src/main/java/org/apache/openjpa/lib/jdbc/DelegatingPreparedStatement.java,89
1.2.0,openjpa-lib/src/main/java/org/apache/openjpa/lib/jdbc/DelegatingResultSet.java,146
1.2.0,openjpa-lib/src/main/java/org/apache/openjpa/lib/jdbc/DelegatingStatement.java,50
1.2.0,openjpa-lib/src/main/java/org/apache/openjpa/lib/jdbc/JDBCEventConnectionDecorator.java,7
1.2.0,openjpa-lib/src/main/java/org/apache/openjpa/lib/jdbc/JDBCListener.java,12
1.2.0,openjpa-lib/src/main/java/org/apache/openjpa/lib/jdbc/LoggingConnectionDecorator.java,102
1.2.0,openjpa-lib/src/main/java/org/apache/openjpa/lib/jdbc/ReportingSQLException.java,6
1.2.0,openjpa-lib/src/main/java/org/apache/openjpa/lib/jdbc/SQLFormatter.java,17
1.2.0,openjpa-lib/src/main/java/org/apache/openjpa/lib/log/AbstractLog.java,11
1.2.0,openjpa-lib/src/main/java/org/apache/openjpa/lib/log/CommonsLogFactory.java,2
1.2.0,openjpa-lib/src/main/java/org/apache/openjpa/lib/log/Log.java,20
1.2.0,openjpa-lib/src/main/java/org/apache/openjpa/lib/log/Log4JLogFactory.java,1
1.2.0,openjpa-lib/src/main/java/org/apache/openjpa/lib/log/LogFactory.java,1
1.2.0,openjpa-lib/src/main/java/org/apache/openjpa/lib/log/LogFactoryImpl.java,13
1.2.0,openjpa-lib/src/main/java/org/apache/openjpa/lib/log/LogOutputStream.java,3
1.2.0,openjpa-lib/src/main/java/org/apache/openjpa/lib/log/MultiLogFactory.java,38
1.2.0,openjpa-lib/src/main/java/org/apache/openjpa/lib/log/NoneLogFactory.java,10
1.2.0,openjpa-lib/src/main/java/org/apache/openjpa/lib/meta/CFMetaDataParser.java,29
1.2.0,openjpa-lib/src/main/java/org/apache/openjpa/lib/meta/CFMetaDataSerializer.java,5
1.2.0,openjpa-lib/src/main/java/org/apache/openjpa/lib/meta/ClassAnnotationMetaDataFilter.java,13
1.2.0,openjpa-lib/src/main/java/org/apache/openjpa/lib/meta/ClassArgParser.java,67
1.2.0,openjpa-lib/src/main/java/org/apache/openjpa/lib/meta/ClassMetaDataIterator.java,15
1.2.0,openjpa-lib/src/main/java/org/apache/openjpa/lib/meta/ClasspathMetaDataIterator.java,8
1.2.0,openjpa-lib/src/main/java/org/apache/openjpa/lib/meta/FileMetaDataIterator.java,18
1.2.0,openjpa-lib/src/main/java/org/apache/openjpa/lib/meta/MetaDataFilter.java,4
1.2.0,openjpa-lib/src/main/java/org/apache/openjpa/lib/meta/MetaDataIterator.java,5
1.2.0,openjpa-lib/src/main/java/org/apache/openjpa/lib/meta/MetaDataIteratorChain.java,11
1.2.0,openjpa-lib/src/main/java/org/apache/openjpa/lib/meta/MetaDataParser.java,9
1.2.0,openjpa-lib/src/main/java/org/apache/openjpa/lib/meta/MetaDataSerializer.java,8
1.2.0,openjpa-lib/src/main/java/org/apache/openjpa/lib/meta/ResourceMetaDataIterator.java,6
1.2.0,openjpa-lib/src/main/java/org/apache/openjpa/lib/meta/SourceTracker.java,7
1.2.0,openjpa-lib/src/main/java/org/apache/openjpa/lib/meta/SourceTrackers.java,2
1.2.0,openjpa-lib/src/main/java/org/apache/openjpa/lib/meta/URLMetaDataIterator.java,7
1.2.0,openjpa-lib/src/main/java/org/apache/openjpa/lib/meta/XMLMetaDataParser.java,60
1.2.0,openjpa-lib/src/main/java/org/apache/openjpa/lib/meta/XMLMetaDataSerializer.java,27
1.2.0,openjpa-lib/src/main/java/org/apache/openjpa/lib/meta/ZipFileMetaDataIterator.java,12
1.2.0,openjpa-lib/src/main/java/org/apache/openjpa/lib/meta/ZipStreamMetaDataIterator.java,16
1.2.0,openjpa-lib/src/main/java/org/apache/openjpa/lib/rop/AbstractListIterator.java,3
1.2.0,openjpa-lib/src/main/java/org/apache/openjpa/lib/rop/AbstractNonSequentialResultList.java,16
1.2.0,openjpa-lib/src/main/java/org/apache/openjpa/lib/rop/AbstractResultList.java,1
1.2.0,openjpa-lib/src/main/java/org/apache/openjpa/lib/rop/AbstractSequentialResultList.java,13
1.2.0,openjpa-lib/src/main/java/org/apache/openjpa/lib/rop/EagerResultList.java,2
1.2.0,openjpa-lib/src/main/java/org/apache/openjpa/lib/rop/LazyForwardResultList.java,15
1.2.0,openjpa-lib/src/main/java/org/apache/openjpa/lib/rop/ListResultObjectProvider.java,3
1.2.0,openjpa-lib/src/main/java/org/apache/openjpa/lib/rop/MergedResultObjectProvider.java,15
1.2.0,openjpa-lib/src/main/java/org/apache/openjpa/lib/rop/RandomAccessResultList.java,16
1.2.0,openjpa-lib/src/main/java/org/apache/openjpa/lib/rop/RangeResultObjectProvider.java,9
1.2.0,openjpa-lib/src/main/java/org/apache/openjpa/lib/rop/ResultList.java,3
1.2.0,openjpa-lib/src/main/java/org/apache/openjpa/lib/rop/ResultListIterator.java,3
1.2.0,openjpa-lib/src/main/java/org/apache/openjpa/lib/rop/ResultObjectProvider.java,9
1.2.0,openjpa-lib/src/main/java/org/apache/openjpa/lib/rop/ResultObjectProviderIterator.java,8
1.2.0,openjpa-lib/src/main/java/org/apache/openjpa/lib/rop/SimpleResultList.java,5
1.2.0,openjpa-lib/src/main/java/org/apache/openjpa/lib/rop/WindowResultList.java,11
1.2.0,openjpa-lib/src/main/java/org/apache/openjpa/lib/util/Base16Encoder.java,9
1.2.0,openjpa-lib/src/main/java/org/apache/openjpa/lib/util/BytecodeWriter.java,1
1.2.0,openjpa-lib/src/main/java/org/apache/openjpa/lib/util/Bytes.java,11
1.2.0,openjpa-lib/src/main/java/org/apache/openjpa/lib/util/Closeable.java,1
1.2.0,openjpa-lib/src/main/java/org/apache/openjpa/lib/util/CodeFormat.java,31
1.2.0,openjpa-lib/src/main/java/org/apache/openjpa/lib/util/EventManager.java,6
1.2.0,openjpa-lib/src/main/java/org/apache/openjpa/lib/util/Files.java,35
1.2.0,openjpa-lib/src/main/java/org/apache/openjpa/lib/util/FormatPreservingProperties.java,69
1.2.0,openjpa-lib/src/main/java/org/apache/openjpa/lib/util/J2DoPriv5Helper.java,3
1.2.0,openjpa-lib/src/main/java/org/apache/openjpa/lib/util/J2DoPrivHelper.java,54
1.2.0,openjpa-lib/src/main/java/org/apache/openjpa/lib/util/JavaVersions.java,28
1.2.0,openjpa-lib/src/main/java/org/apache/openjpa/lib/util/LRUMap.java,3
1.2.0,openjpa-lib/src/main/java/org/apache/openjpa/lib/util/Localizer.java,7
1.2.0,openjpa-lib/src/main/java/org/apache/openjpa/lib/util/MultiClassLoader.java,31
1.2.0,openjpa-lib/src/main/java/org/apache/openjpa/lib/util/Options.java,74
1.2.0,openjpa-lib/src/main/java/org/apache/openjpa/lib/util/ParameterTemplate.java,11
1.2.0,openjpa-lib/src/main/java/org/apache/openjpa/lib/util/ParseException.java,1
1.2.0,openjpa-lib/src/main/java/org/apache/openjpa/lib/util/ReferenceHashMap.java,17
1.2.0,openjpa-lib/src/main/java/org/apache/openjpa/lib/util/ReferenceHashSet.java,16
1.2.0,openjpa-lib/src/main/java/org/apache/openjpa/lib/util/ReferenceMap.java,6
1.2.0,openjpa-lib/src/main/java/org/apache/openjpa/lib/util/ResourceBundleProvider.java,1
1.2.0,openjpa-lib/src/main/java/org/apache/openjpa/lib/util/Services.java,22
1.2.0,openjpa-lib/src/main/java/org/apache/openjpa/lib/util/SimpleRegex.java,12
1.2.0,openjpa-lib/src/main/java/org/apache/openjpa/lib/util/SimpleResourceBundleProvider.java,4
1.2.0,openjpa-lib/src/main/java/org/apache/openjpa/lib/util/SizedMap.java,4
1.2.0,openjpa-lib/src/main/java/org/apache/openjpa/lib/util/StreamResourceBundleProvider.java,3
1.2.0,openjpa-lib/src/main/java/org/apache/openjpa/lib/util/StringDistance.java,17
1.2.0,openjpa-lib/src/main/java/org/apache/openjpa/lib/util/TemporaryClassLoader.java,12
1.2.0,openjpa-lib/src/main/java/org/apache/openjpa/lib/util/TimestampHelper.java,3
1.2.0,openjpa-lib/src/main/java/org/apache/openjpa/lib/util/TypedProperties.java,9
1.2.0,openjpa-lib/src/main/java/org/apache/openjpa/lib/util/UUIDGenerator.java,6
1.2.0,openjpa-lib/src/main/java/org/apache/openjpa/lib/util/ZipResourceBundleProvider.java,7
1.2.0,openjpa-lib/src/main/java/org/apache/openjpa/lib/util/concurrent/AbstractConcurrentEventManager.java,7
1.2.0,openjpa-lib/src/main/java/org/apache/openjpa/lib/util/concurrent/ConcurrentHashMap.java,100
1.2.0,openjpa-lib/src/main/java/org/apache/openjpa/lib/util/concurrent/ConcurrentMap.java,2
1.2.0,openjpa-lib/src/main/java/org/apache/openjpa/lib/util/concurrent/ConcurrentReferenceHashMap.java,146
1.2.0,openjpa-lib/src/main/java/org/apache/openjpa/lib/util/concurrent/ConcurrentReferenceHashSet.java,15
1.2.0,openjpa-lib/src/main/java/org/apache/openjpa/lib/util/concurrent/NullSafeConcurrentHashMap.java,39
1.2.0,openjpa-lib/src/main/java/org/apache/openjpa/lib/util/concurrent/SizedConcurrentHashMap.java,8
1.2.0,openjpa-lib/src/main/java/org/apache/openjpa/lib/xml/Commentable.java,3
1.2.0,openjpa-lib/src/main/java/org/apache/openjpa/lib/xml/DocTypeReader.java,26
1.2.0,openjpa-lib/src/main/java/org/apache/openjpa/lib/xml/Location.java,1
1.2.0,openjpa-lib/src/main/java/org/apache/openjpa/lib/xml/ValidatingErrorHandler.java,3
1.2.0,openjpa-lib/src/main/java/org/apache/openjpa/lib/xml/XMLFactory.java,5
1.2.0,openjpa-lib/src/main/java/org/apache/openjpa/lib/xml/XMLWriter.java,11
1.2.0,openjpa-persistence-jdbc/src/main/java/org/apache/openjpa/persistence/jdbc/AnnotationPersistenceMappingParser.java,143
1.2.0,openjpa-persistence-jdbc/src/main/java/org/apache/openjpa/persistence/jdbc/AnnotationPersistenceMappingSerializer.java,85
1.2.0,openjpa-persistence-jdbc/src/main/java/org/apache/openjpa/persistence/jdbc/ElementEmbeddedMapping.java,2
1.2.0,openjpa-persistence-jdbc/src/main/java/org/apache/openjpa/persistence/jdbc/EmbeddedMapping.java,2
1.2.0,openjpa-persistence-jdbc/src/main/java/org/apache/openjpa/persistence/jdbc/FetchDirection.java,1
1.2.0,openjpa-persistence-jdbc/src/main/java/org/apache/openjpa/persistence/jdbc/FetchMode.java,1
1.2.0,openjpa-persistence-jdbc/src/main/java/org/apache/openjpa/persistence/jdbc/IsolationLevel.java,1
1.2.0,openjpa-persistence-jdbc/src/main/java/org/apache/openjpa/persistence/jdbc/JDBCFetchPlan.java,57
1.2.0,openjpa-persistence-jdbc/src/main/java/org/apache/openjpa/persistence/jdbc/JDBCPersistenceProductDerivation.java,4
1.2.0,openjpa-persistence-jdbc/src/main/java/org/apache/openjpa/persistence/jdbc/JoinSyntax.java,1
1.2.0,openjpa-persistence-jdbc/src/main/java/org/apache/openjpa/persistence/jdbc/KeyEmbeddedMapping.java,2
1.2.0,openjpa-persistence-jdbc/src/main/java/org/apache/openjpa/persistence/jdbc/LRSSizeAlgorithm.java,1
1.2.0,openjpa-persistence-jdbc/src/main/java/org/apache/openjpa/persistence/jdbc/PersistenceMappingDefaults.java,20
1.2.0,openjpa-persistence-jdbc/src/main/java/org/apache/openjpa/persistence/jdbc/PersistenceMappingFactory.java,2
1.2.0,openjpa-persistence-jdbc/src/main/java/org/apache/openjpa/persistence/jdbc/ResultSetType.java,1
1.2.0,openjpa-persistence-jdbc/src/main/java/org/apache/openjpa/persistence/jdbc/XEmbeddedMapping.java,2
1.2.0,openjpa-persistence-jdbc/src/main/java/org/apache/openjpa/persistence/jdbc/XMLPersistenceMappingParser.java,67
1.2.0,openjpa-persistence-jdbc/src/main/java/org/apache/openjpa/persistence/jdbc/XMLPersistenceMappingSerializer.java,81
1.2.0,openjpa-persistence/src/main/java/org/apache/openjpa/persistence/AnnotationBuilder.java,15
1.2.0,openjpa-persistence/src/main/java/org/apache/openjpa/persistence/AnnotationPersistenceMetaDataParser.java,215
1.2.0,openjpa-persistence/src/main/java/org/apache/openjpa/persistence/AnnotationPersistenceMetaDataSerializer.java,200
1.2.0,openjpa-persistence/src/main/java/org/apache/openjpa/persistence/AnnotationPersistenceXMLMetaDataParser.java,15
1.2.0,openjpa-persistence/src/main/java/org/apache/openjpa/persistence/ArgumentException.java,5
1.2.0,openjpa-persistence/src/main/java/org/apache/openjpa/persistence/AutoClearType.java,1
1.2.0,openjpa-persistence/src/main/java/org/apache/openjpa/persistence/AutoDetachType.java,9
1.2.0,openjpa-persistence/src/main/java/org/apache/openjpa/persistence/CallbackMode.java,10
1.2.0,openjpa-persistence/src/main/java/org/apache/openjpa/persistence/ConnectionRetainMode.java,1
1.2.0,openjpa-persistence/src/main/java/org/apache/openjpa/persistence/DetachStateType.java,1
1.2.0,openjpa-persistence/src/main/java/org/apache/openjpa/persistence/EntityExistsException.java,1
1.2.0,openjpa-persistence/src/main/java/org/apache/openjpa/persistence/EntityManagerFactoryImpl.java,29
1.2.0,openjpa-persistence/src/main/java/org/apache/openjpa/persistence/EntityManagerFactoryValue.java,1
1.2.0,openjpa-persistence/src/main/java/org/apache/openjpa/persistence/EntityManagerImpl.java,57
1.2.0,openjpa-persistence/src/main/java/org/apache/openjpa/persistence/EntityNotFoundException.java,1
1.2.0,openjpa-persistence/src/main/java/org/apache/openjpa/persistence/Extent.java,9
1.2.0,openjpa-persistence/src/main/java/org/apache/openjpa/persistence/ExtentImpl.java,6
1.2.0,openjpa-persistence/src/main/java/org/apache/openjpa/persistence/FetchPlan.java,44
1.2.0,openjpa-persistence/src/main/java/org/apache/openjpa/persistence/FetchPlanImpl.java,8
1.2.0,openjpa-persistence/src/main/java/org/apache/openjpa/persistence/Generator.java,9
1.2.0,openjpa-persistence/src/main/java/org/apache/openjpa/persistence/GeneratorImpl.java,5
1.2.0,openjpa-persistence/src/main/java/org/apache/openjpa/persistence/InvalidStateException.java,5
1.2.0,openjpa-persistence/src/main/java/org/apache/openjpa/persistence/JPAFacadeHelper.java,43
1.2.0,openjpa-persistence/src/main/java/org/apache/openjpa/persistence/MetaDataParsers.java,8
1.2.0,openjpa-persistence/src/main/java/org/apache/openjpa/persistence/NoResultException.java,1
1.2.0,openjpa-persistence/src/main/java/org/apache/openjpa/persistence/NonUniqueResultException.java,1
1.2.0,openjpa-persistence/src/main/java/org/apache/openjpa/persistence/OpenJPAEntityManager.java,177
1.2.0,openjpa-persistence/src/main/java/org/apache/openjpa/persistence/OpenJPAEntityManagerFactory.java,16
1.2.0,openjpa-persistence/src/main/java/org/apache/openjpa/persistence/OpenJPAEntityManagerFactorySPI.java,7
1.2.0,openjpa-persistence/src/main/java/org/apache/openjpa/persistence/OpenJPAEntityManagerSPI.java,16
1.2.0,openjpa-persistence/src/main/java/org/apache/openjpa/persistence/OpenJPAEntityTransaction.java,4
1.2.0,openjpa-persistence/src/main/java/org/apache/openjpa/persistence/OpenJPAPersistence.java,6
1.2.0,openjpa-persistence/src/main/java/org/apache/openjpa/persistence/OpenJPAQuery.java,45
1.2.0,openjpa-persistence/src/main/java/org/apache/openjpa/persistence/OpenJPAQuerySPI.java,4
1.2.0,openjpa-persistence/src/main/java/org/apache/openjpa/persistence/OptimisticLockException.java,1
1.2.0,openjpa-persistence/src/main/java/org/apache/openjpa/persistence/PersistenceException.java,1
1.2.0,openjpa-persistence/src/main/java/org/apache/openjpa/persistence/PersistenceExceptions.java,13
1.2.0,openjpa-persistence/src/main/java/org/apache/openjpa/persistence/PersistenceListenerAdapter.java,8
1.2.0,openjpa-persistence/src/main/java/org/apache/openjpa/persistence/PersistenceMetaDataDefaults.java,32
1.2.0,openjpa-persistence/src/main/java/org/apache/openjpa/persistence/PersistenceMetaDataFactory.java,43
1.2.0,openjpa-persistence/src/main/java/org/apache/openjpa/persistence/PersistenceProductDerivation.java,48
1.2.0,openjpa-persistence/src/main/java/org/apache/openjpa/persistence/PersistenceProviderImpl.java,8
1.2.0,openjpa-persistence/src/main/java/org/apache/openjpa/persistence/PersistenceUnitInfoImpl.java,35
1.2.0,openjpa-persistence/src/main/java/org/apache/openjpa/persistence/QueryImpl.java,52
1.2.0,openjpa-persistence/src/main/java/org/apache/openjpa/persistence/QueryOperationType.java,1
1.2.0,openjpa-persistence/src/main/java/org/apache/openjpa/persistence/QueryResultCache.java,6
1.2.0,openjpa-persistence/src/main/java/org/apache/openjpa/persistence/QueryResultCacheImpl.java,9
1.2.0,openjpa-persistence/src/main/java/org/apache/openjpa/persistence/RestoreStateType.java,1
1.2.0,openjpa-persistence/src/main/java/org/apache/openjpa/persistence/RollbackException.java,1
1.2.0,openjpa-persistence/src/main/java/org/apache/openjpa/persistence/StoreCache.java,15
1.2.0,openjpa-persistence/src/main/java/org/apache/openjpa/persistence/StoreCacheImpl.java,14
1.2.0,openjpa-persistence/src/main/java/org/apache/openjpa/persistence/TransactionRequiredException.java,1
1.2.0,openjpa-persistence/src/main/java/org/apache/openjpa/persistence/XMLPersistenceMetaDataParser.java,153
1.2.0,openjpa-persistence/src/main/java/org/apache/openjpa/persistence/XMLPersistenceMetaDataSerializer.java,191
1.2.0,openjpa-slice/src/main/java/org/apache/openjpa/slice/DistributedBrokerImpl.java,4
1.2.0,openjpa-slice/src/main/java/org/apache/openjpa/slice/ExecutorServiceValue.java,3
1.2.0,openjpa-slice/src/main/java/org/apache/openjpa/slice/Slice.java,6
1.2.0,openjpa-slice/src/main/java/org/apache/openjpa/slice/SlicePersistence.java,4
1.2.0,openjpa-slice/src/main/java/org/apache/openjpa/slice/jdbc/DistributedConnection.java,73
1.2.0,openjpa-slice/src/main/java/org/apache/openjpa/slice/jdbc/DistributedDataSource.java,9
1.2.0,openjpa-slice/src/main/java/org/apache/openjpa/slice/jdbc/DistributedJDBCBrokerFactory.java,5
1.2.0,openjpa-slice/src/main/java/org/apache/openjpa/slice/jdbc/DistributedJDBCConfigurationImpl.java,31
1.2.0,openjpa-slice/src/main/java/org/apache/openjpa/slice/jdbc/DistributedPreparedStatement.java,107
1.2.0,openjpa-slice/src/main/java/org/apache/openjpa/slice/jdbc/DistributedResultSet.java,152
1.2.0,openjpa-slice/src/main/java/org/apache/openjpa/slice/jdbc/DistributedStoreManager.java,23
1.2.0,openjpa-slice/src/main/java/org/apache/openjpa/slice/jdbc/DistributedStoreQuery.java,17
1.2.0,openjpa-slice/src/main/java/org/apache/openjpa/slice/jdbc/DistributedTemplate.java,95
1.2.0,openjpa-slice/src/main/java/org/apache/openjpa/slice/jdbc/UniqueResultObjectProvider.java,10
1.2.0,openjpa-xmlstore/src/main/java/org/apache/openjpa/xmlstore/ObjectData.java,26
1.2.0,openjpa-xmlstore/src/main/java/org/apache/openjpa/xmlstore/XMLConfiguration.java,2
1.2.0,openjpa-xmlstore/src/main/java/org/apache/openjpa/xmlstore/XMLFileHandler.java,48
1.2.0,openjpa-xmlstore/src/main/java/org/apache/openjpa/xmlstore/XMLStore.java,10
1.2.0,openjpa-xmlstore/src/main/java/org/apache/openjpa/xmlstore/XMLStoreManager.java,20
1.2.1,openjpa-examples/src/main/java/hellojpa/Main.java,2
1.2.1,openjpa-examples/src/main/java/hellojpa/Message.java,2
1.2.1,openjpa-examples/src/main/java/relations/Deity.java,5
1.2.1,openjpa-examples/src/main/java/relations/Main.java,15
1.2.1,openjpa-examples/src/main/java/reversemapping/Main.java,2
1.2.1,openjpa-jdbc/src/main/java/org/apache/openjpa/jdbc/ant/MappingToolTask.java,4
1.2.1,openjpa-jdbc/src/main/java/org/apache/openjpa/jdbc/ant/ReverseMappingToolTask.java,4
1.2.1,openjpa-jdbc/src/main/java/org/apache/openjpa/jdbc/ant/SchemaToolTask.java,2
1.2.1,openjpa-jdbc/src/main/java/org/apache/openjpa/jdbc/conf/JDBCConfiguration.java,75
1.2.1,openjpa-jdbc/src/main/java/org/apache/openjpa/jdbc/conf/JDBCConfigurationImpl.java,34
1.2.1,openjpa-jdbc/src/main/java/org/apache/openjpa/jdbc/conf/MappingFactoryValue.java,11
1.2.1,openjpa-jdbc/src/main/java/org/apache/openjpa/jdbc/conf/MappingRepositoryValue.java,1
1.2.1,openjpa-jdbc/src/main/java/org/apache/openjpa/jdbc/conf/QuerySQLCacheValue.java,4
1.2.1,openjpa-jdbc/src/main/java/org/apache/openjpa/jdbc/kernel/AbstractJDBCSavepointManager.java,3
1.2.1,openjpa-jdbc/src/main/java/org/apache/openjpa/jdbc/kernel/AbstractJDBCSeq.java,10
1.2.1,openjpa-jdbc/src/main/java/org/apache/openjpa/jdbc/kernel/AbstractUpdateManager.java,34
1.2.1,openjpa-jdbc/src/main/java/org/apache/openjpa/jdbc/kernel/BatchingPreparedStatementManagerImpl.java,18
1.2.1,openjpa-jdbc/src/main/java/org/apache/openjpa/jdbc/kernel/ClassTableJDBCSeq.java,18
1.2.1,openjpa-jdbc/src/main/java/org/apache/openjpa/jdbc/kernel/ConstraintUpdateManager.java,34
1.2.1,openjpa-jdbc/src/main/java/org/apache/openjpa/jdbc/kernel/EagerFetchModes.java,6
1.2.1,openjpa-jdbc/src/main/java/org/apache/openjpa/jdbc/kernel/GenericResultObjectProvider.java,6
1.2.1,openjpa-jdbc/src/main/java/org/apache/openjpa/jdbc/kernel/InstanceResultObjectProvider.java,1
1.2.1,openjpa-jdbc/src/main/java/org/apache/openjpa/jdbc/kernel/JDBC3SavepointManager.java,2
1.2.1,openjpa-jdbc/src/main/java/org/apache/openjpa/jdbc/kernel/JDBCBrokerFactory.java,7
1.2.1,openjpa-jdbc/src/main/java/org/apache/openjpa/jdbc/kernel/JDBCFetchConfiguration.java,27
1.2.1,openjpa-jdbc/src/main/java/org/apache/openjpa/jdbc/kernel/JDBCFetchConfigurationImpl.java,39
1.2.1,openjpa-jdbc/src/main/java/org/apache/openjpa/jdbc/kernel/JDBCLockManager.java,2
1.2.1,openjpa-jdbc/src/main/java/org/apache/openjpa/jdbc/kernel/JDBCSeq.java,1
1.2.1,openjpa-jdbc/src/main/java/org/apache/openjpa/jdbc/kernel/JDBCStore.java,10
1.2.1,openjpa-jdbc/src/main/java/org/apache/openjpa/jdbc/kernel/JDBCStoreManager.java,183
1.2.1,openjpa-jdbc/src/main/java/org/apache/openjpa/jdbc/kernel/JDBCStoreQuery.java,104
1.2.1,openjpa-jdbc/src/main/java/org/apache/openjpa/jdbc/kernel/LRSSizes.java,6
1.2.1,openjpa-jdbc/src/main/java/org/apache/openjpa/jdbc/kernel/MappedQueryResultObjectProvider.java,41
1.2.1,openjpa-jdbc/src/main/java/org/apache/openjpa/jdbc/kernel/NativeJDBCSeq.java,21
1.2.1,openjpa-jdbc/src/main/java/org/apache/openjpa/jdbc/kernel/OperationOrderUpdateManager.java,18
1.2.1,openjpa-jdbc/src/main/java/org/apache/openjpa/jdbc/kernel/PagingResultObjectProvider.java,48
1.2.1,openjpa-jdbc/src/main/java/org/apache/openjpa/jdbc/kernel/PessimisticLockManager.java,16
1.2.1,openjpa-jdbc/src/main/java/org/apache/openjpa/jdbc/kernel/PreparedStatementManager.java,3
1.2.1,openjpa-jdbc/src/main/java/org/apache/openjpa/jdbc/kernel/PreparedStatementManagerImpl.java,8
1.2.1,openjpa-jdbc/src/main/java/org/apache/openjpa/jdbc/kernel/ProjectionResultObjectProvider.java,1
1.2.1,openjpa-jdbc/src/main/java/org/apache/openjpa/jdbc/kernel/SQLProjectionResultObjectProvider.java,7
1.2.1,openjpa-jdbc/src/main/java/org/apache/openjpa/jdbc/kernel/SQLStoreQuery.java,29
1.2.1,openjpa-jdbc/src/main/java/org/apache/openjpa/jdbc/kernel/SelectResultObjectProvider.java,7
1.2.1,openjpa-jdbc/src/main/java/org/apache/openjpa/jdbc/kernel/TableJDBCSeq.java,59
1.2.1,openjpa-jdbc/src/main/java/org/apache/openjpa/jdbc/kernel/UpdateManager.java,2
1.2.1,openjpa-jdbc/src/main/java/org/apache/openjpa/jdbc/kernel/ValueTableJDBCSeq.java,10
1.2.1,openjpa-jdbc/src/main/java/org/apache/openjpa/jdbc/kernel/exps/Abs.java,1
1.2.1,openjpa-jdbc/src/main/java/org/apache/openjpa/jdbc/kernel/exps/Aggregate.java,11
1.2.1,openjpa-jdbc/src/main/java/org/apache/openjpa/jdbc/kernel/exps/AndExpression.java,4
1.2.1,openjpa-jdbc/src/main/java/org/apache/openjpa/jdbc/kernel/exps/Args.java,22
1.2.1,openjpa-jdbc/src/main/java/org/apache/openjpa/jdbc/kernel/exps/BinaryOpExpState.java,1
1.2.1,openjpa-jdbc/src/main/java/org/apache/openjpa/jdbc/kernel/exps/BindVariableAndExpression.java,2
1.2.1,openjpa-jdbc/src/main/java/org/apache/openjpa/jdbc/kernel/exps/BindVariableExpression.java,2
1.2.1,openjpa-jdbc/src/main/java/org/apache/openjpa/jdbc/kernel/exps/CompareEqualExpression.java,5
1.2.1,openjpa-jdbc/src/main/java/org/apache/openjpa/jdbc/kernel/exps/CompareExpression.java,1
1.2.1,openjpa-jdbc/src/main/java/org/apache/openjpa/jdbc/kernel/exps/Concat.java,2
1.2.1,openjpa-jdbc/src/main/java/org/apache/openjpa/jdbc/kernel/exps/Const.java,20
1.2.1,openjpa-jdbc/src/main/java/org/apache/openjpa/jdbc/kernel/exps/ConstGetObjectId.java,7
1.2.1,openjpa-jdbc/src/main/java/org/apache/openjpa/jdbc/kernel/exps/ConstInstanceofExpression.java,2
1.2.1,openjpa-jdbc/src/main/java/org/apache/openjpa/jdbc/kernel/exps/ConstPath.java,15
1.2.1,openjpa-jdbc/src/main/java/org/apache/openjpa/jdbc/kernel/exps/ContainsExpression.java,2
1.2.1,openjpa-jdbc/src/main/java/org/apache/openjpa/jdbc/kernel/exps/ContainsKeyExpression.java,1
1.2.1,openjpa-jdbc/src/main/java/org/apache/openjpa/jdbc/kernel/exps/CurrentDate.java,1
1.2.1,openjpa-jdbc/src/main/java/org/apache/openjpa/jdbc/kernel/exps/Distinct.java,1
1.2.1,openjpa-jdbc/src/main/java/org/apache/openjpa/jdbc/kernel/exps/EmptyExpression.java,2
1.2.1,openjpa-jdbc/src/main/java/org/apache/openjpa/jdbc/kernel/exps/EndsWithExpression.java,3
1.2.1,openjpa-jdbc/src/main/java/org/apache/openjpa/jdbc/kernel/exps/EqualExpression.java,7
1.2.1,openjpa-jdbc/src/main/java/org/apache/openjpa/jdbc/kernel/exps/Exp.java,3
1.2.1,openjpa-jdbc/src/main/java/org/apache/openjpa/jdbc/kernel/exps/ExpContext.java,1
1.2.1,openjpa-jdbc/src/main/java/org/apache/openjpa/jdbc/kernel/exps/ExpState.java,1
1.2.1,openjpa-jdbc/src/main/java/org/apache/openjpa/jdbc/kernel/exps/Extension.java,15
1.2.1,openjpa-jdbc/src/main/java/org/apache/openjpa/jdbc/kernel/exps/FilterValue.java,15
1.2.1,openjpa-jdbc/src/main/java/org/apache/openjpa/jdbc/kernel/exps/FilterValueImpl.java,6
1.2.1,openjpa-jdbc/src/main/java/org/apache/openjpa/jdbc/kernel/exps/GetColumn.java,2
1.2.1,openjpa-jdbc/src/main/java/org/apache/openjpa/jdbc/kernel/exps/GetMapValue.java,8
1.2.1,openjpa-jdbc/src/main/java/org/apache/openjpa/jdbc/kernel/exps/GetObjectId.java,7
1.2.1,openjpa-jdbc/src/main/java/org/apache/openjpa/jdbc/kernel/exps/HasContainsExpressionVisitor.java,2
1.2.1,openjpa-jdbc/src/main/java/org/apache/openjpa/jdbc/kernel/exps/InExpression.java,18
1.2.1,openjpa-jdbc/src/main/java/org/apache/openjpa/jdbc/kernel/exps/IndexOf.java,2
1.2.1,openjpa-jdbc/src/main/java/org/apache/openjpa/jdbc/kernel/exps/InstanceofExpression.java,9
1.2.1,openjpa-jdbc/src/main/java/org/apache/openjpa/jdbc/kernel/exps/JDBCAggregateListener.java,1
1.2.1,openjpa-jdbc/src/main/java/org/apache/openjpa/jdbc/kernel/exps/JDBCExpressionFactory.java,14
1.2.1,openjpa-jdbc/src/main/java/org/apache/openjpa/jdbc/kernel/exps/JDBCFilterListener.java,1
1.2.1,openjpa-jdbc/src/main/java/org/apache/openjpa/jdbc/kernel/exps/JDBCPath.java,1
1.2.1,openjpa-jdbc/src/main/java/org/apache/openjpa/jdbc/kernel/exps/JDBCStringContains.java,3
1.2.1,openjpa-jdbc/src/main/java/org/apache/openjpa/jdbc/kernel/exps/JDBCWildcardMatch.java,2
1.2.1,openjpa-jdbc/src/main/java/org/apache/openjpa/jdbc/kernel/exps/Lit.java,4
1.2.1,openjpa-jdbc/src/main/java/org/apache/openjpa/jdbc/kernel/exps/MatchesExpression.java,9
1.2.1,openjpa-jdbc/src/main/java/org/apache/openjpa/jdbc/kernel/exps/Math.java,1
1.2.1,openjpa-jdbc/src/main/java/org/apache/openjpa/jdbc/kernel/exps/NotContainsExpression.java,1
1.2.1,openjpa-jdbc/src/main/java/org/apache/openjpa/jdbc/kernel/exps/NotEqualExpression.java,7
1.2.1,openjpa-jdbc/src/main/java/org/apache/openjpa/jdbc/kernel/exps/Null.java,2
1.2.1,openjpa-jdbc/src/main/java/org/apache/openjpa/jdbc/kernel/exps/OrExpression.java,7
1.2.1,openjpa-jdbc/src/main/java/org/apache/openjpa/jdbc/kernel/exps/PCPath.java,96
1.2.1,openjpa-jdbc/src/main/java/org/apache/openjpa/jdbc/kernel/exps/Param.java,3
1.2.1,openjpa-jdbc/src/main/java/org/apache/openjpa/jdbc/kernel/exps/SQLEmbed.java,1
1.2.1,openjpa-jdbc/src/main/java/org/apache/openjpa/jdbc/kernel/exps/SelectConstructor.java,19
1.2.1,openjpa-jdbc/src/main/java/org/apache/openjpa/jdbc/kernel/exps/StartsWithExpression.java,3
1.2.1,openjpa-jdbc/src/main/java/org/apache/openjpa/jdbc/kernel/exps/StringFunction.java,1
1.2.1,openjpa-jdbc/src/main/java/org/apache/openjpa/jdbc/kernel/exps/StringLength.java,1
1.2.1,openjpa-jdbc/src/main/java/org/apache/openjpa/jdbc/kernel/exps/SubQ.java,16
1.2.1,openjpa-jdbc/src/main/java/org/apache/openjpa/jdbc/kernel/exps/Substring.java,2
1.2.1,openjpa-jdbc/src/main/java/org/apache/openjpa/jdbc/kernel/exps/Sum.java,1
1.2.1,openjpa-jdbc/src/main/java/org/apache/openjpa/jdbc/kernel/exps/Trim.java,9
1.2.1,openjpa-jdbc/src/main/java/org/apache/openjpa/jdbc/kernel/exps/UnaryOp.java,3
1.2.1,openjpa-jdbc/src/main/java/org/apache/openjpa/jdbc/kernel/exps/Val.java,32
1.2.1,openjpa-jdbc/src/main/java/org/apache/openjpa/jdbc/kernel/exps/Variable.java,14
1.2.1,openjpa-jdbc/src/main/java/org/apache/openjpa/jdbc/meta/ClassMapping.java,87
1.2.1,openjpa-jdbc/src/main/java/org/apache/openjpa/jdbc/meta/ClassMappingInfo.java,29
1.2.1,openjpa-jdbc/src/main/java/org/apache/openjpa/jdbc/meta/ClassStrategy.java,7
1.2.1,openjpa-jdbc/src/main/java/org/apache/openjpa/jdbc/meta/DelegatingJoinable.java,5
1.2.1,openjpa-jdbc/src/main/java/org/apache/openjpa/jdbc/meta/Discriminator.java,21
1.2.1,openjpa-jdbc/src/main/java/org/apache/openjpa/jdbc/meta/DiscriminatorMappingInfo.java,13
1.2.1,openjpa-jdbc/src/main/java/org/apache/openjpa/jdbc/meta/DiscriminatorStrategy.java,6
1.2.1,openjpa-jdbc/src/main/java/org/apache/openjpa/jdbc/meta/Embeddable.java,7
1.2.1,openjpa-jdbc/src/main/java/org/apache/openjpa/jdbc/meta/FieldMapping.java,45
1.2.1,openjpa-jdbc/src/main/java/org/apache/openjpa/jdbc/meta/FieldMappingInfo.java,30
1.2.1,openjpa-jdbc/src/main/java/org/apache/openjpa/jdbc/meta/FieldStrategy.java,25
1.2.1,openjpa-jdbc/src/main/java/org/apache/openjpa/jdbc/meta/JDBCColumnOrder.java,1
1.2.1,openjpa-jdbc/src/main/java/org/apache/openjpa/jdbc/meta/JDBCOrder.java,2
1.2.1,openjpa-jdbc/src/main/java/org/apache/openjpa/jdbc/meta/JDBCRelatedFieldOrder.java,1
1.2.1,openjpa-jdbc/src/main/java/org/apache/openjpa/jdbc/meta/JDBCValueOrder.java,2
1.2.1,openjpa-jdbc/src/main/java/org/apache/openjpa/jdbc/meta/JavaSQLTypes.java,17
1.2.1,openjpa-jdbc/src/main/java/org/apache/openjpa/jdbc/meta/Joinable.java,6
1.2.1,openjpa-jdbc/src/main/java/org/apache/openjpa/jdbc/meta/MappingDefaults.java,29
1.2.1,openjpa-jdbc/src/main/java/org/apache/openjpa/jdbc/meta/MappingDefaultsImpl.java,49
1.2.1,openjpa-jdbc/src/main/java/org/apache/openjpa/jdbc/meta/MappingInfo.java,186
1.2.1,openjpa-jdbc/src/main/java/org/apache/openjpa/jdbc/meta/MappingRepository.java,136
1.2.1,openjpa-jdbc/src/main/java/org/apache/openjpa/jdbc/meta/MappingStrategyInstaller.java,4
1.2.1,openjpa-jdbc/src/main/java/org/apache/openjpa/jdbc/meta/MappingTool.java,100
1.2.1,openjpa-jdbc/src/main/java/org/apache/openjpa/jdbc/meta/MetaDataPlusMappingFactory.java,8
1.2.1,openjpa-jdbc/src/main/java/org/apache/openjpa/jdbc/meta/NoneMappingDefaults.java,8
1.2.1,openjpa-jdbc/src/main/java/org/apache/openjpa/jdbc/meta/PropertiesReverseCustomizer.java,19
1.2.1,openjpa-jdbc/src/main/java/org/apache/openjpa/jdbc/meta/QueryResultMapping.java,44
1.2.1,openjpa-jdbc/src/main/java/org/apache/openjpa/jdbc/meta/RefreshStrategyInstaller.java,12
1.2.1,openjpa-jdbc/src/main/java/org/apache/openjpa/jdbc/meta/RelationId.java,1
1.2.1,openjpa-jdbc/src/main/java/org/apache/openjpa/jdbc/meta/ReverseCustomizer.java,13
1.2.1,openjpa-jdbc/src/main/java/org/apache/openjpa/jdbc/meta/ReverseMappingTool.java,210
1.2.1,openjpa-jdbc/src/main/java/org/apache/openjpa/jdbc/meta/RuntimeStrategyInstaller.java,5
1.2.1,openjpa-jdbc/src/main/java/org/apache/openjpa/jdbc/meta/SequenceMapping.java,5
1.2.1,openjpa-jdbc/src/main/java/org/apache/openjpa/jdbc/meta/Strategy.java,12
1.2.1,openjpa-jdbc/src/main/java/org/apache/openjpa/jdbc/meta/ValueHandler.java,7
1.2.1,openjpa-jdbc/src/main/java/org/apache/openjpa/jdbc/meta/ValueMapping.java,41
1.2.1,openjpa-jdbc/src/main/java/org/apache/openjpa/jdbc/meta/ValueMappingImpl.java,64
1.2.1,openjpa-jdbc/src/main/java/org/apache/openjpa/jdbc/meta/ValueMappingInfo.java,23
1.2.1,openjpa-jdbc/src/main/java/org/apache/openjpa/jdbc/meta/Version.java,18
1.2.1,openjpa-jdbc/src/main/java/org/apache/openjpa/jdbc/meta/VersionMappingInfo.java,3
1.2.1,openjpa-jdbc/src/main/java/org/apache/openjpa/jdbc/meta/VersionStrategy.java,8
1.2.1,openjpa-jdbc/src/main/java/org/apache/openjpa/jdbc/meta/strats/AbstractDiscriminatorStrategy.java,1
1.2.1,openjpa-jdbc/src/main/java/org/apache/openjpa/jdbc/meta/strats/AbstractFieldStrategy.java,7
1.2.1,openjpa-jdbc/src/main/java/org/apache/openjpa/jdbc/meta/strats/AbstractStrategy.java,8
1.2.1,openjpa-jdbc/src/main/java/org/apache/openjpa/jdbc/meta/strats/AbstractVersionStrategy.java,1
1.2.1,openjpa-jdbc/src/main/java/org/apache/openjpa/jdbc/meta/strats/CharArrayStreamValueHandler.java,4
1.2.1,openjpa-jdbc/src/main/java/org/apache/openjpa/jdbc/meta/strats/CharArrayValueHandler.java,1
1.2.1,openjpa-jdbc/src/main/java/org/apache/openjpa/jdbc/meta/strats/ClassNameDiscriminatorStrategy.java,7
1.2.1,openjpa-jdbc/src/main/java/org/apache/openjpa/jdbc/meta/strats/ColumnVersionStrategy.java,38
1.2.1,openjpa-jdbc/src/main/java/org/apache/openjpa/jdbc/meta/strats/ContainerFieldStrategy.java,6
1.2.1,openjpa-jdbc/src/main/java/org/apache/openjpa/jdbc/meta/strats/ElementEmbedValueHandler.java,24
1.2.1,openjpa-jdbc/src/main/java/org/apache/openjpa/jdbc/meta/strats/EmbedFieldStrategy.java,72
1.2.1,openjpa-jdbc/src/main/java/org/apache/openjpa/jdbc/meta/strats/EmbedValueHandler.java,16
1.2.1,openjpa-jdbc/src/main/java/org/apache/openjpa/jdbc/meta/strats/EmbeddedClassStrategy.java,9
1.2.1,openjpa-jdbc/src/main/java/org/apache/openjpa/jdbc/meta/strats/EnumValueHandler.java,8
1.2.1,openjpa-jdbc/src/main/java/org/apache/openjpa/jdbc/meta/strats/FlatClassStrategy.java,2
1.2.1,openjpa-jdbc/src/main/java/org/apache/openjpa/jdbc/meta/strats/FullClassStrategy.java,8
1.2.1,openjpa-jdbc/src/main/java/org/apache/openjpa/jdbc/meta/strats/HandlerCollectionTableFieldStrategy.java,23
1.2.1,openjpa-jdbc/src/main/java/org/apache/openjpa/jdbc/meta/strats/HandlerFieldStrategy.java,48
1.2.1,openjpa-jdbc/src/main/java/org/apache/openjpa/jdbc/meta/strats/HandlerHandlerMapTableFieldStrategy.java,17
1.2.1,openjpa-jdbc/src/main/java/org/apache/openjpa/jdbc/meta/strats/HandlerRelationMapTableFieldStrategy.java,25
1.2.1,openjpa-jdbc/src/main/java/org/apache/openjpa/jdbc/meta/strats/HandlerStrategies.java,30
1.2.1,openjpa-jdbc/src/main/java/org/apache/openjpa/jdbc/meta/strats/IdentityJoinable.java,2
1.2.1,openjpa-jdbc/src/main/java/org/apache/openjpa/jdbc/meta/strats/ImmutableValueHandler.java,5
1.2.1,openjpa-jdbc/src/main/java/org/apache/openjpa/jdbc/meta/strats/InValueDiscriminatorStrategy.java,13
1.2.1,openjpa-jdbc/src/main/java/org/apache/openjpa/jdbc/meta/strats/LRSCollectionFieldStrategy.java,7
1.2.1,openjpa-jdbc/src/main/java/org/apache/openjpa/jdbc/meta/strats/LRSMapFieldStrategy.java,15
1.2.1,openjpa-jdbc/src/main/java/org/apache/openjpa/jdbc/meta/strats/LRSProxyCollection.java,10
1.2.1,openjpa-jdbc/src/main/java/org/apache/openjpa/jdbc/meta/strats/LRSProxyMap.java,40
1.2.1,openjpa-jdbc/src/main/java/org/apache/openjpa/jdbc/meta/strats/LobFieldStrategy.java,2
1.2.1,openjpa-jdbc/src/main/java/org/apache/openjpa/jdbc/meta/strats/MapTableFieldStrategy.java,7
1.2.1,openjpa-jdbc/src/main/java/org/apache/openjpa/jdbc/meta/strats/MaxEmbeddedBlobFieldStrategy.java,3
1.2.1,openjpa-jdbc/src/main/java/org/apache/openjpa/jdbc/meta/strats/MaxEmbeddedByteArrayFieldStrategy.java,3
1.2.1,openjpa-jdbc/src/main/java/org/apache/openjpa/jdbc/meta/strats/MaxEmbeddedCharArrayFieldStrategy.java,8
1.2.1,openjpa-jdbc/src/main/java/org/apache/openjpa/jdbc/meta/strats/MaxEmbeddedClobFieldStrategy.java,3
1.2.1,openjpa-jdbc/src/main/java/org/apache/openjpa/jdbc/meta/strats/MaxEmbeddedLobFieldStrategy.java,17
1.2.1,openjpa-jdbc/src/main/java/org/apache/openjpa/jdbc/meta/strats/NoneClassStrategy.java,2
1.2.1,openjpa-jdbc/src/main/java/org/apache/openjpa/jdbc/meta/strats/NoneDiscriminatorStrategy.java,1
1.2.1,openjpa-jdbc/src/main/java/org/apache/openjpa/jdbc/meta/strats/NoneFieldStrategy.java,2
1.2.1,openjpa-jdbc/src/main/java/org/apache/openjpa/jdbc/meta/strats/NoneVersionStrategy.java,2
1.2.1,openjpa-jdbc/src/main/java/org/apache/openjpa/jdbc/meta/strats/NumberVersionStrategy.java,3
1.2.1,openjpa-jdbc/src/main/java/org/apache/openjpa/jdbc/meta/strats/ObjectIdClassStrategy.java,1
1.2.1,openjpa-jdbc/src/main/java/org/apache/openjpa/jdbc/meta/strats/ObjectIdValueHandler.java,3
1.2.1,openjpa-jdbc/src/main/java/org/apache/openjpa/jdbc/meta/strats/PrimitiveFieldStrategy.java,36
1.2.1,openjpa-jdbc/src/main/java/org/apache/openjpa/jdbc/meta/strats/PrimitiveWrapperArrays.java,9
1.2.1,openjpa-jdbc/src/main/java/org/apache/openjpa/jdbc/meta/strats/RelationCollectionInverseKeyFieldStrategy.java,2
1.2.1,openjpa-jdbc/src/main/java/org/apache/openjpa/jdbc/meta/strats/RelationCollectionTableFieldStrategy.java,2
1.2.1,openjpa-jdbc/src/main/java/org/apache/openjpa/jdbc/meta/strats/RelationFieldStrategy.java,104
1.2.1,openjpa-jdbc/src/main/java/org/apache/openjpa/jdbc/meta/strats/RelationHandlerMapTableFieldStrategy.java,23
1.2.1,openjpa-jdbc/src/main/java/org/apache/openjpa/jdbc/meta/strats/RelationMapInverseKeyFieldStrategy.java,5
1.2.1,openjpa-jdbc/src/main/java/org/apache/openjpa/jdbc/meta/strats/RelationMapTableFieldStrategy.java,5
1.2.1,openjpa-jdbc/src/main/java/org/apache/openjpa/jdbc/meta/strats/RelationRelationMapTableFieldStrategy.java,33
1.2.1,openjpa-jdbc/src/main/java/org/apache/openjpa/jdbc/meta/strats/RelationStrategies.java,14
1.2.1,openjpa-jdbc/src/main/java/org/apache/openjpa/jdbc/meta/strats/RelationToManyInverseKeyFieldStrategy.java,35
1.2.1,openjpa-jdbc/src/main/java/org/apache/openjpa/jdbc/meta/strats/RelationToManyTableFieldStrategy.java,18
1.2.1,openjpa-jdbc/src/main/java/org/apache/openjpa/jdbc/meta/strats/StateComparisonVersionStrategy.java,23
1.2.1,openjpa-jdbc/src/main/java/org/apache/openjpa/jdbc/meta/strats/StoreCollectionFieldStrategy.java,51
1.2.1,openjpa-jdbc/src/main/java/org/apache/openjpa/jdbc/meta/strats/StringFieldStrategy.java,15
1.2.1,openjpa-jdbc/src/main/java/org/apache/openjpa/jdbc/meta/strats/SubclassJoinDiscriminatorStrategy.java,17
1.2.1,openjpa-jdbc/src/main/java/org/apache/openjpa/jdbc/meta/strats/TimestampVersionStrategy.java,2
1.2.1,openjpa-jdbc/src/main/java/org/apache/openjpa/jdbc/meta/strats/UntypedPCValueHandler.java,4
1.2.1,openjpa-jdbc/src/main/java/org/apache/openjpa/jdbc/meta/strats/ValueMapDiscriminatorStrategy.java,10
1.2.1,openjpa-jdbc/src/main/java/org/apache/openjpa/jdbc/meta/strats/VerticalClassStrategy.java,7
1.2.1,openjpa-jdbc/src/main/java/org/apache/openjpa/jdbc/meta/strats/XMLValueHandler.java,3
1.2.1,openjpa-jdbc/src/main/java/org/apache/openjpa/jdbc/schema/Column.java,68
1.2.1,openjpa-jdbc/src/main/java/org/apache/openjpa/jdbc/schema/ColumnIO.java,16
1.2.1,openjpa-jdbc/src/main/java/org/apache/openjpa/jdbc/schema/Constraint.java,10
1.2.1,openjpa-jdbc/src/main/java/org/apache/openjpa/jdbc/schema/DataSourceFactory.java,21
1.2.1,openjpa-jdbc/src/main/java/org/apache/openjpa/jdbc/schema/DriverDataSource.java,15
1.2.1,openjpa-jdbc/src/main/java/org/apache/openjpa/jdbc/schema/DynamicSchemaFactory.java,12
1.2.1,openjpa-jdbc/src/main/java/org/apache/openjpa/jdbc/schema/FileSchemaFactory.java,3
1.2.1,openjpa-jdbc/src/main/java/org/apache/openjpa/jdbc/schema/ForeignKey.java,90
1.2.1,openjpa-jdbc/src/main/java/org/apache/openjpa/jdbc/schema/Index.java,7
1.2.1,openjpa-jdbc/src/main/java/org/apache/openjpa/jdbc/schema/LazySchemaFactory.java,12
1.2.1,openjpa-jdbc/src/main/java/org/apache/openjpa/jdbc/schema/LocalConstraint.java,29
1.2.1,openjpa-jdbc/src/main/java/org/apache/openjpa/jdbc/schema/NameSet.java,8
1.2.1,openjpa-jdbc/src/main/java/org/apache/openjpa/jdbc/schema/PrimaryKey.java,4
1.2.1,openjpa-jdbc/src/main/java/org/apache/openjpa/jdbc/schema/Schema.java,35
1.2.1,openjpa-jdbc/src/main/java/org/apache/openjpa/jdbc/schema/SchemaFactory.java,2
1.2.1,openjpa-jdbc/src/main/java/org/apache/openjpa/jdbc/schema/SchemaGenerator.java,122
1.2.1,openjpa-jdbc/src/main/java/org/apache/openjpa/jdbc/schema/SchemaGroup.java,63
1.2.1,openjpa-jdbc/src/main/java/org/apache/openjpa/jdbc/schema/SchemaParser.java,5
1.2.1,openjpa-jdbc/src/main/java/org/apache/openjpa/jdbc/schema/SchemaSerializer.java,8
1.2.1,openjpa-jdbc/src/main/java/org/apache/openjpa/jdbc/schema/SchemaTool.java,202
1.2.1,openjpa-jdbc/src/main/java/org/apache/openjpa/jdbc/schema/Schemas.java,39
1.2.1,openjpa-jdbc/src/main/java/org/apache/openjpa/jdbc/schema/Sequence.java,11
1.2.1,openjpa-jdbc/src/main/java/org/apache/openjpa/jdbc/schema/SimpleDriverDataSource.java,19
1.2.1,openjpa-jdbc/src/main/java/org/apache/openjpa/jdbc/schema/Table.java,89
1.2.1,openjpa-jdbc/src/main/java/org/apache/openjpa/jdbc/schema/TableSchemaFactory.java,40
1.2.1,openjpa-jdbc/src/main/java/org/apache/openjpa/jdbc/schema/Unique.java,2
1.2.1,openjpa-jdbc/src/main/java/org/apache/openjpa/jdbc/schema/XMLSchemaParser.java,50
1.2.1,openjpa-jdbc/src/main/java/org/apache/openjpa/jdbc/schema/XMLSchemaSerializer.java,82
1.2.1,openjpa-jdbc/src/main/java/org/apache/openjpa/jdbc/sql/AbstractResult.java,33
1.2.1,openjpa-jdbc/src/main/java/org/apache/openjpa/jdbc/sql/AbstractSQLServerDictionary.java,8
1.2.1,openjpa-jdbc/src/main/java/org/apache/openjpa/jdbc/sql/AccessDictionary.java,3
1.2.1,openjpa-jdbc/src/main/java/org/apache/openjpa/jdbc/sql/DB2Dictionary.java,52
1.2.1,openjpa-jdbc/src/main/java/org/apache/openjpa/jdbc/sql/DBDictionary.java,420
1.2.1,openjpa-jdbc/src/main/java/org/apache/openjpa/jdbc/sql/DBDictionaryFactory.java,41
1.2.1,openjpa-jdbc/src/main/java/org/apache/openjpa/jdbc/sql/DerbyDictionary.java,5
1.2.1,openjpa-jdbc/src/main/java/org/apache/openjpa/jdbc/sql/EmpressDictionary.java,15
1.2.1,openjpa-jdbc/src/main/java/org/apache/openjpa/jdbc/sql/FoxProDictionary.java,8
1.2.1,openjpa-jdbc/src/main/java/org/apache/openjpa/jdbc/sql/H2Dictionary.java,17
1.2.1,openjpa-jdbc/src/main/java/org/apache/openjpa/jdbc/sql/HSQLDictionary.java,19
1.2.1,openjpa-jdbc/src/main/java/org/apache/openjpa/jdbc/sql/InformixDictionary.java,17
1.2.1,openjpa-jdbc/src/main/java/org/apache/openjpa/jdbc/sql/InterbaseDictionary.java,2
1.2.1,openjpa-jdbc/src/main/java/org/apache/openjpa/jdbc/sql/JDataStoreDictionary.java,3
1.2.1,openjpa-jdbc/src/main/java/org/apache/openjpa/jdbc/sql/Join.java,10
1.2.1,openjpa-jdbc/src/main/java/org/apache/openjpa/jdbc/sql/JoinSet.java,59
1.2.1,openjpa-jdbc/src/main/java/org/apache/openjpa/jdbc/sql/JoinSyntaxes.java,6
1.2.1,openjpa-jdbc/src/main/java/org/apache/openjpa/jdbc/sql/Joins.java,9
1.2.1,openjpa-jdbc/src/main/java/org/apache/openjpa/jdbc/sql/LogicalUnion.java,53
1.2.1,openjpa-jdbc/src/main/java/org/apache/openjpa/jdbc/sql/MergedResult.java,15
1.2.1,openjpa-jdbc/src/main/java/org/apache/openjpa/jdbc/sql/MySQLDictionary.java,12
1.2.1,openjpa-jdbc/src/main/java/org/apache/openjpa/jdbc/sql/OracleDictionary.java,147
1.2.1,openjpa-jdbc/src/main/java/org/apache/openjpa/jdbc/sql/PointbaseDictionary.java,4
1.2.1,openjpa-jdbc/src/main/java/org/apache/openjpa/jdbc/sql/PostgresDictionary.java,34
1.2.1,openjpa-jdbc/src/main/java/org/apache/openjpa/jdbc/sql/PrimaryRow.java,43
1.2.1,openjpa-jdbc/src/main/java/org/apache/openjpa/jdbc/sql/Raw.java,1
1.2.1,openjpa-jdbc/src/main/java/org/apache/openjpa/jdbc/sql/Result.java,83
1.2.1,openjpa-jdbc/src/main/java/org/apache/openjpa/jdbc/sql/ResultSetResult.java,22
1.2.1,openjpa-jdbc/src/main/java/org/apache/openjpa/jdbc/sql/Row.java,75
1.2.1,openjpa-jdbc/src/main/java/org/apache/openjpa/jdbc/sql/RowImpl.java,89
1.2.1,openjpa-jdbc/src/main/java/org/apache/openjpa/jdbc/sql/RowManager.java,5
1.2.1,openjpa-jdbc/src/main/java/org/apache/openjpa/jdbc/sql/RowManagerImpl.java,18
1.2.1,openjpa-jdbc/src/main/java/org/apache/openjpa/jdbc/sql/SQLBuffer.java,70
1.2.1,openjpa-jdbc/src/main/java/org/apache/openjpa/jdbc/sql/SQLErrorCodeReader.java,8
1.2.1,openjpa-jdbc/src/main/java/org/apache/openjpa/jdbc/sql/SQLExceptions.java,10
1.2.1,openjpa-jdbc/src/main/java/org/apache/openjpa/jdbc/sql/SQLFactory.java,3
1.2.1,openjpa-jdbc/src/main/java/org/apache/openjpa/jdbc/sql/SQLFactoryImpl.java,2
1.2.1,openjpa-jdbc/src/main/java/org/apache/openjpa/jdbc/sql/SQLServerDictionary.java,31
1.2.1,openjpa-jdbc/src/main/java/org/apache/openjpa/jdbc/sql/SecondaryRow.java,15
1.2.1,openjpa-jdbc/src/main/java/org/apache/openjpa/jdbc/sql/Select.java,109
1.2.1,openjpa-jdbc/src/main/java/org/apache/openjpa/jdbc/sql/SelectExecutor.java,20
1.2.1,openjpa-jdbc/src/main/java/org/apache/openjpa/jdbc/sql/SelectImpl.java,371
1.2.1,openjpa-jdbc/src/main/java/org/apache/openjpa/jdbc/sql/SybaseDictionary.java,18
1.2.1,openjpa-jdbc/src/main/java/org/apache/openjpa/jdbc/sql/Union.java,7
1.2.1,openjpa-kernel/src/main/java/org/apache/openjpa/abstractstore/AbstractStoreBrokerFactory.java,3
1.2.1,openjpa-kernel/src/main/java/org/apache/openjpa/abstractstore/AbstractStoreManager.java,26
1.2.1,openjpa-kernel/src/main/java/org/apache/openjpa/ant/MetaDataToolTask.java,4
1.2.1,openjpa-kernel/src/main/java/org/apache/openjpa/conf/AutoDetachValue.java,4
1.2.1,openjpa-kernel/src/main/java/org/apache/openjpa/conf/BrokerFactoryValue.java,3
1.2.1,openjpa-kernel/src/main/java/org/apache/openjpa/conf/BrokerValue.java,2
1.2.1,openjpa-kernel/src/main/java/org/apache/openjpa/conf/CacheMarshaller.java,8
1.2.1,openjpa-kernel/src/main/java/org/apache/openjpa/conf/CacheMarshallerImpl.java,20
1.2.1,openjpa-kernel/src/main/java/org/apache/openjpa/conf/CacheMarshallersValue.java,5
1.2.1,openjpa-kernel/src/main/java/org/apache/openjpa/conf/Compatibility.java,4
1.2.1,openjpa-kernel/src/main/java/org/apache/openjpa/conf/DetachOptions.java,6
1.2.1,openjpa-kernel/src/main/java/org/apache/openjpa/conf/MetaDataCacheMaintenance.java,26
1.2.1,openjpa-kernel/src/main/java/org/apache/openjpa/conf/MetaDataRepositoryValue.java,4
1.2.1,openjpa-kernel/src/main/java/org/apache/openjpa/conf/NoOpCacheMarshaller.java,2
1.2.1,openjpa-kernel/src/main/java/org/apache/openjpa/conf/OpenJPAConfiguration.java,222
1.2.1,openjpa-kernel/src/main/java/org/apache/openjpa/conf/OpenJPAConfigurationImpl.java,33
1.2.1,openjpa-kernel/src/main/java/org/apache/openjpa/conf/OpenJPAProductDerivation.java,5
1.2.1,openjpa-kernel/src/main/java/org/apache/openjpa/conf/OpenJPAVersion.java,4
1.2.1,openjpa-kernel/src/main/java/org/apache/openjpa/conf/OpenJPAVersionAndConfigurationTypeValidationPolicy.java,5
1.2.1,openjpa-kernel/src/main/java/org/apache/openjpa/conf/QueryCompilationCacheValue.java,2
1.2.1,openjpa-kernel/src/main/java/org/apache/openjpa/conf/RemoteCommitProviderValue.java,4
1.2.1,openjpa-kernel/src/main/java/org/apache/openjpa/datacache/AbstractDataCache.java,64
1.2.1,openjpa-kernel/src/main/java/org/apache/openjpa/datacache/AbstractQueryCache.java,38
1.2.1,openjpa-kernel/src/main/java/org/apache/openjpa/datacache/Caches.java,5
1.2.1,openjpa-kernel/src/main/java/org/apache/openjpa/datacache/ConcurrentDataCache.java,1
1.2.1,openjpa-kernel/src/main/java/org/apache/openjpa/datacache/DataCache.java,26
1.2.1,openjpa-kernel/src/main/java/org/apache/openjpa/datacache/DataCacheManager.java,8
1.2.1,openjpa-kernel/src/main/java/org/apache/openjpa/datacache/DataCacheManagerImpl.java,5
1.2.1,openjpa-kernel/src/main/java/org/apache/openjpa/datacache/DataCachePCData.java,1
1.2.1,openjpa-kernel/src/main/java/org/apache/openjpa/datacache/DataCachePCDataGenerator.java,6
1.2.1,openjpa-kernel/src/main/java/org/apache/openjpa/datacache/DataCachePCDataImpl.java,9
1.2.1,openjpa-kernel/src/main/java/org/apache/openjpa/datacache/DataCacheScheduler.java,17
1.2.1,openjpa-kernel/src/main/java/org/apache/openjpa/datacache/DataCacheStoreManager.java,69
1.2.1,openjpa-kernel/src/main/java/org/apache/openjpa/datacache/DelegatingDataCache.java,33
1.2.1,openjpa-kernel/src/main/java/org/apache/openjpa/datacache/DelegatingQueryCache.java,19
1.2.1,openjpa-kernel/src/main/java/org/apache/openjpa/datacache/ExpirationListener.java,1
1.2.1,openjpa-kernel/src/main/java/org/apache/openjpa/datacache/QueryCache.java,12
1.2.1,openjpa-kernel/src/main/java/org/apache/openjpa/datacache/QueryCacheStoreQuery.java,44
1.2.1,openjpa-kernel/src/main/java/org/apache/openjpa/datacache/QueryKey.java,47
1.2.1,openjpa-kernel/src/main/java/org/apache/openjpa/datacache/QueryResult.java,2
1.2.1,openjpa-kernel/src/main/java/org/apache/openjpa/datacache/TypesChangedListener.java,1
1.2.1,openjpa-kernel/src/main/java/org/apache/openjpa/ee/AbstractManagedRuntime.java,2
1.2.1,openjpa-kernel/src/main/java/org/apache/openjpa/ee/AutomaticManagedRuntime.java,29
1.2.1,openjpa-kernel/src/main/java/org/apache/openjpa/ee/InvocationManagedRuntime.java,2
1.2.1,openjpa-kernel/src/main/java/org/apache/openjpa/ee/ManagedRuntime.java,5
1.2.1,openjpa-kernel/src/main/java/org/apache/openjpa/ee/RegistryManagedRuntime.java,1
1.2.1,openjpa-kernel/src/main/java/org/apache/openjpa/ee/WASManagedRuntime.java,4
1.2.1,openjpa-kernel/src/main/java/org/apache/openjpa/ee/WASRegistryManagedRuntime.java,1
1.2.1,openjpa-kernel/src/main/java/org/apache/openjpa/ee/WLSManagedRuntime.java,2
1.2.1,openjpa-kernel/src/main/java/org/apache/openjpa/enhance/ApplicationIdTool.java,115
1.2.1,openjpa-kernel/src/main/java/org/apache/openjpa/enhance/AttributeTranslator.java,1
1.2.1,openjpa-kernel/src/main/java/org/apache/openjpa/enhance/ClassRedefiner.java,17
1.2.1,openjpa-kernel/src/main/java/org/apache/openjpa/enhance/CodeGenerator.java,53
1.2.1,openjpa-kernel/src/main/java/org/apache/openjpa/enhance/DynamicStorage.java,22
1.2.1,openjpa-kernel/src/main/java/org/apache/openjpa/enhance/DynamicStorageGenerator.java,20
1.2.1,openjpa-kernel/src/main/java/org/apache/openjpa/enhance/InstrumentationFactory.java,9
1.2.1,openjpa-kernel/src/main/java/org/apache/openjpa/enhance/ManagedClassSubclasser.java,29
1.2.1,openjpa-kernel/src/main/java/org/apache/openjpa/enhance/ManagedInstanceProvider.java,1
1.2.1,openjpa-kernel/src/main/java/org/apache/openjpa/enhance/PCClassFileTransformer.java,28
1.2.1,openjpa-kernel/src/main/java/org/apache/openjpa/enhance/PCDataGenerator.java,38
1.2.1,openjpa-kernel/src/main/java/org/apache/openjpa/enhance/PCEnhancer.java,237
1.2.1,openjpa-kernel/src/main/java/org/apache/openjpa/enhance/PCEnhancerAgent.java,4
1.2.1,openjpa-kernel/src/main/java/org/apache/openjpa/enhance/PCRegistry.java,15
1.2.1,openjpa-kernel/src/main/java/org/apache/openjpa/enhance/PCSubclassValidator.java,20
1.2.1,openjpa-kernel/src/main/java/org/apache/openjpa/enhance/PersistenceCapable.java,9
1.2.1,openjpa-kernel/src/main/java/org/apache/openjpa/enhance/RedefinitionHelper.java,26
1.2.1,openjpa-kernel/src/main/java/org/apache/openjpa/enhance/ReflectingPersistenceCapable.java,45
1.2.1,openjpa-kernel/src/main/java/org/apache/openjpa/enhance/Reflection.java,77
1.2.1,openjpa-kernel/src/main/java/org/apache/openjpa/enhance/RuntimeUnenhancedClassesModes.java,6
1.2.1,openjpa-kernel/src/main/java/org/apache/openjpa/enhance/RuntimeUnenhancedClasssesModes.java,6
1.2.1,openjpa-kernel/src/main/java/org/apache/openjpa/enhance/StateManager.java,49
1.2.1,openjpa-kernel/src/main/java/org/apache/openjpa/event/AbstractLifecycleListener.java,1
1.2.1,openjpa-kernel/src/main/java/org/apache/openjpa/event/AbstractRemoteCommitProvider.java,6
1.2.1,openjpa-kernel/src/main/java/org/apache/openjpa/event/AbstractTransactionListener.java,1
1.2.1,openjpa-kernel/src/main/java/org/apache/openjpa/event/AttachListener.java,2
1.2.1,openjpa-kernel/src/main/java/org/apache/openjpa/event/BeanLifecycleCallbacks.java,6
1.2.1,openjpa-kernel/src/main/java/org/apache/openjpa/event/BeginTransactionListener.java,1
1.2.1,openjpa-kernel/src/main/java/org/apache/openjpa/event/BrokerFactoryEventManager.java,1
1.2.1,openjpa-kernel/src/main/java/org/apache/openjpa/event/BrokerFactoryListener.java,1
1.2.1,openjpa-kernel/src/main/java/org/apache/openjpa/event/CallbackModes.java,10
1.2.1,openjpa-kernel/src/main/java/org/apache/openjpa/event/ClearListener.java,2
1.2.1,openjpa-kernel/src/main/java/org/apache/openjpa/event/DeleteListener.java,2
1.2.1,openjpa-kernel/src/main/java/org/apache/openjpa/event/DetachListener.java,2
1.2.1,openjpa-kernel/src/main/java/org/apache/openjpa/event/DirtyListener.java,4
1.2.1,openjpa-kernel/src/main/java/org/apache/openjpa/event/EndTransactionListener.java,6
1.2.1,openjpa-kernel/src/main/java/org/apache/openjpa/event/FlushTransactionListener.java,2
1.2.1,openjpa-kernel/src/main/java/org/apache/openjpa/event/JMSRemoteCommitProvider.java,21
1.2.1,openjpa-kernel/src/main/java/org/apache/openjpa/event/LifecycleCallbacks.java,2
1.2.1,openjpa-kernel/src/main/java/org/apache/openjpa/event/LifecycleEventManager.java,88
1.2.1,openjpa-kernel/src/main/java/org/apache/openjpa/event/LoadListener.java,2
1.2.1,openjpa-kernel/src/main/java/org/apache/openjpa/event/LogOrphanedKeyAction.java,6
1.2.1,openjpa-kernel/src/main/java/org/apache/openjpa/event/MethodLifecycleCallbacks.java,13
1.2.1,openjpa-kernel/src/main/java/org/apache/openjpa/event/OrphanedKeyAction.java,1
1.2.1,openjpa-kernel/src/main/java/org/apache/openjpa/event/PersistListener.java,2
1.2.1,openjpa-kernel/src/main/java/org/apache/openjpa/event/PostDeleteListener.java,1
1.2.1,openjpa-kernel/src/main/java/org/apache/openjpa/event/PostPersistListener.java,1
1.2.1,openjpa-kernel/src/main/java/org/apache/openjpa/event/RemoteCommitEvent.java,15
1.2.1,openjpa-kernel/src/main/java/org/apache/openjpa/event/RemoteCommitEventManager.java,24
1.2.1,openjpa-kernel/src/main/java/org/apache/openjpa/event/RemoteCommitListener.java,2
1.2.1,openjpa-kernel/src/main/java/org/apache/openjpa/event/RemoteCommitProvider.java,3
1.2.1,openjpa-kernel/src/main/java/org/apache/openjpa/event/SingleJVMRemoteCommitProvider.java,3
1.2.1,openjpa-kernel/src/main/java/org/apache/openjpa/event/StoreListener.java,2
1.2.1,openjpa-kernel/src/main/java/org/apache/openjpa/event/TCPRemoteCommitProvider.java,65
1.2.1,openjpa-kernel/src/main/java/org/apache/openjpa/event/TransactionEventManager.java,17
1.2.1,openjpa-kernel/src/main/java/org/apache/openjpa/event/UpdateListener.java,2
1.2.1,openjpa-kernel/src/main/java/org/apache/openjpa/kernel/AbstractBrokerFactory.java,49
1.2.1,openjpa-kernel/src/main/java/org/apache/openjpa/kernel/AbstractLockManager.java,5
1.2.1,openjpa-kernel/src/main/java/org/apache/openjpa/kernel/AbstractPCData.java,45
1.2.1,openjpa-kernel/src/main/java/org/apache/openjpa/kernel/AbstractPCResultObjectProvider.java,3
1.2.1,openjpa-kernel/src/main/java/org/apache/openjpa/kernel/AbstractStoreQuery.java,5
1.2.1,openjpa-kernel/src/main/java/org/apache/openjpa/kernel/AttachManager.java,29
1.2.1,openjpa-kernel/src/main/java/org/apache/openjpa/kernel/AttachStrategy.java,57
1.2.1,openjpa-kernel/src/main/java/org/apache/openjpa/kernel/AutoClear.java,4
1.2.1,openjpa-kernel/src/main/java/org/apache/openjpa/kernel/AutoDetach.java,8
1.2.1,openjpa-kernel/src/main/java/org/apache/openjpa/kernel/Bootstrap.java,11
1.2.1,openjpa-kernel/src/main/java/org/apache/openjpa/kernel/Broker.java,100
1.2.1,openjpa-kernel/src/main/java/org/apache/openjpa/kernel/BrokerFactory.java,14
1.2.1,openjpa-kernel/src/main/java/org/apache/openjpa/kernel/BrokerImpl.java,483
1.2.1,openjpa-kernel/src/main/java/org/apache/openjpa/kernel/ClearFieldManager.java,1
1.2.1,openjpa-kernel/src/main/java/org/apache/openjpa/kernel/ConnectionRetainModes.java,6
1.2.1,openjpa-kernel/src/main/java/org/apache/openjpa/kernel/DelegatingBroker.java,6
1.2.1,openjpa-kernel/src/main/java/org/apache/openjpa/kernel/DelegatingBrokerFactory.java,6
1.2.1,openjpa-kernel/src/main/java/org/apache/openjpa/kernel/DelegatingExtent.java,6
1.2.1,openjpa-kernel/src/main/java/org/apache/openjpa/kernel/DelegatingFetchConfiguration.java,9
1.2.1,openjpa-kernel/src/main/java/org/apache/openjpa/kernel/DelegatingQuery.java,6
1.2.1,openjpa-kernel/src/main/java/org/apache/openjpa/kernel/DelegatingResultList.java,17
1.2.1,openjpa-kernel/src/main/java/org/apache/openjpa/kernel/DelegatingSeq.java,6
1.2.1,openjpa-kernel/src/main/java/org/apache/openjpa/kernel/DelegatingStoreManager.java,6
1.2.1,openjpa-kernel/src/main/java/org/apache/openjpa/kernel/DetachManager.java,86
1.2.1,openjpa-kernel/src/main/java/org/apache/openjpa/kernel/DetachState.java,8
1.2.1,openjpa-kernel/src/main/java/org/apache/openjpa/kernel/DetachedStateAttachStrategy.java,10
1.2.1,openjpa-kernel/src/main/java/org/apache/openjpa/kernel/DetachedStateManager.java,59
1.2.1,openjpa-kernel/src/main/java/org/apache/openjpa/kernel/DetachedValueStateManager.java,11
1.2.1,openjpa-kernel/src/main/java/org/apache/openjpa/kernel/ENonTransState.java,1
1.2.1,openjpa-kernel/src/main/java/org/apache/openjpa/kernel/ExpressionStoreQuery.java,45
1.2.1,openjpa-kernel/src/main/java/org/apache/openjpa/kernel/Extent.java,11
1.2.1,openjpa-kernel/src/main/java/org/apache/openjpa/kernel/ExtentImpl.java,41
1.2.1,openjpa-kernel/src/main/java/org/apache/openjpa/kernel/FetchConfiguration.java,50
1.2.1,openjpa-kernel/src/main/java/org/apache/openjpa/kernel/FetchConfigurationImpl.java,83
1.2.1,openjpa-kernel/src/main/java/org/apache/openjpa/kernel/Filters.java,117
1.2.1,openjpa-kernel/src/main/java/org/apache/openjpa/kernel/FinalizingBrokerImpl.java,2
1.2.1,openjpa-kernel/src/main/java/org/apache/openjpa/kernel/FindCallbacks.java,2
1.2.1,openjpa-kernel/src/main/java/org/apache/openjpa/kernel/InMemorySavepointManager.java,1
1.2.1,openjpa-kernel/src/main/java/org/apache/openjpa/kernel/InverseManager.java,46
1.2.1,openjpa-kernel/src/main/java/org/apache/openjpa/kernel/LocalManagedRuntime.java,15
1.2.1,openjpa-kernel/src/main/java/org/apache/openjpa/kernel/LockLevels.java,6
1.2.1,openjpa-kernel/src/main/java/org/apache/openjpa/kernel/LockManager.java,8
1.2.1,openjpa-kernel/src/main/java/org/apache/openjpa/kernel/ManagedCache.java,42
1.2.1,openjpa-kernel/src/main/java/org/apache/openjpa/kernel/MethodStoreQuery.java,24
1.2.1,openjpa-kernel/src/main/java/org/apache/openjpa/kernel/ObjectIdStateManager.java,24
1.2.1,openjpa-kernel/src/main/java/org/apache/openjpa/kernel/OpCallbacks.java,15
1.2.1,openjpa-kernel/src/main/java/org/apache/openjpa/kernel/OpenJPASavepoint.java,5
1.2.1,openjpa-kernel/src/main/java/org/apache/openjpa/kernel/OpenJPAStateManager.java,72
1.2.1,openjpa-kernel/src/main/java/org/apache/openjpa/kernel/OrderingMergedResultObjectProvider.java,11
1.2.1,openjpa-kernel/src/main/java/org/apache/openjpa/kernel/PCData.java,12
1.2.1,openjpa-kernel/src/main/java/org/apache/openjpa/kernel/PCDataImpl.java,22
1.2.1,openjpa-kernel/src/main/java/org/apache/openjpa/kernel/PCResultObjectProvider.java,1
1.2.1,openjpa-kernel/src/main/java/org/apache/openjpa/kernel/PCState.java,24
1.2.1,openjpa-kernel/src/main/java/org/apache/openjpa/kernel/PNewFlushedDeletedFlushedState.java,1
1.2.1,openjpa-kernel/src/main/java/org/apache/openjpa/kernel/PNewState.java,1
1.2.1,openjpa-kernel/src/main/java/org/apache/openjpa/kernel/PNonTransState.java,4
1.2.1,openjpa-kernel/src/main/java/org/apache/openjpa/kernel/Query.java,26
1.2.1,openjpa-kernel/src/main/java/org/apache/openjpa/kernel/QueryContext.java,43
1.2.1,openjpa-kernel/src/main/java/org/apache/openjpa/kernel/QueryFlushModes.java,6
1.2.1,openjpa-kernel/src/main/java/org/apache/openjpa/kernel/QueryHints.java,2
1.2.1,openjpa-kernel/src/main/java/org/apache/openjpa/kernel/QueryImpl.java,184
1.2.1,openjpa-kernel/src/main/java/org/apache/openjpa/kernel/QueryLanguages.java,3
1.2.1,openjpa-kernel/src/main/java/org/apache/openjpa/kernel/QueryOperations.java,6
1.2.1,openjpa-kernel/src/main/java/org/apache/openjpa/kernel/ROPStoreManager.java,3
1.2.1,openjpa-kernel/src/main/java/org/apache/openjpa/kernel/RestoreState.java,6
1.2.1,openjpa-kernel/src/main/java/org/apache/openjpa/kernel/ResultPacker.java,30
1.2.1,openjpa-kernel/src/main/java/org/apache/openjpa/kernel/SaveFieldManager.java,16
1.2.1,openjpa-kernel/src/main/java/org/apache/openjpa/kernel/SavepointFieldManager.java,11
1.2.1,openjpa-kernel/src/main/java/org/apache/openjpa/kernel/SavepointManager.java,2
1.2.1,openjpa-kernel/src/main/java/org/apache/openjpa/kernel/Seq.java,9
1.2.1,openjpa-kernel/src/main/java/org/apache/openjpa/kernel/SingleFieldManager.java,111
1.2.1,openjpa-kernel/src/main/java/org/apache/openjpa/kernel/StateManagerImpl.java,281
1.2.1,openjpa-kernel/src/main/java/org/apache/openjpa/kernel/StoreContext.java,62
1.2.1,openjpa-kernel/src/main/java/org/apache/openjpa/kernel/StoreManager.java,38
1.2.1,openjpa-kernel/src/main/java/org/apache/openjpa/kernel/StoreQuery.java,46
1.2.1,openjpa-kernel/src/main/java/org/apache/openjpa/kernel/TCleanState.java,1
1.2.1,openjpa-kernel/src/main/java/org/apache/openjpa/kernel/TDirtyState.java,1
1.2.1,openjpa-kernel/src/main/java/org/apache/openjpa/kernel/TimeSeededSeq.java,3
1.2.1,openjpa-kernel/src/main/java/org/apache/openjpa/kernel/TransferFieldManager.java,1
1.2.1,openjpa-kernel/src/main/java/org/apache/openjpa/kernel/UUIDHexSeq.java,4
1.2.1,openjpa-kernel/src/main/java/org/apache/openjpa/kernel/UUIDStringSeq.java,4
1.2.1,openjpa-kernel/src/main/java/org/apache/openjpa/kernel/UUIDType4HexSeq.java,4
1.2.1,openjpa-kernel/src/main/java/org/apache/openjpa/kernel/UUIDType4StringSeq.java,4
1.2.1,openjpa-kernel/src/main/java/org/apache/openjpa/kernel/VersionAttachStrategy.java,40
1.2.1,openjpa-kernel/src/main/java/org/apache/openjpa/kernel/VersionLockManager.java,6
1.2.1,openjpa-kernel/src/main/java/org/apache/openjpa/kernel/exps/Abs.java,9
1.2.1,openjpa-kernel/src/main/java/org/apache/openjpa/kernel/exps/AbstractExpressionBuilder.java,31
1.2.1,openjpa-kernel/src/main/java/org/apache/openjpa/kernel/exps/AbstractExpressionVisitor.java,4
1.2.1,openjpa-kernel/src/main/java/org/apache/openjpa/kernel/exps/Aggregate.java,8
1.2.1,openjpa-kernel/src/main/java/org/apache/openjpa/kernel/exps/AggregateListener.java,4
1.2.1,openjpa-kernel/src/main/java/org/apache/openjpa/kernel/exps/AggregateVal.java,3
1.2.1,openjpa-kernel/src/main/java/org/apache/openjpa/kernel/exps/All.java,1
1.2.1,openjpa-kernel/src/main/java/org/apache/openjpa/kernel/exps/Any.java,1
1.2.1,openjpa-kernel/src/main/java/org/apache/openjpa/kernel/exps/Args.java,10
1.2.1,openjpa-kernel/src/main/java/org/apache/openjpa/kernel/exps/Arguments.java,1
1.2.1,openjpa-kernel/src/main/java/org/apache/openjpa/kernel/exps/Avg.java,4
1.2.1,openjpa-kernel/src/main/java/org/apache/openjpa/kernel/exps/BindVariableAndExpression.java,5
1.2.1,openjpa-kernel/src/main/java/org/apache/openjpa/kernel/exps/BindVariableExpression.java,3
1.2.1,openjpa-kernel/src/main/java/org/apache/openjpa/kernel/exps/BoundVariable.java,2
1.2.1,openjpa-kernel/src/main/java/org/apache/openjpa/kernel/exps/CandidatePath.java,27
1.2.1,openjpa-kernel/src/main/java/org/apache/openjpa/kernel/exps/Cast.java,4
1.2.1,openjpa-kernel/src/main/java/org/apache/openjpa/kernel/exps/Concat.java,4
1.2.1,openjpa-kernel/src/main/java/org/apache/openjpa/kernel/exps/Constant.java,1
1.2.1,openjpa-kernel/src/main/java/org/apache/openjpa/kernel/exps/ContainsExpression.java,3
1.2.1,openjpa-kernel/src/main/java/org/apache/openjpa/kernel/exps/Count.java,3
1.2.1,openjpa-kernel/src/main/java/org/apache/openjpa/kernel/exps/CurrentDate.java,1
1.2.1,openjpa-kernel/src/main/java/org/apache/openjpa/kernel/exps/Distinct.java,2
1.2.1,openjpa-kernel/src/main/java/org/apache/openjpa/kernel/exps/EndsWithExpression.java,1
1.2.1,openjpa-kernel/src/main/java/org/apache/openjpa/kernel/exps/Exp.java,2
1.2.1,openjpa-kernel/src/main/java/org/apache/openjpa/kernel/exps/Expression.java,1
1.2.1,openjpa-kernel/src/main/java/org/apache/openjpa/kernel/exps/ExpressionFactory.java,65
1.2.1,openjpa-kernel/src/main/java/org/apache/openjpa/kernel/exps/ExpressionParser.java,5
1.2.1,openjpa-kernel/src/main/java/org/apache/openjpa/kernel/exps/ExpressionVisitor.java,4
1.2.1,openjpa-kernel/src/main/java/org/apache/openjpa/kernel/exps/Extension.java,10
1.2.1,openjpa-kernel/src/main/java/org/apache/openjpa/kernel/exps/FilterListener.java,5
1.2.1,openjpa-kernel/src/main/java/org/apache/openjpa/kernel/exps/GetMapValue.java,1
1.2.1,openjpa-kernel/src/main/java/org/apache/openjpa/kernel/exps/GetObjectId.java,1
1.2.1,openjpa-kernel/src/main/java/org/apache/openjpa/kernel/exps/GreaterThanEqualExpression.java,2
1.2.1,openjpa-kernel/src/main/java/org/apache/openjpa/kernel/exps/GreaterThanExpression.java,2
1.2.1,openjpa-kernel/src/main/java/org/apache/openjpa/kernel/exps/InMemoryExpressionFactory.java,50
1.2.1,openjpa-kernel/src/main/java/org/apache/openjpa/kernel/exps/IndexOf.java,2
1.2.1,openjpa-kernel/src/main/java/org/apache/openjpa/kernel/exps/IsEmptyExpression.java,9
1.2.1,openjpa-kernel/src/main/java/org/apache/openjpa/kernel/exps/LessThanEqualExpression.java,2
1.2.1,openjpa-kernel/src/main/java/org/apache/openjpa/kernel/exps/LessThanExpression.java,2
1.2.1,openjpa-kernel/src/main/java/org/apache/openjpa/kernel/exps/Literal.java,8
1.2.1,openjpa-kernel/src/main/java/org/apache/openjpa/kernel/exps/MatchesExpression.java,4
1.2.1,openjpa-kernel/src/main/java/org/apache/openjpa/kernel/exps/MathVal.java,1
1.2.1,openjpa-kernel/src/main/java/org/apache/openjpa/kernel/exps/Max.java,2
1.2.1,openjpa-kernel/src/main/java/org/apache/openjpa/kernel/exps/Min.java,2
1.2.1,openjpa-kernel/src/main/java/org/apache/openjpa/kernel/exps/Null.java,1
1.2.1,openjpa-kernel/src/main/java/org/apache/openjpa/kernel/exps/Parameter.java,2
1.2.1,openjpa-kernel/src/main/java/org/apache/openjpa/kernel/exps/Path.java,5
1.2.1,openjpa-kernel/src/main/java/org/apache/openjpa/kernel/exps/QueryExpressions.java,11
1.2.1,openjpa-kernel/src/main/java/org/apache/openjpa/kernel/exps/Resolver.java,5
1.2.1,openjpa-kernel/src/main/java/org/apache/openjpa/kernel/exps/Size.java,2
1.2.1,openjpa-kernel/src/main/java/org/apache/openjpa/kernel/exps/Sqrt.java,1
1.2.1,openjpa-kernel/src/main/java/org/apache/openjpa/kernel/exps/StartsWithExpression.java,1
1.2.1,openjpa-kernel/src/main/java/org/apache/openjpa/kernel/exps/StringContains.java,2
1.2.1,openjpa-kernel/src/main/java/org/apache/openjpa/kernel/exps/StringLength.java,2
1.2.1,openjpa-kernel/src/main/java/org/apache/openjpa/kernel/exps/SubQ.java,1
1.2.1,openjpa-kernel/src/main/java/org/apache/openjpa/kernel/exps/Subquery.java,2
1.2.1,openjpa-kernel/src/main/java/org/apache/openjpa/kernel/exps/Substring.java,1
1.2.1,openjpa-kernel/src/main/java/org/apache/openjpa/kernel/exps/Sum.java,4
1.2.1,openjpa-kernel/src/main/java/org/apache/openjpa/kernel/exps/This.java,1
1.2.1,openjpa-kernel/src/main/java/org/apache/openjpa/kernel/exps/ToLowerCase.java,1
1.2.1,openjpa-kernel/src/main/java/org/apache/openjpa/kernel/exps/ToUpperCase.java,1
1.2.1,openjpa-kernel/src/main/java/org/apache/openjpa/kernel/exps/Trim.java,4
1.2.1,openjpa-kernel/src/main/java/org/apache/openjpa/kernel/exps/UnaryMathVal.java,1
1.2.1,openjpa-kernel/src/main/java/org/apache/openjpa/kernel/exps/Val.java,4
1.2.1,openjpa-kernel/src/main/java/org/apache/openjpa/kernel/exps/Value.java,8
1.2.1,openjpa-kernel/src/main/java/org/apache/openjpa/kernel/exps/WildcardMatch.java,4
1.2.1,openjpa-kernel/src/main/java/org/apache/openjpa/kernel/jpql/JPQLExpressionBuilder.java,132
1.2.1,openjpa-kernel/src/main/java/org/apache/openjpa/kernel/jpql/JPQLParser.java,4
1.2.1,openjpa-kernel/src/main/java/org/apache/openjpa/kernel/jpql/ParseException.java,7
1.2.1,openjpa-kernel/src/main/java/org/apache/openjpa/meta/AbstractCFMetaDataFactory.java,120
1.2.1,openjpa-kernel/src/main/java/org/apache/openjpa/meta/AbstractMetaDataDefaults.java,34
1.2.1,openjpa-kernel/src/main/java/org/apache/openjpa/meta/AbstractMetaDataFactory.java,5
1.2.1,openjpa-kernel/src/main/java/org/apache/openjpa/meta/ClassMetaData.java,236
1.2.1,openjpa-kernel/src/main/java/org/apache/openjpa/meta/DelegatingMetaDataFactory.java,1
1.2.1,openjpa-kernel/src/main/java/org/apache/openjpa/meta/Extensions.java,41
1.2.1,openjpa-kernel/src/main/java/org/apache/openjpa/meta/FetchGroup.java,44
1.2.1,openjpa-kernel/src/main/java/org/apache/openjpa/meta/FieldMetaData.java,171
1.2.1,openjpa-kernel/src/main/java/org/apache/openjpa/meta/InMemoryRelatedFieldOrder.java,14
1.2.1,openjpa-kernel/src/main/java/org/apache/openjpa/meta/InMemoryValueOrder.java,22
1.2.1,openjpa-kernel/src/main/java/org/apache/openjpa/meta/InheritanceComparator.java,16
1.2.1,openjpa-kernel/src/main/java/org/apache/openjpa/meta/InheritanceOrderedMetaDataList.java,5
1.2.1,openjpa-kernel/src/main/java/org/apache/openjpa/meta/InterfaceImplGenerator.java,14
1.2.1,openjpa-kernel/src/main/java/org/apache/openjpa/meta/JavaTypes.java,81
1.2.1,openjpa-kernel/src/main/java/org/apache/openjpa/meta/LifecycleMetaData.java,17
1.2.1,openjpa-kernel/src/main/java/org/apache/openjpa/meta/MetaDataContext.java,1
1.2.1,openjpa-kernel/src/main/java/org/apache/openjpa/meta/MetaDataDefaults.java,10
1.2.1,openjpa-kernel/src/main/java/org/apache/openjpa/meta/MetaDataFactory.java,19
1.2.1,openjpa-kernel/src/main/java/org/apache/openjpa/meta/MetaDataInheritanceComparator.java,9
1.2.1,openjpa-kernel/src/main/java/org/apache/openjpa/meta/MetaDataModes.java,14
1.2.1,openjpa-kernel/src/main/java/org/apache/openjpa/meta/MetaDataRepository.java,190
1.2.1,openjpa-kernel/src/main/java/org/apache/openjpa/meta/MetaDataTool.java,28
1.2.1,openjpa-kernel/src/main/java/org/apache/openjpa/meta/NonPersistentMetaData.java,5
1.2.1,openjpa-kernel/src/main/java/org/apache/openjpa/meta/NoneMetaDataFactory.java,12
1.2.1,openjpa-kernel/src/main/java/org/apache/openjpa/meta/Order.java,4
1.2.1,openjpa-kernel/src/main/java/org/apache/openjpa/meta/ProxySetupStateManager.java,7
1.2.1,openjpa-kernel/src/main/java/org/apache/openjpa/meta/QueryMetaData.java,8
1.2.1,openjpa-kernel/src/main/java/org/apache/openjpa/meta/SequenceMetaData.java,16
1.2.1,openjpa-kernel/src/main/java/org/apache/openjpa/meta/UpdateStrategies.java,6
1.2.1,openjpa-kernel/src/main/java/org/apache/openjpa/meta/ValueMetaData.java,42
1.2.1,openjpa-kernel/src/main/java/org/apache/openjpa/meta/ValueMetaDataImpl.java,44
1.2.1,openjpa-kernel/src/main/java/org/apache/openjpa/meta/ValueStrategies.java,8
1.2.1,openjpa-kernel/src/main/java/org/apache/openjpa/meta/XMLClassMetaData.java,2
1.2.1,openjpa-kernel/src/main/java/org/apache/openjpa/meta/XMLFieldMetaData.java,5
1.2.1,openjpa-kernel/src/main/java/org/apache/openjpa/meta/XMLMetaData.java,21
1.2.1,openjpa-kernel/src/main/java/org/apache/openjpa/util/AbstractChangeTracker.java,19
1.2.1,openjpa-kernel/src/main/java/org/apache/openjpa/util/AbstractLRSProxyCollection.java,35
1.2.1,openjpa-kernel/src/main/java/org/apache/openjpa/util/AbstractLRSProxyMap.java,56
1.2.1,openjpa-kernel/src/main/java/org/apache/openjpa/util/ApplicationIds.java,64
1.2.1,openjpa-kernel/src/main/java/org/apache/openjpa/util/ArrayStateImage.java,6
1.2.1,openjpa-kernel/src/main/java/org/apache/openjpa/util/BigDecimalId.java,5
1.2.1,openjpa-kernel/src/main/java/org/apache/openjpa/util/BigIntegerId.java,5
1.2.1,openjpa-kernel/src/main/java/org/apache/openjpa/util/ByteId.java,2
1.2.1,openjpa-kernel/src/main/java/org/apache/openjpa/util/CacheMap.java,47
1.2.1,openjpa-kernel/src/main/java/org/apache/openjpa/util/ChangeTracker.java,8
1.2.1,openjpa-kernel/src/main/java/org/apache/openjpa/util/CharId.java,2
1.2.1,openjpa-kernel/src/main/java/org/apache/openjpa/util/ClassResolver.java,1
1.2.1,openjpa-kernel/src/main/java/org/apache/openjpa/util/ClassResolverImpl.java,6
1.2.1,openjpa-kernel/src/main/java/org/apache/openjpa/util/CollectionChangeTracker.java,2
1.2.1,openjpa-kernel/src/main/java/org/apache/openjpa/util/CollectionChangeTrackerImpl.java,9
1.2.1,openjpa-kernel/src/main/java/org/apache/openjpa/util/DateId.java,1
1.2.1,openjpa-kernel/src/main/java/org/apache/openjpa/util/DoubleId.java,2
1.2.1,openjpa-kernel/src/main/java/org/apache/openjpa/util/ExceptionInfo.java,13
1.2.1,openjpa-kernel/src/main/java/org/apache/openjpa/util/Exceptions.java,26
1.2.1,openjpa-kernel/src/main/java/org/apache/openjpa/util/FloatId.java,2
1.2.1,openjpa-kernel/src/main/java/org/apache/openjpa/util/GeneralException.java,1
1.2.1,openjpa-kernel/src/main/java/org/apache/openjpa/util/GeneratedClasses.java,10
1.2.1,openjpa-kernel/src/main/java/org/apache/openjpa/util/Id.java,9
1.2.1,openjpa-kernel/src/main/java/org/apache/openjpa/util/ImplHelper.java,23
1.2.1,openjpa-kernel/src/main/java/org/apache/openjpa/util/IntId.java,1
1.2.1,openjpa-kernel/src/main/java/org/apache/openjpa/util/LockException.java,2
1.2.1,openjpa-kernel/src/main/java/org/apache/openjpa/util/MapChangeTracker.java,5
1.2.1,openjpa-kernel/src/main/java/org/apache/openjpa/util/MapChangeTrackerImpl.java,14
1.2.1,openjpa-kernel/src/main/java/org/apache/openjpa/util/MultiLoaderClassResolver.java,3
1.2.1,openjpa-kernel/src/main/java/org/apache/openjpa/util/OpenJPAException.java,10
1.2.1,openjpa-kernel/src/main/java/org/apache/openjpa/util/OpenJPAId.java,11
1.2.1,openjpa-kernel/src/main/java/org/apache/openjpa/util/Proxies.java,5
1.2.1,openjpa-kernel/src/main/java/org/apache/openjpa/util/Proxy.java,5
1.2.1,openjpa-kernel/src/main/java/org/apache/openjpa/util/ProxyBean.java,1
1.2.1,openjpa-kernel/src/main/java/org/apache/openjpa/util/ProxyCalendar.java,1
1.2.1,openjpa-kernel/src/main/java/org/apache/openjpa/util/ProxyCollection.java,2
1.2.1,openjpa-kernel/src/main/java/org/apache/openjpa/util/ProxyCollections.java,40
1.2.1,openjpa-kernel/src/main/java/org/apache/openjpa/util/ProxyDate.java,1
1.2.1,openjpa-kernel/src/main/java/org/apache/openjpa/util/ProxyManager.java,11
1.2.1,openjpa-kernel/src/main/java/org/apache/openjpa/util/ProxyManagerImpl.java,125
1.2.1,openjpa-kernel/src/main/java/org/apache/openjpa/util/ProxyMap.java,3
1.2.1,openjpa-kernel/src/main/java/org/apache/openjpa/util/ProxyMaps.java,20
1.2.1,openjpa-kernel/src/main/java/org/apache/openjpa/util/RuntimeExceptionTranslator.java,1
1.2.1,openjpa-kernel/src/main/java/org/apache/openjpa/util/Serialization.java,12
1.2.1,openjpa-kernel/src/main/java/org/apache/openjpa/util/ShortId.java,2
1.2.1,openjpa-kernel/src/main/java/org/apache/openjpa/util/StoreFacadeTypeRegistry.java,6
1.2.1,openjpa-kernel/src/main/java/org/apache/openjpa/util/StringId.java,1
1.2.1,openjpa-kernel/src/main/java/org/apache/openjpa/util/UserException.java,1
1.2.1,openjpa-lib/src/main/java/org/apache/openjpa/lib/ant/AbstractTask.java,14
1.2.1,openjpa-lib/src/main/java/org/apache/openjpa/lib/conf/AbstractProductDerivation.java,5
1.2.1,openjpa-lib/src/main/java/org/apache/openjpa/lib/conf/BooleanValue.java,3
1.2.1,openjpa-lib/src/main/java/org/apache/openjpa/lib/conf/Configurable.java,3
1.2.1,openjpa-lib/src/main/java/org/apache/openjpa/lib/conf/Configuration.java,33
1.2.1,openjpa-lib/src/main/java/org/apache/openjpa/lib/conf/ConfigurationImpl.java,100
1.2.1,openjpa-lib/src/main/java/org/apache/openjpa/lib/conf/ConfigurationProvider.java,4
1.2.1,openjpa-lib/src/main/java/org/apache/openjpa/lib/conf/Configurations.java,84
1.2.1,openjpa-lib/src/main/java/org/apache/openjpa/lib/conf/DoubleValue.java,5
1.2.1,openjpa-lib/src/main/java/org/apache/openjpa/lib/conf/FileValue.java,1
1.2.1,openjpa-lib/src/main/java/org/apache/openjpa/lib/conf/GenericConfigurable.java,1
1.2.1,openjpa-lib/src/main/java/org/apache/openjpa/lib/conf/IntValue.java,5
1.2.1,openjpa-lib/src/main/java/org/apache/openjpa/lib/conf/MapConfigurationProvider.java,6
1.2.1,openjpa-lib/src/main/java/org/apache/openjpa/lib/conf/ObjectValue.java,4
1.2.1,openjpa-lib/src/main/java/org/apache/openjpa/lib/conf/PluginListValue.java,14
1.2.1,openjpa-lib/src/main/java/org/apache/openjpa/lib/conf/PluginValue.java,6
1.2.1,openjpa-lib/src/main/java/org/apache/openjpa/lib/conf/ProductDerivation.java,16
1.2.1,openjpa-lib/src/main/java/org/apache/openjpa/lib/conf/ProductDerivations.java,45
1.2.1,openjpa-lib/src/main/java/org/apache/openjpa/lib/conf/StringListValue.java,9
1.2.1,openjpa-lib/src/main/java/org/apache/openjpa/lib/conf/StringValue.java,1
1.2.1,openjpa-lib/src/main/java/org/apache/openjpa/lib/conf/Value.java,31
1.2.1,openjpa-lib/src/main/java/org/apache/openjpa/lib/conf/ValueListener.java,1
1.2.1,openjpa-lib/src/main/java/org/apache/openjpa/lib/graph/BreadthFirstWalk.java,13
1.2.1,openjpa-lib/src/main/java/org/apache/openjpa/lib/graph/DepthFirstAnalysis.java,17
1.2.1,openjpa-lib/src/main/java/org/apache/openjpa/lib/graph/Edge.java,5
1.2.1,openjpa-lib/src/main/java/org/apache/openjpa/lib/graph/Graph.java,18
1.2.1,openjpa-lib/src/main/java/org/apache/openjpa/lib/graph/GraphVisitor.java,3
1.2.1,openjpa-lib/src/main/java/org/apache/openjpa/lib/jdbc/AbstractJDBCListener.java,1
1.2.1,openjpa-lib/src/main/java/org/apache/openjpa/lib/jdbc/ConfiguringConnectionDecorator.java,12
1.2.1,openjpa-lib/src/main/java/org/apache/openjpa/lib/jdbc/ConnectionDecorator.java,1
1.2.1,openjpa-lib/src/main/java/org/apache/openjpa/lib/jdbc/DataSourceLogs.java,9
1.2.1,openjpa-lib/src/main/java/org/apache/openjpa/lib/jdbc/DecoratingDataSource.java,5
1.2.1,openjpa-lib/src/main/java/org/apache/openjpa/lib/jdbc/DelegatingCallableStatement.java,167
1.2.1,openjpa-lib/src/main/java/org/apache/openjpa/lib/jdbc/DelegatingConnection.java,96
1.2.1,openjpa-lib/src/main/java/org/apache/openjpa/lib/jdbc/DelegatingDataSource.java,16
1.2.1,openjpa-lib/src/main/java/org/apache/openjpa/lib/jdbc/DelegatingDatabaseMetaData.java,170
1.2.1,openjpa-lib/src/main/java/org/apache/openjpa/lib/jdbc/DelegatingPreparedStatement.java,89
1.2.1,openjpa-lib/src/main/java/org/apache/openjpa/lib/jdbc/DelegatingResultSet.java,146
1.2.1,openjpa-lib/src/main/java/org/apache/openjpa/lib/jdbc/DelegatingStatement.java,50
1.2.1,openjpa-lib/src/main/java/org/apache/openjpa/lib/jdbc/JDBCEventConnectionDecorator.java,7
1.2.1,openjpa-lib/src/main/java/org/apache/openjpa/lib/jdbc/JDBCListener.java,12
1.2.1,openjpa-lib/src/main/java/org/apache/openjpa/lib/jdbc/LoggingConnectionDecorator.java,102
1.2.1,openjpa-lib/src/main/java/org/apache/openjpa/lib/jdbc/ReportingSQLException.java,6
1.2.1,openjpa-lib/src/main/java/org/apache/openjpa/lib/jdbc/SQLFormatter.java,17
1.2.1,openjpa-lib/src/main/java/org/apache/openjpa/lib/log/AbstractLog.java,11
1.2.1,openjpa-lib/src/main/java/org/apache/openjpa/lib/log/CommonsLogFactory.java,2
1.2.1,openjpa-lib/src/main/java/org/apache/openjpa/lib/log/Log.java,20
1.2.1,openjpa-lib/src/main/java/org/apache/openjpa/lib/log/Log4JLogFactory.java,1
1.2.1,openjpa-lib/src/main/java/org/apache/openjpa/lib/log/LogFactory.java,1
1.2.1,openjpa-lib/src/main/java/org/apache/openjpa/lib/log/LogFactoryImpl.java,12
1.2.1,openjpa-lib/src/main/java/org/apache/openjpa/lib/log/LogOutputStream.java,3
1.2.1,openjpa-lib/src/main/java/org/apache/openjpa/lib/log/MultiLogFactory.java,38
1.2.1,openjpa-lib/src/main/java/org/apache/openjpa/lib/log/NoneLogFactory.java,10
1.2.1,openjpa-lib/src/main/java/org/apache/openjpa/lib/meta/CFMetaDataParser.java,29
1.2.1,openjpa-lib/src/main/java/org/apache/openjpa/lib/meta/CFMetaDataSerializer.java,5
1.2.1,openjpa-lib/src/main/java/org/apache/openjpa/lib/meta/ClassAnnotationMetaDataFilter.java,13
1.2.1,openjpa-lib/src/main/java/org/apache/openjpa/lib/meta/ClassArgParser.java,67
1.2.1,openjpa-lib/src/main/java/org/apache/openjpa/lib/meta/ClassMetaDataIterator.java,15
1.2.1,openjpa-lib/src/main/java/org/apache/openjpa/lib/meta/ClasspathMetaDataIterator.java,8
1.2.1,openjpa-lib/src/main/java/org/apache/openjpa/lib/meta/FileMetaDataIterator.java,18
1.2.1,openjpa-lib/src/main/java/org/apache/openjpa/lib/meta/MetaDataFilter.java,4
1.2.1,openjpa-lib/src/main/java/org/apache/openjpa/lib/meta/MetaDataIterator.java,5
1.2.1,openjpa-lib/src/main/java/org/apache/openjpa/lib/meta/MetaDataIteratorChain.java,11
1.2.1,openjpa-lib/src/main/java/org/apache/openjpa/lib/meta/MetaDataParser.java,9
1.2.1,openjpa-lib/src/main/java/org/apache/openjpa/lib/meta/MetaDataSerializer.java,8
1.2.1,openjpa-lib/src/main/java/org/apache/openjpa/lib/meta/ResourceMetaDataIterator.java,6
1.2.1,openjpa-lib/src/main/java/org/apache/openjpa/lib/meta/SourceTracker.java,9
1.2.1,openjpa-lib/src/main/java/org/apache/openjpa/lib/meta/SourceTrackers.java,2
1.2.1,openjpa-lib/src/main/java/org/apache/openjpa/lib/meta/URLMetaDataIterator.java,7
1.2.1,openjpa-lib/src/main/java/org/apache/openjpa/lib/meta/XMLMetaDataParser.java,60
1.2.1,openjpa-lib/src/main/java/org/apache/openjpa/lib/meta/XMLMetaDataSerializer.java,27
1.2.1,openjpa-lib/src/main/java/org/apache/openjpa/lib/meta/ZipFileMetaDataIterator.java,12
1.2.1,openjpa-lib/src/main/java/org/apache/openjpa/lib/meta/ZipStreamMetaDataIterator.java,16
1.2.1,openjpa-lib/src/main/java/org/apache/openjpa/lib/rop/AbstractListIterator.java,3
1.2.1,openjpa-lib/src/main/java/org/apache/openjpa/lib/rop/AbstractNonSequentialResultList.java,16
1.2.1,openjpa-lib/src/main/java/org/apache/openjpa/lib/rop/AbstractResultList.java,1
1.2.1,openjpa-lib/src/main/java/org/apache/openjpa/lib/rop/AbstractSequentialResultList.java,13
1.2.1,openjpa-lib/src/main/java/org/apache/openjpa/lib/rop/EagerResultList.java,2
1.2.1,openjpa-lib/src/main/java/org/apache/openjpa/lib/rop/LazyForwardResultList.java,15
1.2.1,openjpa-lib/src/main/java/org/apache/openjpa/lib/rop/ListResultObjectProvider.java,3
1.2.1,openjpa-lib/src/main/java/org/apache/openjpa/lib/rop/MergedResultObjectProvider.java,15
1.2.1,openjpa-lib/src/main/java/org/apache/openjpa/lib/rop/RandomAccessResultList.java,16
1.2.1,openjpa-lib/src/main/java/org/apache/openjpa/lib/rop/RangeResultObjectProvider.java,9
1.2.1,openjpa-lib/src/main/java/org/apache/openjpa/lib/rop/ResultList.java,3
1.2.1,openjpa-lib/src/main/java/org/apache/openjpa/lib/rop/ResultListIterator.java,3
1.2.1,openjpa-lib/src/main/java/org/apache/openjpa/lib/rop/ResultObjectProvider.java,9
1.2.1,openjpa-lib/src/main/java/org/apache/openjpa/lib/rop/ResultObjectProviderIterator.java,8
1.2.1,openjpa-lib/src/main/java/org/apache/openjpa/lib/rop/SimpleResultList.java,5
1.2.1,openjpa-lib/src/main/java/org/apache/openjpa/lib/rop/WindowResultList.java,11
1.2.1,openjpa-lib/src/main/java/org/apache/openjpa/lib/util/Base16Encoder.java,9
1.2.1,openjpa-lib/src/main/java/org/apache/openjpa/lib/util/BytecodeWriter.java,1
1.2.1,openjpa-lib/src/main/java/org/apache/openjpa/lib/util/Bytes.java,11
1.2.1,openjpa-lib/src/main/java/org/apache/openjpa/lib/util/Closeable.java,1
1.2.1,openjpa-lib/src/main/java/org/apache/openjpa/lib/util/CodeFormat.java,31
1.2.1,openjpa-lib/src/main/java/org/apache/openjpa/lib/util/EventManager.java,6
1.2.1,openjpa-lib/src/main/java/org/apache/openjpa/lib/util/Files.java,35
1.2.1,openjpa-lib/src/main/java/org/apache/openjpa/lib/util/FormatPreservingProperties.java,69
1.2.1,openjpa-lib/src/main/java/org/apache/openjpa/lib/util/J2DoPriv5Helper.java,3
1.2.1,openjpa-lib/src/main/java/org/apache/openjpa/lib/util/J2DoPrivHelper.java,54
1.2.1,openjpa-lib/src/main/java/org/apache/openjpa/lib/util/JavaVersions.java,28
1.2.1,openjpa-lib/src/main/java/org/apache/openjpa/lib/util/LRUMap.java,3
1.2.1,openjpa-lib/src/main/java/org/apache/openjpa/lib/util/Localizer.java,7
1.2.1,openjpa-lib/src/main/java/org/apache/openjpa/lib/util/MultiClassLoader.java,31
1.2.1,openjpa-lib/src/main/java/org/apache/openjpa/lib/util/Options.java,74
1.2.1,openjpa-lib/src/main/java/org/apache/openjpa/lib/util/ParameterTemplate.java,11
1.2.1,openjpa-lib/src/main/java/org/apache/openjpa/lib/util/ParseException.java,1
1.2.1,openjpa-lib/src/main/java/org/apache/openjpa/lib/util/ReferenceHashMap.java,17
1.2.1,openjpa-lib/src/main/java/org/apache/openjpa/lib/util/ReferenceHashSet.java,16
1.2.1,openjpa-lib/src/main/java/org/apache/openjpa/lib/util/ReferenceMap.java,6
1.2.1,openjpa-lib/src/main/java/org/apache/openjpa/lib/util/ResourceBundleProvider.java,1
1.2.1,openjpa-lib/src/main/java/org/apache/openjpa/lib/util/Services.java,22
1.2.1,openjpa-lib/src/main/java/org/apache/openjpa/lib/util/SimpleRegex.java,12
1.2.1,openjpa-lib/src/main/java/org/apache/openjpa/lib/util/SimpleResourceBundleProvider.java,4
1.2.1,openjpa-lib/src/main/java/org/apache/openjpa/lib/util/SizedMap.java,4
1.2.1,openjpa-lib/src/main/java/org/apache/openjpa/lib/util/StreamResourceBundleProvider.java,3
1.2.1,openjpa-lib/src/main/java/org/apache/openjpa/lib/util/StringDistance.java,17
1.2.1,openjpa-lib/src/main/java/org/apache/openjpa/lib/util/TemporaryClassLoader.java,13
1.2.1,openjpa-lib/src/main/java/org/apache/openjpa/lib/util/TimestampHelper.java,3
1.2.1,openjpa-lib/src/main/java/org/apache/openjpa/lib/util/TypedProperties.java,9
1.2.1,openjpa-lib/src/main/java/org/apache/openjpa/lib/util/UUIDGenerator.java,6
1.2.1,openjpa-lib/src/main/java/org/apache/openjpa/lib/util/ZipResourceBundleProvider.java,7
1.2.1,openjpa-lib/src/main/java/org/apache/openjpa/lib/util/concurrent/AbstractConcurrentEventManager.java,7
1.2.1,openjpa-lib/src/main/java/org/apache/openjpa/lib/util/concurrent/ConcurrentHashMap.java,100
1.2.1,openjpa-lib/src/main/java/org/apache/openjpa/lib/util/concurrent/ConcurrentMap.java,2
1.2.1,openjpa-lib/src/main/java/org/apache/openjpa/lib/util/concurrent/ConcurrentReferenceHashMap.java,146
1.2.1,openjpa-lib/src/main/java/org/apache/openjpa/lib/util/concurrent/ConcurrentReferenceHashSet.java,15
1.2.1,openjpa-lib/src/main/java/org/apache/openjpa/lib/util/concurrent/NullSafeConcurrentHashMap.java,39
1.2.1,openjpa-lib/src/main/java/org/apache/openjpa/lib/util/concurrent/SizedConcurrentHashMap.java,8
1.2.1,openjpa-lib/src/main/java/org/apache/openjpa/lib/xml/Commentable.java,3
1.2.1,openjpa-lib/src/main/java/org/apache/openjpa/lib/xml/DocTypeReader.java,26
1.2.1,openjpa-lib/src/main/java/org/apache/openjpa/lib/xml/Location.java,1
1.2.1,openjpa-lib/src/main/java/org/apache/openjpa/lib/xml/ValidatingErrorHandler.java,3
1.2.1,openjpa-lib/src/main/java/org/apache/openjpa/lib/xml/XMLFactory.java,5
1.2.1,openjpa-lib/src/main/java/org/apache/openjpa/lib/xml/XMLWriter.java,11
1.2.1,openjpa-persistence-jdbc/src/main/java/org/apache/openjpa/persistence/jdbc/AnnotationPersistenceMappingParser.java,143
1.2.1,openjpa-persistence-jdbc/src/main/java/org/apache/openjpa/persistence/jdbc/AnnotationPersistenceMappingSerializer.java,85
1.2.1,openjpa-persistence-jdbc/src/main/java/org/apache/openjpa/persistence/jdbc/ElementEmbeddedMapping.java,2
1.2.1,openjpa-persistence-jdbc/src/main/java/org/apache/openjpa/persistence/jdbc/EmbeddedMapping.java,2
1.2.1,openjpa-persistence-jdbc/src/main/java/org/apache/openjpa/persistence/jdbc/FetchDirection.java,1
1.2.1,openjpa-persistence-jdbc/src/main/java/org/apache/openjpa/persistence/jdbc/FetchMode.java,1
1.2.1,openjpa-persistence-jdbc/src/main/java/org/apache/openjpa/persistence/jdbc/IsolationLevel.java,1
1.2.1,openjpa-persistence-jdbc/src/main/java/org/apache/openjpa/persistence/jdbc/JDBCFetchPlan.java,57
1.2.1,openjpa-persistence-jdbc/src/main/java/org/apache/openjpa/persistence/jdbc/JDBCPersistenceProductDerivation.java,4
1.2.1,openjpa-persistence-jdbc/src/main/java/org/apache/openjpa/persistence/jdbc/JoinSyntax.java,1
1.2.1,openjpa-persistence-jdbc/src/main/java/org/apache/openjpa/persistence/jdbc/KeyEmbeddedMapping.java,2
1.2.1,openjpa-persistence-jdbc/src/main/java/org/apache/openjpa/persistence/jdbc/LRSSizeAlgorithm.java,1
1.2.1,openjpa-persistence-jdbc/src/main/java/org/apache/openjpa/persistence/jdbc/PersistenceMappingDefaults.java,20
1.2.1,openjpa-persistence-jdbc/src/main/java/org/apache/openjpa/persistence/jdbc/PersistenceMappingFactory.java,2
1.2.1,openjpa-persistence-jdbc/src/main/java/org/apache/openjpa/persistence/jdbc/ResultSetType.java,1
1.2.1,openjpa-persistence-jdbc/src/main/java/org/apache/openjpa/persistence/jdbc/XEmbeddedMapping.java,2
1.2.1,openjpa-persistence-jdbc/src/main/java/org/apache/openjpa/persistence/jdbc/XMLPersistenceMappingParser.java,67
1.2.1,openjpa-persistence-jdbc/src/main/java/org/apache/openjpa/persistence/jdbc/XMLPersistenceMappingSerializer.java,81
1.2.1,openjpa-persistence/src/main/java/org/apache/openjpa/persistence/AnnotationBuilder.java,15
1.2.1,openjpa-persistence/src/main/java/org/apache/openjpa/persistence/AnnotationPersistenceMetaDataParser.java,215
1.2.1,openjpa-persistence/src/main/java/org/apache/openjpa/persistence/AnnotationPersistenceMetaDataSerializer.java,200
1.2.1,openjpa-persistence/src/main/java/org/apache/openjpa/persistence/AnnotationPersistenceXMLMetaDataParser.java,15
1.2.1,openjpa-persistence/src/main/java/org/apache/openjpa/persistence/ArgumentException.java,5
1.2.1,openjpa-persistence/src/main/java/org/apache/openjpa/persistence/AutoClearType.java,1
1.2.1,openjpa-persistence/src/main/java/org/apache/openjpa/persistence/AutoDetachType.java,9
1.2.1,openjpa-persistence/src/main/java/org/apache/openjpa/persistence/CallbackMode.java,10
1.2.1,openjpa-persistence/src/main/java/org/apache/openjpa/persistence/ConnectionRetainMode.java,1
1.2.1,openjpa-persistence/src/main/java/org/apache/openjpa/persistence/DetachStateType.java,1
1.2.1,openjpa-persistence/src/main/java/org/apache/openjpa/persistence/EntityExistsException.java,1
1.2.1,openjpa-persistence/src/main/java/org/apache/openjpa/persistence/EntityManagerFactoryImpl.java,29
1.2.1,openjpa-persistence/src/main/java/org/apache/openjpa/persistence/EntityManagerFactoryValue.java,1
1.2.1,openjpa-persistence/src/main/java/org/apache/openjpa/persistence/EntityManagerImpl.java,57
1.2.1,openjpa-persistence/src/main/java/org/apache/openjpa/persistence/EntityNotFoundException.java,1
1.2.1,openjpa-persistence/src/main/java/org/apache/openjpa/persistence/Extent.java,9
1.2.1,openjpa-persistence/src/main/java/org/apache/openjpa/persistence/ExtentImpl.java,6
1.2.1,openjpa-persistence/src/main/java/org/apache/openjpa/persistence/FetchPlan.java,44
1.2.1,openjpa-persistence/src/main/java/org/apache/openjpa/persistence/FetchPlanImpl.java,8
1.2.1,openjpa-persistence/src/main/java/org/apache/openjpa/persistence/Generator.java,9
1.2.1,openjpa-persistence/src/main/java/org/apache/openjpa/persistence/GeneratorImpl.java,5
1.2.1,openjpa-persistence/src/main/java/org/apache/openjpa/persistence/InvalidStateException.java,5
1.2.1,openjpa-persistence/src/main/java/org/apache/openjpa/persistence/JPAFacadeHelper.java,43
1.2.1,openjpa-persistence/src/main/java/org/apache/openjpa/persistence/MetaDataParsers.java,8
1.2.1,openjpa-persistence/src/main/java/org/apache/openjpa/persistence/NoResultException.java,1
1.2.1,openjpa-persistence/src/main/java/org/apache/openjpa/persistence/NonUniqueResultException.java,1
1.2.1,openjpa-persistence/src/main/java/org/apache/openjpa/persistence/OpenJPAEntityManager.java,177
1.2.1,openjpa-persistence/src/main/java/org/apache/openjpa/persistence/OpenJPAEntityManagerFactory.java,16
1.2.1,openjpa-persistence/src/main/java/org/apache/openjpa/persistence/OpenJPAEntityManagerFactorySPI.java,7
1.2.1,openjpa-persistence/src/main/java/org/apache/openjpa/persistence/OpenJPAEntityManagerSPI.java,16
1.2.1,openjpa-persistence/src/main/java/org/apache/openjpa/persistence/OpenJPAEntityTransaction.java,4
1.2.1,openjpa-persistence/src/main/java/org/apache/openjpa/persistence/OpenJPAPersistence.java,6
1.2.1,openjpa-persistence/src/main/java/org/apache/openjpa/persistence/OpenJPAQuery.java,45
1.2.1,openjpa-persistence/src/main/java/org/apache/openjpa/persistence/OpenJPAQuerySPI.java,4
1.2.1,openjpa-persistence/src/main/java/org/apache/openjpa/persistence/OptimisticLockException.java,1
1.2.1,openjpa-persistence/src/main/java/org/apache/openjpa/persistence/PersistenceException.java,1
1.2.1,openjpa-persistence/src/main/java/org/apache/openjpa/persistence/PersistenceExceptions.java,13
1.2.1,openjpa-persistence/src/main/java/org/apache/openjpa/persistence/PersistenceListenerAdapter.java,8
1.2.1,openjpa-persistence/src/main/java/org/apache/openjpa/persistence/PersistenceMetaDataDefaults.java,32
1.2.1,openjpa-persistence/src/main/java/org/apache/openjpa/persistence/PersistenceMetaDataFactory.java,43
1.2.1,openjpa-persistence/src/main/java/org/apache/openjpa/persistence/PersistenceProductDerivation.java,48
1.2.1,openjpa-persistence/src/main/java/org/apache/openjpa/persistence/PersistenceProviderImpl.java,8
1.2.1,openjpa-persistence/src/main/java/org/apache/openjpa/persistence/PersistenceUnitInfoImpl.java,35
1.2.1,openjpa-persistence/src/main/java/org/apache/openjpa/persistence/QueryImpl.java,52
1.2.1,openjpa-persistence/src/main/java/org/apache/openjpa/persistence/QueryOperationType.java,1
1.2.1,openjpa-persistence/src/main/java/org/apache/openjpa/persistence/QueryResultCache.java,6
1.2.1,openjpa-persistence/src/main/java/org/apache/openjpa/persistence/QueryResultCacheImpl.java,9
1.2.1,openjpa-persistence/src/main/java/org/apache/openjpa/persistence/RestoreStateType.java,1
1.2.1,openjpa-persistence/src/main/java/org/apache/openjpa/persistence/RollbackException.java,1
1.2.1,openjpa-persistence/src/main/java/org/apache/openjpa/persistence/StoreCache.java,15
1.2.1,openjpa-persistence/src/main/java/org/apache/openjpa/persistence/StoreCacheImpl.java,14
1.2.1,openjpa-persistence/src/main/java/org/apache/openjpa/persistence/TransactionRequiredException.java,1
1.2.1,openjpa-persistence/src/main/java/org/apache/openjpa/persistence/XMLPersistenceMetaDataParser.java,153
1.2.1,openjpa-persistence/src/main/java/org/apache/openjpa/persistence/XMLPersistenceMetaDataSerializer.java,191
1.2.1,openjpa-slice/src/main/java/org/apache/openjpa/slice/DistributedBrokerImpl.java,4
1.2.1,openjpa-slice/src/main/java/org/apache/openjpa/slice/ExecutorServiceValue.java,3
1.2.1,openjpa-slice/src/main/java/org/apache/openjpa/slice/Slice.java,6
1.2.1,openjpa-slice/src/main/java/org/apache/openjpa/slice/SlicePersistence.java,4
1.2.1,openjpa-slice/src/main/java/org/apache/openjpa/slice/jdbc/DistributedConnection.java,73
1.2.1,openjpa-slice/src/main/java/org/apache/openjpa/slice/jdbc/DistributedDataSource.java,9
1.2.1,openjpa-slice/src/main/java/org/apache/openjpa/slice/jdbc/DistributedJDBCBrokerFactory.java,5
1.2.1,openjpa-slice/src/main/java/org/apache/openjpa/slice/jdbc/DistributedJDBCConfigurationImpl.java,31
1.2.1,openjpa-slice/src/main/java/org/apache/openjpa/slice/jdbc/DistributedPreparedStatement.java,107
1.2.1,openjpa-slice/src/main/java/org/apache/openjpa/slice/jdbc/DistributedResultSet.java,152
1.2.1,openjpa-slice/src/main/java/org/apache/openjpa/slice/jdbc/DistributedStoreManager.java,23
1.2.1,openjpa-slice/src/main/java/org/apache/openjpa/slice/jdbc/DistributedStoreQuery.java,17
1.2.1,openjpa-slice/src/main/java/org/apache/openjpa/slice/jdbc/DistributedTemplate.java,95
1.2.1,openjpa-slice/src/main/java/org/apache/openjpa/slice/jdbc/UniqueResultObjectProvider.java,10
1.2.1,openjpa-xmlstore/src/main/java/org/apache/openjpa/xmlstore/ObjectData.java,26
1.2.1,openjpa-xmlstore/src/main/java/org/apache/openjpa/xmlstore/XMLConfiguration.java,2
1.2.1,openjpa-xmlstore/src/main/java/org/apache/openjpa/xmlstore/XMLFileHandler.java,48
1.2.1,openjpa-xmlstore/src/main/java/org/apache/openjpa/xmlstore/XMLStore.java,10
1.2.1,openjpa-xmlstore/src/main/java/org/apache/openjpa/xmlstore/XMLStoreManager.java,20
1.2.2,openjpa-examples/src/main/java/hellojpa/Main.java,2
1.2.2,openjpa-examples/src/main/java/hellojpa/Message.java,2
1.2.2,openjpa-examples/src/main/java/relations/Deity.java,5
1.2.2,openjpa-examples/src/main/java/relations/Main.java,15
1.2.2,openjpa-examples/src/main/java/reversemapping/Main.java,2
1.2.2,openjpa-jdbc/src/main/java/org/apache/openjpa/jdbc/ant/MappingToolTask.java,4
1.2.2,openjpa-jdbc/src/main/java/org/apache/openjpa/jdbc/ant/ReverseMappingToolTask.java,4
1.2.2,openjpa-jdbc/src/main/java/org/apache/openjpa/jdbc/ant/SchemaToolTask.java,2
1.2.2,openjpa-jdbc/src/main/java/org/apache/openjpa/jdbc/conf/JDBCConfiguration.java,75
1.2.2,openjpa-jdbc/src/main/java/org/apache/openjpa/jdbc/conf/JDBCConfigurationImpl.java,34
1.2.2,openjpa-jdbc/src/main/java/org/apache/openjpa/jdbc/conf/MappingFactoryValue.java,11
1.2.2,openjpa-jdbc/src/main/java/org/apache/openjpa/jdbc/conf/MappingRepositoryValue.java,1
1.2.2,openjpa-jdbc/src/main/java/org/apache/openjpa/jdbc/conf/QuerySQLCacheValue.java,4
1.2.2,openjpa-jdbc/src/main/java/org/apache/openjpa/jdbc/kernel/AbstractJDBCSavepointManager.java,3
1.2.2,openjpa-jdbc/src/main/java/org/apache/openjpa/jdbc/kernel/AbstractJDBCSeq.java,10
1.2.2,openjpa-jdbc/src/main/java/org/apache/openjpa/jdbc/kernel/AbstractUpdateManager.java,34
1.2.2,openjpa-jdbc/src/main/java/org/apache/openjpa/jdbc/kernel/BatchingPreparedStatementManagerImpl.java,18
1.2.2,openjpa-jdbc/src/main/java/org/apache/openjpa/jdbc/kernel/ClassTableJDBCSeq.java,18
1.2.2,openjpa-jdbc/src/main/java/org/apache/openjpa/jdbc/kernel/ConstraintUpdateManager.java,34
1.2.2,openjpa-jdbc/src/main/java/org/apache/openjpa/jdbc/kernel/EagerFetchModes.java,6
1.2.2,openjpa-jdbc/src/main/java/org/apache/openjpa/jdbc/kernel/GenericResultObjectProvider.java,6
1.2.2,openjpa-jdbc/src/main/java/org/apache/openjpa/jdbc/kernel/InstanceResultObjectProvider.java,1
1.2.2,openjpa-jdbc/src/main/java/org/apache/openjpa/jdbc/kernel/JDBC3SavepointManager.java,2
1.2.2,openjpa-jdbc/src/main/java/org/apache/openjpa/jdbc/kernel/JDBCBrokerFactory.java,7
1.2.2,openjpa-jdbc/src/main/java/org/apache/openjpa/jdbc/kernel/JDBCFetchConfiguration.java,27
1.2.2,openjpa-jdbc/src/main/java/org/apache/openjpa/jdbc/kernel/JDBCFetchConfigurationImpl.java,39
1.2.2,openjpa-jdbc/src/main/java/org/apache/openjpa/jdbc/kernel/JDBCLockManager.java,2
1.2.2,openjpa-jdbc/src/main/java/org/apache/openjpa/jdbc/kernel/JDBCSeq.java,1
1.2.2,openjpa-jdbc/src/main/java/org/apache/openjpa/jdbc/kernel/JDBCStore.java,10
1.2.2,openjpa-jdbc/src/main/java/org/apache/openjpa/jdbc/kernel/JDBCStoreManager.java,183
1.2.2,openjpa-jdbc/src/main/java/org/apache/openjpa/jdbc/kernel/JDBCStoreQuery.java,104
1.2.2,openjpa-jdbc/src/main/java/org/apache/openjpa/jdbc/kernel/LRSSizes.java,6
1.2.2,openjpa-jdbc/src/main/java/org/apache/openjpa/jdbc/kernel/MappedQueryResultObjectProvider.java,41
1.2.2,openjpa-jdbc/src/main/java/org/apache/openjpa/jdbc/kernel/NativeJDBCSeq.java,21
1.2.2,openjpa-jdbc/src/main/java/org/apache/openjpa/jdbc/kernel/OperationOrderUpdateManager.java,18
1.2.2,openjpa-jdbc/src/main/java/org/apache/openjpa/jdbc/kernel/PagingResultObjectProvider.java,48
1.2.2,openjpa-jdbc/src/main/java/org/apache/openjpa/jdbc/kernel/PessimisticLockManager.java,16
1.2.2,openjpa-jdbc/src/main/java/org/apache/openjpa/jdbc/kernel/PreparedStatementManager.java,3
1.2.2,openjpa-jdbc/src/main/java/org/apache/openjpa/jdbc/kernel/PreparedStatementManagerImpl.java,8
1.2.2,openjpa-jdbc/src/main/java/org/apache/openjpa/jdbc/kernel/ProjectionResultObjectProvider.java,1
1.2.2,openjpa-jdbc/src/main/java/org/apache/openjpa/jdbc/kernel/SQLProjectionResultObjectProvider.java,7
1.2.2,openjpa-jdbc/src/main/java/org/apache/openjpa/jdbc/kernel/SQLStoreQuery.java,29
1.2.2,openjpa-jdbc/src/main/java/org/apache/openjpa/jdbc/kernel/SelectResultObjectProvider.java,7
1.2.2,openjpa-jdbc/src/main/java/org/apache/openjpa/jdbc/kernel/TableJDBCSeq.java,59
1.2.2,openjpa-jdbc/src/main/java/org/apache/openjpa/jdbc/kernel/UpdateManager.java,2
1.2.2,openjpa-jdbc/src/main/java/org/apache/openjpa/jdbc/kernel/ValueTableJDBCSeq.java,10
1.2.2,openjpa-jdbc/src/main/java/org/apache/openjpa/jdbc/kernel/exps/Abs.java,1
1.2.2,openjpa-jdbc/src/main/java/org/apache/openjpa/jdbc/kernel/exps/Aggregate.java,11
1.2.2,openjpa-jdbc/src/main/java/org/apache/openjpa/jdbc/kernel/exps/AndExpression.java,4
1.2.2,openjpa-jdbc/src/main/java/org/apache/openjpa/jdbc/kernel/exps/Args.java,22
1.2.2,openjpa-jdbc/src/main/java/org/apache/openjpa/jdbc/kernel/exps/BinaryOpExpState.java,1
1.2.2,openjpa-jdbc/src/main/java/org/apache/openjpa/jdbc/kernel/exps/BindVariableAndExpression.java,2
1.2.2,openjpa-jdbc/src/main/java/org/apache/openjpa/jdbc/kernel/exps/BindVariableExpression.java,2
1.2.2,openjpa-jdbc/src/main/java/org/apache/openjpa/jdbc/kernel/exps/CompareEqualExpression.java,5
1.2.2,openjpa-jdbc/src/main/java/org/apache/openjpa/jdbc/kernel/exps/CompareExpression.java,1
1.2.2,openjpa-jdbc/src/main/java/org/apache/openjpa/jdbc/kernel/exps/Concat.java,2
1.2.2,openjpa-jdbc/src/main/java/org/apache/openjpa/jdbc/kernel/exps/Const.java,20
1.2.2,openjpa-jdbc/src/main/java/org/apache/openjpa/jdbc/kernel/exps/ConstGetObjectId.java,7
1.2.2,openjpa-jdbc/src/main/java/org/apache/openjpa/jdbc/kernel/exps/ConstInstanceofExpression.java,2
1.2.2,openjpa-jdbc/src/main/java/org/apache/openjpa/jdbc/kernel/exps/ConstPath.java,15
1.2.2,openjpa-jdbc/src/main/java/org/apache/openjpa/jdbc/kernel/exps/ContainsExpression.java,2
1.2.2,openjpa-jdbc/src/main/java/org/apache/openjpa/jdbc/kernel/exps/ContainsKeyExpression.java,1
1.2.2,openjpa-jdbc/src/main/java/org/apache/openjpa/jdbc/kernel/exps/CurrentDate.java,1
1.2.2,openjpa-jdbc/src/main/java/org/apache/openjpa/jdbc/kernel/exps/Distinct.java,1
1.2.2,openjpa-jdbc/src/main/java/org/apache/openjpa/jdbc/kernel/exps/EmptyExpression.java,2
1.2.2,openjpa-jdbc/src/main/java/org/apache/openjpa/jdbc/kernel/exps/EndsWithExpression.java,3
1.2.2,openjpa-jdbc/src/main/java/org/apache/openjpa/jdbc/kernel/exps/EqualExpression.java,7
1.2.2,openjpa-jdbc/src/main/java/org/apache/openjpa/jdbc/kernel/exps/Exp.java,3
1.2.2,openjpa-jdbc/src/main/java/org/apache/openjpa/jdbc/kernel/exps/ExpContext.java,1
1.2.2,openjpa-jdbc/src/main/java/org/apache/openjpa/jdbc/kernel/exps/ExpState.java,1
1.2.2,openjpa-jdbc/src/main/java/org/apache/openjpa/jdbc/kernel/exps/Extension.java,15
1.2.2,openjpa-jdbc/src/main/java/org/apache/openjpa/jdbc/kernel/exps/FilterValue.java,15
1.2.2,openjpa-jdbc/src/main/java/org/apache/openjpa/jdbc/kernel/exps/FilterValueImpl.java,6
1.2.2,openjpa-jdbc/src/main/java/org/apache/openjpa/jdbc/kernel/exps/GetColumn.java,2
1.2.2,openjpa-jdbc/src/main/java/org/apache/openjpa/jdbc/kernel/exps/GetMapValue.java,8
1.2.2,openjpa-jdbc/src/main/java/org/apache/openjpa/jdbc/kernel/exps/GetObjectId.java,7
1.2.2,openjpa-jdbc/src/main/java/org/apache/openjpa/jdbc/kernel/exps/HasContainsExpressionVisitor.java,2
1.2.2,openjpa-jdbc/src/main/java/org/apache/openjpa/jdbc/kernel/exps/InExpression.java,18
1.2.2,openjpa-jdbc/src/main/java/org/apache/openjpa/jdbc/kernel/exps/IndexOf.java,2
1.2.2,openjpa-jdbc/src/main/java/org/apache/openjpa/jdbc/kernel/exps/InstanceofExpression.java,9
1.2.2,openjpa-jdbc/src/main/java/org/apache/openjpa/jdbc/kernel/exps/JDBCAggregateListener.java,1
1.2.2,openjpa-jdbc/src/main/java/org/apache/openjpa/jdbc/kernel/exps/JDBCExpressionFactory.java,14
1.2.2,openjpa-jdbc/src/main/java/org/apache/openjpa/jdbc/kernel/exps/JDBCFilterListener.java,1
1.2.2,openjpa-jdbc/src/main/java/org/apache/openjpa/jdbc/kernel/exps/JDBCPath.java,1
1.2.2,openjpa-jdbc/src/main/java/org/apache/openjpa/jdbc/kernel/exps/JDBCStringContains.java,3
1.2.2,openjpa-jdbc/src/main/java/org/apache/openjpa/jdbc/kernel/exps/JDBCWildcardMatch.java,2
1.2.2,openjpa-jdbc/src/main/java/org/apache/openjpa/jdbc/kernel/exps/Lit.java,4
1.2.2,openjpa-jdbc/src/main/java/org/apache/openjpa/jdbc/kernel/exps/MatchesExpression.java,9
1.2.2,openjpa-jdbc/src/main/java/org/apache/openjpa/jdbc/kernel/exps/Math.java,1
1.2.2,openjpa-jdbc/src/main/java/org/apache/openjpa/jdbc/kernel/exps/NotContainsExpression.java,1
1.2.2,openjpa-jdbc/src/main/java/org/apache/openjpa/jdbc/kernel/exps/NotEqualExpression.java,7
1.2.2,openjpa-jdbc/src/main/java/org/apache/openjpa/jdbc/kernel/exps/Null.java,2
1.2.2,openjpa-jdbc/src/main/java/org/apache/openjpa/jdbc/kernel/exps/OrExpression.java,7
1.2.2,openjpa-jdbc/src/main/java/org/apache/openjpa/jdbc/kernel/exps/PCPath.java,96
1.2.2,openjpa-jdbc/src/main/java/org/apache/openjpa/jdbc/kernel/exps/Param.java,3
1.2.2,openjpa-jdbc/src/main/java/org/apache/openjpa/jdbc/kernel/exps/SQLEmbed.java,1
1.2.2,openjpa-jdbc/src/main/java/org/apache/openjpa/jdbc/kernel/exps/SelectConstructor.java,19
1.2.2,openjpa-jdbc/src/main/java/org/apache/openjpa/jdbc/kernel/exps/StartsWithExpression.java,3
1.2.2,openjpa-jdbc/src/main/java/org/apache/openjpa/jdbc/kernel/exps/StringFunction.java,1
1.2.2,openjpa-jdbc/src/main/java/org/apache/openjpa/jdbc/kernel/exps/StringLength.java,1
1.2.2,openjpa-jdbc/src/main/java/org/apache/openjpa/jdbc/kernel/exps/SubQ.java,16
1.2.2,openjpa-jdbc/src/main/java/org/apache/openjpa/jdbc/kernel/exps/Substring.java,2
1.2.2,openjpa-jdbc/src/main/java/org/apache/openjpa/jdbc/kernel/exps/Sum.java,1
1.2.2,openjpa-jdbc/src/main/java/org/apache/openjpa/jdbc/kernel/exps/Trim.java,9
1.2.2,openjpa-jdbc/src/main/java/org/apache/openjpa/jdbc/kernel/exps/UnaryOp.java,3
1.2.2,openjpa-jdbc/src/main/java/org/apache/openjpa/jdbc/kernel/exps/Val.java,32
1.2.2,openjpa-jdbc/src/main/java/org/apache/openjpa/jdbc/kernel/exps/Variable.java,14
1.2.2,openjpa-jdbc/src/main/java/org/apache/openjpa/jdbc/meta/ClassMapping.java,86
1.2.2,openjpa-jdbc/src/main/java/org/apache/openjpa/jdbc/meta/ClassMappingInfo.java,29
1.2.2,openjpa-jdbc/src/main/java/org/apache/openjpa/jdbc/meta/ClassStrategy.java,7
1.2.2,openjpa-jdbc/src/main/java/org/apache/openjpa/jdbc/meta/DelegatingJoinable.java,5
1.2.2,openjpa-jdbc/src/main/java/org/apache/openjpa/jdbc/meta/Discriminator.java,21
1.2.2,openjpa-jdbc/src/main/java/org/apache/openjpa/jdbc/meta/DiscriminatorMappingInfo.java,13
1.2.2,openjpa-jdbc/src/main/java/org/apache/openjpa/jdbc/meta/DiscriminatorStrategy.java,6
1.2.2,openjpa-jdbc/src/main/java/org/apache/openjpa/jdbc/meta/Embeddable.java,7
1.2.2,openjpa-jdbc/src/main/java/org/apache/openjpa/jdbc/meta/FieldMapping.java,45
1.2.2,openjpa-jdbc/src/main/java/org/apache/openjpa/jdbc/meta/FieldMappingInfo.java,30
1.2.2,openjpa-jdbc/src/main/java/org/apache/openjpa/jdbc/meta/FieldStrategy.java,25
1.2.2,openjpa-jdbc/src/main/java/org/apache/openjpa/jdbc/meta/JDBCColumnOrder.java,1
1.2.2,openjpa-jdbc/src/main/java/org/apache/openjpa/jdbc/meta/JDBCOrder.java,2
1.2.2,openjpa-jdbc/src/main/java/org/apache/openjpa/jdbc/meta/JDBCRelatedFieldOrder.java,1
1.2.2,openjpa-jdbc/src/main/java/org/apache/openjpa/jdbc/meta/JDBCValueOrder.java,2
1.2.2,openjpa-jdbc/src/main/java/org/apache/openjpa/jdbc/meta/JavaSQLTypes.java,17
1.2.2,openjpa-jdbc/src/main/java/org/apache/openjpa/jdbc/meta/Joinable.java,6
1.2.2,openjpa-jdbc/src/main/java/org/apache/openjpa/jdbc/meta/MappingDefaults.java,29
1.2.2,openjpa-jdbc/src/main/java/org/apache/openjpa/jdbc/meta/MappingDefaultsImpl.java,49
1.2.2,openjpa-jdbc/src/main/java/org/apache/openjpa/jdbc/meta/MappingInfo.java,186
1.2.2,openjpa-jdbc/src/main/java/org/apache/openjpa/jdbc/meta/MappingRepository.java,141
1.2.2,openjpa-jdbc/src/main/java/org/apache/openjpa/jdbc/meta/MappingStrategyInstaller.java,4
1.2.2,openjpa-jdbc/src/main/java/org/apache/openjpa/jdbc/meta/MappingTool.java,100
1.2.2,openjpa-jdbc/src/main/java/org/apache/openjpa/jdbc/meta/MetaDataPlusMappingFactory.java,8
1.2.2,openjpa-jdbc/src/main/java/org/apache/openjpa/jdbc/meta/NoneMappingDefaults.java,8
1.2.2,openjpa-jdbc/src/main/java/org/apache/openjpa/jdbc/meta/PropertiesReverseCustomizer.java,19
1.2.2,openjpa-jdbc/src/main/java/org/apache/openjpa/jdbc/meta/QueryResultMapping.java,44
1.2.2,openjpa-jdbc/src/main/java/org/apache/openjpa/jdbc/meta/RefreshStrategyInstaller.java,12
1.2.2,openjpa-jdbc/src/main/java/org/apache/openjpa/jdbc/meta/RelationId.java,1
1.2.2,openjpa-jdbc/src/main/java/org/apache/openjpa/jdbc/meta/ReverseCustomizer.java,13
1.2.2,openjpa-jdbc/src/main/java/org/apache/openjpa/jdbc/meta/ReverseMappingTool.java,210
1.2.2,openjpa-jdbc/src/main/java/org/apache/openjpa/jdbc/meta/RuntimeStrategyInstaller.java,5
1.2.2,openjpa-jdbc/src/main/java/org/apache/openjpa/jdbc/meta/SequenceMapping.java,5
1.2.2,openjpa-jdbc/src/main/java/org/apache/openjpa/jdbc/meta/Strategy.java,12
1.2.2,openjpa-jdbc/src/main/java/org/apache/openjpa/jdbc/meta/ValueHandler.java,7
1.2.2,openjpa-jdbc/src/main/java/org/apache/openjpa/jdbc/meta/ValueMapping.java,41
1.2.2,openjpa-jdbc/src/main/java/org/apache/openjpa/jdbc/meta/ValueMappingImpl.java,64
1.2.2,openjpa-jdbc/src/main/java/org/apache/openjpa/jdbc/meta/ValueMappingInfo.java,23
1.2.2,openjpa-jdbc/src/main/java/org/apache/openjpa/jdbc/meta/Version.java,18
1.2.2,openjpa-jdbc/src/main/java/org/apache/openjpa/jdbc/meta/VersionMappingInfo.java,3
1.2.2,openjpa-jdbc/src/main/java/org/apache/openjpa/jdbc/meta/VersionStrategy.java,8
1.2.2,openjpa-jdbc/src/main/java/org/apache/openjpa/jdbc/meta/strats/AbstractDiscriminatorStrategy.java,1
1.2.2,openjpa-jdbc/src/main/java/org/apache/openjpa/jdbc/meta/strats/AbstractFieldStrategy.java,7
1.2.2,openjpa-jdbc/src/main/java/org/apache/openjpa/jdbc/meta/strats/AbstractStrategy.java,8
1.2.2,openjpa-jdbc/src/main/java/org/apache/openjpa/jdbc/meta/strats/AbstractVersionStrategy.java,1
1.2.2,openjpa-jdbc/src/main/java/org/apache/openjpa/jdbc/meta/strats/CharArrayStreamValueHandler.java,4
1.2.2,openjpa-jdbc/src/main/java/org/apache/openjpa/jdbc/meta/strats/CharArrayValueHandler.java,1
1.2.2,openjpa-jdbc/src/main/java/org/apache/openjpa/jdbc/meta/strats/ClassNameDiscriminatorStrategy.java,7
1.2.2,openjpa-jdbc/src/main/java/org/apache/openjpa/jdbc/meta/strats/ColumnVersionStrategy.java,38
1.2.2,openjpa-jdbc/src/main/java/org/apache/openjpa/jdbc/meta/strats/ContainerFieldStrategy.java,6
1.2.2,openjpa-jdbc/src/main/java/org/apache/openjpa/jdbc/meta/strats/ElementEmbedValueHandler.java,24
1.2.2,openjpa-jdbc/src/main/java/org/apache/openjpa/jdbc/meta/strats/EmbedFieldStrategy.java,72
1.2.2,openjpa-jdbc/src/main/java/org/apache/openjpa/jdbc/meta/strats/EmbedValueHandler.java,16
1.2.2,openjpa-jdbc/src/main/java/org/apache/openjpa/jdbc/meta/strats/EmbeddedClassStrategy.java,9
1.2.2,openjpa-jdbc/src/main/java/org/apache/openjpa/jdbc/meta/strats/EnumValueHandler.java,8
1.2.2,openjpa-jdbc/src/main/java/org/apache/openjpa/jdbc/meta/strats/FlatClassStrategy.java,2
1.2.2,openjpa-jdbc/src/main/java/org/apache/openjpa/jdbc/meta/strats/FullClassStrategy.java,8
1.2.2,openjpa-jdbc/src/main/java/org/apache/openjpa/jdbc/meta/strats/HandlerCollectionTableFieldStrategy.java,23
1.2.2,openjpa-jdbc/src/main/java/org/apache/openjpa/jdbc/meta/strats/HandlerFieldStrategy.java,48
1.2.2,openjpa-jdbc/src/main/java/org/apache/openjpa/jdbc/meta/strats/HandlerHandlerMapTableFieldStrategy.java,17
1.2.2,openjpa-jdbc/src/main/java/org/apache/openjpa/jdbc/meta/strats/HandlerRelationMapTableFieldStrategy.java,25
1.2.2,openjpa-jdbc/src/main/java/org/apache/openjpa/jdbc/meta/strats/HandlerStrategies.java,30
1.2.2,openjpa-jdbc/src/main/java/org/apache/openjpa/jdbc/meta/strats/IdentityJoinable.java,2
1.2.2,openjpa-jdbc/src/main/java/org/apache/openjpa/jdbc/meta/strats/ImmutableValueHandler.java,5
1.2.2,openjpa-jdbc/src/main/java/org/apache/openjpa/jdbc/meta/strats/InValueDiscriminatorStrategy.java,13
1.2.2,openjpa-jdbc/src/main/java/org/apache/openjpa/jdbc/meta/strats/LRSCollectionFieldStrategy.java,7
1.2.2,openjpa-jdbc/src/main/java/org/apache/openjpa/jdbc/meta/strats/LRSMapFieldStrategy.java,15
1.2.2,openjpa-jdbc/src/main/java/org/apache/openjpa/jdbc/meta/strats/LRSProxyCollection.java,10
1.2.2,openjpa-jdbc/src/main/java/org/apache/openjpa/jdbc/meta/strats/LRSProxyMap.java,40
1.2.2,openjpa-jdbc/src/main/java/org/apache/openjpa/jdbc/meta/strats/LobFieldStrategy.java,2
1.2.2,openjpa-jdbc/src/main/java/org/apache/openjpa/jdbc/meta/strats/MapTableFieldStrategy.java,7
1.2.2,openjpa-jdbc/src/main/java/org/apache/openjpa/jdbc/meta/strats/MaxEmbeddedBlobFieldStrategy.java,3
1.2.2,openjpa-jdbc/src/main/java/org/apache/openjpa/jdbc/meta/strats/MaxEmbeddedByteArrayFieldStrategy.java,3
1.2.2,openjpa-jdbc/src/main/java/org/apache/openjpa/jdbc/meta/strats/MaxEmbeddedCharArrayFieldStrategy.java,8
1.2.2,openjpa-jdbc/src/main/java/org/apache/openjpa/jdbc/meta/strats/MaxEmbeddedClobFieldStrategy.java,3
1.2.2,openjpa-jdbc/src/main/java/org/apache/openjpa/jdbc/meta/strats/MaxEmbeddedLobFieldStrategy.java,17
1.2.2,openjpa-jdbc/src/main/java/org/apache/openjpa/jdbc/meta/strats/NoneClassStrategy.java,2
1.2.2,openjpa-jdbc/src/main/java/org/apache/openjpa/jdbc/meta/strats/NoneDiscriminatorStrategy.java,1
1.2.2,openjpa-jdbc/src/main/java/org/apache/openjpa/jdbc/meta/strats/NoneFieldStrategy.java,2
1.2.2,openjpa-jdbc/src/main/java/org/apache/openjpa/jdbc/meta/strats/NoneVersionStrategy.java,2
1.2.2,openjpa-jdbc/src/main/java/org/apache/openjpa/jdbc/meta/strats/NumberVersionStrategy.java,3
1.2.2,openjpa-jdbc/src/main/java/org/apache/openjpa/jdbc/meta/strats/ObjectIdClassStrategy.java,1
1.2.2,openjpa-jdbc/src/main/java/org/apache/openjpa/jdbc/meta/strats/ObjectIdValueHandler.java,3
1.2.2,openjpa-jdbc/src/main/java/org/apache/openjpa/jdbc/meta/strats/PrimitiveFieldStrategy.java,36
1.2.2,openjpa-jdbc/src/main/java/org/apache/openjpa/jdbc/meta/strats/PrimitiveWrapperArrays.java,9
1.2.2,openjpa-jdbc/src/main/java/org/apache/openjpa/jdbc/meta/strats/RelationCollectionInverseKeyFieldStrategy.java,2
1.2.2,openjpa-jdbc/src/main/java/org/apache/openjpa/jdbc/meta/strats/RelationCollectionTableFieldStrategy.java,2
1.2.2,openjpa-jdbc/src/main/java/org/apache/openjpa/jdbc/meta/strats/RelationFieldStrategy.java,104
1.2.2,openjpa-jdbc/src/main/java/org/apache/openjpa/jdbc/meta/strats/RelationHandlerMapTableFieldStrategy.java,23
1.2.2,openjpa-jdbc/src/main/java/org/apache/openjpa/jdbc/meta/strats/RelationMapInverseKeyFieldStrategy.java,5
1.2.2,openjpa-jdbc/src/main/java/org/apache/openjpa/jdbc/meta/strats/RelationMapTableFieldStrategy.java,5
1.2.2,openjpa-jdbc/src/main/java/org/apache/openjpa/jdbc/meta/strats/RelationRelationMapTableFieldStrategy.java,33
1.2.2,openjpa-jdbc/src/main/java/org/apache/openjpa/jdbc/meta/strats/RelationStrategies.java,14
1.2.2,openjpa-jdbc/src/main/java/org/apache/openjpa/jdbc/meta/strats/RelationToManyInverseKeyFieldStrategy.java,35
1.2.2,openjpa-jdbc/src/main/java/org/apache/openjpa/jdbc/meta/strats/RelationToManyTableFieldStrategy.java,18
1.2.2,openjpa-jdbc/src/main/java/org/apache/openjpa/jdbc/meta/strats/StateComparisonVersionStrategy.java,23
1.2.2,openjpa-jdbc/src/main/java/org/apache/openjpa/jdbc/meta/strats/StoreCollectionFieldStrategy.java,51
1.2.2,openjpa-jdbc/src/main/java/org/apache/openjpa/jdbc/meta/strats/StringFieldStrategy.java,15
1.2.2,openjpa-jdbc/src/main/java/org/apache/openjpa/jdbc/meta/strats/SubclassJoinDiscriminatorStrategy.java,17
1.2.2,openjpa-jdbc/src/main/java/org/apache/openjpa/jdbc/meta/strats/TimestampVersionStrategy.java,2
1.2.2,openjpa-jdbc/src/main/java/org/apache/openjpa/jdbc/meta/strats/UntypedPCValueHandler.java,4
1.2.2,openjpa-jdbc/src/main/java/org/apache/openjpa/jdbc/meta/strats/ValueMapDiscriminatorStrategy.java,10
1.2.2,openjpa-jdbc/src/main/java/org/apache/openjpa/jdbc/meta/strats/VerticalClassStrategy.java,7
1.2.2,openjpa-jdbc/src/main/java/org/apache/openjpa/jdbc/meta/strats/XMLValueHandler.java,3
1.2.2,openjpa-jdbc/src/main/java/org/apache/openjpa/jdbc/schema/Column.java,68
1.2.2,openjpa-jdbc/src/main/java/org/apache/openjpa/jdbc/schema/ColumnIO.java,16
1.2.2,openjpa-jdbc/src/main/java/org/apache/openjpa/jdbc/schema/Constraint.java,10
1.2.2,openjpa-jdbc/src/main/java/org/apache/openjpa/jdbc/schema/DataSourceFactory.java,21
1.2.2,openjpa-jdbc/src/main/java/org/apache/openjpa/jdbc/schema/DriverDataSource.java,15
1.2.2,openjpa-jdbc/src/main/java/org/apache/openjpa/jdbc/schema/DynamicSchemaFactory.java,12
1.2.2,openjpa-jdbc/src/main/java/org/apache/openjpa/jdbc/schema/FileSchemaFactory.java,3
1.2.2,openjpa-jdbc/src/main/java/org/apache/openjpa/jdbc/schema/ForeignKey.java,90
1.2.2,openjpa-jdbc/src/main/java/org/apache/openjpa/jdbc/schema/Index.java,7
1.2.2,openjpa-jdbc/src/main/java/org/apache/openjpa/jdbc/schema/LazySchemaFactory.java,12
1.2.2,openjpa-jdbc/src/main/java/org/apache/openjpa/jdbc/schema/LocalConstraint.java,29
1.2.2,openjpa-jdbc/src/main/java/org/apache/openjpa/jdbc/schema/NameSet.java,8
1.2.2,openjpa-jdbc/src/main/java/org/apache/openjpa/jdbc/schema/PrimaryKey.java,4
1.2.2,openjpa-jdbc/src/main/java/org/apache/openjpa/jdbc/schema/Schema.java,35
1.2.2,openjpa-jdbc/src/main/java/org/apache/openjpa/jdbc/schema/SchemaFactory.java,2
1.2.2,openjpa-jdbc/src/main/java/org/apache/openjpa/jdbc/schema/SchemaGenerator.java,122
1.2.2,openjpa-jdbc/src/main/java/org/apache/openjpa/jdbc/schema/SchemaGroup.java,63
1.2.2,openjpa-jdbc/src/main/java/org/apache/openjpa/jdbc/schema/SchemaParser.java,5
1.2.2,openjpa-jdbc/src/main/java/org/apache/openjpa/jdbc/schema/SchemaSerializer.java,8
1.2.2,openjpa-jdbc/src/main/java/org/apache/openjpa/jdbc/schema/SchemaTool.java,202
1.2.2,openjpa-jdbc/src/main/java/org/apache/openjpa/jdbc/schema/Schemas.java,39
1.2.2,openjpa-jdbc/src/main/java/org/apache/openjpa/jdbc/schema/Sequence.java,11
1.2.2,openjpa-jdbc/src/main/java/org/apache/openjpa/jdbc/schema/SimpleDriverDataSource.java,19
1.2.2,openjpa-jdbc/src/main/java/org/apache/openjpa/jdbc/schema/Table.java,89
1.2.2,openjpa-jdbc/src/main/java/org/apache/openjpa/jdbc/schema/TableSchemaFactory.java,40
1.2.2,openjpa-jdbc/src/main/java/org/apache/openjpa/jdbc/schema/Unique.java,2
1.2.2,openjpa-jdbc/src/main/java/org/apache/openjpa/jdbc/schema/XMLSchemaParser.java,50
1.2.2,openjpa-jdbc/src/main/java/org/apache/openjpa/jdbc/schema/XMLSchemaSerializer.java,82
1.2.2,openjpa-jdbc/src/main/java/org/apache/openjpa/jdbc/sql/AbstractResult.java,33
1.2.2,openjpa-jdbc/src/main/java/org/apache/openjpa/jdbc/sql/AbstractSQLServerDictionary.java,8
1.2.2,openjpa-jdbc/src/main/java/org/apache/openjpa/jdbc/sql/AccessDictionary.java,3
1.2.2,openjpa-jdbc/src/main/java/org/apache/openjpa/jdbc/sql/DB2Dictionary.java,50
1.2.2,openjpa-jdbc/src/main/java/org/apache/openjpa/jdbc/sql/DBDictionary.java,420
1.2.2,openjpa-jdbc/src/main/java/org/apache/openjpa/jdbc/sql/DBDictionaryFactory.java,45
1.2.2,openjpa-jdbc/src/main/java/org/apache/openjpa/jdbc/sql/DerbyDictionary.java,5
1.2.2,openjpa-jdbc/src/main/java/org/apache/openjpa/jdbc/sql/EmpressDictionary.java,15
1.2.2,openjpa-jdbc/src/main/java/org/apache/openjpa/jdbc/sql/FoxProDictionary.java,8
1.2.2,openjpa-jdbc/src/main/java/org/apache/openjpa/jdbc/sql/H2Dictionary.java,17
1.2.2,openjpa-jdbc/src/main/java/org/apache/openjpa/jdbc/sql/HSQLDictionary.java,19
1.2.2,openjpa-jdbc/src/main/java/org/apache/openjpa/jdbc/sql/InformixDictionary.java,17
1.2.2,openjpa-jdbc/src/main/java/org/apache/openjpa/jdbc/sql/InterbaseDictionary.java,2
1.2.2,openjpa-jdbc/src/main/java/org/apache/openjpa/jdbc/sql/JDataStoreDictionary.java,3
1.2.2,openjpa-jdbc/src/main/java/org/apache/openjpa/jdbc/sql/Join.java,10
1.2.2,openjpa-jdbc/src/main/java/org/apache/openjpa/jdbc/sql/JoinSet.java,59
1.2.2,openjpa-jdbc/src/main/java/org/apache/openjpa/jdbc/sql/JoinSyntaxes.java,6
1.2.2,openjpa-jdbc/src/main/java/org/apache/openjpa/jdbc/sql/Joins.java,9
1.2.2,openjpa-jdbc/src/main/java/org/apache/openjpa/jdbc/sql/LogicalUnion.java,53
1.2.2,openjpa-jdbc/src/main/java/org/apache/openjpa/jdbc/sql/MergedResult.java,15
1.2.2,openjpa-jdbc/src/main/java/org/apache/openjpa/jdbc/sql/MySQLDictionary.java,12
1.2.2,openjpa-jdbc/src/main/java/org/apache/openjpa/jdbc/sql/OracleDictionary.java,147
1.2.2,openjpa-jdbc/src/main/java/org/apache/openjpa/jdbc/sql/PointbaseDictionary.java,4
1.2.2,openjpa-jdbc/src/main/java/org/apache/openjpa/jdbc/sql/PostgresDictionary.java,34
1.2.2,openjpa-jdbc/src/main/java/org/apache/openjpa/jdbc/sql/PrimaryRow.java,43
1.2.2,openjpa-jdbc/src/main/java/org/apache/openjpa/jdbc/sql/Raw.java,1
1.2.2,openjpa-jdbc/src/main/java/org/apache/openjpa/jdbc/sql/Result.java,83
1.2.2,openjpa-jdbc/src/main/java/org/apache/openjpa/jdbc/sql/ResultSetResult.java,22
1.2.2,openjpa-jdbc/src/main/java/org/apache/openjpa/jdbc/sql/Row.java,75
1.2.2,openjpa-jdbc/src/main/java/org/apache/openjpa/jdbc/sql/RowImpl.java,89
1.2.2,openjpa-jdbc/src/main/java/org/apache/openjpa/jdbc/sql/RowManager.java,5
1.2.2,openjpa-jdbc/src/main/java/org/apache/openjpa/jdbc/sql/RowManagerImpl.java,18
1.2.2,openjpa-jdbc/src/main/java/org/apache/openjpa/jdbc/sql/SQLBuffer.java,70
1.2.2,openjpa-jdbc/src/main/java/org/apache/openjpa/jdbc/sql/SQLErrorCodeReader.java,8
1.2.2,openjpa-jdbc/src/main/java/org/apache/openjpa/jdbc/sql/SQLExceptions.java,10
1.2.2,openjpa-jdbc/src/main/java/org/apache/openjpa/jdbc/sql/SQLFactory.java,3
1.2.2,openjpa-jdbc/src/main/java/org/apache/openjpa/jdbc/sql/SQLFactoryImpl.java,2
1.2.2,openjpa-jdbc/src/main/java/org/apache/openjpa/jdbc/sql/SQLServerDictionary.java,30
1.2.2,openjpa-jdbc/src/main/java/org/apache/openjpa/jdbc/sql/SecondaryRow.java,15
1.2.2,openjpa-jdbc/src/main/java/org/apache/openjpa/jdbc/sql/Select.java,109
1.2.2,openjpa-jdbc/src/main/java/org/apache/openjpa/jdbc/sql/SelectExecutor.java,20
1.2.2,openjpa-jdbc/src/main/java/org/apache/openjpa/jdbc/sql/SelectImpl.java,372
1.2.2,openjpa-jdbc/src/main/java/org/apache/openjpa/jdbc/sql/SybaseDictionary.java,18
1.2.2,openjpa-jdbc/src/main/java/org/apache/openjpa/jdbc/sql/Union.java,7
1.2.2,openjpa-kernel/src/main/java/org/apache/openjpa/abstractstore/AbstractStoreBrokerFactory.java,3
1.2.2,openjpa-kernel/src/main/java/org/apache/openjpa/abstractstore/AbstractStoreManager.java,26
1.2.2,openjpa-kernel/src/main/java/org/apache/openjpa/ant/MetaDataToolTask.java,4
1.2.2,openjpa-kernel/src/main/java/org/apache/openjpa/conf/AutoDetachValue.java,4
1.2.2,openjpa-kernel/src/main/java/org/apache/openjpa/conf/BrokerFactoryValue.java,3
1.2.2,openjpa-kernel/src/main/java/org/apache/openjpa/conf/BrokerValue.java,2
1.2.2,openjpa-kernel/src/main/java/org/apache/openjpa/conf/CacheMarshaller.java,8
1.2.2,openjpa-kernel/src/main/java/org/apache/openjpa/conf/CacheMarshallerImpl.java,20
1.2.2,openjpa-kernel/src/main/java/org/apache/openjpa/conf/CacheMarshallersValue.java,5
1.2.2,openjpa-kernel/src/main/java/org/apache/openjpa/conf/Compatibility.java,4
1.2.2,openjpa-kernel/src/main/java/org/apache/openjpa/conf/DetachOptions.java,6
1.2.2,openjpa-kernel/src/main/java/org/apache/openjpa/conf/MetaDataCacheMaintenance.java,26
1.2.2,openjpa-kernel/src/main/java/org/apache/openjpa/conf/MetaDataRepositoryValue.java,4
1.2.2,openjpa-kernel/src/main/java/org/apache/openjpa/conf/NoOpCacheMarshaller.java,2
1.2.2,openjpa-kernel/src/main/java/org/apache/openjpa/conf/OpenJPAConfiguration.java,222
1.2.2,openjpa-kernel/src/main/java/org/apache/openjpa/conf/OpenJPAConfigurationImpl.java,33
1.2.2,openjpa-kernel/src/main/java/org/apache/openjpa/conf/OpenJPAProductDerivation.java,5
1.2.2,openjpa-kernel/src/main/java/org/apache/openjpa/conf/OpenJPAVersion.java,4
1.2.2,openjpa-kernel/src/main/java/org/apache/openjpa/conf/OpenJPAVersionAndConfigurationTypeValidationPolicy.java,5
1.2.2,openjpa-kernel/src/main/java/org/apache/openjpa/conf/QueryCompilationCacheValue.java,2
1.2.2,openjpa-kernel/src/main/java/org/apache/openjpa/conf/RemoteCommitProviderValue.java,4
1.2.2,openjpa-kernel/src/main/java/org/apache/openjpa/datacache/AbstractDataCache.java,64
1.2.2,openjpa-kernel/src/main/java/org/apache/openjpa/datacache/AbstractQueryCache.java,38
1.2.2,openjpa-kernel/src/main/java/org/apache/openjpa/datacache/Caches.java,5
1.2.2,openjpa-kernel/src/main/java/org/apache/openjpa/datacache/ConcurrentDataCache.java,1
1.2.2,openjpa-kernel/src/main/java/org/apache/openjpa/datacache/DataCache.java,26
1.2.2,openjpa-kernel/src/main/java/org/apache/openjpa/datacache/DataCacheManager.java,8
1.2.2,openjpa-kernel/src/main/java/org/apache/openjpa/datacache/DataCacheManagerImpl.java,5
1.2.2,openjpa-kernel/src/main/java/org/apache/openjpa/datacache/DataCachePCData.java,1
1.2.2,openjpa-kernel/src/main/java/org/apache/openjpa/datacache/DataCachePCDataGenerator.java,6
1.2.2,openjpa-kernel/src/main/java/org/apache/openjpa/datacache/DataCachePCDataImpl.java,9
1.2.2,openjpa-kernel/src/main/java/org/apache/openjpa/datacache/DataCacheScheduler.java,17
1.2.2,openjpa-kernel/src/main/java/org/apache/openjpa/datacache/DataCacheStoreManager.java,69
1.2.2,openjpa-kernel/src/main/java/org/apache/openjpa/datacache/DelegatingDataCache.java,33
1.2.2,openjpa-kernel/src/main/java/org/apache/openjpa/datacache/DelegatingQueryCache.java,19
1.2.2,openjpa-kernel/src/main/java/org/apache/openjpa/datacache/ExpirationListener.java,1
1.2.2,openjpa-kernel/src/main/java/org/apache/openjpa/datacache/QueryCache.java,12
1.2.2,openjpa-kernel/src/main/java/org/apache/openjpa/datacache/QueryCacheStoreQuery.java,44
1.2.2,openjpa-kernel/src/main/java/org/apache/openjpa/datacache/QueryKey.java,47
1.2.2,openjpa-kernel/src/main/java/org/apache/openjpa/datacache/QueryResult.java,2
1.2.2,openjpa-kernel/src/main/java/org/apache/openjpa/datacache/TypesChangedListener.java,1
1.2.2,openjpa-kernel/src/main/java/org/apache/openjpa/ee/AbstractManagedRuntime.java,2
1.2.2,openjpa-kernel/src/main/java/org/apache/openjpa/ee/AutomaticManagedRuntime.java,29
1.2.2,openjpa-kernel/src/main/java/org/apache/openjpa/ee/InvocationManagedRuntime.java,2
1.2.2,openjpa-kernel/src/main/java/org/apache/openjpa/ee/ManagedRuntime.java,5
1.2.2,openjpa-kernel/src/main/java/org/apache/openjpa/ee/RegistryManagedRuntime.java,1
1.2.2,openjpa-kernel/src/main/java/org/apache/openjpa/ee/WASManagedRuntime.java,4
1.2.2,openjpa-kernel/src/main/java/org/apache/openjpa/ee/WASRegistryManagedRuntime.java,1
1.2.2,openjpa-kernel/src/main/java/org/apache/openjpa/ee/WLSManagedRuntime.java,2
1.2.2,openjpa-kernel/src/main/java/org/apache/openjpa/enhance/ApplicationIdTool.java,115
1.2.2,openjpa-kernel/src/main/java/org/apache/openjpa/enhance/AttributeTranslator.java,1
1.2.2,openjpa-kernel/src/main/java/org/apache/openjpa/enhance/ClassRedefiner.java,17
1.2.2,openjpa-kernel/src/main/java/org/apache/openjpa/enhance/CodeGenerator.java,53
1.2.2,openjpa-kernel/src/main/java/org/apache/openjpa/enhance/DynamicStorage.java,22
1.2.2,openjpa-kernel/src/main/java/org/apache/openjpa/enhance/DynamicStorageGenerator.java,20
1.2.2,openjpa-kernel/src/main/java/org/apache/openjpa/enhance/InstrumentationFactory.java,9
1.2.2,openjpa-kernel/src/main/java/org/apache/openjpa/enhance/ManagedClassSubclasser.java,29
1.2.2,openjpa-kernel/src/main/java/org/apache/openjpa/enhance/ManagedInstanceProvider.java,1
1.2.2,openjpa-kernel/src/main/java/org/apache/openjpa/enhance/PCClassFileTransformer.java,28
1.2.2,openjpa-kernel/src/main/java/org/apache/openjpa/enhance/PCDataGenerator.java,38
1.2.2,openjpa-kernel/src/main/java/org/apache/openjpa/enhance/PCEnhancer.java,236
1.2.2,openjpa-kernel/src/main/java/org/apache/openjpa/enhance/PCEnhancerAgent.java,4
1.2.2,openjpa-kernel/src/main/java/org/apache/openjpa/enhance/PCRegistry.java,15
1.2.2,openjpa-kernel/src/main/java/org/apache/openjpa/enhance/PCSubclassValidator.java,20
1.2.2,openjpa-kernel/src/main/java/org/apache/openjpa/enhance/PersistenceCapable.java,9
1.2.2,openjpa-kernel/src/main/java/org/apache/openjpa/enhance/RedefinitionHelper.java,26
1.2.2,openjpa-kernel/src/main/java/org/apache/openjpa/enhance/ReflectingPersistenceCapable.java,45
1.2.2,openjpa-kernel/src/main/java/org/apache/openjpa/enhance/Reflection.java,77
1.2.2,openjpa-kernel/src/main/java/org/apache/openjpa/enhance/RuntimeUnenhancedClassesModes.java,6
1.2.2,openjpa-kernel/src/main/java/org/apache/openjpa/enhance/RuntimeUnenhancedClasssesModes.java,6
1.2.2,openjpa-kernel/src/main/java/org/apache/openjpa/enhance/StateManager.java,49
1.2.2,openjpa-kernel/src/main/java/org/apache/openjpa/event/AbstractLifecycleListener.java,1
1.2.2,openjpa-kernel/src/main/java/org/apache/openjpa/event/AbstractRemoteCommitProvider.java,6
1.2.2,openjpa-kernel/src/main/java/org/apache/openjpa/event/AbstractTransactionListener.java,1
1.2.2,openjpa-kernel/src/main/java/org/apache/openjpa/event/AttachListener.java,2
1.2.2,openjpa-kernel/src/main/java/org/apache/openjpa/event/BeanLifecycleCallbacks.java,6
1.2.2,openjpa-kernel/src/main/java/org/apache/openjpa/event/BeginTransactionListener.java,1
1.2.2,openjpa-kernel/src/main/java/org/apache/openjpa/event/BrokerFactoryEventManager.java,1
1.2.2,openjpa-kernel/src/main/java/org/apache/openjpa/event/BrokerFactoryListener.java,1
1.2.2,openjpa-kernel/src/main/java/org/apache/openjpa/event/CallbackModes.java,10
1.2.2,openjpa-kernel/src/main/java/org/apache/openjpa/event/ClearListener.java,2
1.2.2,openjpa-kernel/src/main/java/org/apache/openjpa/event/DeleteListener.java,2
1.2.2,openjpa-kernel/src/main/java/org/apache/openjpa/event/DetachListener.java,2
1.2.2,openjpa-kernel/src/main/java/org/apache/openjpa/event/DirtyListener.java,4
1.2.2,openjpa-kernel/src/main/java/org/apache/openjpa/event/EndTransactionListener.java,6
1.2.2,openjpa-kernel/src/main/java/org/apache/openjpa/event/FlushTransactionListener.java,2
1.2.2,openjpa-kernel/src/main/java/org/apache/openjpa/event/JMSRemoteCommitProvider.java,21
1.2.2,openjpa-kernel/src/main/java/org/apache/openjpa/event/LifecycleCallbacks.java,2
1.2.2,openjpa-kernel/src/main/java/org/apache/openjpa/event/LifecycleEventManager.java,88
1.2.2,openjpa-kernel/src/main/java/org/apache/openjpa/event/LoadListener.java,2
1.2.2,openjpa-kernel/src/main/java/org/apache/openjpa/event/LogOrphanedKeyAction.java,6
1.2.2,openjpa-kernel/src/main/java/org/apache/openjpa/event/MethodLifecycleCallbacks.java,13
1.2.2,openjpa-kernel/src/main/java/org/apache/openjpa/event/OrphanedKeyAction.java,1
1.2.2,openjpa-kernel/src/main/java/org/apache/openjpa/event/PersistListener.java,2
1.2.2,openjpa-kernel/src/main/java/org/apache/openjpa/event/PostDeleteListener.java,1
1.2.2,openjpa-kernel/src/main/java/org/apache/openjpa/event/PostPersistListener.java,1
1.2.2,openjpa-kernel/src/main/java/org/apache/openjpa/event/RemoteCommitEvent.java,15
1.2.2,openjpa-kernel/src/main/java/org/apache/openjpa/event/RemoteCommitEventManager.java,24
1.2.2,openjpa-kernel/src/main/java/org/apache/openjpa/event/RemoteCommitListener.java,2
1.2.2,openjpa-kernel/src/main/java/org/apache/openjpa/event/RemoteCommitProvider.java,3
1.2.2,openjpa-kernel/src/main/java/org/apache/openjpa/event/SingleJVMRemoteCommitProvider.java,3
1.2.2,openjpa-kernel/src/main/java/org/apache/openjpa/event/StoreListener.java,2
1.2.2,openjpa-kernel/src/main/java/org/apache/openjpa/event/TCPRemoteCommitProvider.java,65
1.2.2,openjpa-kernel/src/main/java/org/apache/openjpa/event/TransactionEventManager.java,17
1.2.2,openjpa-kernel/src/main/java/org/apache/openjpa/event/UpdateListener.java,2
1.2.2,openjpa-kernel/src/main/java/org/apache/openjpa/kernel/AbstractBrokerFactory.java,49
1.2.2,openjpa-kernel/src/main/java/org/apache/openjpa/kernel/AbstractLockManager.java,5
1.2.2,openjpa-kernel/src/main/java/org/apache/openjpa/kernel/AbstractPCData.java,45
1.2.2,openjpa-kernel/src/main/java/org/apache/openjpa/kernel/AbstractPCResultObjectProvider.java,3
1.2.2,openjpa-kernel/src/main/java/org/apache/openjpa/kernel/AbstractStoreQuery.java,5
1.2.2,openjpa-kernel/src/main/java/org/apache/openjpa/kernel/AttachManager.java,29
1.2.2,openjpa-kernel/src/main/java/org/apache/openjpa/kernel/AttachStrategy.java,56
1.2.2,openjpa-kernel/src/main/java/org/apache/openjpa/kernel/AutoClear.java,4
1.2.2,openjpa-kernel/src/main/java/org/apache/openjpa/kernel/AutoDetach.java,8
1.2.2,openjpa-kernel/src/main/java/org/apache/openjpa/kernel/Bootstrap.java,11
1.2.2,openjpa-kernel/src/main/java/org/apache/openjpa/kernel/Broker.java,100
1.2.2,openjpa-kernel/src/main/java/org/apache/openjpa/kernel/BrokerFactory.java,14
1.2.2,openjpa-kernel/src/main/java/org/apache/openjpa/kernel/BrokerImpl.java,482
1.2.2,openjpa-kernel/src/main/java/org/apache/openjpa/kernel/ClearFieldManager.java,1
1.2.2,openjpa-kernel/src/main/java/org/apache/openjpa/kernel/ConnectionRetainModes.java,6
1.2.2,openjpa-kernel/src/main/java/org/apache/openjpa/kernel/DelegatingBroker.java,6
1.2.2,openjpa-kernel/src/main/java/org/apache/openjpa/kernel/DelegatingBrokerFactory.java,6
1.2.2,openjpa-kernel/src/main/java/org/apache/openjpa/kernel/DelegatingExtent.java,6
1.2.2,openjpa-kernel/src/main/java/org/apache/openjpa/kernel/DelegatingFetchConfiguration.java,9
1.2.2,openjpa-kernel/src/main/java/org/apache/openjpa/kernel/DelegatingQuery.java,6
1.2.2,openjpa-kernel/src/main/java/org/apache/openjpa/kernel/DelegatingResultList.java,17
1.2.2,openjpa-kernel/src/main/java/org/apache/openjpa/kernel/DelegatingSeq.java,6
1.2.2,openjpa-kernel/src/main/java/org/apache/openjpa/kernel/DelegatingStoreManager.java,6
1.2.2,openjpa-kernel/src/main/java/org/apache/openjpa/kernel/DetachManager.java,86
1.2.2,openjpa-kernel/src/main/java/org/apache/openjpa/kernel/DetachState.java,8
1.2.2,openjpa-kernel/src/main/java/org/apache/openjpa/kernel/DetachedStateAttachStrategy.java,10
1.2.2,openjpa-kernel/src/main/java/org/apache/openjpa/kernel/DetachedStateManager.java,59
1.2.2,openjpa-kernel/src/main/java/org/apache/openjpa/kernel/DetachedValueStateManager.java,11
1.2.2,openjpa-kernel/src/main/java/org/apache/openjpa/kernel/ENonTransState.java,1
1.2.2,openjpa-kernel/src/main/java/org/apache/openjpa/kernel/ExpressionStoreQuery.java,45
1.2.2,openjpa-kernel/src/main/java/org/apache/openjpa/kernel/Extent.java,11
1.2.2,openjpa-kernel/src/main/java/org/apache/openjpa/kernel/ExtentImpl.java,41
1.2.2,openjpa-kernel/src/main/java/org/apache/openjpa/kernel/FetchConfiguration.java,50
1.2.2,openjpa-kernel/src/main/java/org/apache/openjpa/kernel/FetchConfigurationImpl.java,83
1.2.2,openjpa-kernel/src/main/java/org/apache/openjpa/kernel/Filters.java,117
1.2.2,openjpa-kernel/src/main/java/org/apache/openjpa/kernel/FinalizingBrokerImpl.java,2
1.2.2,openjpa-kernel/src/main/java/org/apache/openjpa/kernel/FindCallbacks.java,2
1.2.2,openjpa-kernel/src/main/java/org/apache/openjpa/kernel/InMemorySavepointManager.java,1
1.2.2,openjpa-kernel/src/main/java/org/apache/openjpa/kernel/InverseManager.java,46
1.2.2,openjpa-kernel/src/main/java/org/apache/openjpa/kernel/LocalManagedRuntime.java,15
1.2.2,openjpa-kernel/src/main/java/org/apache/openjpa/kernel/LockLevels.java,6
1.2.2,openjpa-kernel/src/main/java/org/apache/openjpa/kernel/LockManager.java,8
1.2.2,openjpa-kernel/src/main/java/org/apache/openjpa/kernel/ManagedCache.java,42
1.2.2,openjpa-kernel/src/main/java/org/apache/openjpa/kernel/MethodStoreQuery.java,24
1.2.2,openjpa-kernel/src/main/java/org/apache/openjpa/kernel/ObjectIdStateManager.java,24
1.2.2,openjpa-kernel/src/main/java/org/apache/openjpa/kernel/OpCallbacks.java,15
1.2.2,openjpa-kernel/src/main/java/org/apache/openjpa/kernel/OpenJPASavepoint.java,5
1.2.2,openjpa-kernel/src/main/java/org/apache/openjpa/kernel/OpenJPAStateManager.java,72
1.2.2,openjpa-kernel/src/main/java/org/apache/openjpa/kernel/OrderingMergedResultObjectProvider.java,11
1.2.2,openjpa-kernel/src/main/java/org/apache/openjpa/kernel/PCData.java,12
1.2.2,openjpa-kernel/src/main/java/org/apache/openjpa/kernel/PCDataImpl.java,22
1.2.2,openjpa-kernel/src/main/java/org/apache/openjpa/kernel/PCResultObjectProvider.java,1
1.2.2,openjpa-kernel/src/main/java/org/apache/openjpa/kernel/PCState.java,24
1.2.2,openjpa-kernel/src/main/java/org/apache/openjpa/kernel/PNewFlushedDeletedFlushedState.java,1
1.2.2,openjpa-kernel/src/main/java/org/apache/openjpa/kernel/PNewState.java,1
1.2.2,openjpa-kernel/src/main/java/org/apache/openjpa/kernel/PNonTransState.java,4
1.2.2,openjpa-kernel/src/main/java/org/apache/openjpa/kernel/Query.java,26
1.2.2,openjpa-kernel/src/main/java/org/apache/openjpa/kernel/QueryContext.java,43
1.2.2,openjpa-kernel/src/main/java/org/apache/openjpa/kernel/QueryFlushModes.java,6
1.2.2,openjpa-kernel/src/main/java/org/apache/openjpa/kernel/QueryHints.java,2
1.2.2,openjpa-kernel/src/main/java/org/apache/openjpa/kernel/QueryImpl.java,184
1.2.2,openjpa-kernel/src/main/java/org/apache/openjpa/kernel/QueryLanguages.java,3
1.2.2,openjpa-kernel/src/main/java/org/apache/openjpa/kernel/QueryOperations.java,6
1.2.2,openjpa-kernel/src/main/java/org/apache/openjpa/kernel/ROPStoreManager.java,3
1.2.2,openjpa-kernel/src/main/java/org/apache/openjpa/kernel/RestoreState.java,6
1.2.2,openjpa-kernel/src/main/java/org/apache/openjpa/kernel/ResultPacker.java,30
1.2.2,openjpa-kernel/src/main/java/org/apache/openjpa/kernel/SaveFieldManager.java,16
1.2.2,openjpa-kernel/src/main/java/org/apache/openjpa/kernel/SavepointFieldManager.java,11
1.2.2,openjpa-kernel/src/main/java/org/apache/openjpa/kernel/SavepointManager.java,2
1.2.2,openjpa-kernel/src/main/java/org/apache/openjpa/kernel/Seq.java,9
1.2.2,openjpa-kernel/src/main/java/org/apache/openjpa/kernel/SingleFieldManager.java,111
1.2.2,openjpa-kernel/src/main/java/org/apache/openjpa/kernel/StateManagerImpl.java,281
1.2.2,openjpa-kernel/src/main/java/org/apache/openjpa/kernel/StoreContext.java,62
1.2.2,openjpa-kernel/src/main/java/org/apache/openjpa/kernel/StoreManager.java,38
1.2.2,openjpa-kernel/src/main/java/org/apache/openjpa/kernel/StoreQuery.java,46
1.2.2,openjpa-kernel/src/main/java/org/apache/openjpa/kernel/TCleanState.java,1
1.2.2,openjpa-kernel/src/main/java/org/apache/openjpa/kernel/TDirtyState.java,1
1.2.2,openjpa-kernel/src/main/java/org/apache/openjpa/kernel/TimeSeededSeq.java,3
1.2.2,openjpa-kernel/src/main/java/org/apache/openjpa/kernel/TransferFieldManager.java,1
1.2.2,openjpa-kernel/src/main/java/org/apache/openjpa/kernel/UUIDHexSeq.java,4
1.2.2,openjpa-kernel/src/main/java/org/apache/openjpa/kernel/UUIDStringSeq.java,4
1.2.2,openjpa-kernel/src/main/java/org/apache/openjpa/kernel/UUIDType4HexSeq.java,4
1.2.2,openjpa-kernel/src/main/java/org/apache/openjpa/kernel/UUIDType4StringSeq.java,4
1.2.2,openjpa-kernel/src/main/java/org/apache/openjpa/kernel/VersionAttachStrategy.java,40
1.2.2,openjpa-kernel/src/main/java/org/apache/openjpa/kernel/VersionLockManager.java,6
1.2.2,openjpa-kernel/src/main/java/org/apache/openjpa/kernel/exps/Abs.java,9
1.2.2,openjpa-kernel/src/main/java/org/apache/openjpa/kernel/exps/AbstractExpressionBuilder.java,31
1.2.2,openjpa-kernel/src/main/java/org/apache/openjpa/kernel/exps/AbstractExpressionVisitor.java,4
1.2.2,openjpa-kernel/src/main/java/org/apache/openjpa/kernel/exps/Aggregate.java,8
1.2.2,openjpa-kernel/src/main/java/org/apache/openjpa/kernel/exps/AggregateListener.java,4
1.2.2,openjpa-kernel/src/main/java/org/apache/openjpa/kernel/exps/AggregateVal.java,3
1.2.2,openjpa-kernel/src/main/java/org/apache/openjpa/kernel/exps/All.java,1
1.2.2,openjpa-kernel/src/main/java/org/apache/openjpa/kernel/exps/Any.java,1
1.2.2,openjpa-kernel/src/main/java/org/apache/openjpa/kernel/exps/Args.java,10
1.2.2,openjpa-kernel/src/main/java/org/apache/openjpa/kernel/exps/Arguments.java,1
1.2.2,openjpa-kernel/src/main/java/org/apache/openjpa/kernel/exps/Avg.java,4
1.2.2,openjpa-kernel/src/main/java/org/apache/openjpa/kernel/exps/BindVariableAndExpression.java,5
1.2.2,openjpa-kernel/src/main/java/org/apache/openjpa/kernel/exps/BindVariableExpression.java,3
1.2.2,openjpa-kernel/src/main/java/org/apache/openjpa/kernel/exps/BoundVariable.java,2
1.2.2,openjpa-kernel/src/main/java/org/apache/openjpa/kernel/exps/CandidatePath.java,27
1.2.2,openjpa-kernel/src/main/java/org/apache/openjpa/kernel/exps/Cast.java,4
1.2.2,openjpa-kernel/src/main/java/org/apache/openjpa/kernel/exps/Concat.java,4
1.2.2,openjpa-kernel/src/main/java/org/apache/openjpa/kernel/exps/Constant.java,1
1.2.2,openjpa-kernel/src/main/java/org/apache/openjpa/kernel/exps/ContainsExpression.java,3
1.2.2,openjpa-kernel/src/main/java/org/apache/openjpa/kernel/exps/Count.java,3
1.2.2,openjpa-kernel/src/main/java/org/apache/openjpa/kernel/exps/CurrentDate.java,1
1.2.2,openjpa-kernel/src/main/java/org/apache/openjpa/kernel/exps/Distinct.java,2
1.2.2,openjpa-kernel/src/main/java/org/apache/openjpa/kernel/exps/EndsWithExpression.java,1
1.2.2,openjpa-kernel/src/main/java/org/apache/openjpa/kernel/exps/Exp.java,2
1.2.2,openjpa-kernel/src/main/java/org/apache/openjpa/kernel/exps/Expression.java,1
1.2.2,openjpa-kernel/src/main/java/org/apache/openjpa/kernel/exps/ExpressionFactory.java,65
1.2.2,openjpa-kernel/src/main/java/org/apache/openjpa/kernel/exps/ExpressionParser.java,5
1.2.2,openjpa-kernel/src/main/java/org/apache/openjpa/kernel/exps/ExpressionVisitor.java,4
1.2.2,openjpa-kernel/src/main/java/org/apache/openjpa/kernel/exps/Extension.java,10
1.2.2,openjpa-kernel/src/main/java/org/apache/openjpa/kernel/exps/FilterListener.java,5
1.2.2,openjpa-kernel/src/main/java/org/apache/openjpa/kernel/exps/GetMapValue.java,1
1.2.2,openjpa-kernel/src/main/java/org/apache/openjpa/kernel/exps/GetObjectId.java,1
1.2.2,openjpa-kernel/src/main/java/org/apache/openjpa/kernel/exps/GreaterThanEqualExpression.java,2
1.2.2,openjpa-kernel/src/main/java/org/apache/openjpa/kernel/exps/GreaterThanExpression.java,2
1.2.2,openjpa-kernel/src/main/java/org/apache/openjpa/kernel/exps/InMemoryExpressionFactory.java,50
1.2.2,openjpa-kernel/src/main/java/org/apache/openjpa/kernel/exps/IndexOf.java,2
1.2.2,openjpa-kernel/src/main/java/org/apache/openjpa/kernel/exps/IsEmptyExpression.java,9
1.2.2,openjpa-kernel/src/main/java/org/apache/openjpa/kernel/exps/LessThanEqualExpression.java,2
1.2.2,openjpa-kernel/src/main/java/org/apache/openjpa/kernel/exps/LessThanExpression.java,2
1.2.2,openjpa-kernel/src/main/java/org/apache/openjpa/kernel/exps/Literal.java,8
1.2.2,openjpa-kernel/src/main/java/org/apache/openjpa/kernel/exps/MatchesExpression.java,4
1.2.2,openjpa-kernel/src/main/java/org/apache/openjpa/kernel/exps/MathVal.java,1
1.2.2,openjpa-kernel/src/main/java/org/apache/openjpa/kernel/exps/Max.java,2
1.2.2,openjpa-kernel/src/main/java/org/apache/openjpa/kernel/exps/Min.java,2
1.2.2,openjpa-kernel/src/main/java/org/apache/openjpa/kernel/exps/Null.java,1
1.2.2,openjpa-kernel/src/main/java/org/apache/openjpa/kernel/exps/Parameter.java,2
1.2.2,openjpa-kernel/src/main/java/org/apache/openjpa/kernel/exps/Path.java,5
1.2.2,openjpa-kernel/src/main/java/org/apache/openjpa/kernel/exps/QueryExpressions.java,11
1.2.2,openjpa-kernel/src/main/java/org/apache/openjpa/kernel/exps/Resolver.java,5
1.2.2,openjpa-kernel/src/main/java/org/apache/openjpa/kernel/exps/Size.java,2
1.2.2,openjpa-kernel/src/main/java/org/apache/openjpa/kernel/exps/Sqrt.java,1
1.2.2,openjpa-kernel/src/main/java/org/apache/openjpa/kernel/exps/StartsWithExpression.java,1
1.2.2,openjpa-kernel/src/main/java/org/apache/openjpa/kernel/exps/StringContains.java,2
1.2.2,openjpa-kernel/src/main/java/org/apache/openjpa/kernel/exps/StringLength.java,2
1.2.2,openjpa-kernel/src/main/java/org/apache/openjpa/kernel/exps/SubQ.java,1
1.2.2,openjpa-kernel/src/main/java/org/apache/openjpa/kernel/exps/Subquery.java,2
1.2.2,openjpa-kernel/src/main/java/org/apache/openjpa/kernel/exps/Substring.java,1
1.2.2,openjpa-kernel/src/main/java/org/apache/openjpa/kernel/exps/Sum.java,4
1.2.2,openjpa-kernel/src/main/java/org/apache/openjpa/kernel/exps/This.java,1
1.2.2,openjpa-kernel/src/main/java/org/apache/openjpa/kernel/exps/ToLowerCase.java,1
1.2.2,openjpa-kernel/src/main/java/org/apache/openjpa/kernel/exps/ToUpperCase.java,1
1.2.2,openjpa-kernel/src/main/java/org/apache/openjpa/kernel/exps/Trim.java,4
1.2.2,openjpa-kernel/src/main/java/org/apache/openjpa/kernel/exps/UnaryMathVal.java,1
1.2.2,openjpa-kernel/src/main/java/org/apache/openjpa/kernel/exps/Val.java,4
1.2.2,openjpa-kernel/src/main/java/org/apache/openjpa/kernel/exps/Value.java,8
1.2.2,openjpa-kernel/src/main/java/org/apache/openjpa/kernel/exps/WildcardMatch.java,4
1.2.2,openjpa-kernel/src/main/java/org/apache/openjpa/kernel/jpql/JPQLExpressionBuilder.java,132
1.2.2,openjpa-kernel/src/main/java/org/apache/openjpa/kernel/jpql/JPQLParser.java,4
1.2.2,openjpa-kernel/src/main/java/org/apache/openjpa/kernel/jpql/ParseException.java,7
1.2.2,openjpa-kernel/src/main/java/org/apache/openjpa/meta/AbstractCFMetaDataFactory.java,120
1.2.2,openjpa-kernel/src/main/java/org/apache/openjpa/meta/AbstractMetaDataDefaults.java,34
1.2.2,openjpa-kernel/src/main/java/org/apache/openjpa/meta/AbstractMetaDataFactory.java,5
1.2.2,openjpa-kernel/src/main/java/org/apache/openjpa/meta/ClassMetaData.java,243
1.2.2,openjpa-kernel/src/main/java/org/apache/openjpa/meta/DelegatingMetaDataFactory.java,1
1.2.2,openjpa-kernel/src/main/java/org/apache/openjpa/meta/Extensions.java,41
1.2.2,openjpa-kernel/src/main/java/org/apache/openjpa/meta/FetchGroup.java,44
1.2.2,openjpa-kernel/src/main/java/org/apache/openjpa/meta/FieldMetaData.java,171
1.2.2,openjpa-kernel/src/main/java/org/apache/openjpa/meta/InMemoryRelatedFieldOrder.java,14
1.2.2,openjpa-kernel/src/main/java/org/apache/openjpa/meta/InMemoryValueOrder.java,22
1.2.2,openjpa-kernel/src/main/java/org/apache/openjpa/meta/InheritanceComparator.java,16
1.2.2,openjpa-kernel/src/main/java/org/apache/openjpa/meta/InheritanceOrderedMetaDataList.java,5
1.2.2,openjpa-kernel/src/main/java/org/apache/openjpa/meta/InterfaceImplGenerator.java,14
1.2.2,openjpa-kernel/src/main/java/org/apache/openjpa/meta/JavaTypes.java,81
1.2.2,openjpa-kernel/src/main/java/org/apache/openjpa/meta/LifecycleMetaData.java,17
1.2.2,openjpa-kernel/src/main/java/org/apache/openjpa/meta/MetaDataContext.java,1
1.2.2,openjpa-kernel/src/main/java/org/apache/openjpa/meta/MetaDataDefaults.java,10
1.2.2,openjpa-kernel/src/main/java/org/apache/openjpa/meta/MetaDataFactory.java,19
1.2.2,openjpa-kernel/src/main/java/org/apache/openjpa/meta/MetaDataInheritanceComparator.java,9
1.2.2,openjpa-kernel/src/main/java/org/apache/openjpa/meta/MetaDataModes.java,14
1.2.2,openjpa-kernel/src/main/java/org/apache/openjpa/meta/MetaDataRepository.java,213
1.2.2,openjpa-kernel/src/main/java/org/apache/openjpa/meta/MetaDataTool.java,28
1.2.2,openjpa-kernel/src/main/java/org/apache/openjpa/meta/NonPersistentMetaData.java,5
1.2.2,openjpa-kernel/src/main/java/org/apache/openjpa/meta/NoneMetaDataFactory.java,12
1.2.2,openjpa-kernel/src/main/java/org/apache/openjpa/meta/Order.java,4
1.2.2,openjpa-kernel/src/main/java/org/apache/openjpa/meta/ProxySetupStateManager.java,7
1.2.2,openjpa-kernel/src/main/java/org/apache/openjpa/meta/QueryMetaData.java,8
1.2.2,openjpa-kernel/src/main/java/org/apache/openjpa/meta/SequenceMetaData.java,16
1.2.2,openjpa-kernel/src/main/java/org/apache/openjpa/meta/UpdateStrategies.java,6
1.2.2,openjpa-kernel/src/main/java/org/apache/openjpa/meta/ValueMetaData.java,42
1.2.2,openjpa-kernel/src/main/java/org/apache/openjpa/meta/ValueMetaDataImpl.java,44
1.2.2,openjpa-kernel/src/main/java/org/apache/openjpa/meta/ValueStrategies.java,8
1.2.2,openjpa-kernel/src/main/java/org/apache/openjpa/meta/XMLClassMetaData.java,2
1.2.2,openjpa-kernel/src/main/java/org/apache/openjpa/meta/XMLFieldMetaData.java,5
1.2.2,openjpa-kernel/src/main/java/org/apache/openjpa/meta/XMLMetaData.java,21
1.2.2,openjpa-kernel/src/main/java/org/apache/openjpa/util/AbstractChangeTracker.java,19
1.2.2,openjpa-kernel/src/main/java/org/apache/openjpa/util/AbstractLRSProxyCollection.java,35
1.2.2,openjpa-kernel/src/main/java/org/apache/openjpa/util/AbstractLRSProxyMap.java,56
1.2.2,openjpa-kernel/src/main/java/org/apache/openjpa/util/ApplicationIds.java,64
1.2.2,openjpa-kernel/src/main/java/org/apache/openjpa/util/ArrayStateImage.java,6
1.2.2,openjpa-kernel/src/main/java/org/apache/openjpa/util/BigDecimalId.java,5
1.2.2,openjpa-kernel/src/main/java/org/apache/openjpa/util/BigIntegerId.java,5
1.2.2,openjpa-kernel/src/main/java/org/apache/openjpa/util/ByteId.java,2
1.2.2,openjpa-kernel/src/main/java/org/apache/openjpa/util/CacheMap.java,47
1.2.2,openjpa-kernel/src/main/java/org/apache/openjpa/util/ChangeTracker.java,8
1.2.2,openjpa-kernel/src/main/java/org/apache/openjpa/util/CharId.java,2
1.2.2,openjpa-kernel/src/main/java/org/apache/openjpa/util/ClassResolver.java,1
1.2.2,openjpa-kernel/src/main/java/org/apache/openjpa/util/ClassResolverImpl.java,6
1.2.2,openjpa-kernel/src/main/java/org/apache/openjpa/util/CollectionChangeTracker.java,2
1.2.2,openjpa-kernel/src/main/java/org/apache/openjpa/util/CollectionChangeTrackerImpl.java,9
1.2.2,openjpa-kernel/src/main/java/org/apache/openjpa/util/DateId.java,1
1.2.2,openjpa-kernel/src/main/java/org/apache/openjpa/util/DoubleId.java,2
1.2.2,openjpa-kernel/src/main/java/org/apache/openjpa/util/ExceptionInfo.java,13
1.2.2,openjpa-kernel/src/main/java/org/apache/openjpa/util/Exceptions.java,26
1.2.2,openjpa-kernel/src/main/java/org/apache/openjpa/util/FloatId.java,2
1.2.2,openjpa-kernel/src/main/java/org/apache/openjpa/util/GeneralException.java,1
1.2.2,openjpa-kernel/src/main/java/org/apache/openjpa/util/GeneratedClasses.java,10
1.2.2,openjpa-kernel/src/main/java/org/apache/openjpa/util/Id.java,9
1.2.2,openjpa-kernel/src/main/java/org/apache/openjpa/util/ImplHelper.java,23
1.2.2,openjpa-kernel/src/main/java/org/apache/openjpa/util/IntId.java,1
1.2.2,openjpa-kernel/src/main/java/org/apache/openjpa/util/LockException.java,2
1.2.2,openjpa-kernel/src/main/java/org/apache/openjpa/util/MapChangeTracker.java,5
1.2.2,openjpa-kernel/src/main/java/org/apache/openjpa/util/MapChangeTrackerImpl.java,14
1.2.2,openjpa-kernel/src/main/java/org/apache/openjpa/util/MultiLoaderClassResolver.java,3
1.2.2,openjpa-kernel/src/main/java/org/apache/openjpa/util/OpenJPAException.java,10
1.2.2,openjpa-kernel/src/main/java/org/apache/openjpa/util/OpenJPAId.java,11
1.2.2,openjpa-kernel/src/main/java/org/apache/openjpa/util/Proxies.java,5
1.2.2,openjpa-kernel/src/main/java/org/apache/openjpa/util/Proxy.java,5
1.2.2,openjpa-kernel/src/main/java/org/apache/openjpa/util/ProxyBean.java,1
1.2.2,openjpa-kernel/src/main/java/org/apache/openjpa/util/ProxyCalendar.java,1
1.2.2,openjpa-kernel/src/main/java/org/apache/openjpa/util/ProxyCollection.java,2
1.2.2,openjpa-kernel/src/main/java/org/apache/openjpa/util/ProxyCollections.java,40
1.2.2,openjpa-kernel/src/main/java/org/apache/openjpa/util/ProxyDate.java,1
1.2.2,openjpa-kernel/src/main/java/org/apache/openjpa/util/ProxyManager.java,11
1.2.2,openjpa-kernel/src/main/java/org/apache/openjpa/util/ProxyManagerImpl.java,125
1.2.2,openjpa-kernel/src/main/java/org/apache/openjpa/util/ProxyMap.java,3
1.2.2,openjpa-kernel/src/main/java/org/apache/openjpa/util/ProxyMaps.java,20
1.2.2,openjpa-kernel/src/main/java/org/apache/openjpa/util/RuntimeExceptionTranslator.java,1
1.2.2,openjpa-kernel/src/main/java/org/apache/openjpa/util/Serialization.java,12
1.2.2,openjpa-kernel/src/main/java/org/apache/openjpa/util/ShortId.java,2
1.2.2,openjpa-kernel/src/main/java/org/apache/openjpa/util/StoreFacadeTypeRegistry.java,6
1.2.2,openjpa-kernel/src/main/java/org/apache/openjpa/util/StringId.java,1
1.2.2,openjpa-kernel/src/main/java/org/apache/openjpa/util/UserException.java,1
1.2.2,openjpa-lib/src/main/java/org/apache/openjpa/lib/ant/AbstractTask.java,14
1.2.2,openjpa-lib/src/main/java/org/apache/openjpa/lib/conf/AbstractProductDerivation.java,5
1.2.2,openjpa-lib/src/main/java/org/apache/openjpa/lib/conf/BooleanValue.java,3
1.2.2,openjpa-lib/src/main/java/org/apache/openjpa/lib/conf/Configurable.java,3
1.2.2,openjpa-lib/src/main/java/org/apache/openjpa/lib/conf/Configuration.java,33
1.2.2,openjpa-lib/src/main/java/org/apache/openjpa/lib/conf/ConfigurationImpl.java,100
1.2.2,openjpa-lib/src/main/java/org/apache/openjpa/lib/conf/ConfigurationProvider.java,4
1.2.2,openjpa-lib/src/main/java/org/apache/openjpa/lib/conf/Configurations.java,84
1.2.2,openjpa-lib/src/main/java/org/apache/openjpa/lib/conf/DoubleValue.java,5
1.2.2,openjpa-lib/src/main/java/org/apache/openjpa/lib/conf/FileValue.java,1
1.2.2,openjpa-lib/src/main/java/org/apache/openjpa/lib/conf/GenericConfigurable.java,1
1.2.2,openjpa-lib/src/main/java/org/apache/openjpa/lib/conf/IntValue.java,5
1.2.2,openjpa-lib/src/main/java/org/apache/openjpa/lib/conf/MapConfigurationProvider.java,6
1.2.2,openjpa-lib/src/main/java/org/apache/openjpa/lib/conf/ObjectValue.java,4
1.2.2,openjpa-lib/src/main/java/org/apache/openjpa/lib/conf/PluginListValue.java,14
1.2.2,openjpa-lib/src/main/java/org/apache/openjpa/lib/conf/PluginValue.java,6
1.2.2,openjpa-lib/src/main/java/org/apache/openjpa/lib/conf/ProductDerivation.java,16
1.2.2,openjpa-lib/src/main/java/org/apache/openjpa/lib/conf/ProductDerivations.java,45
1.2.2,openjpa-lib/src/main/java/org/apache/openjpa/lib/conf/StringListValue.java,9
1.2.2,openjpa-lib/src/main/java/org/apache/openjpa/lib/conf/StringValue.java,1
1.2.2,openjpa-lib/src/main/java/org/apache/openjpa/lib/conf/Value.java,31
1.2.2,openjpa-lib/src/main/java/org/apache/openjpa/lib/conf/ValueListener.java,1
1.2.2,openjpa-lib/src/main/java/org/apache/openjpa/lib/graph/BreadthFirstWalk.java,13
1.2.2,openjpa-lib/src/main/java/org/apache/openjpa/lib/graph/DepthFirstAnalysis.java,17
1.2.2,openjpa-lib/src/main/java/org/apache/openjpa/lib/graph/Edge.java,5
1.2.2,openjpa-lib/src/main/java/org/apache/openjpa/lib/graph/Graph.java,18
1.2.2,openjpa-lib/src/main/java/org/apache/openjpa/lib/graph/GraphVisitor.java,3
1.2.2,openjpa-lib/src/main/java/org/apache/openjpa/lib/jdbc/AbstractJDBCListener.java,1
1.2.2,openjpa-lib/src/main/java/org/apache/openjpa/lib/jdbc/ConfiguringConnectionDecorator.java,12
1.2.2,openjpa-lib/src/main/java/org/apache/openjpa/lib/jdbc/ConnectionDecorator.java,1
1.2.2,openjpa-lib/src/main/java/org/apache/openjpa/lib/jdbc/DataSourceLogs.java,9
1.2.2,openjpa-lib/src/main/java/org/apache/openjpa/lib/jdbc/DecoratingDataSource.java,5
1.2.2,openjpa-lib/src/main/java/org/apache/openjpa/lib/jdbc/DelegatingCallableStatement.java,167
1.2.2,openjpa-lib/src/main/java/org/apache/openjpa/lib/jdbc/DelegatingConnection.java,96
1.2.2,openjpa-lib/src/main/java/org/apache/openjpa/lib/jdbc/DelegatingDataSource.java,16
1.2.2,openjpa-lib/src/main/java/org/apache/openjpa/lib/jdbc/DelegatingDatabaseMetaData.java,170
1.2.2,openjpa-lib/src/main/java/org/apache/openjpa/lib/jdbc/DelegatingPreparedStatement.java,89
1.2.2,openjpa-lib/src/main/java/org/apache/openjpa/lib/jdbc/DelegatingResultSet.java,146
1.2.2,openjpa-lib/src/main/java/org/apache/openjpa/lib/jdbc/DelegatingStatement.java,50
1.2.2,openjpa-lib/src/main/java/org/apache/openjpa/lib/jdbc/JDBCEventConnectionDecorator.java,7
1.2.2,openjpa-lib/src/main/java/org/apache/openjpa/lib/jdbc/JDBCListener.java,12
1.2.2,openjpa-lib/src/main/java/org/apache/openjpa/lib/jdbc/LoggingConnectionDecorator.java,102
1.2.2,openjpa-lib/src/main/java/org/apache/openjpa/lib/jdbc/ReportingSQLException.java,6
1.2.2,openjpa-lib/src/main/java/org/apache/openjpa/lib/jdbc/SQLFormatter.java,17
1.2.2,openjpa-lib/src/main/java/org/apache/openjpa/lib/log/AbstractLog.java,11
1.2.2,openjpa-lib/src/main/java/org/apache/openjpa/lib/log/CommonsLogFactory.java,2
1.2.2,openjpa-lib/src/main/java/org/apache/openjpa/lib/log/Log.java,20
1.2.2,openjpa-lib/src/main/java/org/apache/openjpa/lib/log/Log4JLogFactory.java,1
1.2.2,openjpa-lib/src/main/java/org/apache/openjpa/lib/log/LogFactory.java,1
1.2.2,openjpa-lib/src/main/java/org/apache/openjpa/lib/log/LogFactoryImpl.java,12
1.2.2,openjpa-lib/src/main/java/org/apache/openjpa/lib/log/LogOutputStream.java,3
1.2.2,openjpa-lib/src/main/java/org/apache/openjpa/lib/log/MultiLogFactory.java,38
1.2.2,openjpa-lib/src/main/java/org/apache/openjpa/lib/log/NoneLogFactory.java,10
1.2.2,openjpa-lib/src/main/java/org/apache/openjpa/lib/meta/CFMetaDataParser.java,29
1.2.2,openjpa-lib/src/main/java/org/apache/openjpa/lib/meta/CFMetaDataSerializer.java,5
1.2.2,openjpa-lib/src/main/java/org/apache/openjpa/lib/meta/ClassAnnotationMetaDataFilter.java,13
1.2.2,openjpa-lib/src/main/java/org/apache/openjpa/lib/meta/ClassArgParser.java,67
1.2.2,openjpa-lib/src/main/java/org/apache/openjpa/lib/meta/ClassMetaDataIterator.java,15
1.2.2,openjpa-lib/src/main/java/org/apache/openjpa/lib/meta/ClasspathMetaDataIterator.java,8
1.2.2,openjpa-lib/src/main/java/org/apache/openjpa/lib/meta/FileMetaDataIterator.java,18
1.2.2,openjpa-lib/src/main/java/org/apache/openjpa/lib/meta/MetaDataFilter.java,4
1.2.2,openjpa-lib/src/main/java/org/apache/openjpa/lib/meta/MetaDataIterator.java,5
1.2.2,openjpa-lib/src/main/java/org/apache/openjpa/lib/meta/MetaDataIteratorChain.java,11
1.2.2,openjpa-lib/src/main/java/org/apache/openjpa/lib/meta/MetaDataParser.java,9
1.2.2,openjpa-lib/src/main/java/org/apache/openjpa/lib/meta/MetaDataSerializer.java,8
1.2.2,openjpa-lib/src/main/java/org/apache/openjpa/lib/meta/ResourceMetaDataIterator.java,6
1.2.2,openjpa-lib/src/main/java/org/apache/openjpa/lib/meta/SourceTracker.java,9
1.2.2,openjpa-lib/src/main/java/org/apache/openjpa/lib/meta/SourceTrackers.java,2
1.2.2,openjpa-lib/src/main/java/org/apache/openjpa/lib/meta/URLMetaDataIterator.java,7
1.2.2,openjpa-lib/src/main/java/org/apache/openjpa/lib/meta/XMLMetaDataParser.java,60
1.2.2,openjpa-lib/src/main/java/org/apache/openjpa/lib/meta/XMLMetaDataSerializer.java,27
1.2.2,openjpa-lib/src/main/java/org/apache/openjpa/lib/meta/ZipFileMetaDataIterator.java,12
1.2.2,openjpa-lib/src/main/java/org/apache/openjpa/lib/meta/ZipStreamMetaDataIterator.java,16
1.2.2,openjpa-lib/src/main/java/org/apache/openjpa/lib/rop/AbstractListIterator.java,3
1.2.2,openjpa-lib/src/main/java/org/apache/openjpa/lib/rop/AbstractNonSequentialResultList.java,16
1.2.2,openjpa-lib/src/main/java/org/apache/openjpa/lib/rop/AbstractResultList.java,1
1.2.2,openjpa-lib/src/main/java/org/apache/openjpa/lib/rop/AbstractSequentialResultList.java,13
1.2.2,openjpa-lib/src/main/java/org/apache/openjpa/lib/rop/EagerResultList.java,2
1.2.2,openjpa-lib/src/main/java/org/apache/openjpa/lib/rop/LazyForwardResultList.java,15
1.2.2,openjpa-lib/src/main/java/org/apache/openjpa/lib/rop/ListResultObjectProvider.java,3
1.2.2,openjpa-lib/src/main/java/org/apache/openjpa/lib/rop/MergedResultObjectProvider.java,15
1.2.2,openjpa-lib/src/main/java/org/apache/openjpa/lib/rop/RandomAccessResultList.java,16
1.2.2,openjpa-lib/src/main/java/org/apache/openjpa/lib/rop/RangeResultObjectProvider.java,9
1.2.2,openjpa-lib/src/main/java/org/apache/openjpa/lib/rop/ResultList.java,3
1.2.2,openjpa-lib/src/main/java/org/apache/openjpa/lib/rop/ResultListIterator.java,3
1.2.2,openjpa-lib/src/main/java/org/apache/openjpa/lib/rop/ResultObjectProvider.java,9
1.2.2,openjpa-lib/src/main/java/org/apache/openjpa/lib/rop/ResultObjectProviderIterator.java,8
1.2.2,openjpa-lib/src/main/java/org/apache/openjpa/lib/rop/SimpleResultList.java,5
1.2.2,openjpa-lib/src/main/java/org/apache/openjpa/lib/rop/WindowResultList.java,11
1.2.2,openjpa-lib/src/main/java/org/apache/openjpa/lib/util/Base16Encoder.java,9
1.2.2,openjpa-lib/src/main/java/org/apache/openjpa/lib/util/BytecodeWriter.java,1
1.2.2,openjpa-lib/src/main/java/org/apache/openjpa/lib/util/Bytes.java,11
1.2.2,openjpa-lib/src/main/java/org/apache/openjpa/lib/util/Closeable.java,1
1.2.2,openjpa-lib/src/main/java/org/apache/openjpa/lib/util/CodeFormat.java,31
1.2.2,openjpa-lib/src/main/java/org/apache/openjpa/lib/util/EventManager.java,6
1.2.2,openjpa-lib/src/main/java/org/apache/openjpa/lib/util/Files.java,35
1.2.2,openjpa-lib/src/main/java/org/apache/openjpa/lib/util/FormatPreservingProperties.java,69
1.2.2,openjpa-lib/src/main/java/org/apache/openjpa/lib/util/J2DoPriv5Helper.java,3
1.2.2,openjpa-lib/src/main/java/org/apache/openjpa/lib/util/J2DoPrivHelper.java,54
1.2.2,openjpa-lib/src/main/java/org/apache/openjpa/lib/util/JavaVersions.java,28
1.2.2,openjpa-lib/src/main/java/org/apache/openjpa/lib/util/LRUMap.java,3
1.2.2,openjpa-lib/src/main/java/org/apache/openjpa/lib/util/Localizer.java,7
1.2.2,openjpa-lib/src/main/java/org/apache/openjpa/lib/util/MultiClassLoader.java,31
1.2.2,openjpa-lib/src/main/java/org/apache/openjpa/lib/util/Options.java,74
1.2.2,openjpa-lib/src/main/java/org/apache/openjpa/lib/util/ParameterTemplate.java,11
1.2.2,openjpa-lib/src/main/java/org/apache/openjpa/lib/util/ParseException.java,1
1.2.2,openjpa-lib/src/main/java/org/apache/openjpa/lib/util/ReferenceHashMap.java,17
1.2.2,openjpa-lib/src/main/java/org/apache/openjpa/lib/util/ReferenceHashSet.java,16
1.2.2,openjpa-lib/src/main/java/org/apache/openjpa/lib/util/ReferenceMap.java,6
1.2.2,openjpa-lib/src/main/java/org/apache/openjpa/lib/util/ResourceBundleProvider.java,1
1.2.2,openjpa-lib/src/main/java/org/apache/openjpa/lib/util/Services.java,22
1.2.2,openjpa-lib/src/main/java/org/apache/openjpa/lib/util/SimpleRegex.java,12
1.2.2,openjpa-lib/src/main/java/org/apache/openjpa/lib/util/SimpleResourceBundleProvider.java,4
1.2.2,openjpa-lib/src/main/java/org/apache/openjpa/lib/util/SizedMap.java,4
1.2.2,openjpa-lib/src/main/java/org/apache/openjpa/lib/util/StreamResourceBundleProvider.java,3
1.2.2,openjpa-lib/src/main/java/org/apache/openjpa/lib/util/StringDistance.java,17
1.2.2,openjpa-lib/src/main/java/org/apache/openjpa/lib/util/TemporaryClassLoader.java,13
1.2.2,openjpa-lib/src/main/java/org/apache/openjpa/lib/util/TimestampHelper.java,3
1.2.2,openjpa-lib/src/main/java/org/apache/openjpa/lib/util/TypedProperties.java,9
1.2.2,openjpa-lib/src/main/java/org/apache/openjpa/lib/util/UUIDGenerator.java,6
1.2.2,openjpa-lib/src/main/java/org/apache/openjpa/lib/util/ZipResourceBundleProvider.java,7
1.2.2,openjpa-lib/src/main/java/org/apache/openjpa/lib/util/concurrent/AbstractConcurrentEventManager.java,7
1.2.2,openjpa-lib/src/main/java/org/apache/openjpa/lib/util/concurrent/ConcurrentHashMap.java,100
1.2.2,openjpa-lib/src/main/java/org/apache/openjpa/lib/util/concurrent/ConcurrentMap.java,2
1.2.2,openjpa-lib/src/main/java/org/apache/openjpa/lib/util/concurrent/ConcurrentReferenceHashMap.java,146
1.2.2,openjpa-lib/src/main/java/org/apache/openjpa/lib/util/concurrent/ConcurrentReferenceHashSet.java,15
1.2.2,openjpa-lib/src/main/java/org/apache/openjpa/lib/util/concurrent/NullSafeConcurrentHashMap.java,39
1.2.2,openjpa-lib/src/main/java/org/apache/openjpa/lib/util/concurrent/SizedConcurrentHashMap.java,8
1.2.2,openjpa-lib/src/main/java/org/apache/openjpa/lib/xml/Commentable.java,3
1.2.2,openjpa-lib/src/main/java/org/apache/openjpa/lib/xml/DocTypeReader.java,26
1.2.2,openjpa-lib/src/main/java/org/apache/openjpa/lib/xml/Location.java,1
1.2.2,openjpa-lib/src/main/java/org/apache/openjpa/lib/xml/ValidatingErrorHandler.java,3
1.2.2,openjpa-lib/src/main/java/org/apache/openjpa/lib/xml/XMLFactory.java,5
1.2.2,openjpa-lib/src/main/java/org/apache/openjpa/lib/xml/XMLWriter.java,11
1.2.2,openjpa-persistence-jdbc/src/main/java/org/apache/openjpa/persistence/jdbc/AnnotationPersistenceMappingParser.java,143
1.2.2,openjpa-persistence-jdbc/src/main/java/org/apache/openjpa/persistence/jdbc/AnnotationPersistenceMappingSerializer.java,85
1.2.2,openjpa-persistence-jdbc/src/main/java/org/apache/openjpa/persistence/jdbc/ElementEmbeddedMapping.java,2
1.2.2,openjpa-persistence-jdbc/src/main/java/org/apache/openjpa/persistence/jdbc/EmbeddedMapping.java,2
1.2.2,openjpa-persistence-jdbc/src/main/java/org/apache/openjpa/persistence/jdbc/FetchDirection.java,1
1.2.2,openjpa-persistence-jdbc/src/main/java/org/apache/openjpa/persistence/jdbc/FetchMode.java,1
1.2.2,openjpa-persistence-jdbc/src/main/java/org/apache/openjpa/persistence/jdbc/IsolationLevel.java,1
1.2.2,openjpa-persistence-jdbc/src/main/java/org/apache/openjpa/persistence/jdbc/JDBCFetchPlan.java,57
1.2.2,openjpa-persistence-jdbc/src/main/java/org/apache/openjpa/persistence/jdbc/JDBCPersistenceProductDerivation.java,4
1.2.2,openjpa-persistence-jdbc/src/main/java/org/apache/openjpa/persistence/jdbc/JoinSyntax.java,1
1.2.2,openjpa-persistence-jdbc/src/main/java/org/apache/openjpa/persistence/jdbc/KeyEmbeddedMapping.java,2
1.2.2,openjpa-persistence-jdbc/src/main/java/org/apache/openjpa/persistence/jdbc/LRSSizeAlgorithm.java,1
1.2.2,openjpa-persistence-jdbc/src/main/java/org/apache/openjpa/persistence/jdbc/PersistenceMappingDefaults.java,20
1.2.2,openjpa-persistence-jdbc/src/main/java/org/apache/openjpa/persistence/jdbc/PersistenceMappingFactory.java,2
1.2.2,openjpa-persistence-jdbc/src/main/java/org/apache/openjpa/persistence/jdbc/ResultSetType.java,1
1.2.2,openjpa-persistence-jdbc/src/main/java/org/apache/openjpa/persistence/jdbc/XEmbeddedMapping.java,2
1.2.2,openjpa-persistence-jdbc/src/main/java/org/apache/openjpa/persistence/jdbc/XMLPersistenceMappingParser.java,67
1.2.2,openjpa-persistence-jdbc/src/main/java/org/apache/openjpa/persistence/jdbc/XMLPersistenceMappingSerializer.java,81
1.2.2,openjpa-persistence/src/main/java/org/apache/openjpa/persistence/AnnotationBuilder.java,15
1.2.2,openjpa-persistence/src/main/java/org/apache/openjpa/persistence/AnnotationPersistenceMetaDataParser.java,215
1.2.2,openjpa-persistence/src/main/java/org/apache/openjpa/persistence/AnnotationPersistenceMetaDataSerializer.java,200
1.2.2,openjpa-persistence/src/main/java/org/apache/openjpa/persistence/AnnotationPersistenceXMLMetaDataParser.java,15
1.2.2,openjpa-persistence/src/main/java/org/apache/openjpa/persistence/ArgumentException.java,5
1.2.2,openjpa-persistence/src/main/java/org/apache/openjpa/persistence/AutoClearType.java,1
1.2.2,openjpa-persistence/src/main/java/org/apache/openjpa/persistence/AutoDetachType.java,9
1.2.2,openjpa-persistence/src/main/java/org/apache/openjpa/persistence/CallbackMode.java,10
1.2.2,openjpa-persistence/src/main/java/org/apache/openjpa/persistence/ConnectionRetainMode.java,1
1.2.2,openjpa-persistence/src/main/java/org/apache/openjpa/persistence/DetachStateType.java,1
1.2.2,openjpa-persistence/src/main/java/org/apache/openjpa/persistence/EntityExistsException.java,1
1.2.2,openjpa-persistence/src/main/java/org/apache/openjpa/persistence/EntityManagerFactoryImpl.java,29
1.2.2,openjpa-persistence/src/main/java/org/apache/openjpa/persistence/EntityManagerFactoryValue.java,1
1.2.2,openjpa-persistence/src/main/java/org/apache/openjpa/persistence/EntityManagerImpl.java,57
1.2.2,openjpa-persistence/src/main/java/org/apache/openjpa/persistence/EntityNotFoundException.java,1
1.2.2,openjpa-persistence/src/main/java/org/apache/openjpa/persistence/Extent.java,9
1.2.2,openjpa-persistence/src/main/java/org/apache/openjpa/persistence/ExtentImpl.java,6
1.2.2,openjpa-persistence/src/main/java/org/apache/openjpa/persistence/FetchPlan.java,44
1.2.2,openjpa-persistence/src/main/java/org/apache/openjpa/persistence/FetchPlanImpl.java,8
1.2.2,openjpa-persistence/src/main/java/org/apache/openjpa/persistence/Generator.java,9
1.2.2,openjpa-persistence/src/main/java/org/apache/openjpa/persistence/GeneratorImpl.java,5
1.2.2,openjpa-persistence/src/main/java/org/apache/openjpa/persistence/InvalidStateException.java,5
1.2.2,openjpa-persistence/src/main/java/org/apache/openjpa/persistence/JPAFacadeHelper.java,43
1.2.2,openjpa-persistence/src/main/java/org/apache/openjpa/persistence/MetaDataParsers.java,8
1.2.2,openjpa-persistence/src/main/java/org/apache/openjpa/persistence/NoResultException.java,1
1.2.2,openjpa-persistence/src/main/java/org/apache/openjpa/persistence/NonUniqueResultException.java,1
1.2.2,openjpa-persistence/src/main/java/org/apache/openjpa/persistence/OpenJPAEntityManager.java,177
1.2.2,openjpa-persistence/src/main/java/org/apache/openjpa/persistence/OpenJPAEntityManagerFactory.java,16
1.2.2,openjpa-persistence/src/main/java/org/apache/openjpa/persistence/OpenJPAEntityManagerFactorySPI.java,7
1.2.2,openjpa-persistence/src/main/java/org/apache/openjpa/persistence/OpenJPAEntityManagerSPI.java,16
1.2.2,openjpa-persistence/src/main/java/org/apache/openjpa/persistence/OpenJPAEntityTransaction.java,4
1.2.2,openjpa-persistence/src/main/java/org/apache/openjpa/persistence/OpenJPAPersistence.java,6
1.2.2,openjpa-persistence/src/main/java/org/apache/openjpa/persistence/OpenJPAQuery.java,45
1.2.2,openjpa-persistence/src/main/java/org/apache/openjpa/persistence/OpenJPAQuerySPI.java,4
1.2.2,openjpa-persistence/src/main/java/org/apache/openjpa/persistence/OptimisticLockException.java,1
1.2.2,openjpa-persistence/src/main/java/org/apache/openjpa/persistence/PersistenceException.java,1
1.2.2,openjpa-persistence/src/main/java/org/apache/openjpa/persistence/PersistenceExceptions.java,13
1.2.2,openjpa-persistence/src/main/java/org/apache/openjpa/persistence/PersistenceListenerAdapter.java,8
1.2.2,openjpa-persistence/src/main/java/org/apache/openjpa/persistence/PersistenceMetaDataDefaults.java,32
1.2.2,openjpa-persistence/src/main/java/org/apache/openjpa/persistence/PersistenceMetaDataFactory.java,43
1.2.2,openjpa-persistence/src/main/java/org/apache/openjpa/persistence/PersistenceProductDerivation.java,48
1.2.2,openjpa-persistence/src/main/java/org/apache/openjpa/persistence/PersistenceProviderImpl.java,9
1.2.2,openjpa-persistence/src/main/java/org/apache/openjpa/persistence/PersistenceUnitInfoImpl.java,35
1.2.2,openjpa-persistence/src/main/java/org/apache/openjpa/persistence/QueryImpl.java,52
1.2.2,openjpa-persistence/src/main/java/org/apache/openjpa/persistence/QueryOperationType.java,1
1.2.2,openjpa-persistence/src/main/java/org/apache/openjpa/persistence/QueryResultCache.java,6
1.2.2,openjpa-persistence/src/main/java/org/apache/openjpa/persistence/QueryResultCacheImpl.java,9
1.2.2,openjpa-persistence/src/main/java/org/apache/openjpa/persistence/RestoreStateType.java,1
1.2.2,openjpa-persistence/src/main/java/org/apache/openjpa/persistence/RollbackException.java,1
1.2.2,openjpa-persistence/src/main/java/org/apache/openjpa/persistence/StoreCache.java,15
1.2.2,openjpa-persistence/src/main/java/org/apache/openjpa/persistence/StoreCacheImpl.java,14
1.2.2,openjpa-persistence/src/main/java/org/apache/openjpa/persistence/TransactionRequiredException.java,1
1.2.2,openjpa-persistence/src/main/java/org/apache/openjpa/persistence/XMLPersistenceMetaDataParser.java,153
1.2.2,openjpa-persistence/src/main/java/org/apache/openjpa/persistence/XMLPersistenceMetaDataSerializer.java,191
1.2.2,openjpa-slice/src/main/java/org/apache/openjpa/slice/DistributedBrokerImpl.java,4
1.2.2,openjpa-slice/src/main/java/org/apache/openjpa/slice/ExecutorServiceValue.java,3
1.2.2,openjpa-slice/src/main/java/org/apache/openjpa/slice/Slice.java,6
1.2.2,openjpa-slice/src/main/java/org/apache/openjpa/slice/SlicePersistence.java,4
1.2.2,openjpa-slice/src/main/java/org/apache/openjpa/slice/jdbc/DistributedConnection.java,73
1.2.2,openjpa-slice/src/main/java/org/apache/openjpa/slice/jdbc/DistributedDataSource.java,9
1.2.2,openjpa-slice/src/main/java/org/apache/openjpa/slice/jdbc/DistributedJDBCBrokerFactory.java,5
1.2.2,openjpa-slice/src/main/java/org/apache/openjpa/slice/jdbc/DistributedJDBCConfigurationImpl.java,31
1.2.2,openjpa-slice/src/main/java/org/apache/openjpa/slice/jdbc/DistributedPreparedStatement.java,107
1.2.2,openjpa-slice/src/main/java/org/apache/openjpa/slice/jdbc/DistributedResultSet.java,152
1.2.2,openjpa-slice/src/main/java/org/apache/openjpa/slice/jdbc/DistributedStoreManager.java,23
1.2.2,openjpa-slice/src/main/java/org/apache/openjpa/slice/jdbc/DistributedStoreQuery.java,17
1.2.2,openjpa-slice/src/main/java/org/apache/openjpa/slice/jdbc/DistributedTemplate.java,95
1.2.2,openjpa-slice/src/main/java/org/apache/openjpa/slice/jdbc/UniqueResultObjectProvider.java,10
1.2.2,openjpa-xmlstore/src/main/java/org/apache/openjpa/xmlstore/ObjectData.java,26
1.2.2,openjpa-xmlstore/src/main/java/org/apache/openjpa/xmlstore/XMLConfiguration.java,2
1.2.2,openjpa-xmlstore/src/main/java/org/apache/openjpa/xmlstore/XMLFileHandler.java,48
1.2.2,openjpa-xmlstore/src/main/java/org/apache/openjpa/xmlstore/XMLStore.java,10
1.2.2,openjpa-xmlstore/src/main/java/org/apache/openjpa/xmlstore/XMLStoreManager.java,20
2.0.0-M1,openjpa-examples/src/main/java/hellojpa/Main.java,2
2.0.0-M1,openjpa-examples/src/main/java/hellojpa/Message.java,2
2.0.0-M1,openjpa-examples/src/main/java/relations/Deity.java,5
2.0.0-M1,openjpa-examples/src/main/java/relations/Main.java,15
2.0.0-M1,openjpa-examples/src/main/java/reversemapping/Main.java,2
2.0.0-M1,openjpa-jdbc/src/main/java/org/apache/openjpa/jdbc/ant/MappingToolTask.java,4
2.0.0-M1,openjpa-jdbc/src/main/java/org/apache/openjpa/jdbc/ant/ReverseMappingToolTask.java,5
2.0.0-M1,openjpa-jdbc/src/main/java/org/apache/openjpa/jdbc/ant/SchemaToolTask.java,2
2.0.0-M1,openjpa-jdbc/src/main/java/org/apache/openjpa/jdbc/conf/JDBCConfiguration.java,75
2.0.0-M1,openjpa-jdbc/src/main/java/org/apache/openjpa/jdbc/conf/JDBCConfigurationImpl.java,34
2.0.0-M1,openjpa-jdbc/src/main/java/org/apache/openjpa/jdbc/conf/MappingFactoryValue.java,11
2.0.0-M1,openjpa-jdbc/src/main/java/org/apache/openjpa/jdbc/conf/MappingRepositoryValue.java,1
2.0.0-M1,openjpa-jdbc/src/main/java/org/apache/openjpa/jdbc/conf/QuerySQLCacheValue.java,4
2.0.0-M1,openjpa-jdbc/src/main/java/org/apache/openjpa/jdbc/kernel/AbstractJDBCSavepointManager.java,3
2.0.0-M1,openjpa-jdbc/src/main/java/org/apache/openjpa/jdbc/kernel/AbstractJDBCSeq.java,10
2.0.0-M1,openjpa-jdbc/src/main/java/org/apache/openjpa/jdbc/kernel/AbstractUpdateManager.java,34
2.0.0-M1,openjpa-jdbc/src/main/java/org/apache/openjpa/jdbc/kernel/BatchingPreparedStatementManagerImpl.java,20
2.0.0-M1,openjpa-jdbc/src/main/java/org/apache/openjpa/jdbc/kernel/ClassTableJDBCSeq.java,18
2.0.0-M1,openjpa-jdbc/src/main/java/org/apache/openjpa/jdbc/kernel/ConstraintUpdateManager.java,34
2.0.0-M1,openjpa-jdbc/src/main/java/org/apache/openjpa/jdbc/kernel/EagerFetchModes.java,6
2.0.0-M1,openjpa-jdbc/src/main/java/org/apache/openjpa/jdbc/kernel/GenericResultObjectProvider.java,6
2.0.0-M1,openjpa-jdbc/src/main/java/org/apache/openjpa/jdbc/kernel/InstanceResultObjectProvider.java,1
2.0.0-M1,openjpa-jdbc/src/main/java/org/apache/openjpa/jdbc/kernel/JDBC3SavepointManager.java,2
2.0.0-M1,openjpa-jdbc/src/main/java/org/apache/openjpa/jdbc/kernel/JDBCBrokerFactory.java,7
2.0.0-M1,openjpa-jdbc/src/main/java/org/apache/openjpa/jdbc/kernel/JDBCFetchConfiguration.java,27
2.0.0-M1,openjpa-jdbc/src/main/java/org/apache/openjpa/jdbc/kernel/JDBCFetchConfigurationImpl.java,39
2.0.0-M1,openjpa-jdbc/src/main/java/org/apache/openjpa/jdbc/kernel/JDBCLockManager.java,2
2.0.0-M1,openjpa-jdbc/src/main/java/org/apache/openjpa/jdbc/kernel/JDBCSeq.java,1
2.0.0-M1,openjpa-jdbc/src/main/java/org/apache/openjpa/jdbc/kernel/JDBCStore.java,10
2.0.0-M1,openjpa-jdbc/src/main/java/org/apache/openjpa/jdbc/kernel/JDBCStoreManager.java,182
2.0.0-M1,openjpa-jdbc/src/main/java/org/apache/openjpa/jdbc/kernel/JDBCStoreQuery.java,107
2.0.0-M1,openjpa-jdbc/src/main/java/org/apache/openjpa/jdbc/kernel/LRSSizes.java,6
2.0.0-M1,openjpa-jdbc/src/main/java/org/apache/openjpa/jdbc/kernel/MappedQueryResultObjectProvider.java,41
2.0.0-M1,openjpa-jdbc/src/main/java/org/apache/openjpa/jdbc/kernel/NativeJDBCSeq.java,22
2.0.0-M1,openjpa-jdbc/src/main/java/org/apache/openjpa/jdbc/kernel/OperationOrderUpdateManager.java,18
2.0.0-M1,openjpa-jdbc/src/main/java/org/apache/openjpa/jdbc/kernel/PagingResultObjectProvider.java,48
2.0.0-M1,openjpa-jdbc/src/main/java/org/apache/openjpa/jdbc/kernel/PessimisticLockManager.java,16
2.0.0-M1,openjpa-jdbc/src/main/java/org/apache/openjpa/jdbc/kernel/PreparedStatementManager.java,3
2.0.0-M1,openjpa-jdbc/src/main/java/org/apache/openjpa/jdbc/kernel/PreparedStatementManagerImpl.java,19
2.0.0-M1,openjpa-jdbc/src/main/java/org/apache/openjpa/jdbc/kernel/ProjectionResultObjectProvider.java,1
2.0.0-M1,openjpa-jdbc/src/main/java/org/apache/openjpa/jdbc/kernel/SQLProjectionResultObjectProvider.java,7
2.0.0-M1,openjpa-jdbc/src/main/java/org/apache/openjpa/jdbc/kernel/SQLStoreQuery.java,34
2.0.0-M1,openjpa-jdbc/src/main/java/org/apache/openjpa/jdbc/kernel/SelectResultObjectProvider.java,7
2.0.0-M1,openjpa-jdbc/src/main/java/org/apache/openjpa/jdbc/kernel/TableJDBCSeq.java,59
2.0.0-M1,openjpa-jdbc/src/main/java/org/apache/openjpa/jdbc/kernel/UpdateManager.java,2
2.0.0-M1,openjpa-jdbc/src/main/java/org/apache/openjpa/jdbc/kernel/ValueTableJDBCSeq.java,10
2.0.0-M1,openjpa-jdbc/src/main/java/org/apache/openjpa/jdbc/kernel/exps/Abs.java,1
2.0.0-M1,openjpa-jdbc/src/main/java/org/apache/openjpa/jdbc/kernel/exps/Aggregate.java,11
2.0.0-M1,openjpa-jdbc/src/main/java/org/apache/openjpa/jdbc/kernel/exps/AndExpression.java,4
2.0.0-M1,openjpa-jdbc/src/main/java/org/apache/openjpa/jdbc/kernel/exps/Args.java,22
2.0.0-M1,openjpa-jdbc/src/main/java/org/apache/openjpa/jdbc/kernel/exps/BinaryOpExpState.java,1
2.0.0-M1,openjpa-jdbc/src/main/java/org/apache/openjpa/jdbc/kernel/exps/BindVariableAndExpression.java,2
2.0.0-M1,openjpa-jdbc/src/main/java/org/apache/openjpa/jdbc/kernel/exps/BindVariableExpression.java,2
2.0.0-M1,openjpa-jdbc/src/main/java/org/apache/openjpa/jdbc/kernel/exps/CoalesceExpression.java,10
2.0.0-M1,openjpa-jdbc/src/main/java/org/apache/openjpa/jdbc/kernel/exps/CompareEqualExpression.java,5
2.0.0-M1,openjpa-jdbc/src/main/java/org/apache/openjpa/jdbc/kernel/exps/CompareExpression.java,2
2.0.0-M1,openjpa-jdbc/src/main/java/org/apache/openjpa/jdbc/kernel/exps/Concat.java,2
2.0.0-M1,openjpa-jdbc/src/main/java/org/apache/openjpa/jdbc/kernel/exps/Const.java,20
2.0.0-M1,openjpa-jdbc/src/main/java/org/apache/openjpa/jdbc/kernel/exps/ConstGetObjectId.java,7
2.0.0-M1,openjpa-jdbc/src/main/java/org/apache/openjpa/jdbc/kernel/exps/ConstInstanceofExpression.java,2
2.0.0-M1,openjpa-jdbc/src/main/java/org/apache/openjpa/jdbc/kernel/exps/ConstPath.java,15
2.0.0-M1,openjpa-jdbc/src/main/java/org/apache/openjpa/jdbc/kernel/exps/ContainsExpression.java,2
2.0.0-M1,openjpa-jdbc/src/main/java/org/apache/openjpa/jdbc/kernel/exps/ContainsKeyExpression.java,1
2.0.0-M1,openjpa-jdbc/src/main/java/org/apache/openjpa/jdbc/kernel/exps/CurrentDate.java,1
2.0.0-M1,openjpa-jdbc/src/main/java/org/apache/openjpa/jdbc/kernel/exps/Distinct.java,1
2.0.0-M1,openjpa-jdbc/src/main/java/org/apache/openjpa/jdbc/kernel/exps/EmptyExpression.java,2
2.0.0-M1,openjpa-jdbc/src/main/java/org/apache/openjpa/jdbc/kernel/exps/EndsWithExpression.java,3
2.0.0-M1,openjpa-jdbc/src/main/java/org/apache/openjpa/jdbc/kernel/exps/EqualExpression.java,7
2.0.0-M1,openjpa-jdbc/src/main/java/org/apache/openjpa/jdbc/kernel/exps/Exp.java,3
2.0.0-M1,openjpa-jdbc/src/main/java/org/apache/openjpa/jdbc/kernel/exps/ExpContext.java,1
2.0.0-M1,openjpa-jdbc/src/main/java/org/apache/openjpa/jdbc/kernel/exps/ExpState.java,1
2.0.0-M1,openjpa-jdbc/src/main/java/org/apache/openjpa/jdbc/kernel/exps/Extension.java,15
2.0.0-M1,openjpa-jdbc/src/main/java/org/apache/openjpa/jdbc/kernel/exps/FilterValue.java,15
2.0.0-M1,openjpa-jdbc/src/main/java/org/apache/openjpa/jdbc/kernel/exps/FilterValueImpl.java,6
2.0.0-M1,openjpa-jdbc/src/main/java/org/apache/openjpa/jdbc/kernel/exps/GeneralCaseExpression.java,12
2.0.0-M1,openjpa-jdbc/src/main/java/org/apache/openjpa/jdbc/kernel/exps/GetColumn.java,2
2.0.0-M1,openjpa-jdbc/src/main/java/org/apache/openjpa/jdbc/kernel/exps/GetMapValue.java,8
2.0.0-M1,openjpa-jdbc/src/main/java/org/apache/openjpa/jdbc/kernel/exps/GetObjectId.java,7
2.0.0-M1,openjpa-jdbc/src/main/java/org/apache/openjpa/jdbc/kernel/exps/HasContainsExpressionVisitor.java,2
2.0.0-M1,openjpa-jdbc/src/main/java/org/apache/openjpa/jdbc/kernel/exps/InExpression.java,20
2.0.0-M1,openjpa-jdbc/src/main/java/org/apache/openjpa/jdbc/kernel/exps/IndexOf.java,2
2.0.0-M1,openjpa-jdbc/src/main/java/org/apache/openjpa/jdbc/kernel/exps/InstanceofExpression.java,9
2.0.0-M1,openjpa-jdbc/src/main/java/org/apache/openjpa/jdbc/kernel/exps/JDBCAggregateListener.java,1
2.0.0-M1,openjpa-jdbc/src/main/java/org/apache/openjpa/jdbc/kernel/exps/JDBCExpressionFactory.java,23
2.0.0-M1,openjpa-jdbc/src/main/java/org/apache/openjpa/jdbc/kernel/exps/JDBCFilterListener.java,1
2.0.0-M1,openjpa-jdbc/src/main/java/org/apache/openjpa/jdbc/kernel/exps/JDBCPath.java,1
2.0.0-M1,openjpa-jdbc/src/main/java/org/apache/openjpa/jdbc/kernel/exps/JDBCStringContains.java,3
2.0.0-M1,openjpa-jdbc/src/main/java/org/apache/openjpa/jdbc/kernel/exps/JDBCWildcardMatch.java,2
2.0.0-M1,openjpa-jdbc/src/main/java/org/apache/openjpa/jdbc/kernel/exps/Lit.java,4
2.0.0-M1,openjpa-jdbc/src/main/java/org/apache/openjpa/jdbc/kernel/exps/MatchesExpression.java,9
2.0.0-M1,openjpa-jdbc/src/main/java/org/apache/openjpa/jdbc/kernel/exps/Math.java,1
2.0.0-M1,openjpa-jdbc/src/main/java/org/apache/openjpa/jdbc/kernel/exps/NotContainsExpression.java,1
2.0.0-M1,openjpa-jdbc/src/main/java/org/apache/openjpa/jdbc/kernel/exps/NotEqualExpression.java,7
2.0.0-M1,openjpa-jdbc/src/main/java/org/apache/openjpa/jdbc/kernel/exps/Null.java,2
2.0.0-M1,openjpa-jdbc/src/main/java/org/apache/openjpa/jdbc/kernel/exps/NullIfExpression.java,2
2.0.0-M1,openjpa-jdbc/src/main/java/org/apache/openjpa/jdbc/kernel/exps/OrExpression.java,7
2.0.0-M1,openjpa-jdbc/src/main/java/org/apache/openjpa/jdbc/kernel/exps/PCPath.java,109
2.0.0-M1,openjpa-jdbc/src/main/java/org/apache/openjpa/jdbc/kernel/exps/Param.java,5
2.0.0-M1,openjpa-jdbc/src/main/java/org/apache/openjpa/jdbc/kernel/exps/SQLEmbed.java,1
2.0.0-M1,openjpa-jdbc/src/main/java/org/apache/openjpa/jdbc/kernel/exps/SelectConstructor.java,19
2.0.0-M1,openjpa-jdbc/src/main/java/org/apache/openjpa/jdbc/kernel/exps/SimpleCaseExpression.java,17
2.0.0-M1,openjpa-jdbc/src/main/java/org/apache/openjpa/jdbc/kernel/exps/StartsWithExpression.java,3
2.0.0-M1,openjpa-jdbc/src/main/java/org/apache/openjpa/jdbc/kernel/exps/StringFunction.java,1
2.0.0-M1,openjpa-jdbc/src/main/java/org/apache/openjpa/jdbc/kernel/exps/StringLength.java,1
2.0.0-M1,openjpa-jdbc/src/main/java/org/apache/openjpa/jdbc/kernel/exps/SubQ.java,16
2.0.0-M1,openjpa-jdbc/src/main/java/org/apache/openjpa/jdbc/kernel/exps/Substring.java,2
2.0.0-M1,openjpa-jdbc/src/main/java/org/apache/openjpa/jdbc/kernel/exps/Sum.java,1
2.0.0-M1,openjpa-jdbc/src/main/java/org/apache/openjpa/jdbc/kernel/exps/Trim.java,9
2.0.0-M1,openjpa-jdbc/src/main/java/org/apache/openjpa/jdbc/kernel/exps/Type.java,1
2.0.0-M1,openjpa-jdbc/src/main/java/org/apache/openjpa/jdbc/kernel/exps/TypeLit.java,4
2.0.0-M1,openjpa-jdbc/src/main/java/org/apache/openjpa/jdbc/kernel/exps/UnaryOp.java,3
2.0.0-M1,openjpa-jdbc/src/main/java/org/apache/openjpa/jdbc/kernel/exps/Val.java,41
2.0.0-M1,openjpa-jdbc/src/main/java/org/apache/openjpa/jdbc/kernel/exps/Variable.java,14
2.0.0-M1,openjpa-jdbc/src/main/java/org/apache/openjpa/jdbc/meta/ClassMapping.java,89
2.0.0-M1,openjpa-jdbc/src/main/java/org/apache/openjpa/jdbc/meta/ClassMappingInfo.java,29
2.0.0-M1,openjpa-jdbc/src/main/java/org/apache/openjpa/jdbc/meta/ClassStrategy.java,7
2.0.0-M1,openjpa-jdbc/src/main/java/org/apache/openjpa/jdbc/meta/DelegatingJoinable.java,5
2.0.0-M1,openjpa-jdbc/src/main/java/org/apache/openjpa/jdbc/meta/Discriminator.java,21
2.0.0-M1,openjpa-jdbc/src/main/java/org/apache/openjpa/jdbc/meta/DiscriminatorMappingInfo.java,13
2.0.0-M1,openjpa-jdbc/src/main/java/org/apache/openjpa/jdbc/meta/DiscriminatorStrategy.java,6
2.0.0-M1,openjpa-jdbc/src/main/java/org/apache/openjpa/jdbc/meta/Embeddable.java,7
2.0.0-M1,openjpa-jdbc/src/main/java/org/apache/openjpa/jdbc/meta/FieldMapping.java,62
2.0.0-M1,openjpa-jdbc/src/main/java/org/apache/openjpa/jdbc/meta/FieldMappingInfo.java,30
2.0.0-M1,openjpa-jdbc/src/main/java/org/apache/openjpa/jdbc/meta/FieldStrategy.java,27
2.0.0-M1,openjpa-jdbc/src/main/java/org/apache/openjpa/jdbc/meta/JDBCColumnOrder.java,1
2.0.0-M1,openjpa-jdbc/src/main/java/org/apache/openjpa/jdbc/meta/JDBCOrder.java,2
2.0.0-M1,openjpa-jdbc/src/main/java/org/apache/openjpa/jdbc/meta/JDBCRelatedFieldOrder.java,1
2.0.0-M1,openjpa-jdbc/src/main/java/org/apache/openjpa/jdbc/meta/JDBCValueOrder.java,2
2.0.0-M1,openjpa-jdbc/src/main/java/org/apache/openjpa/jdbc/meta/JavaSQLTypes.java,17
2.0.0-M1,openjpa-jdbc/src/main/java/org/apache/openjpa/jdbc/meta/Joinable.java,6
2.0.0-M1,openjpa-jdbc/src/main/java/org/apache/openjpa/jdbc/meta/MappingDefaults.java,29
2.0.0-M1,openjpa-jdbc/src/main/java/org/apache/openjpa/jdbc/meta/MappingDefaultsImpl.java,49
2.0.0-M1,openjpa-jdbc/src/main/java/org/apache/openjpa/jdbc/meta/MappingInfo.java,191
2.0.0-M1,openjpa-jdbc/src/main/java/org/apache/openjpa/jdbc/meta/MappingRepository.java,137
2.0.0-M1,openjpa-jdbc/src/main/java/org/apache/openjpa/jdbc/meta/MappingStrategyInstaller.java,4
2.0.0-M1,openjpa-jdbc/src/main/java/org/apache/openjpa/jdbc/meta/MappingTool.java,100
2.0.0-M1,openjpa-jdbc/src/main/java/org/apache/openjpa/jdbc/meta/MetaDataPlusMappingFactory.java,8
2.0.0-M1,openjpa-jdbc/src/main/java/org/apache/openjpa/jdbc/meta/NoneMappingDefaults.java,8
2.0.0-M1,openjpa-jdbc/src/main/java/org/apache/openjpa/jdbc/meta/PropertiesReverseCustomizer.java,19
2.0.0-M1,openjpa-jdbc/src/main/java/org/apache/openjpa/jdbc/meta/QueryResultMapping.java,44
2.0.0-M1,openjpa-jdbc/src/main/java/org/apache/openjpa/jdbc/meta/RefreshStrategyInstaller.java,12
2.0.0-M1,openjpa-jdbc/src/main/java/org/apache/openjpa/jdbc/meta/RelationId.java,1
2.0.0-M1,openjpa-jdbc/src/main/java/org/apache/openjpa/jdbc/meta/ReverseCustomizer.java,13
2.0.0-M1,openjpa-jdbc/src/main/java/org/apache/openjpa/jdbc/meta/ReverseMappingTool.java,211
2.0.0-M1,openjpa-jdbc/src/main/java/org/apache/openjpa/jdbc/meta/RuntimeStrategyInstaller.java,5
2.0.0-M1,openjpa-jdbc/src/main/java/org/apache/openjpa/jdbc/meta/SequenceMapping.java,5
2.0.0-M1,openjpa-jdbc/src/main/java/org/apache/openjpa/jdbc/meta/Strategy.java,12
2.0.0-M1,openjpa-jdbc/src/main/java/org/apache/openjpa/jdbc/meta/ValueHandler.java,7
2.0.0-M1,openjpa-jdbc/src/main/java/org/apache/openjpa/jdbc/meta/ValueMapping.java,41
2.0.0-M1,openjpa-jdbc/src/main/java/org/apache/openjpa/jdbc/meta/ValueMappingImpl.java,64
2.0.0-M1,openjpa-jdbc/src/main/java/org/apache/openjpa/jdbc/meta/ValueMappingInfo.java,24
2.0.0-M1,openjpa-jdbc/src/main/java/org/apache/openjpa/jdbc/meta/Version.java,18
2.0.0-M1,openjpa-jdbc/src/main/java/org/apache/openjpa/jdbc/meta/VersionMappingInfo.java,11
2.0.0-M1,openjpa-jdbc/src/main/java/org/apache/openjpa/jdbc/meta/VersionStrategy.java,8
2.0.0-M1,openjpa-jdbc/src/main/java/org/apache/openjpa/jdbc/meta/strats/AbstractDiscriminatorStrategy.java,1
2.0.0-M1,openjpa-jdbc/src/main/java/org/apache/openjpa/jdbc/meta/strats/AbstractFieldStrategy.java,7
2.0.0-M1,openjpa-jdbc/src/main/java/org/apache/openjpa/jdbc/meta/strats/AbstractStrategy.java,8
2.0.0-M1,openjpa-jdbc/src/main/java/org/apache/openjpa/jdbc/meta/strats/AbstractVersionStrategy.java,1
2.0.0-M1,openjpa-jdbc/src/main/java/org/apache/openjpa/jdbc/meta/strats/CharArrayStreamValueHandler.java,4
2.0.0-M1,openjpa-jdbc/src/main/java/org/apache/openjpa/jdbc/meta/strats/CharArrayValueHandler.java,1
2.0.0-M1,openjpa-jdbc/src/main/java/org/apache/openjpa/jdbc/meta/strats/ClassNameDiscriminatorStrategy.java,7
2.0.0-M1,openjpa-jdbc/src/main/java/org/apache/openjpa/jdbc/meta/strats/ColumnVersionStrategy.java,32
2.0.0-M1,openjpa-jdbc/src/main/java/org/apache/openjpa/jdbc/meta/strats/ContainerFieldStrategy.java,6
2.0.0-M1,openjpa-jdbc/src/main/java/org/apache/openjpa/jdbc/meta/strats/ElementEmbedValueHandler.java,24
2.0.0-M1,openjpa-jdbc/src/main/java/org/apache/openjpa/jdbc/meta/strats/EmbedFieldStrategy.java,79
2.0.0-M1,openjpa-jdbc/src/main/java/org/apache/openjpa/jdbc/meta/strats/EmbedValueHandler.java,16
2.0.0-M1,openjpa-jdbc/src/main/java/org/apache/openjpa/jdbc/meta/strats/EmbeddedClassStrategy.java,9
2.0.0-M1,openjpa-jdbc/src/main/java/org/apache/openjpa/jdbc/meta/strats/EnumValueHandler.java,8
2.0.0-M1,openjpa-jdbc/src/main/java/org/apache/openjpa/jdbc/meta/strats/FlatClassStrategy.java,2
2.0.0-M1,openjpa-jdbc/src/main/java/org/apache/openjpa/jdbc/meta/strats/FullClassStrategy.java,8
2.0.0-M1,openjpa-jdbc/src/main/java/org/apache/openjpa/jdbc/meta/strats/HandlerCollectionTableFieldStrategy.java,23
2.0.0-M1,openjpa-jdbc/src/main/java/org/apache/openjpa/jdbc/meta/strats/HandlerFieldStrategy.java,48
2.0.0-M1,openjpa-jdbc/src/main/java/org/apache/openjpa/jdbc/meta/strats/HandlerHandlerMapTableFieldStrategy.java,18
2.0.0-M1,openjpa-jdbc/src/main/java/org/apache/openjpa/jdbc/meta/strats/HandlerRelationMapTableFieldStrategy.java,31
2.0.0-M1,openjpa-jdbc/src/main/java/org/apache/openjpa/jdbc/meta/strats/HandlerStrategies.java,33
2.0.0-M1,openjpa-jdbc/src/main/java/org/apache/openjpa/jdbc/meta/strats/IdentityJoinable.java,2
2.0.0-M1,openjpa-jdbc/src/main/java/org/apache/openjpa/jdbc/meta/strats/ImmutableValueHandler.java,5
2.0.0-M1,openjpa-jdbc/src/main/java/org/apache/openjpa/jdbc/meta/strats/InValueDiscriminatorStrategy.java,13
2.0.0-M1,openjpa-jdbc/src/main/java/org/apache/openjpa/jdbc/meta/strats/LRSCollectionFieldStrategy.java,7
2.0.0-M1,openjpa-jdbc/src/main/java/org/apache/openjpa/jdbc/meta/strats/LRSMapFieldStrategy.java,15
2.0.0-M1,openjpa-jdbc/src/main/java/org/apache/openjpa/jdbc/meta/strats/LRSProxyCollection.java,10
2.0.0-M1,openjpa-jdbc/src/main/java/org/apache/openjpa/jdbc/meta/strats/LRSProxyMap.java,40
2.0.0-M1,openjpa-jdbc/src/main/java/org/apache/openjpa/jdbc/meta/strats/LobFieldStrategy.java,2
2.0.0-M1,openjpa-jdbc/src/main/java/org/apache/openjpa/jdbc/meta/strats/MapTableFieldStrategy.java,23
2.0.0-M1,openjpa-jdbc/src/main/java/org/apache/openjpa/jdbc/meta/strats/MaxEmbeddedBlobFieldStrategy.java,3
2.0.0-M1,openjpa-jdbc/src/main/java/org/apache/openjpa/jdbc/meta/strats/MaxEmbeddedByteArrayFieldStrategy.java,3
2.0.0-M1,openjpa-jdbc/src/main/java/org/apache/openjpa/jdbc/meta/strats/MaxEmbeddedCharArrayFieldStrategy.java,8
2.0.0-M1,openjpa-jdbc/src/main/java/org/apache/openjpa/jdbc/meta/strats/MaxEmbeddedClobFieldStrategy.java,3
2.0.0-M1,openjpa-jdbc/src/main/java/org/apache/openjpa/jdbc/meta/strats/MaxEmbeddedLobFieldStrategy.java,17
2.0.0-M1,openjpa-jdbc/src/main/java/org/apache/openjpa/jdbc/meta/strats/MultiColumnVersionStrategy.java,2
2.0.0-M1,openjpa-jdbc/src/main/java/org/apache/openjpa/jdbc/meta/strats/NoneClassStrategy.java,2
2.0.0-M1,openjpa-jdbc/src/main/java/org/apache/openjpa/jdbc/meta/strats/NoneDiscriminatorStrategy.java,1
2.0.0-M1,openjpa-jdbc/src/main/java/org/apache/openjpa/jdbc/meta/strats/NoneFieldStrategy.java,2
2.0.0-M1,openjpa-jdbc/src/main/java/org/apache/openjpa/jdbc/meta/strats/NoneVersionStrategy.java,2
2.0.0-M1,openjpa-jdbc/src/main/java/org/apache/openjpa/jdbc/meta/strats/NumberVersionStrategy.java,4
2.0.0-M1,openjpa-jdbc/src/main/java/org/apache/openjpa/jdbc/meta/strats/ObjectIdClassStrategy.java,1
2.0.0-M1,openjpa-jdbc/src/main/java/org/apache/openjpa/jdbc/meta/strats/ObjectIdValueHandler.java,3
2.0.0-M1,openjpa-jdbc/src/main/java/org/apache/openjpa/jdbc/meta/strats/PrimitiveFieldStrategy.java,39
2.0.0-M1,openjpa-jdbc/src/main/java/org/apache/openjpa/jdbc/meta/strats/PrimitiveWrapperArrays.java,9
2.0.0-M1,openjpa-jdbc/src/main/java/org/apache/openjpa/jdbc/meta/strats/RelationCollectionInverseKeyFieldStrategy.java,2
2.0.0-M1,openjpa-jdbc/src/main/java/org/apache/openjpa/jdbc/meta/strats/RelationCollectionTableFieldStrategy.java,5
2.0.0-M1,openjpa-jdbc/src/main/java/org/apache/openjpa/jdbc/meta/strats/RelationFieldStrategy.java,108
2.0.0-M1,openjpa-jdbc/src/main/java/org/apache/openjpa/jdbc/meta/strats/RelationHandlerMapTableFieldStrategy.java,23
2.0.0-M1,openjpa-jdbc/src/main/java/org/apache/openjpa/jdbc/meta/strats/RelationMapInverseKeyFieldStrategy.java,5
2.0.0-M1,openjpa-jdbc/src/main/java/org/apache/openjpa/jdbc/meta/strats/RelationMapTableFieldStrategy.java,5
2.0.0-M1,openjpa-jdbc/src/main/java/org/apache/openjpa/jdbc/meta/strats/RelationRelationMapTableFieldStrategy.java,38
2.0.0-M1,openjpa-jdbc/src/main/java/org/apache/openjpa/jdbc/meta/strats/RelationStrategies.java,14
2.0.0-M1,openjpa-jdbc/src/main/java/org/apache/openjpa/jdbc/meta/strats/RelationToManyInverseKeyFieldStrategy.java,35
2.0.0-M1,openjpa-jdbc/src/main/java/org/apache/openjpa/jdbc/meta/strats/RelationToManyTableFieldStrategy.java,18
2.0.0-M1,openjpa-jdbc/src/main/java/org/apache/openjpa/jdbc/meta/strats/StateComparisonVersionStrategy.java,23
2.0.0-M1,openjpa-jdbc/src/main/java/org/apache/openjpa/jdbc/meta/strats/StoreCollectionFieldStrategy.java,51
2.0.0-M1,openjpa-jdbc/src/main/java/org/apache/openjpa/jdbc/meta/strats/StringFieldStrategy.java,15
2.0.0-M1,openjpa-jdbc/src/main/java/org/apache/openjpa/jdbc/meta/strats/SubclassJoinDiscriminatorStrategy.java,17
2.0.0-M1,openjpa-jdbc/src/main/java/org/apache/openjpa/jdbc/meta/strats/TimestampVersionStrategy.java,3
2.0.0-M1,openjpa-jdbc/src/main/java/org/apache/openjpa/jdbc/meta/strats/UntypedPCValueHandler.java,4
2.0.0-M1,openjpa-jdbc/src/main/java/org/apache/openjpa/jdbc/meta/strats/ValueMapDiscriminatorStrategy.java,10
2.0.0-M1,openjpa-jdbc/src/main/java/org/apache/openjpa/jdbc/meta/strats/VerticalClassStrategy.java,7
2.0.0-M1,openjpa-jdbc/src/main/java/org/apache/openjpa/jdbc/meta/strats/XMLValueHandler.java,3
2.0.0-M1,openjpa-jdbc/src/main/java/org/apache/openjpa/jdbc/schema/Column.java,72
2.0.0-M1,openjpa-jdbc/src/main/java/org/apache/openjpa/jdbc/schema/ColumnIO.java,16
2.0.0-M1,openjpa-jdbc/src/main/java/org/apache/openjpa/jdbc/schema/Constraint.java,10
2.0.0-M1,openjpa-jdbc/src/main/java/org/apache/openjpa/jdbc/schema/DataSourceFactory.java,21
2.0.0-M1,openjpa-jdbc/src/main/java/org/apache/openjpa/jdbc/schema/DriverDataSource.java,15
2.0.0-M1,openjpa-jdbc/src/main/java/org/apache/openjpa/jdbc/schema/DynamicSchemaFactory.java,12
2.0.0-M1,openjpa-jdbc/src/main/java/org/apache/openjpa/jdbc/schema/FileSchemaFactory.java,3
2.0.0-M1,openjpa-jdbc/src/main/java/org/apache/openjpa/jdbc/schema/ForeignKey.java,90
2.0.0-M1,openjpa-jdbc/src/main/java/org/apache/openjpa/jdbc/schema/Index.java,7
2.0.0-M1,openjpa-jdbc/src/main/java/org/apache/openjpa/jdbc/schema/LazySchemaFactory.java,12
2.0.0-M1,openjpa-jdbc/src/main/java/org/apache/openjpa/jdbc/schema/LocalConstraint.java,29
2.0.0-M1,openjpa-jdbc/src/main/java/org/apache/openjpa/jdbc/schema/NameSet.java,8
2.0.0-M1,openjpa-jdbc/src/main/java/org/apache/openjpa/jdbc/schema/PrimaryKey.java,4
2.0.0-M1,openjpa-jdbc/src/main/java/org/apache/openjpa/jdbc/schema/Schema.java,35
2.0.0-M1,openjpa-jdbc/src/main/java/org/apache/openjpa/jdbc/schema/SchemaFactory.java,2
2.0.0-M1,openjpa-jdbc/src/main/java/org/apache/openjpa/jdbc/schema/SchemaGenerator.java,122
2.0.0-M1,openjpa-jdbc/src/main/java/org/apache/openjpa/jdbc/schema/SchemaGroup.java,63
2.0.0-M1,openjpa-jdbc/src/main/java/org/apache/openjpa/jdbc/schema/SchemaParser.java,5
2.0.0-M1,openjpa-jdbc/src/main/java/org/apache/openjpa/jdbc/schema/SchemaSerializer.java,8
2.0.0-M1,openjpa-jdbc/src/main/java/org/apache/openjpa/jdbc/schema/SchemaTool.java,202
2.0.0-M1,openjpa-jdbc/src/main/java/org/apache/openjpa/jdbc/schema/Schemas.java,39
2.0.0-M1,openjpa-jdbc/src/main/java/org/apache/openjpa/jdbc/schema/Sequence.java,11
2.0.0-M1,openjpa-jdbc/src/main/java/org/apache/openjpa/jdbc/schema/SimpleDriverDataSource.java,19
2.0.0-M1,openjpa-jdbc/src/main/java/org/apache/openjpa/jdbc/schema/Table.java,89
2.0.0-M1,openjpa-jdbc/src/main/java/org/apache/openjpa/jdbc/schema/TableSchemaFactory.java,40
2.0.0-M1,openjpa-jdbc/src/main/java/org/apache/openjpa/jdbc/schema/XMLSchemaParser.java,50
2.0.0-M1,openjpa-jdbc/src/main/java/org/apache/openjpa/jdbc/schema/XMLSchemaSerializer.java,82
2.0.0-M1,openjpa-jdbc/src/main/java/org/apache/openjpa/jdbc/sql/AbstractResult.java,33
2.0.0-M1,openjpa-jdbc/src/main/java/org/apache/openjpa/jdbc/sql/AbstractSQLServerDictionary.java,8
2.0.0-M1,openjpa-jdbc/src/main/java/org/apache/openjpa/jdbc/sql/AccessDictionary.java,3
2.0.0-M1,openjpa-jdbc/src/main/java/org/apache/openjpa/jdbc/sql/DB2Dictionary.java,52
2.0.0-M1,openjpa-jdbc/src/main/java/org/apache/openjpa/jdbc/sql/DBDictionary.java,421
2.0.0-M1,openjpa-jdbc/src/main/java/org/apache/openjpa/jdbc/sql/DBDictionaryFactory.java,41
2.0.0-M1,openjpa-jdbc/src/main/java/org/apache/openjpa/jdbc/sql/DerbyDictionary.java,5
2.0.0-M1,openjpa-jdbc/src/main/java/org/apache/openjpa/jdbc/sql/EmpressDictionary.java,15
2.0.0-M1,openjpa-jdbc/src/main/java/org/apache/openjpa/jdbc/sql/FoxProDictionary.java,8
2.0.0-M1,openjpa-jdbc/src/main/java/org/apache/openjpa/jdbc/sql/H2Dictionary.java,17
2.0.0-M1,openjpa-jdbc/src/main/java/org/apache/openjpa/jdbc/sql/HSQLDictionary.java,19
2.0.0-M1,openjpa-jdbc/src/main/java/org/apache/openjpa/jdbc/sql/InformixDictionary.java,17
2.0.0-M1,openjpa-jdbc/src/main/java/org/apache/openjpa/jdbc/sql/InterbaseDictionary.java,2
2.0.0-M1,openjpa-jdbc/src/main/java/org/apache/openjpa/jdbc/sql/JDataStoreDictionary.java,3
2.0.0-M1,openjpa-jdbc/src/main/java/org/apache/openjpa/jdbc/sql/Join.java,10
2.0.0-M1,openjpa-jdbc/src/main/java/org/apache/openjpa/jdbc/sql/JoinSet.java,59
2.0.0-M1,openjpa-jdbc/src/main/java/org/apache/openjpa/jdbc/sql/JoinSyntaxes.java,6
2.0.0-M1,openjpa-jdbc/src/main/java/org/apache/openjpa/jdbc/sql/Joins.java,9
2.0.0-M1,openjpa-jdbc/src/main/java/org/apache/openjpa/jdbc/sql/LogicalUnion.java,53
2.0.0-M1,openjpa-jdbc/src/main/java/org/apache/openjpa/jdbc/sql/MergedResult.java,15
2.0.0-M1,openjpa-jdbc/src/main/java/org/apache/openjpa/jdbc/sql/MySQLDictionary.java,17
2.0.0-M1,openjpa-jdbc/src/main/java/org/apache/openjpa/jdbc/sql/OracleDictionary.java,147
2.0.0-M1,openjpa-jdbc/src/main/java/org/apache/openjpa/jdbc/sql/PointbaseDictionary.java,4
2.0.0-M1,openjpa-jdbc/src/main/java/org/apache/openjpa/jdbc/sql/PostgresDictionary.java,34
2.0.0-M1,openjpa-jdbc/src/main/java/org/apache/openjpa/jdbc/sql/PrimaryRow.java,44
2.0.0-M1,openjpa-jdbc/src/main/java/org/apache/openjpa/jdbc/sql/Raw.java,1
2.0.0-M1,openjpa-jdbc/src/main/java/org/apache/openjpa/jdbc/sql/Result.java,83
2.0.0-M1,openjpa-jdbc/src/main/java/org/apache/openjpa/jdbc/sql/ResultSetResult.java,22
2.0.0-M1,openjpa-jdbc/src/main/java/org/apache/openjpa/jdbc/sql/Row.java,75
2.0.0-M1,openjpa-jdbc/src/main/java/org/apache/openjpa/jdbc/sql/RowImpl.java,89
2.0.0-M1,openjpa-jdbc/src/main/java/org/apache/openjpa/jdbc/sql/RowManager.java,5
2.0.0-M1,openjpa-jdbc/src/main/java/org/apache/openjpa/jdbc/sql/RowManagerImpl.java,18
2.0.0-M1,openjpa-jdbc/src/main/java/org/apache/openjpa/jdbc/sql/SQLBuffer.java,70
2.0.0-M1,openjpa-jdbc/src/main/java/org/apache/openjpa/jdbc/sql/SQLErrorCodeReader.java,8
2.0.0-M1,openjpa-jdbc/src/main/java/org/apache/openjpa/jdbc/sql/SQLExceptions.java,10
2.0.0-M1,openjpa-jdbc/src/main/java/org/apache/openjpa/jdbc/sql/SQLFactory.java,3
2.0.0-M1,openjpa-jdbc/src/main/java/org/apache/openjpa/jdbc/sql/SQLFactoryImpl.java,2
2.0.0-M1,openjpa-jdbc/src/main/java/org/apache/openjpa/jdbc/sql/SQLServerDictionary.java,31
2.0.0-M1,openjpa-jdbc/src/main/java/org/apache/openjpa/jdbc/sql/SecondaryRow.java,15
2.0.0-M1,openjpa-jdbc/src/main/java/org/apache/openjpa/jdbc/sql/Select.java,110
2.0.0-M1,openjpa-jdbc/src/main/java/org/apache/openjpa/jdbc/sql/SelectExecutor.java,20
2.0.0-M1,openjpa-jdbc/src/main/java/org/apache/openjpa/jdbc/sql/SelectImpl.java,375
2.0.0-M1,openjpa-jdbc/src/main/java/org/apache/openjpa/jdbc/sql/SybaseDictionary.java,18
2.0.0-M1,openjpa-jdbc/src/main/java/org/apache/openjpa/jdbc/sql/Union.java,7
2.0.0-M1,openjpa-kernel/src/main/java/org/apache/openjpa/abstractstore/AbstractStoreBrokerFactory.java,3
2.0.0-M1,openjpa-kernel/src/main/java/org/apache/openjpa/abstractstore/AbstractStoreManager.java,26
2.0.0-M1,openjpa-kernel/src/main/java/org/apache/openjpa/ant/MetaDataToolTask.java,4
2.0.0-M1,openjpa-kernel/src/main/java/org/apache/openjpa/conf/AutoDetachValue.java,4
2.0.0-M1,openjpa-kernel/src/main/java/org/apache/openjpa/conf/BrokerFactoryValue.java,3
2.0.0-M1,openjpa-kernel/src/main/java/org/apache/openjpa/conf/BrokerValue.java,2
2.0.0-M1,openjpa-kernel/src/main/java/org/apache/openjpa/conf/CacheMarshaller.java,8
2.0.0-M1,openjpa-kernel/src/main/java/org/apache/openjpa/conf/CacheMarshallerImpl.java,20
2.0.0-M1,openjpa-kernel/src/main/java/org/apache/openjpa/conf/CacheMarshallersValue.java,5
2.0.0-M1,openjpa-kernel/src/main/java/org/apache/openjpa/conf/Compatibility.java,4
2.0.0-M1,openjpa-kernel/src/main/java/org/apache/openjpa/conf/DetachOptions.java,6
2.0.0-M1,openjpa-kernel/src/main/java/org/apache/openjpa/conf/MetaDataCacheMaintenance.java,26
2.0.0-M1,openjpa-kernel/src/main/java/org/apache/openjpa/conf/MetaDataRepositoryValue.java,4
2.0.0-M1,openjpa-kernel/src/main/java/org/apache/openjpa/conf/NoOpCacheMarshaller.java,2
2.0.0-M1,openjpa-kernel/src/main/java/org/apache/openjpa/conf/OpenJPAConfiguration.java,227
2.0.0-M1,openjpa-kernel/src/main/java/org/apache/openjpa/conf/OpenJPAConfigurationImpl.java,34
2.0.0-M1,openjpa-kernel/src/main/java/org/apache/openjpa/conf/OpenJPAProductDerivation.java,5
2.0.0-M1,openjpa-kernel/src/main/java/org/apache/openjpa/conf/OpenJPAVersion.java,4
2.0.0-M1,openjpa-kernel/src/main/java/org/apache/openjpa/conf/OpenJPAVersionAndConfigurationTypeValidationPolicy.java,5
2.0.0-M1,openjpa-kernel/src/main/java/org/apache/openjpa/conf/QueryCompilationCacheValue.java,2
2.0.0-M1,openjpa-kernel/src/main/java/org/apache/openjpa/conf/RemoteCommitProviderValue.java,4
2.0.0-M1,openjpa-kernel/src/main/java/org/apache/openjpa/datacache/AbstractDataCache.java,63
2.0.0-M1,openjpa-kernel/src/main/java/org/apache/openjpa/datacache/AbstractQueryCache.java,48
2.0.0-M1,openjpa-kernel/src/main/java/org/apache/openjpa/datacache/CacheStatistics.java,31
2.0.0-M1,openjpa-kernel/src/main/java/org/apache/openjpa/datacache/Caches.java,5
2.0.0-M1,openjpa-kernel/src/main/java/org/apache/openjpa/datacache/ConcurrentDataCache.java,1
2.0.0-M1,openjpa-kernel/src/main/java/org/apache/openjpa/datacache/DataCache.java,27
2.0.0-M1,openjpa-kernel/src/main/java/org/apache/openjpa/datacache/DataCacheManager.java,8
2.0.0-M1,openjpa-kernel/src/main/java/org/apache/openjpa/datacache/DataCacheManagerImpl.java,5
2.0.0-M1,openjpa-kernel/src/main/java/org/apache/openjpa/datacache/DataCachePCData.java,1
2.0.0-M1,openjpa-kernel/src/main/java/org/apache/openjpa/datacache/DataCachePCDataGenerator.java,6
2.0.0-M1,openjpa-kernel/src/main/java/org/apache/openjpa/datacache/DataCachePCDataImpl.java,9
2.0.0-M1,openjpa-kernel/src/main/java/org/apache/openjpa/datacache/DataCacheScheduler.java,17
2.0.0-M1,openjpa-kernel/src/main/java/org/apache/openjpa/datacache/DataCacheStoreManager.java,69
2.0.0-M1,openjpa-kernel/src/main/java/org/apache/openjpa/datacache/DelegatingDataCache.java,33
2.0.0-M1,openjpa-kernel/src/main/java/org/apache/openjpa/datacache/DelegatingQueryCache.java,19
2.0.0-M1,openjpa-kernel/src/main/java/org/apache/openjpa/datacache/ExpirationListener.java,1
2.0.0-M1,openjpa-kernel/src/main/java/org/apache/openjpa/datacache/QueryCache.java,12
2.0.0-M1,openjpa-kernel/src/main/java/org/apache/openjpa/datacache/QueryCacheStoreQuery.java,45
2.0.0-M1,openjpa-kernel/src/main/java/org/apache/openjpa/datacache/QueryKey.java,48
2.0.0-M1,openjpa-kernel/src/main/java/org/apache/openjpa/datacache/QueryResult.java,2
2.0.0-M1,openjpa-kernel/src/main/java/org/apache/openjpa/datacache/TypesChangedListener.java,1
2.0.0-M1,openjpa-kernel/src/main/java/org/apache/openjpa/ee/AbstractManagedRuntime.java,2
2.0.0-M1,openjpa-kernel/src/main/java/org/apache/openjpa/ee/AutomaticManagedRuntime.java,29
2.0.0-M1,openjpa-kernel/src/main/java/org/apache/openjpa/ee/InvocationManagedRuntime.java,2
2.0.0-M1,openjpa-kernel/src/main/java/org/apache/openjpa/ee/ManagedRuntime.java,5
2.0.0-M1,openjpa-kernel/src/main/java/org/apache/openjpa/ee/RegistryManagedRuntime.java,1
2.0.0-M1,openjpa-kernel/src/main/java/org/apache/openjpa/ee/WASManagedRuntime.java,4
2.0.0-M1,openjpa-kernel/src/main/java/org/apache/openjpa/ee/WASRegistryManagedRuntime.java,1
2.0.0-M1,openjpa-kernel/src/main/java/org/apache/openjpa/ee/WLSManagedRuntime.java,2
2.0.0-M1,openjpa-kernel/src/main/java/org/apache/openjpa/enhance/ApplicationIdTool.java,115
2.0.0-M1,openjpa-kernel/src/main/java/org/apache/openjpa/enhance/AttributeTranslator.java,1
2.0.0-M1,openjpa-kernel/src/main/java/org/apache/openjpa/enhance/ClassRedefiner.java,17
2.0.0-M1,openjpa-kernel/src/main/java/org/apache/openjpa/enhance/CodeGenerator.java,53
2.0.0-M1,openjpa-kernel/src/main/java/org/apache/openjpa/enhance/DynamicStorage.java,22
2.0.0-M1,openjpa-kernel/src/main/java/org/apache/openjpa/enhance/DynamicStorageGenerator.java,20
2.0.0-M1,openjpa-kernel/src/main/java/org/apache/openjpa/enhance/InstrumentationFactory.java,9
2.0.0-M1,openjpa-kernel/src/main/java/org/apache/openjpa/enhance/ManagedClassSubclasser.java,29
2.0.0-M1,openjpa-kernel/src/main/java/org/apache/openjpa/enhance/ManagedInstanceProvider.java,1
2.0.0-M1,openjpa-kernel/src/main/java/org/apache/openjpa/enhance/PCClassFileTransformer.java,28
2.0.0-M1,openjpa-kernel/src/main/java/org/apache/openjpa/enhance/PCDataGenerator.java,38
2.0.0-M1,openjpa-kernel/src/main/java/org/apache/openjpa/enhance/PCEnhancer.java,242
2.0.0-M1,openjpa-kernel/src/main/java/org/apache/openjpa/enhance/PCEnhancerAgent.java,4
2.0.0-M1,openjpa-kernel/src/main/java/org/apache/openjpa/enhance/PCRegistry.java,15
2.0.0-M1,openjpa-kernel/src/main/java/org/apache/openjpa/enhance/PCSubclassValidator.java,20
2.0.0-M1,openjpa-kernel/src/main/java/org/apache/openjpa/enhance/PersistenceCapable.java,9
2.0.0-M1,openjpa-kernel/src/main/java/org/apache/openjpa/enhance/RedefinitionHelper.java,26
2.0.0-M1,openjpa-kernel/src/main/java/org/apache/openjpa/enhance/ReflectingPersistenceCapable.java,45
2.0.0-M1,openjpa-kernel/src/main/java/org/apache/openjpa/enhance/Reflection.java,77
2.0.0-M1,openjpa-kernel/src/main/java/org/apache/openjpa/enhance/RuntimeUnenhancedClassesModes.java,6
2.0.0-M1,openjpa-kernel/src/main/java/org/apache/openjpa/enhance/RuntimeUnenhancedClasssesModes.java,6
2.0.0-M1,openjpa-kernel/src/main/java/org/apache/openjpa/enhance/StateManager.java,49
2.0.0-M1,openjpa-kernel/src/main/java/org/apache/openjpa/event/AbstractLifecycleListener.java,1
2.0.0-M1,openjpa-kernel/src/main/java/org/apache/openjpa/event/AbstractRemoteCommitProvider.java,6
2.0.0-M1,openjpa-kernel/src/main/java/org/apache/openjpa/event/AbstractTransactionListener.java,1
2.0.0-M1,openjpa-kernel/src/main/java/org/apache/openjpa/event/AttachListener.java,2
2.0.0-M1,openjpa-kernel/src/main/java/org/apache/openjpa/event/BeanLifecycleCallbacks.java,6
2.0.0-M1,openjpa-kernel/src/main/java/org/apache/openjpa/event/BeginTransactionListener.java,1
2.0.0-M1,openjpa-kernel/src/main/java/org/apache/openjpa/event/BrokerFactoryEventManager.java,1
2.0.0-M1,openjpa-kernel/src/main/java/org/apache/openjpa/event/BrokerFactoryListener.java,1
2.0.0-M1,openjpa-kernel/src/main/java/org/apache/openjpa/event/CallbackModes.java,10
2.0.0-M1,openjpa-kernel/src/main/java/org/apache/openjpa/event/ClearListener.java,2
2.0.0-M1,openjpa-kernel/src/main/java/org/apache/openjpa/event/DeleteListener.java,2
2.0.0-M1,openjpa-kernel/src/main/java/org/apache/openjpa/event/DetachListener.java,2
2.0.0-M1,openjpa-kernel/src/main/java/org/apache/openjpa/event/DirtyListener.java,4
2.0.0-M1,openjpa-kernel/src/main/java/org/apache/openjpa/event/EndTransactionListener.java,6
2.0.0-M1,openjpa-kernel/src/main/java/org/apache/openjpa/event/FlushTransactionListener.java,2
2.0.0-M1,openjpa-kernel/src/main/java/org/apache/openjpa/event/JMSRemoteCommitProvider.java,21
2.0.0-M1,openjpa-kernel/src/main/java/org/apache/openjpa/event/LifecycleCallbacks.java,2
2.0.0-M1,openjpa-kernel/src/main/java/org/apache/openjpa/event/LifecycleEventManager.java,88
2.0.0-M1,openjpa-kernel/src/main/java/org/apache/openjpa/event/LoadListener.java,2
2.0.0-M1,openjpa-kernel/src/main/java/org/apache/openjpa/event/LogOrphanedKeyAction.java,6
2.0.0-M1,openjpa-kernel/src/main/java/org/apache/openjpa/event/MethodLifecycleCallbacks.java,13
2.0.0-M1,openjpa-kernel/src/main/java/org/apache/openjpa/event/OrphanedKeyAction.java,1
2.0.0-M1,openjpa-kernel/src/main/java/org/apache/openjpa/event/PersistListener.java,2
2.0.0-M1,openjpa-kernel/src/main/java/org/apache/openjpa/event/PostDeleteListener.java,1
2.0.0-M1,openjpa-kernel/src/main/java/org/apache/openjpa/event/PostPersistListener.java,1
2.0.0-M1,openjpa-kernel/src/main/java/org/apache/openjpa/event/RemoteCommitEvent.java,15
2.0.0-M1,openjpa-kernel/src/main/java/org/apache/openjpa/event/RemoteCommitEventManager.java,24
2.0.0-M1,openjpa-kernel/src/main/java/org/apache/openjpa/event/RemoteCommitListener.java,2
2.0.0-M1,openjpa-kernel/src/main/java/org/apache/openjpa/event/RemoteCommitProvider.java,3
2.0.0-M1,openjpa-kernel/src/main/java/org/apache/openjpa/event/SingleJVMRemoteCommitProvider.java,3
2.0.0-M1,openjpa-kernel/src/main/java/org/apache/openjpa/event/StoreListener.java,2
2.0.0-M1,openjpa-kernel/src/main/java/org/apache/openjpa/event/TCPRemoteCommitProvider.java,65
2.0.0-M1,openjpa-kernel/src/main/java/org/apache/openjpa/event/TransactionEventManager.java,17
2.0.0-M1,openjpa-kernel/src/main/java/org/apache/openjpa/event/UpdateListener.java,2
2.0.0-M1,openjpa-kernel/src/main/java/org/apache/openjpa/kernel/AbstractBrokerFactory.java,50
2.0.0-M1,openjpa-kernel/src/main/java/org/apache/openjpa/kernel/AbstractLockManager.java,5
2.0.0-M1,openjpa-kernel/src/main/java/org/apache/openjpa/kernel/AbstractPCData.java,45
2.0.0-M1,openjpa-kernel/src/main/java/org/apache/openjpa/kernel/AbstractPCResultObjectProvider.java,3
2.0.0-M1,openjpa-kernel/src/main/java/org/apache/openjpa/kernel/AbstractStoreQuery.java,5
2.0.0-M1,openjpa-kernel/src/main/java/org/apache/openjpa/kernel/AttachManager.java,32
2.0.0-M1,openjpa-kernel/src/main/java/org/apache/openjpa/kernel/AttachStrategy.java,57
2.0.0-M1,openjpa-kernel/src/main/java/org/apache/openjpa/kernel/AutoClear.java,4
2.0.0-M1,openjpa-kernel/src/main/java/org/apache/openjpa/kernel/AutoDetach.java,8
2.0.0-M1,openjpa-kernel/src/main/java/org/apache/openjpa/kernel/Bootstrap.java,11
2.0.0-M1,openjpa-kernel/src/main/java/org/apache/openjpa/kernel/Broker.java,100
2.0.0-M1,openjpa-kernel/src/main/java/org/apache/openjpa/kernel/BrokerFactory.java,14
2.0.0-M1,openjpa-kernel/src/main/java/org/apache/openjpa/kernel/BrokerImpl.java,485
2.0.0-M1,openjpa-kernel/src/main/java/org/apache/openjpa/kernel/ClearFieldManager.java,1
2.0.0-M1,openjpa-kernel/src/main/java/org/apache/openjpa/kernel/ConnectionRetainModes.java,6
2.0.0-M1,openjpa-kernel/src/main/java/org/apache/openjpa/kernel/DelegatingBroker.java,6
2.0.0-M1,openjpa-kernel/src/main/java/org/apache/openjpa/kernel/DelegatingBrokerFactory.java,6
2.0.0-M1,openjpa-kernel/src/main/java/org/apache/openjpa/kernel/DelegatingExtent.java,6
2.0.0-M1,openjpa-kernel/src/main/java/org/apache/openjpa/kernel/DelegatingFetchConfiguration.java,9
2.0.0-M1,openjpa-kernel/src/main/java/org/apache/openjpa/kernel/DelegatingQuery.java,6
2.0.0-M1,openjpa-kernel/src/main/java/org/apache/openjpa/kernel/DelegatingResultList.java,17
2.0.0-M1,openjpa-kernel/src/main/java/org/apache/openjpa/kernel/DelegatingSeq.java,6
2.0.0-M1,openjpa-kernel/src/main/java/org/apache/openjpa/kernel/DelegatingStoreManager.java,6
2.0.0-M1,openjpa-kernel/src/main/java/org/apache/openjpa/kernel/DetachManager.java,86
2.0.0-M1,openjpa-kernel/src/main/java/org/apache/openjpa/kernel/DetachState.java,8
2.0.0-M1,openjpa-kernel/src/main/java/org/apache/openjpa/kernel/DetachedStateAttachStrategy.java,10
2.0.0-M1,openjpa-kernel/src/main/java/org/apache/openjpa/kernel/DetachedStateManager.java,61
2.0.0-M1,openjpa-kernel/src/main/java/org/apache/openjpa/kernel/DetachedValueStateManager.java,11
2.0.0-M1,openjpa-kernel/src/main/java/org/apache/openjpa/kernel/ENonTransState.java,1
2.0.0-M1,openjpa-kernel/src/main/java/org/apache/openjpa/kernel/ExpressionStoreQuery.java,45
2.0.0-M1,openjpa-kernel/src/main/java/org/apache/openjpa/kernel/Extent.java,11
2.0.0-M1,openjpa-kernel/src/main/java/org/apache/openjpa/kernel/ExtentImpl.java,41
2.0.0-M1,openjpa-kernel/src/main/java/org/apache/openjpa/kernel/FetchConfiguration.java,50
2.0.0-M1,openjpa-kernel/src/main/java/org/apache/openjpa/kernel/FetchConfigurationImpl.java,83
2.0.0-M1,openjpa-kernel/src/main/java/org/apache/openjpa/kernel/Filters.java,117
2.0.0-M1,openjpa-kernel/src/main/java/org/apache/openjpa/kernel/FinalizingBrokerImpl.java,2
2.0.0-M1,openjpa-kernel/src/main/java/org/apache/openjpa/kernel/FindCallbacks.java,2
2.0.0-M1,openjpa-kernel/src/main/java/org/apache/openjpa/kernel/InMemorySavepointManager.java,1
2.0.0-M1,openjpa-kernel/src/main/java/org/apache/openjpa/kernel/InverseManager.java,46
2.0.0-M1,openjpa-kernel/src/main/java/org/apache/openjpa/kernel/LocalManagedRuntime.java,15
2.0.0-M1,openjpa-kernel/src/main/java/org/apache/openjpa/kernel/LockLevels.java,6
2.0.0-M1,openjpa-kernel/src/main/java/org/apache/openjpa/kernel/LockManager.java,8
2.0.0-M1,openjpa-kernel/src/main/java/org/apache/openjpa/kernel/ManagedCache.java,42
2.0.0-M1,openjpa-kernel/src/main/java/org/apache/openjpa/kernel/MethodStoreQuery.java,24
2.0.0-M1,openjpa-kernel/src/main/java/org/apache/openjpa/kernel/ObjectIdStateManager.java,24
2.0.0-M1,openjpa-kernel/src/main/java/org/apache/openjpa/kernel/OpCallbacks.java,15
2.0.0-M1,openjpa-kernel/src/main/java/org/apache/openjpa/kernel/OpenJPASavepoint.java,5
2.0.0-M1,openjpa-kernel/src/main/java/org/apache/openjpa/kernel/OpenJPAStateManager.java,72
2.0.0-M1,openjpa-kernel/src/main/java/org/apache/openjpa/kernel/OrderingMergedResultObjectProvider.java,11
2.0.0-M1,openjpa-kernel/src/main/java/org/apache/openjpa/kernel/PCData.java,12
2.0.0-M1,openjpa-kernel/src/main/java/org/apache/openjpa/kernel/PCDataImpl.java,23
2.0.0-M1,openjpa-kernel/src/main/java/org/apache/openjpa/kernel/PCResultObjectProvider.java,1
2.0.0-M1,openjpa-kernel/src/main/java/org/apache/openjpa/kernel/PCState.java,24
2.0.0-M1,openjpa-kernel/src/main/java/org/apache/openjpa/kernel/PNewFlushedDeletedFlushedState.java,1
2.0.0-M1,openjpa-kernel/src/main/java/org/apache/openjpa/kernel/PNewState.java,1
2.0.0-M1,openjpa-kernel/src/main/java/org/apache/openjpa/kernel/PNonTransState.java,4
2.0.0-M1,openjpa-kernel/src/main/java/org/apache/openjpa/kernel/Query.java,26
2.0.0-M1,openjpa-kernel/src/main/java/org/apache/openjpa/kernel/QueryContext.java,43
2.0.0-M1,openjpa-kernel/src/main/java/org/apache/openjpa/kernel/QueryFlushModes.java,6
2.0.0-M1,openjpa-kernel/src/main/java/org/apache/openjpa/kernel/QueryHints.java,2
2.0.0-M1,openjpa-kernel/src/main/java/org/apache/openjpa/kernel/QueryImpl.java,185
2.0.0-M1,openjpa-kernel/src/main/java/org/apache/openjpa/kernel/QueryLanguages.java,3
2.0.0-M1,openjpa-kernel/src/main/java/org/apache/openjpa/kernel/QueryOperations.java,6
2.0.0-M1,openjpa-kernel/src/main/java/org/apache/openjpa/kernel/ROPStoreManager.java,3
2.0.0-M1,openjpa-kernel/src/main/java/org/apache/openjpa/kernel/RestoreState.java,6
2.0.0-M1,openjpa-kernel/src/main/java/org/apache/openjpa/kernel/ResultPacker.java,30
2.0.0-M1,openjpa-kernel/src/main/java/org/apache/openjpa/kernel/SaveFieldManager.java,16
2.0.0-M1,openjpa-kernel/src/main/java/org/apache/openjpa/kernel/SavepointFieldManager.java,11
2.0.0-M1,openjpa-kernel/src/main/java/org/apache/openjpa/kernel/SavepointManager.java,2
2.0.0-M1,openjpa-kernel/src/main/java/org/apache/openjpa/kernel/Seq.java,9
2.0.0-M1,openjpa-kernel/src/main/java/org/apache/openjpa/kernel/SingleFieldManager.java,111
2.0.0-M1,openjpa-kernel/src/main/java/org/apache/openjpa/kernel/StateManagerImpl.java,285
2.0.0-M1,openjpa-kernel/src/main/java/org/apache/openjpa/kernel/StoreContext.java,62
2.0.0-M1,openjpa-kernel/src/main/java/org/apache/openjpa/kernel/StoreManager.java,38
2.0.0-M1,openjpa-kernel/src/main/java/org/apache/openjpa/kernel/StoreQuery.java,46
2.0.0-M1,openjpa-kernel/src/main/java/org/apache/openjpa/kernel/TCleanState.java,1
2.0.0-M1,openjpa-kernel/src/main/java/org/apache/openjpa/kernel/TDirtyState.java,1
2.0.0-M1,openjpa-kernel/src/main/java/org/apache/openjpa/kernel/TimeSeededSeq.java,3
2.0.0-M1,openjpa-kernel/src/main/java/org/apache/openjpa/kernel/TransferFieldManager.java,1
2.0.0-M1,openjpa-kernel/src/main/java/org/apache/openjpa/kernel/UUIDHexSeq.java,4
2.0.0-M1,openjpa-kernel/src/main/java/org/apache/openjpa/kernel/UUIDStringSeq.java,4
2.0.0-M1,openjpa-kernel/src/main/java/org/apache/openjpa/kernel/UUIDType4HexSeq.java,4
2.0.0-M1,openjpa-kernel/src/main/java/org/apache/openjpa/kernel/UUIDType4StringSeq.java,4
2.0.0-M1,openjpa-kernel/src/main/java/org/apache/openjpa/kernel/VersionAttachStrategy.java,40
2.0.0-M1,openjpa-kernel/src/main/java/org/apache/openjpa/kernel/VersionLockManager.java,6
2.0.0-M1,openjpa-kernel/src/main/java/org/apache/openjpa/kernel/exps/Abs.java,9
2.0.0-M1,openjpa-kernel/src/main/java/org/apache/openjpa/kernel/exps/AbstractExpressionBuilder.java,30
2.0.0-M1,openjpa-kernel/src/main/java/org/apache/openjpa/kernel/exps/AbstractExpressionVisitor.java,4
2.0.0-M1,openjpa-kernel/src/main/java/org/apache/openjpa/kernel/exps/Aggregate.java,8
2.0.0-M1,openjpa-kernel/src/main/java/org/apache/openjpa/kernel/exps/AggregateListener.java,4
2.0.0-M1,openjpa-kernel/src/main/java/org/apache/openjpa/kernel/exps/AggregateVal.java,3
2.0.0-M1,openjpa-kernel/src/main/java/org/apache/openjpa/kernel/exps/All.java,1
2.0.0-M1,openjpa-kernel/src/main/java/org/apache/openjpa/kernel/exps/Any.java,1
2.0.0-M1,openjpa-kernel/src/main/java/org/apache/openjpa/kernel/exps/Args.java,10
2.0.0-M1,openjpa-kernel/src/main/java/org/apache/openjpa/kernel/exps/Arguments.java,1
2.0.0-M1,openjpa-kernel/src/main/java/org/apache/openjpa/kernel/exps/Avg.java,4
2.0.0-M1,openjpa-kernel/src/main/java/org/apache/openjpa/kernel/exps/BindVariableAndExpression.java,5
2.0.0-M1,openjpa-kernel/src/main/java/org/apache/openjpa/kernel/exps/BindVariableExpression.java,3
2.0.0-M1,openjpa-kernel/src/main/java/org/apache/openjpa/kernel/exps/BoundVariable.java,2
2.0.0-M1,openjpa-kernel/src/main/java/org/apache/openjpa/kernel/exps/CandidatePath.java,27
2.0.0-M1,openjpa-kernel/src/main/java/org/apache/openjpa/kernel/exps/Cast.java,4
2.0.0-M1,openjpa-kernel/src/main/java/org/apache/openjpa/kernel/exps/Coalesce.java,7
2.0.0-M1,openjpa-kernel/src/main/java/org/apache/openjpa/kernel/exps/Concat.java,4
2.0.0-M1,openjpa-kernel/src/main/java/org/apache/openjpa/kernel/exps/Constant.java,1
2.0.0-M1,openjpa-kernel/src/main/java/org/apache/openjpa/kernel/exps/ContainsExpression.java,3
2.0.0-M1,openjpa-kernel/src/main/java/org/apache/openjpa/kernel/exps/Count.java,3
2.0.0-M1,openjpa-kernel/src/main/java/org/apache/openjpa/kernel/exps/CurrentDate.java,1
2.0.0-M1,openjpa-kernel/src/main/java/org/apache/openjpa/kernel/exps/Distinct.java,2
2.0.0-M1,openjpa-kernel/src/main/java/org/apache/openjpa/kernel/exps/EndsWithExpression.java,1
2.0.0-M1,openjpa-kernel/src/main/java/org/apache/openjpa/kernel/exps/Exp.java,2
2.0.0-M1,openjpa-kernel/src/main/java/org/apache/openjpa/kernel/exps/Expression.java,1
2.0.0-M1,openjpa-kernel/src/main/java/org/apache/openjpa/kernel/exps/ExpressionFactory.java,74
2.0.0-M1,openjpa-kernel/src/main/java/org/apache/openjpa/kernel/exps/ExpressionParser.java,5
2.0.0-M1,openjpa-kernel/src/main/java/org/apache/openjpa/kernel/exps/ExpressionVisitor.java,4
2.0.0-M1,openjpa-kernel/src/main/java/org/apache/openjpa/kernel/exps/Extension.java,10
2.0.0-M1,openjpa-kernel/src/main/java/org/apache/openjpa/kernel/exps/FilterListener.java,5
2.0.0-M1,openjpa-kernel/src/main/java/org/apache/openjpa/kernel/exps/GeneralCase.java,11
2.0.0-M1,openjpa-kernel/src/main/java/org/apache/openjpa/kernel/exps/GetMapValue.java,1
2.0.0-M1,openjpa-kernel/src/main/java/org/apache/openjpa/kernel/exps/GetObjectId.java,1
2.0.0-M1,openjpa-kernel/src/main/java/org/apache/openjpa/kernel/exps/GreaterThanEqualExpression.java,2
2.0.0-M1,openjpa-kernel/src/main/java/org/apache/openjpa/kernel/exps/GreaterThanExpression.java,2
2.0.0-M1,openjpa-kernel/src/main/java/org/apache/openjpa/kernel/exps/InMemoryExpressionFactory.java,53
2.0.0-M1,openjpa-kernel/src/main/java/org/apache/openjpa/kernel/exps/IndexOf.java,2
2.0.0-M1,openjpa-kernel/src/main/java/org/apache/openjpa/kernel/exps/IsEmptyExpression.java,9
2.0.0-M1,openjpa-kernel/src/main/java/org/apache/openjpa/kernel/exps/LessThanEqualExpression.java,2
2.0.0-M1,openjpa-kernel/src/main/java/org/apache/openjpa/kernel/exps/LessThanExpression.java,2
2.0.0-M1,openjpa-kernel/src/main/java/org/apache/openjpa/kernel/exps/Literal.java,9
2.0.0-M1,openjpa-kernel/src/main/java/org/apache/openjpa/kernel/exps/MatchesExpression.java,4
2.0.0-M1,openjpa-kernel/src/main/java/org/apache/openjpa/kernel/exps/MathVal.java,1
2.0.0-M1,openjpa-kernel/src/main/java/org/apache/openjpa/kernel/exps/Max.java,2
2.0.0-M1,openjpa-kernel/src/main/java/org/apache/openjpa/kernel/exps/Min.java,2
2.0.0-M1,openjpa-kernel/src/main/java/org/apache/openjpa/kernel/exps/Null.java,1
2.0.0-M1,openjpa-kernel/src/main/java/org/apache/openjpa/kernel/exps/NullIf.java,5
2.0.0-M1,openjpa-kernel/src/main/java/org/apache/openjpa/kernel/exps/Parameter.java,2
2.0.0-M1,openjpa-kernel/src/main/java/org/apache/openjpa/kernel/exps/Path.java,5
2.0.0-M1,openjpa-kernel/src/main/java/org/apache/openjpa/kernel/exps/QueryExpressions.java,11
2.0.0-M1,openjpa-kernel/src/main/java/org/apache/openjpa/kernel/exps/Resolver.java,5
2.0.0-M1,openjpa-kernel/src/main/java/org/apache/openjpa/kernel/exps/SimpleCase.java,10
2.0.0-M1,openjpa-kernel/src/main/java/org/apache/openjpa/kernel/exps/Size.java,2
2.0.0-M1,openjpa-kernel/src/main/java/org/apache/openjpa/kernel/exps/Sqrt.java,1
2.0.0-M1,openjpa-kernel/src/main/java/org/apache/openjpa/kernel/exps/StartsWithExpression.java,1
2.0.0-M1,openjpa-kernel/src/main/java/org/apache/openjpa/kernel/exps/StringContains.java,2
2.0.0-M1,openjpa-kernel/src/main/java/org/apache/openjpa/kernel/exps/StringLength.java,2
2.0.0-M1,openjpa-kernel/src/main/java/org/apache/openjpa/kernel/exps/SubQ.java,1
2.0.0-M1,openjpa-kernel/src/main/java/org/apache/openjpa/kernel/exps/Subquery.java,2
2.0.0-M1,openjpa-kernel/src/main/java/org/apache/openjpa/kernel/exps/Substring.java,1
2.0.0-M1,openjpa-kernel/src/main/java/org/apache/openjpa/kernel/exps/Sum.java,4
2.0.0-M1,openjpa-kernel/src/main/java/org/apache/openjpa/kernel/exps/This.java,1
2.0.0-M1,openjpa-kernel/src/main/java/org/apache/openjpa/kernel/exps/ToLowerCase.java,1
2.0.0-M1,openjpa-kernel/src/main/java/org/apache/openjpa/kernel/exps/ToUpperCase.java,1
2.0.0-M1,openjpa-kernel/src/main/java/org/apache/openjpa/kernel/exps/Trim.java,4
2.0.0-M1,openjpa-kernel/src/main/java/org/apache/openjpa/kernel/exps/Type.java,4
2.0.0-M1,openjpa-kernel/src/main/java/org/apache/openjpa/kernel/exps/UnaryMathVal.java,1
2.0.0-M1,openjpa-kernel/src/main/java/org/apache/openjpa/kernel/exps/Val.java,4
2.0.0-M1,openjpa-kernel/src/main/java/org/apache/openjpa/kernel/exps/Value.java,11
2.0.0-M1,openjpa-kernel/src/main/java/org/apache/openjpa/kernel/exps/WildcardMatch.java,4
2.0.0-M1,openjpa-kernel/src/main/java/org/apache/openjpa/kernel/jpql/JPQLExpressionBuilder.java,143
2.0.0-M1,openjpa-kernel/src/main/java/org/apache/openjpa/kernel/jpql/JPQLParser.java,4
2.0.0-M1,openjpa-kernel/src/main/java/org/apache/openjpa/meta/AbstractCFMetaDataFactory.java,127
2.0.0-M1,openjpa-kernel/src/main/java/org/apache/openjpa/meta/AbstractMetaDataDefaults.java,34
2.0.0-M1,openjpa-kernel/src/main/java/org/apache/openjpa/meta/AbstractMetaDataFactory.java,5
2.0.0-M1,openjpa-kernel/src/main/java/org/apache/openjpa/meta/ClassMetaData.java,236
2.0.0-M1,openjpa-kernel/src/main/java/org/apache/openjpa/meta/DelegatingMetaDataFactory.java,1
2.0.0-M1,openjpa-kernel/src/main/java/org/apache/openjpa/meta/Extensions.java,41
2.0.0-M1,openjpa-kernel/src/main/java/org/apache/openjpa/meta/FetchGroup.java,44
2.0.0-M1,openjpa-kernel/src/main/java/org/apache/openjpa/meta/FieldMetaData.java,175
2.0.0-M1,openjpa-kernel/src/main/java/org/apache/openjpa/meta/InMemoryRelatedFieldOrder.java,14
2.0.0-M1,openjpa-kernel/src/main/java/org/apache/openjpa/meta/InMemoryValueOrder.java,22
2.0.0-M1,openjpa-kernel/src/main/java/org/apache/openjpa/meta/InheritanceComparator.java,16
2.0.0-M1,openjpa-kernel/src/main/java/org/apache/openjpa/meta/InheritanceOrderedMetaDataList.java,5
2.0.0-M1,openjpa-kernel/src/main/java/org/apache/openjpa/meta/InterfaceImplGenerator.java,14
2.0.0-M1,openjpa-kernel/src/main/java/org/apache/openjpa/meta/JavaTypes.java,81
2.0.0-M1,openjpa-kernel/src/main/java/org/apache/openjpa/meta/LifecycleMetaData.java,17
2.0.0-M1,openjpa-kernel/src/main/java/org/apache/openjpa/meta/MetaDataContext.java,1
2.0.0-M1,openjpa-kernel/src/main/java/org/apache/openjpa/meta/MetaDataDefaults.java,10
2.0.0-M1,openjpa-kernel/src/main/java/org/apache/openjpa/meta/MetaDataFactory.java,19
2.0.0-M1,openjpa-kernel/src/main/java/org/apache/openjpa/meta/MetaDataInheritanceComparator.java,9
2.0.0-M1,openjpa-kernel/src/main/java/org/apache/openjpa/meta/MetaDataModes.java,14
2.0.0-M1,openjpa-kernel/src/main/java/org/apache/openjpa/meta/MetaDataRepository.java,193
2.0.0-M1,openjpa-kernel/src/main/java/org/apache/openjpa/meta/MetaDataTool.java,28
2.0.0-M1,openjpa-kernel/src/main/java/org/apache/openjpa/meta/NonPersistentMetaData.java,5
2.0.0-M1,openjpa-kernel/src/main/java/org/apache/openjpa/meta/NoneMetaDataFactory.java,12
2.0.0-M1,openjpa-kernel/src/main/java/org/apache/openjpa/meta/Order.java,4
2.0.0-M1,openjpa-kernel/src/main/java/org/apache/openjpa/meta/ProxySetupStateManager.java,7
2.0.0-M1,openjpa-kernel/src/main/java/org/apache/openjpa/meta/QueryMetaData.java,8
2.0.0-M1,openjpa-kernel/src/main/java/org/apache/openjpa/meta/SequenceMetaData.java,16
2.0.0-M1,openjpa-kernel/src/main/java/org/apache/openjpa/meta/UpdateStrategies.java,6
2.0.0-M1,openjpa-kernel/src/main/java/org/apache/openjpa/meta/ValueMetaData.java,42
2.0.0-M1,openjpa-kernel/src/main/java/org/apache/openjpa/meta/ValueMetaDataImpl.java,45
2.0.0-M1,openjpa-kernel/src/main/java/org/apache/openjpa/meta/ValueStrategies.java,8
2.0.0-M1,openjpa-kernel/src/main/java/org/apache/openjpa/meta/XMLClassMetaData.java,2
2.0.0-M1,openjpa-kernel/src/main/java/org/apache/openjpa/meta/XMLFieldMetaData.java,5
2.0.0-M1,openjpa-kernel/src/main/java/org/apache/openjpa/meta/XMLMetaData.java,21
2.0.0-M1,openjpa-kernel/src/main/java/org/apache/openjpa/util/AbstractChangeTracker.java,19
2.0.0-M1,openjpa-kernel/src/main/java/org/apache/openjpa/util/AbstractLRSProxyCollection.java,35
2.0.0-M1,openjpa-kernel/src/main/java/org/apache/openjpa/util/AbstractLRSProxyMap.java,56
2.0.0-M1,openjpa-kernel/src/main/java/org/apache/openjpa/util/ApplicationIds.java,64
2.0.0-M1,openjpa-kernel/src/main/java/org/apache/openjpa/util/ArrayStateImage.java,6
2.0.0-M1,openjpa-kernel/src/main/java/org/apache/openjpa/util/BigDecimalId.java,5
2.0.0-M1,openjpa-kernel/src/main/java/org/apache/openjpa/util/BigIntegerId.java,5
2.0.0-M1,openjpa-kernel/src/main/java/org/apache/openjpa/util/ByteId.java,2
2.0.0-M1,openjpa-kernel/src/main/java/org/apache/openjpa/util/CacheMap.java,47
2.0.0-M1,openjpa-kernel/src/main/java/org/apache/openjpa/util/ChangeTracker.java,8
2.0.0-M1,openjpa-kernel/src/main/java/org/apache/openjpa/util/CharId.java,2
2.0.0-M1,openjpa-kernel/src/main/java/org/apache/openjpa/util/ClassResolver.java,1
2.0.0-M1,openjpa-kernel/src/main/java/org/apache/openjpa/util/ClassResolverImpl.java,6
2.0.0-M1,openjpa-kernel/src/main/java/org/apache/openjpa/util/CollectionChangeTracker.java,2
2.0.0-M1,openjpa-kernel/src/main/java/org/apache/openjpa/util/CollectionChangeTrackerImpl.java,9
2.0.0-M1,openjpa-kernel/src/main/java/org/apache/openjpa/util/DateId.java,1
2.0.0-M1,openjpa-kernel/src/main/java/org/apache/openjpa/util/DoubleId.java,2
2.0.0-M1,openjpa-kernel/src/main/java/org/apache/openjpa/util/ExceptionInfo.java,13
2.0.0-M1,openjpa-kernel/src/main/java/org/apache/openjpa/util/Exceptions.java,26
2.0.0-M1,openjpa-kernel/src/main/java/org/apache/openjpa/util/FloatId.java,2
2.0.0-M1,openjpa-kernel/src/main/java/org/apache/openjpa/util/GeneralException.java,1
2.0.0-M1,openjpa-kernel/src/main/java/org/apache/openjpa/util/GeneratedClasses.java,10
2.0.0-M1,openjpa-kernel/src/main/java/org/apache/openjpa/util/Id.java,9
2.0.0-M1,openjpa-kernel/src/main/java/org/apache/openjpa/util/ImplHelper.java,23
2.0.0-M1,openjpa-kernel/src/main/java/org/apache/openjpa/util/IntId.java,1
2.0.0-M1,openjpa-kernel/src/main/java/org/apache/openjpa/util/LockException.java,2
2.0.0-M1,openjpa-kernel/src/main/java/org/apache/openjpa/util/MapChangeTracker.java,5
2.0.0-M1,openjpa-kernel/src/main/java/org/apache/openjpa/util/MapChangeTrackerImpl.java,14
2.0.0-M1,openjpa-kernel/src/main/java/org/apache/openjpa/util/MultiLoaderClassResolver.java,3
2.0.0-M1,openjpa-kernel/src/main/java/org/apache/openjpa/util/OpenJPAException.java,10
2.0.0-M1,openjpa-kernel/src/main/java/org/apache/openjpa/util/OpenJPAId.java,11
2.0.0-M1,openjpa-kernel/src/main/java/org/apache/openjpa/util/Proxies.java,5
2.0.0-M1,openjpa-kernel/src/main/java/org/apache/openjpa/util/Proxy.java,5
2.0.0-M1,openjpa-kernel/src/main/java/org/apache/openjpa/util/ProxyBean.java,1
2.0.0-M1,openjpa-kernel/src/main/java/org/apache/openjpa/util/ProxyCalendar.java,1
2.0.0-M1,openjpa-kernel/src/main/java/org/apache/openjpa/util/ProxyCollection.java,2
2.0.0-M1,openjpa-kernel/src/main/java/org/apache/openjpa/util/ProxyCollections.java,40
2.0.0-M1,openjpa-kernel/src/main/java/org/apache/openjpa/util/ProxyDate.java,1
2.0.0-M1,openjpa-kernel/src/main/java/org/apache/openjpa/util/ProxyManager.java,11
2.0.0-M1,openjpa-kernel/src/main/java/org/apache/openjpa/util/ProxyManagerImpl.java,125
2.0.0-M1,openjpa-kernel/src/main/java/org/apache/openjpa/util/ProxyMap.java,3
2.0.0-M1,openjpa-kernel/src/main/java/org/apache/openjpa/util/ProxyMaps.java,20
2.0.0-M1,openjpa-kernel/src/main/java/org/apache/openjpa/util/RuntimeExceptionTranslator.java,1
2.0.0-M1,openjpa-kernel/src/main/java/org/apache/openjpa/util/Serialization.java,12
2.0.0-M1,openjpa-kernel/src/main/java/org/apache/openjpa/util/ShortId.java,2
2.0.0-M1,openjpa-kernel/src/main/java/org/apache/openjpa/util/StoreFacadeTypeRegistry.java,6
2.0.0-M1,openjpa-kernel/src/main/java/org/apache/openjpa/util/StringId.java,1
2.0.0-M1,openjpa-kernel/src/main/java/org/apache/openjpa/util/UserException.java,1
2.0.0-M1,openjpa-kernel/src/main/jjtree/org/apache/openjpa/kernel/jpql/ParseException.java,7
2.0.0-M1,openjpa-lib/src/main/java/org/apache/openjpa/lib/ant/AbstractTask.java,14
2.0.0-M1,openjpa-lib/src/main/java/org/apache/openjpa/lib/conf/AbstractProductDerivation.java,4
2.0.0-M1,openjpa-lib/src/main/java/org/apache/openjpa/lib/conf/BooleanValue.java,3
2.0.0-M1,openjpa-lib/src/main/java/org/apache/openjpa/lib/conf/Configurable.java,3
2.0.0-M1,openjpa-lib/src/main/java/org/apache/openjpa/lib/conf/Configuration.java,33
2.0.0-M1,openjpa-lib/src/main/java/org/apache/openjpa/lib/conf/ConfigurationImpl.java,94
2.0.0-M1,openjpa-lib/src/main/java/org/apache/openjpa/lib/conf/ConfigurationProvider.java,4
2.0.0-M1,openjpa-lib/src/main/java/org/apache/openjpa/lib/conf/Configurations.java,87
2.0.0-M1,openjpa-lib/src/main/java/org/apache/openjpa/lib/conf/DoubleValue.java,5
2.0.0-M1,openjpa-lib/src/main/java/org/apache/openjpa/lib/conf/FileValue.java,1
2.0.0-M1,openjpa-lib/src/main/java/org/apache/openjpa/lib/conf/GenericConfigurable.java,1
2.0.0-M1,openjpa-lib/src/main/java/org/apache/openjpa/lib/conf/IntValue.java,5
2.0.0-M1,openjpa-lib/src/main/java/org/apache/openjpa/lib/conf/MapConfigurationProvider.java,6
2.0.0-M1,openjpa-lib/src/main/java/org/apache/openjpa/lib/conf/ObjectValue.java,4
2.0.0-M1,openjpa-lib/src/main/java/org/apache/openjpa/lib/conf/PluginListValue.java,13
2.0.0-M1,openjpa-lib/src/main/java/org/apache/openjpa/lib/conf/PluginValue.java,6
2.0.0-M1,openjpa-lib/src/main/java/org/apache/openjpa/lib/conf/ProductDerivation.java,16
2.0.0-M1,openjpa-lib/src/main/java/org/apache/openjpa/lib/conf/ProductDerivations.java,45
2.0.0-M1,openjpa-lib/src/main/java/org/apache/openjpa/lib/conf/StringListValue.java,9
2.0.0-M1,openjpa-lib/src/main/java/org/apache/openjpa/lib/conf/StringValue.java,1
2.0.0-M1,openjpa-lib/src/main/java/org/apache/openjpa/lib/conf/Value.java,34
2.0.0-M1,openjpa-lib/src/main/java/org/apache/openjpa/lib/conf/ValueListener.java,1
2.0.0-M1,openjpa-lib/src/main/java/org/apache/openjpa/lib/graph/BreadthFirstWalk.java,13
2.0.0-M1,openjpa-lib/src/main/java/org/apache/openjpa/lib/graph/DepthFirstAnalysis.java,17
2.0.0-M1,openjpa-lib/src/main/java/org/apache/openjpa/lib/graph/Edge.java,5
2.0.0-M1,openjpa-lib/src/main/java/org/apache/openjpa/lib/graph/Graph.java,18
2.0.0-M1,openjpa-lib/src/main/java/org/apache/openjpa/lib/graph/GraphVisitor.java,3
2.0.0-M1,openjpa-lib/src/main/java/org/apache/openjpa/lib/jdbc/AbstractJDBCListener.java,1
2.0.0-M1,openjpa-lib/src/main/java/org/apache/openjpa/lib/jdbc/ConfiguringConnectionDecorator.java,12
2.0.0-M1,openjpa-lib/src/main/java/org/apache/openjpa/lib/jdbc/ConnectionDecorator.java,1
2.0.0-M1,openjpa-lib/src/main/java/org/apache/openjpa/lib/jdbc/DataSourceLogs.java,9
2.0.0-M1,openjpa-lib/src/main/java/org/apache/openjpa/lib/jdbc/DecoratingDataSource.java,2
2.0.0-M1,openjpa-lib/src/main/java/org/apache/openjpa/lib/jdbc/DelegatingCallableStatement.java,169
2.0.0-M1,openjpa-lib/src/main/java/org/apache/openjpa/lib/jdbc/DelegatingConnection.java,97
2.0.0-M1,openjpa-lib/src/main/java/org/apache/openjpa/lib/jdbc/DelegatingDataSource.java,16
2.0.0-M1,openjpa-lib/src/main/java/org/apache/openjpa/lib/jdbc/DelegatingDatabaseMetaData.java,170
2.0.0-M1,openjpa-lib/src/main/java/org/apache/openjpa/lib/jdbc/DelegatingPreparedStatement.java,89
2.0.0-M1,openjpa-lib/src/main/java/org/apache/openjpa/lib/jdbc/DelegatingResultSet.java,148
2.0.0-M1,openjpa-lib/src/main/java/org/apache/openjpa/lib/jdbc/DelegatingStatement.java,50
2.0.0-M1,openjpa-lib/src/main/java/org/apache/openjpa/lib/jdbc/JDBCEventConnectionDecorator.java,7
2.0.0-M1,openjpa-lib/src/main/java/org/apache/openjpa/lib/jdbc/JDBCListener.java,12
2.0.0-M1,openjpa-lib/src/main/java/org/apache/openjpa/lib/jdbc/LoggingConnectionDecorator.java,145
2.0.0-M1,openjpa-lib/src/main/java/org/apache/openjpa/lib/jdbc/ReportingSQLException.java,6
2.0.0-M1,openjpa-lib/src/main/java/org/apache/openjpa/lib/jdbc/SQLFormatter.java,17
2.0.0-M1,openjpa-lib/src/main/java/org/apache/openjpa/lib/log/AbstractLog.java,11
2.0.0-M1,openjpa-lib/src/main/java/org/apache/openjpa/lib/log/CommonsLogFactory.java,2
2.0.0-M1,openjpa-lib/src/main/java/org/apache/openjpa/lib/log/Log.java,20
2.0.0-M1,openjpa-lib/src/main/java/org/apache/openjpa/lib/log/Log4JLogFactory.java,1
2.0.0-M1,openjpa-lib/src/main/java/org/apache/openjpa/lib/log/LogFactory.java,1
2.0.0-M1,openjpa-lib/src/main/java/org/apache/openjpa/lib/log/LogFactoryImpl.java,12
2.0.0-M1,openjpa-lib/src/main/java/org/apache/openjpa/lib/log/LogOutputStream.java,3
2.0.0-M1,openjpa-lib/src/main/java/org/apache/openjpa/lib/log/MultiLogFactory.java,37
2.0.0-M1,openjpa-lib/src/main/java/org/apache/openjpa/lib/log/NoneLogFactory.java,10
2.0.0-M1,openjpa-lib/src/main/java/org/apache/openjpa/lib/meta/CFMetaDataParser.java,29
2.0.0-M1,openjpa-lib/src/main/java/org/apache/openjpa/lib/meta/CFMetaDataSerializer.java,5
2.0.0-M1,openjpa-lib/src/main/java/org/apache/openjpa/lib/meta/ClassAnnotationMetaDataFilter.java,13
2.0.0-M1,openjpa-lib/src/main/java/org/apache/openjpa/lib/meta/ClassArgParser.java,66
2.0.0-M1,openjpa-lib/src/main/java/org/apache/openjpa/lib/meta/ClassMetaDataIterator.java,17
2.0.0-M1,openjpa-lib/src/main/java/org/apache/openjpa/lib/meta/ClasspathMetaDataIterator.java,9
2.0.0-M1,openjpa-lib/src/main/java/org/apache/openjpa/lib/meta/FileMetaDataIterator.java,19
2.0.0-M1,openjpa-lib/src/main/java/org/apache/openjpa/lib/meta/MetaDataFilter.java,4
2.0.0-M1,openjpa-lib/src/main/java/org/apache/openjpa/lib/meta/MetaDataIterator.java,5
2.0.0-M1,openjpa-lib/src/main/java/org/apache/openjpa/lib/meta/MetaDataIteratorChain.java,8
2.0.0-M1,openjpa-lib/src/main/java/org/apache/openjpa/lib/meta/MetaDataParser.java,9
2.0.0-M1,openjpa-lib/src/main/java/org/apache/openjpa/lib/meta/MetaDataSerializer.java,8
2.0.0-M1,openjpa-lib/src/main/java/org/apache/openjpa/lib/meta/ResourceMetaDataIterator.java,8
2.0.0-M1,openjpa-lib/src/main/java/org/apache/openjpa/lib/meta/SourceTracker.java,9
2.0.0-M1,openjpa-lib/src/main/java/org/apache/openjpa/lib/meta/SourceTrackers.java,2
2.0.0-M1,openjpa-lib/src/main/java/org/apache/openjpa/lib/meta/URLMetaDataIterator.java,8
2.0.0-M1,openjpa-lib/src/main/java/org/apache/openjpa/lib/meta/XMLMetaDataParser.java,61
2.0.0-M1,openjpa-lib/src/main/java/org/apache/openjpa/lib/meta/XMLMetaDataSerializer.java,28
2.0.0-M1,openjpa-lib/src/main/java/org/apache/openjpa/lib/meta/XMLVersionParser.java,1
2.0.0-M1,openjpa-lib/src/main/java/org/apache/openjpa/lib/meta/ZipFileMetaDataIterator.java,12
2.0.0-M1,openjpa-lib/src/main/java/org/apache/openjpa/lib/meta/ZipStreamMetaDataIterator.java,16
2.0.0-M1,openjpa-lib/src/main/java/org/apache/openjpa/lib/rop/AbstractListIterator.java,3
2.0.0-M1,openjpa-lib/src/main/java/org/apache/openjpa/lib/rop/AbstractNonSequentialResultList.java,16
2.0.0-M1,openjpa-lib/src/main/java/org/apache/openjpa/lib/rop/AbstractResultList.java,1
2.0.0-M1,openjpa-lib/src/main/java/org/apache/openjpa/lib/rop/AbstractSequentialResultList.java,13
2.0.0-M1,openjpa-lib/src/main/java/org/apache/openjpa/lib/rop/EagerResultList.java,2
2.0.0-M1,openjpa-lib/src/main/java/org/apache/openjpa/lib/rop/LazyForwardResultList.java,15
2.0.0-M1,openjpa-lib/src/main/java/org/apache/openjpa/lib/rop/ListResultObjectProvider.java,3
2.0.0-M1,openjpa-lib/src/main/java/org/apache/openjpa/lib/rop/MergedResultObjectProvider.java,15
2.0.0-M1,openjpa-lib/src/main/java/org/apache/openjpa/lib/rop/RandomAccessResultList.java,16
2.0.0-M1,openjpa-lib/src/main/java/org/apache/openjpa/lib/rop/RangeResultObjectProvider.java,9
2.0.0-M1,openjpa-lib/src/main/java/org/apache/openjpa/lib/rop/ResultList.java,3
2.0.0-M1,openjpa-lib/src/main/java/org/apache/openjpa/lib/rop/ResultListIterator.java,3
2.0.0-M1,openjpa-lib/src/main/java/org/apache/openjpa/lib/rop/ResultObjectProvider.java,9
2.0.0-M1,openjpa-lib/src/main/java/org/apache/openjpa/lib/rop/ResultObjectProviderIterator.java,8
2.0.0-M1,openjpa-lib/src/main/java/org/apache/openjpa/lib/rop/SimpleResultList.java,5
2.0.0-M1,openjpa-lib/src/main/java/org/apache/openjpa/lib/rop/WindowResultList.java,11
2.0.0-M1,openjpa-lib/src/main/java/org/apache/openjpa/lib/util/Base16Encoder.java,9
2.0.0-M1,openjpa-lib/src/main/java/org/apache/openjpa/lib/util/BytecodeWriter.java,1
2.0.0-M1,openjpa-lib/src/main/java/org/apache/openjpa/lib/util/Bytes.java,11
2.0.0-M1,openjpa-lib/src/main/java/org/apache/openjpa/lib/util/Closeable.java,1
2.0.0-M1,openjpa-lib/src/main/java/org/apache/openjpa/lib/util/CodeFormat.java,31
2.0.0-M1,openjpa-lib/src/main/java/org/apache/openjpa/lib/util/EventManager.java,6
2.0.0-M1,openjpa-lib/src/main/java/org/apache/openjpa/lib/util/Files.java,45
2.0.0-M1,openjpa-lib/src/main/java/org/apache/openjpa/lib/util/FormatPreservingProperties.java,69
2.0.0-M1,openjpa-lib/src/main/java/org/apache/openjpa/lib/util/J2DoPrivHelper.java,57
2.0.0-M1,openjpa-lib/src/main/java/org/apache/openjpa/lib/util/JavaVersions.java,28
2.0.0-M1,openjpa-lib/src/main/java/org/apache/openjpa/lib/util/LRUMap.java,3
2.0.0-M1,openjpa-lib/src/main/java/org/apache/openjpa/lib/util/Localizer.java,7
2.0.0-M1,openjpa-lib/src/main/java/org/apache/openjpa/lib/util/MultiClassLoader.java,31
2.0.0-M1,openjpa-lib/src/main/java/org/apache/openjpa/lib/util/Options.java,74
2.0.0-M1,openjpa-lib/src/main/java/org/apache/openjpa/lib/util/ParameterTemplate.java,11
2.0.0-M1,openjpa-lib/src/main/java/org/apache/openjpa/lib/util/ParseException.java,1
2.0.0-M1,openjpa-lib/src/main/java/org/apache/openjpa/lib/util/ReferenceHashMap.java,17
2.0.0-M1,openjpa-lib/src/main/java/org/apache/openjpa/lib/util/ReferenceHashSet.java,16
2.0.0-M1,openjpa-lib/src/main/java/org/apache/openjpa/lib/util/ReferenceMap.java,6
2.0.0-M1,openjpa-lib/src/main/java/org/apache/openjpa/lib/util/ResourceBundleProvider.java,1
2.0.0-M1,openjpa-lib/src/main/java/org/apache/openjpa/lib/util/Services.java,22
2.0.0-M1,openjpa-lib/src/main/java/org/apache/openjpa/lib/util/SimpleRegex.java,12
2.0.0-M1,openjpa-lib/src/main/java/org/apache/openjpa/lib/util/SimpleResourceBundleProvider.java,4
2.0.0-M1,openjpa-lib/src/main/java/org/apache/openjpa/lib/util/SizedMap.java,4
2.0.0-M1,openjpa-lib/src/main/java/org/apache/openjpa/lib/util/StreamResourceBundleProvider.java,3
2.0.0-M1,openjpa-lib/src/main/java/org/apache/openjpa/lib/util/StringDistance.java,17
2.0.0-M1,openjpa-lib/src/main/java/org/apache/openjpa/lib/util/TemporaryClassLoader.java,13
2.0.0-M1,openjpa-lib/src/main/java/org/apache/openjpa/lib/util/TimestampHelper.java,3
2.0.0-M1,openjpa-lib/src/main/java/org/apache/openjpa/lib/util/TypedProperties.java,9
2.0.0-M1,openjpa-lib/src/main/java/org/apache/openjpa/lib/util/UUIDGenerator.java,6
2.0.0-M1,openjpa-lib/src/main/java/org/apache/openjpa/lib/util/ZipResourceBundleProvider.java,7
2.0.0-M1,openjpa-lib/src/main/java/org/apache/openjpa/lib/util/concurrent/AbstractConcurrentEventManager.java,7
2.0.0-M1,openjpa-lib/src/main/java/org/apache/openjpa/lib/util/concurrent/ConcurrentHashMap.java,100
2.0.0-M1,openjpa-lib/src/main/java/org/apache/openjpa/lib/util/concurrent/ConcurrentMap.java,2
2.0.0-M1,openjpa-lib/src/main/java/org/apache/openjpa/lib/util/concurrent/ConcurrentReferenceHashMap.java,146
2.0.0-M1,openjpa-lib/src/main/java/org/apache/openjpa/lib/util/concurrent/ConcurrentReferenceHashSet.java,15
2.0.0-M1,openjpa-lib/src/main/java/org/apache/openjpa/lib/util/concurrent/NullSafeConcurrentHashMap.java,39
2.0.0-M1,openjpa-lib/src/main/java/org/apache/openjpa/lib/util/concurrent/SizedConcurrentHashMap.java,8
2.0.0-M1,openjpa-lib/src/main/java/org/apache/openjpa/lib/xml/Commentable.java,3
2.0.0-M1,openjpa-lib/src/main/java/org/apache/openjpa/lib/xml/DocTypeReader.java,26
2.0.0-M1,openjpa-lib/src/main/java/org/apache/openjpa/lib/xml/Location.java,1
2.0.0-M1,openjpa-lib/src/main/java/org/apache/openjpa/lib/xml/ValidatingErrorHandler.java,3
2.0.0-M1,openjpa-lib/src/main/java/org/apache/openjpa/lib/xml/XMLFactory.java,5
2.0.0-M1,openjpa-lib/src/main/java/org/apache/openjpa/lib/xml/XMLWriter.java,11
2.0.0-M1,openjpa-persistence-jdbc/src/main/java/org/apache/openjpa/persistence/jdbc/AnnotationPersistenceMappingParser.java,163
2.0.0-M1,openjpa-persistence-jdbc/src/main/java/org/apache/openjpa/persistence/jdbc/AnnotationPersistenceMappingSerializer.java,85
2.0.0-M1,openjpa-persistence-jdbc/src/main/java/org/apache/openjpa/persistence/jdbc/ElementEmbeddedMapping.java,2
2.0.0-M1,openjpa-persistence-jdbc/src/main/java/org/apache/openjpa/persistence/jdbc/EmbeddedMapping.java,2
2.0.0-M1,openjpa-persistence-jdbc/src/main/java/org/apache/openjpa/persistence/jdbc/FetchDirection.java,1
2.0.0-M1,openjpa-persistence-jdbc/src/main/java/org/apache/openjpa/persistence/jdbc/FetchMode.java,1
2.0.0-M1,openjpa-persistence-jdbc/src/main/java/org/apache/openjpa/persistence/jdbc/IsolationLevel.java,1
2.0.0-M1,openjpa-persistence-jdbc/src/main/java/org/apache/openjpa/persistence/jdbc/JDBCFetchPlan.java,57
2.0.0-M1,openjpa-persistence-jdbc/src/main/java/org/apache/openjpa/persistence/jdbc/JDBCPersistenceProductDerivation.java,4
2.0.0-M1,openjpa-persistence-jdbc/src/main/java/org/apache/openjpa/persistence/jdbc/JoinSyntax.java,1
2.0.0-M1,openjpa-persistence-jdbc/src/main/java/org/apache/openjpa/persistence/jdbc/KeyEmbeddedMapping.java,2
2.0.0-M1,openjpa-persistence-jdbc/src/main/java/org/apache/openjpa/persistence/jdbc/LRSSizeAlgorithm.java,1
2.0.0-M1,openjpa-persistence-jdbc/src/main/java/org/apache/openjpa/persistence/jdbc/PersistenceMappingDefaults.java,20
2.0.0-M1,openjpa-persistence-jdbc/src/main/java/org/apache/openjpa/persistence/jdbc/PersistenceMappingFactory.java,2
2.0.0-M1,openjpa-persistence-jdbc/src/main/java/org/apache/openjpa/persistence/jdbc/ResultSetType.java,1
2.0.0-M1,openjpa-persistence-jdbc/src/main/java/org/apache/openjpa/persistence/jdbc/XEmbeddedMapping.java,2
2.0.0-M1,openjpa-persistence-jdbc/src/main/java/org/apache/openjpa/persistence/jdbc/XMLPersistenceMappingParser.java,79
2.0.0-M1,openjpa-persistence-jdbc/src/main/java/org/apache/openjpa/persistence/jdbc/XMLPersistenceMappingSerializer.java,90
2.0.0-M1,openjpa-persistence/src/main/java/org/apache/openjpa/persistence/AnnotationBuilder.java,15
2.0.0-M1,openjpa-persistence/src/main/java/org/apache/openjpa/persistence/AnnotationPersistenceMetaDataParser.java,225
2.0.0-M1,openjpa-persistence/src/main/java/org/apache/openjpa/persistence/AnnotationPersistenceMetaDataSerializer.java,202
2.0.0-M1,openjpa-persistence/src/main/java/org/apache/openjpa/persistence/AnnotationPersistenceXMLMetaDataParser.java,19
2.0.0-M1,openjpa-persistence/src/main/java/org/apache/openjpa/persistence/ArgumentException.java,5
2.0.0-M1,openjpa-persistence/src/main/java/org/apache/openjpa/persistence/AutoClearType.java,1
2.0.0-M1,openjpa-persistence/src/main/java/org/apache/openjpa/persistence/AutoDetachType.java,9
2.0.0-M1,openjpa-persistence/src/main/java/org/apache/openjpa/persistence/CallbackMode.java,10
2.0.0-M1,openjpa-persistence/src/main/java/org/apache/openjpa/persistence/ConnectionRetainMode.java,1
2.0.0-M1,openjpa-persistence/src/main/java/org/apache/openjpa/persistence/DetachStateType.java,1
2.0.0-M1,openjpa-persistence/src/main/java/org/apache/openjpa/persistence/EntityExistsException.java,1
2.0.0-M1,openjpa-persistence/src/main/java/org/apache/openjpa/persistence/EntityManagerFactoryImpl.java,33
2.0.0-M1,openjpa-persistence/src/main/java/org/apache/openjpa/persistence/EntityManagerFactoryValue.java,1
2.0.0-M1,openjpa-persistence/src/main/java/org/apache/openjpa/persistence/EntityManagerImpl.java,60
2.0.0-M1,openjpa-persistence/src/main/java/org/apache/openjpa/persistence/EntityNotFoundException.java,1
2.0.0-M1,openjpa-persistence/src/main/java/org/apache/openjpa/persistence/Extent.java,9
2.0.0-M1,openjpa-persistence/src/main/java/org/apache/openjpa/persistence/ExtentImpl.java,6
2.0.0-M1,openjpa-persistence/src/main/java/org/apache/openjpa/persistence/FetchPlan.java,44
2.0.0-M1,openjpa-persistence/src/main/java/org/apache/openjpa/persistence/FetchPlanImpl.java,8
2.0.0-M1,openjpa-persistence/src/main/java/org/apache/openjpa/persistence/Generator.java,9
2.0.0-M1,openjpa-persistence/src/main/java/org/apache/openjpa/persistence/GeneratorImpl.java,5
2.0.0-M1,openjpa-persistence/src/main/java/org/apache/openjpa/persistence/InvalidStateException.java,5
2.0.0-M1,openjpa-persistence/src/main/java/org/apache/openjpa/persistence/JPAFacadeHelper.java,43
2.0.0-M1,openjpa-persistence/src/main/java/org/apache/openjpa/persistence/MetaDataParsers.java,8
2.0.0-M1,openjpa-persistence/src/main/java/org/apache/openjpa/persistence/NoResultException.java,1
2.0.0-M1,openjpa-persistence/src/main/java/org/apache/openjpa/persistence/NonUniqueResultException.java,1
2.0.0-M1,openjpa-persistence/src/main/java/org/apache/openjpa/persistence/OpenJPAEntityManager.java,177
2.0.0-M1,openjpa-persistence/src/main/java/org/apache/openjpa/persistence/OpenJPAEntityManagerFactory.java,16
2.0.0-M1,openjpa-persistence/src/main/java/org/apache/openjpa/persistence/OpenJPAEntityManagerFactorySPI.java,7
2.0.0-M1,openjpa-persistence/src/main/java/org/apache/openjpa/persistence/OpenJPAEntityManagerSPI.java,16
2.0.0-M1,openjpa-persistence/src/main/java/org/apache/openjpa/persistence/OpenJPAEntityTransaction.java,4
2.0.0-M1,openjpa-persistence/src/main/java/org/apache/openjpa/persistence/OpenJPAPersistence.java,6
2.0.0-M1,openjpa-persistence/src/main/java/org/apache/openjpa/persistence/OpenJPAQuery.java,45
2.0.0-M1,openjpa-persistence/src/main/java/org/apache/openjpa/persistence/OpenJPAQuerySPI.java,4
2.0.0-M1,openjpa-persistence/src/main/java/org/apache/openjpa/persistence/OptimisticLockException.java,1
2.0.0-M1,openjpa-persistence/src/main/java/org/apache/openjpa/persistence/PersistenceException.java,1
2.0.0-M1,openjpa-persistence/src/main/java/org/apache/openjpa/persistence/PersistenceExceptions.java,13
2.0.0-M1,openjpa-persistence/src/main/java/org/apache/openjpa/persistence/PersistenceListenerAdapter.java,8
2.0.0-M1,openjpa-persistence/src/main/java/org/apache/openjpa/persistence/PersistenceMetaDataDefaults.java,35
2.0.0-M1,openjpa-persistence/src/main/java/org/apache/openjpa/persistence/PersistenceMetaDataFactory.java,50
2.0.0-M1,openjpa-persistence/src/main/java/org/apache/openjpa/persistence/PersistenceProductDerivation.java,51
2.0.0-M1,openjpa-persistence/src/main/java/org/apache/openjpa/persistence/PersistenceProviderImpl.java,8
2.0.0-M1,openjpa-persistence/src/main/java/org/apache/openjpa/persistence/PersistenceUnitInfoImpl.java,36
2.0.0-M1,openjpa-persistence/src/main/java/org/apache/openjpa/persistence/QueryImpl.java,63
2.0.0-M1,openjpa-persistence/src/main/java/org/apache/openjpa/persistence/QueryOperationType.java,1
2.0.0-M1,openjpa-persistence/src/main/java/org/apache/openjpa/persistence/QueryResultCache.java,6
2.0.0-M1,openjpa-persistence/src/main/java/org/apache/openjpa/persistence/QueryResultCacheImpl.java,9
2.0.0-M1,openjpa-persistence/src/main/java/org/apache/openjpa/persistence/RestoreStateType.java,1
2.0.0-M1,openjpa-persistence/src/main/java/org/apache/openjpa/persistence/RollbackException.java,1
2.0.0-M1,openjpa-persistence/src/main/java/org/apache/openjpa/persistence/StoreCache.java,16
2.0.0-M1,openjpa-persistence/src/main/java/org/apache/openjpa/persistence/StoreCacheImpl.java,14
2.0.0-M1,openjpa-persistence/src/main/java/org/apache/openjpa/persistence/TransactionRequiredException.java,1
2.0.0-M1,openjpa-persistence/src/main/java/org/apache/openjpa/persistence/XMLPersistenceMetaDataParser.java,166
2.0.0-M1,openjpa-persistence/src/main/java/org/apache/openjpa/persistence/XMLPersistenceMetaDataSerializer.java,195
2.0.0-M1,openjpa-persistence/src/main/java/org/apache/openjpa/persistence/query/AbstractPath.java,5
2.0.0-M1,openjpa-persistence/src/main/java/org/apache/openjpa/persistence/query/AliasContext.java,5
2.0.0-M1,openjpa-persistence/src/main/java/org/apache/openjpa/persistence/query/AllExpression.java,2
2.0.0-M1,openjpa-persistence/src/main/java/org/apache/openjpa/persistence/query/AnyExpression.java,1
2.0.0-M1,openjpa-persistence/src/main/java/org/apache/openjpa/persistence/query/ArrayExpression.java,1
2.0.0-M1,openjpa-persistence/src/main/java/org/apache/openjpa/persistence/query/BinaryConditionalOperator.java,1
2.0.0-M1,openjpa-persistence/src/main/java/org/apache/openjpa/persistence/query/BinaryExpressionPredicate.java,2
2.0.0-M1,openjpa-persistence/src/main/java/org/apache/openjpa/persistence/query/BinaryFunctionalOperator.java,1
2.0.0-M1,openjpa-persistence/src/main/java/org/apache/openjpa/persistence/query/BinaryOperatorExpression.java,1
2.0.0-M1,openjpa-persistence/src/main/java/org/apache/openjpa/persistence/query/CaseExpressionImpl.java,3
2.0.0-M1,openjpa-persistence/src/main/java/org/apache/openjpa/persistence/query/ConstantExpression.java,1
2.0.0-M1,openjpa-persistence/src/main/java/org/apache/openjpa/persistence/query/CurrentTimeExpression.java,3
2.0.0-M1,openjpa-persistence/src/main/java/org/apache/openjpa/persistence/query/ExpressionImpl.java,2
2.0.0-M1,openjpa-persistence/src/main/java/org/apache/openjpa/persistence/query/InExpression.java,1
2.0.0-M1,openjpa-persistence/src/main/java/org/apache/openjpa/persistence/query/JPQLHelper.java,6
2.0.0-M1,openjpa-persistence/src/main/java/org/apache/openjpa/persistence/query/JoinPath.java,3
2.0.0-M1,openjpa-persistence/src/main/java/org/apache/openjpa/persistence/query/NavigationPath.java,2
2.0.0-M1,openjpa-persistence/src/main/java/org/apache/openjpa/persistence/query/NewInstance.java,2
2.0.0-M1,openjpa-persistence/src/main/java/org/apache/openjpa/persistence/query/OpenJPAQueryBuilder.java,3
2.0.0-M1,openjpa-persistence/src/main/java/org/apache/openjpa/persistence/query/OperatorPath.java,1
2.0.0-M1,openjpa-persistence/src/main/java/org/apache/openjpa/persistence/query/OrderableItem.java,1
2.0.0-M1,openjpa-persistence/src/main/java/org/apache/openjpa/persistence/query/PathOperator.java,1
2.0.0-M1,openjpa-persistence/src/main/java/org/apache/openjpa/persistence/query/QueryBuilderImpl.java,1
2.0.0-M1,openjpa-persistence/src/main/java/org/apache/openjpa/persistence/query/QueryDefinitionImpl.java,20
2.0.0-M1,openjpa-persistence/src/main/java/org/apache/openjpa/persistence/query/RootPath.java,1
2.0.0-M1,openjpa-persistence/src/main/java/org/apache/openjpa/persistence/query/UnaryConditionalOperator.java,1
2.0.0-M1,openjpa-persistence/src/main/java/org/apache/openjpa/persistence/query/UnaryExpressionPredicate.java,1
2.0.0-M1,openjpa-persistence/src/main/java/org/apache/openjpa/persistence/query/UnaryFunctionalOperator.java,1
2.0.0-M1,openjpa-persistence/src/main/java/org/apache/openjpa/persistence/query/UnaryOperator.java,1
2.0.0-M1,openjpa-persistence/src/main/java/org/apache/openjpa/persistence/query/VarArgsExpression.java,1
2.0.0-M1,openjpa-persistence/src/main/java/org/apache/openjpa/persistence/query/WhenClause.java,1
2.0.0-M1,openjpa-slice/src/main/java/org/apache/openjpa/slice/DistributedBrokerImpl.java,2
2.0.0-M1,openjpa-slice/src/main/java/org/apache/openjpa/slice/DistributionPolicy.java,2
2.0.0-M1,openjpa-slice/src/main/java/org/apache/openjpa/slice/ExecutorServiceValue.java,3
2.0.0-M1,openjpa-slice/src/main/java/org/apache/openjpa/slice/ProductDerivation.java,3
2.0.0-M1,openjpa-slice/src/main/java/org/apache/openjpa/slice/ReplicationPolicy.java,3
2.0.0-M1,openjpa-slice/src/main/java/org/apache/openjpa/slice/Slice.java,6
2.0.0-M1,openjpa-slice/src/main/java/org/apache/openjpa/slice/SliceImplHelper.java,8
2.0.0-M1,openjpa-slice/src/main/java/org/apache/openjpa/slice/SliceInfo.java,6
2.0.0-M1,openjpa-slice/src/main/java/org/apache/openjpa/slice/SlicePersistence.java,8
2.0.0-M1,openjpa-slice/src/main/java/org/apache/openjpa/slice/jdbc/DistributedConnection.java,73
2.0.0-M1,openjpa-slice/src/main/java/org/apache/openjpa/slice/jdbc/DistributedDataSource.java,9
2.0.0-M1,openjpa-slice/src/main/java/org/apache/openjpa/slice/jdbc/DistributedJDBCBrokerFactory.java,5
2.0.0-M1,openjpa-slice/src/main/java/org/apache/openjpa/slice/jdbc/DistributedJDBCConfigurationImpl.java,31
2.0.0-M1,openjpa-slice/src/main/java/org/apache/openjpa/slice/jdbc/DistributedPreparedStatement.java,107
2.0.0-M1,openjpa-slice/src/main/java/org/apache/openjpa/slice/jdbc/DistributedResultSet.java,154
2.0.0-M1,openjpa-slice/src/main/java/org/apache/openjpa/slice/jdbc/DistributedStoreManager.java,46
2.0.0-M1,openjpa-slice/src/main/java/org/apache/openjpa/slice/jdbc/DistributedStoreQuery.java,19
2.0.0-M1,openjpa-slice/src/main/java/org/apache/openjpa/slice/jdbc/DistributedTemplate.java,95
2.0.0-M1,openjpa-slice/src/main/java/org/apache/openjpa/slice/jdbc/UniqueResultObjectProvider.java,15
2.0.0-M1,openjpa-xmlstore/src/main/java/org/apache/openjpa/xmlstore/ObjectData.java,26
2.0.0-M1,openjpa-xmlstore/src/main/java/org/apache/openjpa/xmlstore/XMLConfiguration.java,2
2.0.0-M1,openjpa-xmlstore/src/main/java/org/apache/openjpa/xmlstore/XMLFileHandler.java,51
2.0.0-M1,openjpa-xmlstore/src/main/java/org/apache/openjpa/xmlstore/XMLStore.java,10
2.0.0-M1,openjpa-xmlstore/src/main/java/org/apache/openjpa/xmlstore/XMLStoreManager.java,20
2.0.0-M2,openjpa-examples/src/main/java/hellojpa/Main.java,2
2.0.0-M2,openjpa-examples/src/main/java/hellojpa/Message.java,2
2.0.0-M2,openjpa-examples/src/main/java/relations/Deity.java,5
2.0.0-M2,openjpa-examples/src/main/java/relations/Main.java,15
2.0.0-M2,openjpa-examples/src/main/java/reversemapping/Main.java,2
2.0.0-M2,openjpa-jdbc/src/main/java/org/apache/openjpa/jdbc/ant/MappingToolTask.java,4
2.0.0-M2,openjpa-jdbc/src/main/java/org/apache/openjpa/jdbc/ant/ReverseMappingToolTask.java,5
2.0.0-M2,openjpa-jdbc/src/main/java/org/apache/openjpa/jdbc/ant/SchemaToolTask.java,2
2.0.0-M2,openjpa-jdbc/src/main/java/org/apache/openjpa/jdbc/conf/JDBCConfiguration.java,72
2.0.0-M2,openjpa-jdbc/src/main/java/org/apache/openjpa/jdbc/conf/JDBCConfigurationImpl.java,36
2.0.0-M2,openjpa-jdbc/src/main/java/org/apache/openjpa/jdbc/conf/MappingFactoryValue.java,11
2.0.0-M2,openjpa-jdbc/src/main/java/org/apache/openjpa/jdbc/conf/MappingRepositoryValue.java,1
2.0.0-M2,openjpa-jdbc/src/main/java/org/apache/openjpa/jdbc/kernel/AbstractJDBCSavepointManager.java,3
2.0.0-M2,openjpa-jdbc/src/main/java/org/apache/openjpa/jdbc/kernel/AbstractJDBCSeq.java,10
2.0.0-M2,openjpa-jdbc/src/main/java/org/apache/openjpa/jdbc/kernel/AbstractUpdateManager.java,43
2.0.0-M2,openjpa-jdbc/src/main/java/org/apache/openjpa/jdbc/kernel/BatchingPreparedStatementManagerImpl.java,20
2.0.0-M2,openjpa-jdbc/src/main/java/org/apache/openjpa/jdbc/kernel/ClassTableJDBCSeq.java,18
2.0.0-M2,openjpa-jdbc/src/main/java/org/apache/openjpa/jdbc/kernel/ConstraintUpdateManager.java,33
2.0.0-M2,openjpa-jdbc/src/main/java/org/apache/openjpa/jdbc/kernel/EagerFetchModes.java,6
2.0.0-M2,openjpa-jdbc/src/main/java/org/apache/openjpa/jdbc/kernel/FinderCacheImpl.java,42
2.0.0-M2,openjpa-jdbc/src/main/java/org/apache/openjpa/jdbc/kernel/FinderQueryImpl.java,14
2.0.0-M2,openjpa-jdbc/src/main/java/org/apache/openjpa/jdbc/kernel/GenericResultObjectProvider.java,6
2.0.0-M2,openjpa-jdbc/src/main/java/org/apache/openjpa/jdbc/kernel/InstanceResultObjectProvider.java,1
2.0.0-M2,openjpa-jdbc/src/main/java/org/apache/openjpa/jdbc/kernel/JDBC3SavepointManager.java,2
2.0.0-M2,openjpa-jdbc/src/main/java/org/apache/openjpa/jdbc/kernel/JDBCBrokerFactory.java,7
2.0.0-M2,openjpa-jdbc/src/main/java/org/apache/openjpa/jdbc/kernel/JDBCFetchConfiguration.java,27
2.0.0-M2,openjpa-jdbc/src/main/java/org/apache/openjpa/jdbc/kernel/JDBCFetchConfigurationImpl.java,51
2.0.0-M2,openjpa-jdbc/src/main/java/org/apache/openjpa/jdbc/kernel/JDBCLockManager.java,2
2.0.0-M2,openjpa-jdbc/src/main/java/org/apache/openjpa/jdbc/kernel/JDBCSeq.java,1
2.0.0-M2,openjpa-jdbc/src/main/java/org/apache/openjpa/jdbc/kernel/JDBCStore.java,10
2.0.0-M2,openjpa-jdbc/src/main/java/org/apache/openjpa/jdbc/kernel/JDBCStoreManager.java,151
2.0.0-M2,openjpa-jdbc/src/main/java/org/apache/openjpa/jdbc/kernel/JDBCStoreQuery.java,108
2.0.0-M2,openjpa-jdbc/src/main/java/org/apache/openjpa/jdbc/kernel/LRSSizes.java,6
2.0.0-M2,openjpa-jdbc/src/main/java/org/apache/openjpa/jdbc/kernel/MappedQueryResultObjectProvider.java,41
2.0.0-M2,openjpa-jdbc/src/main/java/org/apache/openjpa/jdbc/kernel/MixedLockManager.java,2
2.0.0-M2,openjpa-jdbc/src/main/java/org/apache/openjpa/jdbc/kernel/NativeJDBCSeq.java,22
2.0.0-M2,openjpa-jdbc/src/main/java/org/apache/openjpa/jdbc/kernel/OperationOrderUpdateManager.java,18
2.0.0-M2,openjpa-jdbc/src/main/java/org/apache/openjpa/jdbc/kernel/PagingResultObjectProvider.java,48
2.0.0-M2,openjpa-jdbc/src/main/java/org/apache/openjpa/jdbc/kernel/PessimisticLockManager.java,15
2.0.0-M2,openjpa-jdbc/src/main/java/org/apache/openjpa/jdbc/kernel/PreparedQueryCacheImpl.java,33
2.0.0-M2,openjpa-jdbc/src/main/java/org/apache/openjpa/jdbc/kernel/PreparedQueryImpl.java,19
2.0.0-M2,openjpa-jdbc/src/main/java/org/apache/openjpa/jdbc/kernel/PreparedSQLStoreQuery.java,13
2.0.0-M2,openjpa-jdbc/src/main/java/org/apache/openjpa/jdbc/kernel/PreparedStatementManager.java,3
2.0.0-M2,openjpa-jdbc/src/main/java/org/apache/openjpa/jdbc/kernel/PreparedStatementManagerImpl.java,21
2.0.0-M2,openjpa-jdbc/src/main/java/org/apache/openjpa/jdbc/kernel/ProjectionResultObjectProvider.java,1
2.0.0-M2,openjpa-jdbc/src/main/java/org/apache/openjpa/jdbc/kernel/SQLProjectionResultObjectProvider.java,7
2.0.0-M2,openjpa-jdbc/src/main/java/org/apache/openjpa/jdbc/kernel/SQLStoreQuery.java,32
2.0.0-M2,openjpa-jdbc/src/main/java/org/apache/openjpa/jdbc/kernel/SelectResultObjectProvider.java,7
2.0.0-M2,openjpa-jdbc/src/main/java/org/apache/openjpa/jdbc/kernel/TableJDBCSeq.java,59
2.0.0-M2,openjpa-jdbc/src/main/java/org/apache/openjpa/jdbc/kernel/UpdateManager.java,2
2.0.0-M2,openjpa-jdbc/src/main/java/org/apache/openjpa/jdbc/kernel/ValueTableJDBCSeq.java,10
2.0.0-M2,openjpa-jdbc/src/main/java/org/apache/openjpa/jdbc/kernel/exps/Abs.java,1
2.0.0-M2,openjpa-jdbc/src/main/java/org/apache/openjpa/jdbc/kernel/exps/Aggregate.java,11
2.0.0-M2,openjpa-jdbc/src/main/java/org/apache/openjpa/jdbc/kernel/exps/AndExpression.java,4
2.0.0-M2,openjpa-jdbc/src/main/java/org/apache/openjpa/jdbc/kernel/exps/Args.java,22
2.0.0-M2,openjpa-jdbc/src/main/java/org/apache/openjpa/jdbc/kernel/exps/BinaryOpExpState.java,1
2.0.0-M2,openjpa-jdbc/src/main/java/org/apache/openjpa/jdbc/kernel/exps/BindVariableAndExpression.java,2
2.0.0-M2,openjpa-jdbc/src/main/java/org/apache/openjpa/jdbc/kernel/exps/BindVariableExpression.java,2
2.0.0-M2,openjpa-jdbc/src/main/java/org/apache/openjpa/jdbc/kernel/exps/CoalesceExpression.java,10
2.0.0-M2,openjpa-jdbc/src/main/java/org/apache/openjpa/jdbc/kernel/exps/CollectionParam.java,10
2.0.0-M2,openjpa-jdbc/src/main/java/org/apache/openjpa/jdbc/kernel/exps/CompareEqualExpression.java,5
2.0.0-M2,openjpa-jdbc/src/main/java/org/apache/openjpa/jdbc/kernel/exps/CompareExpression.java,2
2.0.0-M2,openjpa-jdbc/src/main/java/org/apache/openjpa/jdbc/kernel/exps/Concat.java,2
2.0.0-M2,openjpa-jdbc/src/main/java/org/apache/openjpa/jdbc/kernel/exps/Const.java,20
2.0.0-M2,openjpa-jdbc/src/main/java/org/apache/openjpa/jdbc/kernel/exps/ConstGetObjectId.java,7
2.0.0-M2,openjpa-jdbc/src/main/java/org/apache/openjpa/jdbc/kernel/exps/ConstInstanceofExpression.java,2
2.0.0-M2,openjpa-jdbc/src/main/java/org/apache/openjpa/jdbc/kernel/exps/ConstPath.java,15
2.0.0-M2,openjpa-jdbc/src/main/java/org/apache/openjpa/jdbc/kernel/exps/ContainsExpression.java,2
2.0.0-M2,openjpa-jdbc/src/main/java/org/apache/openjpa/jdbc/kernel/exps/ContainsKeyExpression.java,1
2.0.0-M2,openjpa-jdbc/src/main/java/org/apache/openjpa/jdbc/kernel/exps/CurrentDate.java,1
2.0.0-M2,openjpa-jdbc/src/main/java/org/apache/openjpa/jdbc/kernel/exps/Distinct.java,1
2.0.0-M2,openjpa-jdbc/src/main/java/org/apache/openjpa/jdbc/kernel/exps/EmptyExpression.java,2
2.0.0-M2,openjpa-jdbc/src/main/java/org/apache/openjpa/jdbc/kernel/exps/EndsWithExpression.java,3
2.0.0-M2,openjpa-jdbc/src/main/java/org/apache/openjpa/jdbc/kernel/exps/EqualExpression.java,7
2.0.0-M2,openjpa-jdbc/src/main/java/org/apache/openjpa/jdbc/kernel/exps/Exp.java,3
2.0.0-M2,openjpa-jdbc/src/main/java/org/apache/openjpa/jdbc/kernel/exps/ExpContext.java,1
2.0.0-M2,openjpa-jdbc/src/main/java/org/apache/openjpa/jdbc/kernel/exps/ExpState.java,1
2.0.0-M2,openjpa-jdbc/src/main/java/org/apache/openjpa/jdbc/kernel/exps/Extension.java,15
2.0.0-M2,openjpa-jdbc/src/main/java/org/apache/openjpa/jdbc/kernel/exps/FilterValue.java,15
2.0.0-M2,openjpa-jdbc/src/main/java/org/apache/openjpa/jdbc/kernel/exps/FilterValueImpl.java,6
2.0.0-M2,openjpa-jdbc/src/main/java/org/apache/openjpa/jdbc/kernel/exps/GeneralCaseExpression.java,12
2.0.0-M2,openjpa-jdbc/src/main/java/org/apache/openjpa/jdbc/kernel/exps/GetColumn.java,2
2.0.0-M2,openjpa-jdbc/src/main/java/org/apache/openjpa/jdbc/kernel/exps/GetMapValue.java,8
2.0.0-M2,openjpa-jdbc/src/main/java/org/apache/openjpa/jdbc/kernel/exps/GetObjectId.java,7
2.0.0-M2,openjpa-jdbc/src/main/java/org/apache/openjpa/jdbc/kernel/exps/HasContainsExpressionVisitor.java,2
2.0.0-M2,openjpa-jdbc/src/main/java/org/apache/openjpa/jdbc/kernel/exps/InExpression.java,20
2.0.0-M2,openjpa-jdbc/src/main/java/org/apache/openjpa/jdbc/kernel/exps/IndexOf.java,2
2.0.0-M2,openjpa-jdbc/src/main/java/org/apache/openjpa/jdbc/kernel/exps/InstanceofExpression.java,9
2.0.0-M2,openjpa-jdbc/src/main/java/org/apache/openjpa/jdbc/kernel/exps/JDBCAggregateListener.java,1
2.0.0-M2,openjpa-jdbc/src/main/java/org/apache/openjpa/jdbc/kernel/exps/JDBCExpressionFactory.java,21
2.0.0-M2,openjpa-jdbc/src/main/java/org/apache/openjpa/jdbc/kernel/exps/JDBCFilterListener.java,1
2.0.0-M2,openjpa-jdbc/src/main/java/org/apache/openjpa/jdbc/kernel/exps/JDBCPath.java,1
2.0.0-M2,openjpa-jdbc/src/main/java/org/apache/openjpa/jdbc/kernel/exps/JDBCStringContains.java,3
2.0.0-M2,openjpa-jdbc/src/main/java/org/apache/openjpa/jdbc/kernel/exps/JDBCWildcardMatch.java,2
2.0.0-M2,openjpa-jdbc/src/main/java/org/apache/openjpa/jdbc/kernel/exps/Lit.java,6
2.0.0-M2,openjpa-jdbc/src/main/java/org/apache/openjpa/jdbc/kernel/exps/MapEntry.java,13
2.0.0-M2,openjpa-jdbc/src/main/java/org/apache/openjpa/jdbc/kernel/exps/MapKey.java,4
2.0.0-M2,openjpa-jdbc/src/main/java/org/apache/openjpa/jdbc/kernel/exps/MatchesExpression.java,9
2.0.0-M2,openjpa-jdbc/src/main/java/org/apache/openjpa/jdbc/kernel/exps/Math.java,1
2.0.0-M2,openjpa-jdbc/src/main/java/org/apache/openjpa/jdbc/kernel/exps/NotContainsExpression.java,1
2.0.0-M2,openjpa-jdbc/src/main/java/org/apache/openjpa/jdbc/kernel/exps/NotEqualExpression.java,7
2.0.0-M2,openjpa-jdbc/src/main/java/org/apache/openjpa/jdbc/kernel/exps/Null.java,2
2.0.0-M2,openjpa-jdbc/src/main/java/org/apache/openjpa/jdbc/kernel/exps/NullIfExpression.java,2
2.0.0-M2,openjpa-jdbc/src/main/java/org/apache/openjpa/jdbc/kernel/exps/OrExpression.java,7
2.0.0-M2,openjpa-jdbc/src/main/java/org/apache/openjpa/jdbc/kernel/exps/PCPath.java,115
2.0.0-M2,openjpa-jdbc/src/main/java/org/apache/openjpa/jdbc/kernel/exps/Param.java,6
2.0.0-M2,openjpa-jdbc/src/main/java/org/apache/openjpa/jdbc/kernel/exps/SQLEmbed.java,1
2.0.0-M2,openjpa-jdbc/src/main/java/org/apache/openjpa/jdbc/kernel/exps/SelectConstructor.java,19
2.0.0-M2,openjpa-jdbc/src/main/java/org/apache/openjpa/jdbc/kernel/exps/SimpleCaseExpression.java,17
2.0.0-M2,openjpa-jdbc/src/main/java/org/apache/openjpa/jdbc/kernel/exps/StartsWithExpression.java,3
2.0.0-M2,openjpa-jdbc/src/main/java/org/apache/openjpa/jdbc/kernel/exps/StringFunction.java,1
2.0.0-M2,openjpa-jdbc/src/main/java/org/apache/openjpa/jdbc/kernel/exps/StringLength.java,1
2.0.0-M2,openjpa-jdbc/src/main/java/org/apache/openjpa/jdbc/kernel/exps/SubQ.java,16
2.0.0-M2,openjpa-jdbc/src/main/java/org/apache/openjpa/jdbc/kernel/exps/Substring.java,2
2.0.0-M2,openjpa-jdbc/src/main/java/org/apache/openjpa/jdbc/kernel/exps/Sum.java,1
2.0.0-M2,openjpa-jdbc/src/main/java/org/apache/openjpa/jdbc/kernel/exps/Trim.java,9
2.0.0-M2,openjpa-jdbc/src/main/java/org/apache/openjpa/jdbc/kernel/exps/Type.java,5
2.0.0-M2,openjpa-jdbc/src/main/java/org/apache/openjpa/jdbc/kernel/exps/TypeLit.java,4
2.0.0-M2,openjpa-jdbc/src/main/java/org/apache/openjpa/jdbc/kernel/exps/UnaryOp.java,3
2.0.0-M2,openjpa-jdbc/src/main/java/org/apache/openjpa/jdbc/kernel/exps/Val.java,41
2.0.0-M2,openjpa-jdbc/src/main/java/org/apache/openjpa/jdbc/kernel/exps/Variable.java,15
2.0.0-M2,openjpa-jdbc/src/main/java/org/apache/openjpa/jdbc/meta/ClassMapping.java,90
2.0.0-M2,openjpa-jdbc/src/main/java/org/apache/openjpa/jdbc/meta/ClassMappingInfo.java,29
2.0.0-M2,openjpa-jdbc/src/main/java/org/apache/openjpa/jdbc/meta/ClassStrategy.java,7
2.0.0-M2,openjpa-jdbc/src/main/java/org/apache/openjpa/jdbc/meta/DelegatingJoinable.java,5
2.0.0-M2,openjpa-jdbc/src/main/java/org/apache/openjpa/jdbc/meta/Discriminator.java,21
2.0.0-M2,openjpa-jdbc/src/main/java/org/apache/openjpa/jdbc/meta/DiscriminatorMappingInfo.java,13
2.0.0-M2,openjpa-jdbc/src/main/java/org/apache/openjpa/jdbc/meta/DiscriminatorStrategy.java,6
2.0.0-M2,openjpa-jdbc/src/main/java/org/apache/openjpa/jdbc/meta/Embeddable.java,7
2.0.0-M2,openjpa-jdbc/src/main/java/org/apache/openjpa/jdbc/meta/FieldMapping.java,72
2.0.0-M2,openjpa-jdbc/src/main/java/org/apache/openjpa/jdbc/meta/FieldMappingInfo.java,30
2.0.0-M2,openjpa-jdbc/src/main/java/org/apache/openjpa/jdbc/meta/FieldStrategy.java,27
2.0.0-M2,openjpa-jdbc/src/main/java/org/apache/openjpa/jdbc/meta/JDBCColumnOrder.java,1
2.0.0-M2,openjpa-jdbc/src/main/java/org/apache/openjpa/jdbc/meta/JDBCOrder.java,2
2.0.0-M2,openjpa-jdbc/src/main/java/org/apache/openjpa/jdbc/meta/JDBCRelatedFieldOrder.java,2
2.0.0-M2,openjpa-jdbc/src/main/java/org/apache/openjpa/jdbc/meta/JDBCValueOrder.java,2
2.0.0-M2,openjpa-jdbc/src/main/java/org/apache/openjpa/jdbc/meta/JavaSQLTypes.java,17
2.0.0-M2,openjpa-jdbc/src/main/java/org/apache/openjpa/jdbc/meta/Joinable.java,6
2.0.0-M2,openjpa-jdbc/src/main/java/org/apache/openjpa/jdbc/meta/MappingDefaults.java,29
2.0.0-M2,openjpa-jdbc/src/main/java/org/apache/openjpa/jdbc/meta/MappingDefaultsImpl.java,48
2.0.0-M2,openjpa-jdbc/src/main/java/org/apache/openjpa/jdbc/meta/MappingInfo.java,190
2.0.0-M2,openjpa-jdbc/src/main/java/org/apache/openjpa/jdbc/meta/MappingRepository.java,137
2.0.0-M2,openjpa-jdbc/src/main/java/org/apache/openjpa/jdbc/meta/MappingStrategyInstaller.java,4
2.0.0-M2,openjpa-jdbc/src/main/java/org/apache/openjpa/jdbc/meta/MappingTool.java,100
2.0.0-M2,openjpa-jdbc/src/main/java/org/apache/openjpa/jdbc/meta/MetaDataPlusMappingFactory.java,8
2.0.0-M2,openjpa-jdbc/src/main/java/org/apache/openjpa/jdbc/meta/NoneMappingDefaults.java,8
2.0.0-M2,openjpa-jdbc/src/main/java/org/apache/openjpa/jdbc/meta/PropertiesReverseCustomizer.java,19
2.0.0-M2,openjpa-jdbc/src/main/java/org/apache/openjpa/jdbc/meta/QueryResultMapping.java,44
2.0.0-M2,openjpa-jdbc/src/main/java/org/apache/openjpa/jdbc/meta/RefreshStrategyInstaller.java,12
2.0.0-M2,openjpa-jdbc/src/main/java/org/apache/openjpa/jdbc/meta/RelationId.java,1
2.0.0-M2,openjpa-jdbc/src/main/java/org/apache/openjpa/jdbc/meta/ReverseCustomizer.java,13
2.0.0-M2,openjpa-jdbc/src/main/java/org/apache/openjpa/jdbc/meta/ReverseMappingTool.java,211
2.0.0-M2,openjpa-jdbc/src/main/java/org/apache/openjpa/jdbc/meta/RuntimeStrategyInstaller.java,5
2.0.0-M2,openjpa-jdbc/src/main/java/org/apache/openjpa/jdbc/meta/SequenceMapping.java,6
2.0.0-M2,openjpa-jdbc/src/main/java/org/apache/openjpa/jdbc/meta/Strategy.java,12
2.0.0-M2,openjpa-jdbc/src/main/java/org/apache/openjpa/jdbc/meta/ValueHandler.java,7
2.0.0-M2,openjpa-jdbc/src/main/java/org/apache/openjpa/jdbc/meta/ValueMapping.java,41
2.0.0-M2,openjpa-jdbc/src/main/java/org/apache/openjpa/jdbc/meta/ValueMappingImpl.java,66
2.0.0-M2,openjpa-jdbc/src/main/java/org/apache/openjpa/jdbc/meta/ValueMappingInfo.java,24
2.0.0-M2,openjpa-jdbc/src/main/java/org/apache/openjpa/jdbc/meta/Version.java,18
2.0.0-M2,openjpa-jdbc/src/main/java/org/apache/openjpa/jdbc/meta/VersionMappingInfo.java,11
2.0.0-M2,openjpa-jdbc/src/main/java/org/apache/openjpa/jdbc/meta/VersionStrategy.java,8
2.0.0-M2,openjpa-jdbc/src/main/java/org/apache/openjpa/jdbc/meta/strats/AbstractDiscriminatorStrategy.java,1
2.0.0-M2,openjpa-jdbc/src/main/java/org/apache/openjpa/jdbc/meta/strats/AbstractFieldStrategy.java,7
2.0.0-M2,openjpa-jdbc/src/main/java/org/apache/openjpa/jdbc/meta/strats/AbstractStrategy.java,8
2.0.0-M2,openjpa-jdbc/src/main/java/org/apache/openjpa/jdbc/meta/strats/AbstractVersionStrategy.java,1
2.0.0-M2,openjpa-jdbc/src/main/java/org/apache/openjpa/jdbc/meta/strats/CharArrayStreamValueHandler.java,4
2.0.0-M2,openjpa-jdbc/src/main/java/org/apache/openjpa/jdbc/meta/strats/CharArrayValueHandler.java,1
2.0.0-M2,openjpa-jdbc/src/main/java/org/apache/openjpa/jdbc/meta/strats/ClassNameDiscriminatorStrategy.java,8
2.0.0-M2,openjpa-jdbc/src/main/java/org/apache/openjpa/jdbc/meta/strats/ColumnVersionStrategy.java,32
2.0.0-M2,openjpa-jdbc/src/main/java/org/apache/openjpa/jdbc/meta/strats/ContainerFieldStrategy.java,6
2.0.0-M2,openjpa-jdbc/src/main/java/org/apache/openjpa/jdbc/meta/strats/ElementEmbedValueHandler.java,24
2.0.0-M2,openjpa-jdbc/src/main/java/org/apache/openjpa/jdbc/meta/strats/EmbedFieldStrategy.java,76
2.0.0-M2,openjpa-jdbc/src/main/java/org/apache/openjpa/jdbc/meta/strats/EmbedValueHandler.java,19
2.0.0-M2,openjpa-jdbc/src/main/java/org/apache/openjpa/jdbc/meta/strats/EmbeddedClassStrategy.java,11
2.0.0-M2,openjpa-jdbc/src/main/java/org/apache/openjpa/jdbc/meta/strats/EnumValueHandler.java,8
2.0.0-M2,openjpa-jdbc/src/main/java/org/apache/openjpa/jdbc/meta/strats/FlatClassStrategy.java,2
2.0.0-M2,openjpa-jdbc/src/main/java/org/apache/openjpa/jdbc/meta/strats/FullClassStrategy.java,8
2.0.0-M2,openjpa-jdbc/src/main/java/org/apache/openjpa/jdbc/meta/strats/HandlerCollectionTableFieldStrategy.java,25
2.0.0-M2,openjpa-jdbc/src/main/java/org/apache/openjpa/jdbc/meta/strats/HandlerFieldStrategy.java,48
2.0.0-M2,openjpa-jdbc/src/main/java/org/apache/openjpa/jdbc/meta/strats/HandlerHandlerMapTableFieldStrategy.java,18
2.0.0-M2,openjpa-jdbc/src/main/java/org/apache/openjpa/jdbc/meta/strats/HandlerRelationMapTableFieldStrategy.java,33
2.0.0-M2,openjpa-jdbc/src/main/java/org/apache/openjpa/jdbc/meta/strats/HandlerStrategies.java,33
2.0.0-M2,openjpa-jdbc/src/main/java/org/apache/openjpa/jdbc/meta/strats/IdentityJoinable.java,2
2.0.0-M2,openjpa-jdbc/src/main/java/org/apache/openjpa/jdbc/meta/strats/ImmutableValueHandler.java,5
2.0.0-M2,openjpa-jdbc/src/main/java/org/apache/openjpa/jdbc/meta/strats/InValueDiscriminatorStrategy.java,13
2.0.0-M2,openjpa-jdbc/src/main/java/org/apache/openjpa/jdbc/meta/strats/LRSCollectionFieldStrategy.java,7
2.0.0-M2,openjpa-jdbc/src/main/java/org/apache/openjpa/jdbc/meta/strats/LRSMapFieldStrategy.java,15
2.0.0-M2,openjpa-jdbc/src/main/java/org/apache/openjpa/jdbc/meta/strats/LRSProxyCollection.java,10
2.0.0-M2,openjpa-jdbc/src/main/java/org/apache/openjpa/jdbc/meta/strats/LRSProxyMap.java,40
2.0.0-M2,openjpa-jdbc/src/main/java/org/apache/openjpa/jdbc/meta/strats/LobFieldStrategy.java,2
2.0.0-M2,openjpa-jdbc/src/main/java/org/apache/openjpa/jdbc/meta/strats/MapTableFieldStrategy.java,24
2.0.0-M2,openjpa-jdbc/src/main/java/org/apache/openjpa/jdbc/meta/strats/MaxEmbeddedBlobFieldStrategy.java,3
2.0.0-M2,openjpa-jdbc/src/main/java/org/apache/openjpa/jdbc/meta/strats/MaxEmbeddedByteArrayFieldStrategy.java,3
2.0.0-M2,openjpa-jdbc/src/main/java/org/apache/openjpa/jdbc/meta/strats/MaxEmbeddedCharArrayFieldStrategy.java,8
2.0.0-M2,openjpa-jdbc/src/main/java/org/apache/openjpa/jdbc/meta/strats/MaxEmbeddedClobFieldStrategy.java,3
2.0.0-M2,openjpa-jdbc/src/main/java/org/apache/openjpa/jdbc/meta/strats/MaxEmbeddedLobFieldStrategy.java,18
2.0.0-M2,openjpa-jdbc/src/main/java/org/apache/openjpa/jdbc/meta/strats/MultiColumnVersionStrategy.java,2
2.0.0-M2,openjpa-jdbc/src/main/java/org/apache/openjpa/jdbc/meta/strats/NoneClassStrategy.java,2
2.0.0-M2,openjpa-jdbc/src/main/java/org/apache/openjpa/jdbc/meta/strats/NoneDiscriminatorStrategy.java,1
2.0.0-M2,openjpa-jdbc/src/main/java/org/apache/openjpa/jdbc/meta/strats/NoneFieldStrategy.java,2
2.0.0-M2,openjpa-jdbc/src/main/java/org/apache/openjpa/jdbc/meta/strats/NoneVersionStrategy.java,2
2.0.0-M2,openjpa-jdbc/src/main/java/org/apache/openjpa/jdbc/meta/strats/NumberVersionStrategy.java,4
2.0.0-M2,openjpa-jdbc/src/main/java/org/apache/openjpa/jdbc/meta/strats/ObjectIdClassStrategy.java,1
2.0.0-M2,openjpa-jdbc/src/main/java/org/apache/openjpa/jdbc/meta/strats/ObjectIdValueHandler.java,3
2.0.0-M2,openjpa-jdbc/src/main/java/org/apache/openjpa/jdbc/meta/strats/PrimitiveFieldStrategy.java,39
2.0.0-M2,openjpa-jdbc/src/main/java/org/apache/openjpa/jdbc/meta/strats/PrimitiveWrapperArrays.java,9
2.0.0-M2,openjpa-jdbc/src/main/java/org/apache/openjpa/jdbc/meta/strats/RelationCollectionInverseKeyFieldStrategy.java,2
2.0.0-M2,openjpa-jdbc/src/main/java/org/apache/openjpa/jdbc/meta/strats/RelationCollectionTableFieldStrategy.java,5
2.0.0-M2,openjpa-jdbc/src/main/java/org/apache/openjpa/jdbc/meta/strats/RelationFieldStrategy.java,111
2.0.0-M2,openjpa-jdbc/src/main/java/org/apache/openjpa/jdbc/meta/strats/RelationHandlerMapTableFieldStrategy.java,23
2.0.0-M2,openjpa-jdbc/src/main/java/org/apache/openjpa/jdbc/meta/strats/RelationMapInverseKeyFieldStrategy.java,12
2.0.0-M2,openjpa-jdbc/src/main/java/org/apache/openjpa/jdbc/meta/strats/RelationMapTableFieldStrategy.java,11
2.0.0-M2,openjpa-jdbc/src/main/java/org/apache/openjpa/jdbc/meta/strats/RelationRelationMapTableFieldStrategy.java,39
2.0.0-M2,openjpa-jdbc/src/main/java/org/apache/openjpa/jdbc/meta/strats/RelationStrategies.java,14
2.0.0-M2,openjpa-jdbc/src/main/java/org/apache/openjpa/jdbc/meta/strats/RelationToManyInverseKeyFieldStrategy.java,35
2.0.0-M2,openjpa-jdbc/src/main/java/org/apache/openjpa/jdbc/meta/strats/RelationToManyTableFieldStrategy.java,18
2.0.0-M2,openjpa-jdbc/src/main/java/org/apache/openjpa/jdbc/meta/strats/StateComparisonVersionStrategy.java,23
2.0.0-M2,openjpa-jdbc/src/main/java/org/apache/openjpa/jdbc/meta/strats/StoreCollectionFieldStrategy.java,51
2.0.0-M2,openjpa-jdbc/src/main/java/org/apache/openjpa/jdbc/meta/strats/StringFieldStrategy.java,15
2.0.0-M2,openjpa-jdbc/src/main/java/org/apache/openjpa/jdbc/meta/strats/SubclassJoinDiscriminatorStrategy.java,17
2.0.0-M2,openjpa-jdbc/src/main/java/org/apache/openjpa/jdbc/meta/strats/TimestampVersionStrategy.java,3
2.0.0-M2,openjpa-jdbc/src/main/java/org/apache/openjpa/jdbc/meta/strats/UntypedPCValueHandler.java,4
2.0.0-M2,openjpa-jdbc/src/main/java/org/apache/openjpa/jdbc/meta/strats/ValueMapDiscriminatorStrategy.java,10
2.0.0-M2,openjpa-jdbc/src/main/java/org/apache/openjpa/jdbc/meta/strats/VerticalClassStrategy.java,7
2.0.0-M2,openjpa-jdbc/src/main/java/org/apache/openjpa/jdbc/meta/strats/XMLValueHandler.java,3
2.0.0-M2,openjpa-jdbc/src/main/java/org/apache/openjpa/jdbc/schema/Column.java,70
2.0.0-M2,openjpa-jdbc/src/main/java/org/apache/openjpa/jdbc/schema/ColumnIO.java,16
2.0.0-M2,openjpa-jdbc/src/main/java/org/apache/openjpa/jdbc/schema/Constraint.java,10
2.0.0-M2,openjpa-jdbc/src/main/java/org/apache/openjpa/jdbc/schema/DataSourceFactory.java,21
2.0.0-M2,openjpa-jdbc/src/main/java/org/apache/openjpa/jdbc/schema/DriverDataSource.java,15
2.0.0-M2,openjpa-jdbc/src/main/java/org/apache/openjpa/jdbc/schema/DynamicSchemaFactory.java,13
2.0.0-M2,openjpa-jdbc/src/main/java/org/apache/openjpa/jdbc/schema/FileSchemaFactory.java,3
2.0.0-M2,openjpa-jdbc/src/main/java/org/apache/openjpa/jdbc/schema/ForeignKey.java,90
2.0.0-M2,openjpa-jdbc/src/main/java/org/apache/openjpa/jdbc/schema/Index.java,7
2.0.0-M2,openjpa-jdbc/src/main/java/org/apache/openjpa/jdbc/schema/LazySchemaFactory.java,12
2.0.0-M2,openjpa-jdbc/src/main/java/org/apache/openjpa/jdbc/schema/LocalConstraint.java,29
2.0.0-M2,openjpa-jdbc/src/main/java/org/apache/openjpa/jdbc/schema/NameSet.java,9
2.0.0-M2,openjpa-jdbc/src/main/java/org/apache/openjpa/jdbc/schema/PrimaryKey.java,4
2.0.0-M2,openjpa-jdbc/src/main/java/org/apache/openjpa/jdbc/schema/Schema.java,38
2.0.0-M2,openjpa-jdbc/src/main/java/org/apache/openjpa/jdbc/schema/SchemaFactory.java,2
2.0.0-M2,openjpa-jdbc/src/main/java/org/apache/openjpa/jdbc/schema/SchemaGenerator.java,122
2.0.0-M2,openjpa-jdbc/src/main/java/org/apache/openjpa/jdbc/schema/SchemaGroup.java,63
2.0.0-M2,openjpa-jdbc/src/main/java/org/apache/openjpa/jdbc/schema/SchemaParser.java,5
2.0.0-M2,openjpa-jdbc/src/main/java/org/apache/openjpa/jdbc/schema/SchemaSerializer.java,8
2.0.0-M2,openjpa-jdbc/src/main/java/org/apache/openjpa/jdbc/schema/SchemaTool.java,202
2.0.0-M2,openjpa-jdbc/src/main/java/org/apache/openjpa/jdbc/schema/Schemas.java,39
2.0.0-M2,openjpa-jdbc/src/main/java/org/apache/openjpa/jdbc/schema/Sequence.java,11
2.0.0-M2,openjpa-jdbc/src/main/java/org/apache/openjpa/jdbc/schema/SimpleDriverDataSource.java,20
2.0.0-M2,openjpa-jdbc/src/main/java/org/apache/openjpa/jdbc/schema/Table.java,93
2.0.0-M2,openjpa-jdbc/src/main/java/org/apache/openjpa/jdbc/schema/TableSchemaFactory.java,40
2.0.0-M2,openjpa-jdbc/src/main/java/org/apache/openjpa/jdbc/schema/XMLSchemaParser.java,50
2.0.0-M2,openjpa-jdbc/src/main/java/org/apache/openjpa/jdbc/schema/XMLSchemaSerializer.java,82
2.0.0-M2,openjpa-jdbc/src/main/java/org/apache/openjpa/jdbc/sql/AbstractResult.java,33
2.0.0-M2,openjpa-jdbc/src/main/java/org/apache/openjpa/jdbc/sql/AbstractSQLServerDictionary.java,8
2.0.0-M2,openjpa-jdbc/src/main/java/org/apache/openjpa/jdbc/sql/AccessDictionary.java,3
2.0.0-M2,openjpa-jdbc/src/main/java/org/apache/openjpa/jdbc/sql/DB2Dictionary.java,56
2.0.0-M2,openjpa-jdbc/src/main/java/org/apache/openjpa/jdbc/sql/DBDictionary.java,443
2.0.0-M2,openjpa-jdbc/src/main/java/org/apache/openjpa/jdbc/sql/DBDictionaryFactory.java,41
2.0.0-M2,openjpa-jdbc/src/main/java/org/apache/openjpa/jdbc/sql/DerbyDictionary.java,3
2.0.0-M2,openjpa-jdbc/src/main/java/org/apache/openjpa/jdbc/sql/EmpressDictionary.java,15
2.0.0-M2,openjpa-jdbc/src/main/java/org/apache/openjpa/jdbc/sql/FirebirdDictionary.java,17
2.0.0-M2,openjpa-jdbc/src/main/java/org/apache/openjpa/jdbc/sql/FoxProDictionary.java,8
2.0.0-M2,openjpa-jdbc/src/main/java/org/apache/openjpa/jdbc/sql/H2Dictionary.java,17
2.0.0-M2,openjpa-jdbc/src/main/java/org/apache/openjpa/jdbc/sql/HSQLDictionary.java,19
2.0.0-M2,openjpa-jdbc/src/main/java/org/apache/openjpa/jdbc/sql/InformixDictionary.java,21
2.0.0-M2,openjpa-jdbc/src/main/java/org/apache/openjpa/jdbc/sql/InterbaseDictionary.java,2
2.0.0-M2,openjpa-jdbc/src/main/java/org/apache/openjpa/jdbc/sql/JDataStoreDictionary.java,3
2.0.0-M2,openjpa-jdbc/src/main/java/org/apache/openjpa/jdbc/sql/Join.java,10
2.0.0-M2,openjpa-jdbc/src/main/java/org/apache/openjpa/jdbc/sql/JoinSet.java,59
2.0.0-M2,openjpa-jdbc/src/main/java/org/apache/openjpa/jdbc/sql/JoinSyntaxes.java,6
2.0.0-M2,openjpa-jdbc/src/main/java/org/apache/openjpa/jdbc/sql/Joins.java,9
2.0.0-M2,openjpa-jdbc/src/main/java/org/apache/openjpa/jdbc/sql/LogicalUnion.java,55
2.0.0-M2,openjpa-jdbc/src/main/java/org/apache/openjpa/jdbc/sql/MergedResult.java,15
2.0.0-M2,openjpa-jdbc/src/main/java/org/apache/openjpa/jdbc/sql/MySQLDictionary.java,17
2.0.0-M2,openjpa-jdbc/src/main/java/org/apache/openjpa/jdbc/sql/OracleDictionary.java,150
2.0.0-M2,openjpa-jdbc/src/main/java/org/apache/openjpa/jdbc/sql/PointbaseDictionary.java,4
2.0.0-M2,openjpa-jdbc/src/main/java/org/apache/openjpa/jdbc/sql/PostgresDictionary.java,53
2.0.0-M2,openjpa-jdbc/src/main/java/org/apache/openjpa/jdbc/sql/PrimaryRow.java,44
2.0.0-M2,openjpa-jdbc/src/main/java/org/apache/openjpa/jdbc/sql/Raw.java,1
2.0.0-M2,openjpa-jdbc/src/main/java/org/apache/openjpa/jdbc/sql/Result.java,83
2.0.0-M2,openjpa-jdbc/src/main/java/org/apache/openjpa/jdbc/sql/ResultSetResult.java,22
2.0.0-M2,openjpa-jdbc/src/main/java/org/apache/openjpa/jdbc/sql/Row.java,75
2.0.0-M2,openjpa-jdbc/src/main/java/org/apache/openjpa/jdbc/sql/RowImpl.java,89
2.0.0-M2,openjpa-jdbc/src/main/java/org/apache/openjpa/jdbc/sql/RowManager.java,5
2.0.0-M2,openjpa-jdbc/src/main/java/org/apache/openjpa/jdbc/sql/RowManagerImpl.java,18
2.0.0-M2,openjpa-jdbc/src/main/java/org/apache/openjpa/jdbc/sql/SQLBuffer.java,67
2.0.0-M2,openjpa-jdbc/src/main/java/org/apache/openjpa/jdbc/sql/SQLErrorCodeReader.java,8
2.0.0-M2,openjpa-jdbc/src/main/java/org/apache/openjpa/jdbc/sql/SQLExceptions.java,8
2.0.0-M2,openjpa-jdbc/src/main/java/org/apache/openjpa/jdbc/sql/SQLFactory.java,3
2.0.0-M2,openjpa-jdbc/src/main/java/org/apache/openjpa/jdbc/sql/SQLFactoryImpl.java,2
2.0.0-M2,openjpa-jdbc/src/main/java/org/apache/openjpa/jdbc/sql/SQLServerDictionary.java,32
2.0.0-M2,openjpa-jdbc/src/main/java/org/apache/openjpa/jdbc/sql/SecondaryRow.java,15
2.0.0-M2,openjpa-jdbc/src/main/java/org/apache/openjpa/jdbc/sql/Select.java,107
2.0.0-M2,openjpa-jdbc/src/main/java/org/apache/openjpa/jdbc/sql/SelectExecutor.java,20
2.0.0-M2,openjpa-jdbc/src/main/java/org/apache/openjpa/jdbc/sql/SelectImpl.java,372
2.0.0-M2,openjpa-jdbc/src/main/java/org/apache/openjpa/jdbc/sql/SybaseDictionary.java,18
2.0.0-M2,openjpa-jdbc/src/main/java/org/apache/openjpa/jdbc/sql/Union.java,7
2.0.0-M2,openjpa-kernel/src/main/java/org/apache/openjpa/abstractstore/AbstractStoreBrokerFactory.java,3
2.0.0-M2,openjpa-kernel/src/main/java/org/apache/openjpa/abstractstore/AbstractStoreManager.java,26
2.0.0-M2,openjpa-kernel/src/main/java/org/apache/openjpa/ant/MetaDataToolTask.java,4
2.0.0-M2,openjpa-kernel/src/main/java/org/apache/openjpa/conf/AutoDetachValue.java,4
2.0.0-M2,openjpa-kernel/src/main/java/org/apache/openjpa/conf/BrokerFactoryValue.java,3
2.0.0-M2,openjpa-kernel/src/main/java/org/apache/openjpa/conf/BrokerValue.java,2
2.0.0-M2,openjpa-kernel/src/main/java/org/apache/openjpa/conf/CacheMarshaller.java,8
2.0.0-M2,openjpa-kernel/src/main/java/org/apache/openjpa/conf/CacheMarshallerImpl.java,20
2.0.0-M2,openjpa-kernel/src/main/java/org/apache/openjpa/conf/CacheMarshallersValue.java,5
2.0.0-M2,openjpa-kernel/src/main/java/org/apache/openjpa/conf/Compatibility.java,4
2.0.0-M2,openjpa-kernel/src/main/java/org/apache/openjpa/conf/DetachOptions.java,6
2.0.0-M2,openjpa-kernel/src/main/java/org/apache/openjpa/conf/MetaDataCacheMaintenance.java,26
2.0.0-M2,openjpa-kernel/src/main/java/org/apache/openjpa/conf/MetaDataRepositoryValue.java,4
2.0.0-M2,openjpa-kernel/src/main/java/org/apache/openjpa/conf/NoOpCacheMarshaller.java,2
2.0.0-M2,openjpa-kernel/src/main/java/org/apache/openjpa/conf/OpenJPAConfiguration.java,245
2.0.0-M2,openjpa-kernel/src/main/java/org/apache/openjpa/conf/OpenJPAConfigurationImpl.java,34
2.0.0-M2,openjpa-kernel/src/main/java/org/apache/openjpa/conf/OpenJPAProductDerivation.java,5
2.0.0-M2,openjpa-kernel/src/main/java/org/apache/openjpa/conf/OpenJPAVersion.java,4
2.0.0-M2,openjpa-kernel/src/main/java/org/apache/openjpa/conf/OpenJPAVersionAndConfigurationTypeValidationPolicy.java,5
2.0.0-M2,openjpa-kernel/src/main/java/org/apache/openjpa/conf/QueryCompilationCacheValue.java,2
2.0.0-M2,openjpa-kernel/src/main/java/org/apache/openjpa/conf/RemoteCommitProviderValue.java,4
2.0.0-M2,openjpa-kernel/src/main/java/org/apache/openjpa/conf/Specification.java,13
2.0.0-M2,openjpa-kernel/src/main/java/org/apache/openjpa/conf/SpecificationPlugin.java,3
2.0.0-M2,openjpa-kernel/src/main/java/org/apache/openjpa/datacache/AbstractDataCache.java,63
2.0.0-M2,openjpa-kernel/src/main/java/org/apache/openjpa/datacache/AbstractQueryCache.java,48
2.0.0-M2,openjpa-kernel/src/main/java/org/apache/openjpa/datacache/CacheStatistics.java,31
2.0.0-M2,openjpa-kernel/src/main/java/org/apache/openjpa/datacache/Caches.java,5
2.0.0-M2,openjpa-kernel/src/main/java/org/apache/openjpa/datacache/ConcurrentDataCache.java,1
2.0.0-M2,openjpa-kernel/src/main/java/org/apache/openjpa/datacache/DataCache.java,27
2.0.0-M2,openjpa-kernel/src/main/java/org/apache/openjpa/datacache/DataCacheManager.java,8
2.0.0-M2,openjpa-kernel/src/main/java/org/apache/openjpa/datacache/DataCacheManagerImpl.java,5
2.0.0-M2,openjpa-kernel/src/main/java/org/apache/openjpa/datacache/DataCachePCData.java,1
2.0.0-M2,openjpa-kernel/src/main/java/org/apache/openjpa/datacache/DataCachePCDataGenerator.java,6
2.0.0-M2,openjpa-kernel/src/main/java/org/apache/openjpa/datacache/DataCachePCDataImpl.java,9
2.0.0-M2,openjpa-kernel/src/main/java/org/apache/openjpa/datacache/DataCacheScheduler.java,17
2.0.0-M2,openjpa-kernel/src/main/java/org/apache/openjpa/datacache/DataCacheStoreManager.java,69
2.0.0-M2,openjpa-kernel/src/main/java/org/apache/openjpa/datacache/DelegatingDataCache.java,33
2.0.0-M2,openjpa-kernel/src/main/java/org/apache/openjpa/datacache/DelegatingQueryCache.java,19
2.0.0-M2,openjpa-kernel/src/main/java/org/apache/openjpa/datacache/ExpirationListener.java,1
2.0.0-M2,openjpa-kernel/src/main/java/org/apache/openjpa/datacache/QueryCache.java,12
2.0.0-M2,openjpa-kernel/src/main/java/org/apache/openjpa/datacache/QueryCacheStoreQuery.java,47
2.0.0-M2,openjpa-kernel/src/main/java/org/apache/openjpa/datacache/QueryKey.java,48
2.0.0-M2,openjpa-kernel/src/main/java/org/apache/openjpa/datacache/QueryResult.java,2
2.0.0-M2,openjpa-kernel/src/main/java/org/apache/openjpa/datacache/TypesChangedListener.java,1
2.0.0-M2,openjpa-kernel/src/main/java/org/apache/openjpa/ee/AbstractManagedRuntime.java,2
2.0.0-M2,openjpa-kernel/src/main/java/org/apache/openjpa/ee/AutomaticManagedRuntime.java,29
2.0.0-M2,openjpa-kernel/src/main/java/org/apache/openjpa/ee/InvocationManagedRuntime.java,2
2.0.0-M2,openjpa-kernel/src/main/java/org/apache/openjpa/ee/ManagedRuntime.java,5
2.0.0-M2,openjpa-kernel/src/main/java/org/apache/openjpa/ee/RegistryManagedRuntime.java,1
2.0.0-M2,openjpa-kernel/src/main/java/org/apache/openjpa/ee/WASManagedRuntime.java,4
2.0.0-M2,openjpa-kernel/src/main/java/org/apache/openjpa/ee/WASRegistryManagedRuntime.java,1
2.0.0-M2,openjpa-kernel/src/main/java/org/apache/openjpa/ee/WLSManagedRuntime.java,2
2.0.0-M2,openjpa-kernel/src/main/java/org/apache/openjpa/enhance/ApplicationIdTool.java,115
2.0.0-M2,openjpa-kernel/src/main/java/org/apache/openjpa/enhance/AttributeTranslator.java,1
2.0.0-M2,openjpa-kernel/src/main/java/org/apache/openjpa/enhance/ClassRedefiner.java,17
2.0.0-M2,openjpa-kernel/src/main/java/org/apache/openjpa/enhance/CodeGenerator.java,53
2.0.0-M2,openjpa-kernel/src/main/java/org/apache/openjpa/enhance/DynamicStorage.java,22
2.0.0-M2,openjpa-kernel/src/main/java/org/apache/openjpa/enhance/DynamicStorageGenerator.java,20
2.0.0-M2,openjpa-kernel/src/main/java/org/apache/openjpa/enhance/InstrumentationFactory.java,10
2.0.0-M2,openjpa-kernel/src/main/java/org/apache/openjpa/enhance/ManagedClassSubclasser.java,30
2.0.0-M2,openjpa-kernel/src/main/java/org/apache/openjpa/enhance/ManagedInstanceProvider.java,1
2.0.0-M2,openjpa-kernel/src/main/java/org/apache/openjpa/enhance/PCClassFileTransformer.java,28
2.0.0-M2,openjpa-kernel/src/main/java/org/apache/openjpa/enhance/PCDataGenerator.java,38
2.0.0-M2,openjpa-kernel/src/main/java/org/apache/openjpa/enhance/PCEnhancer.java,246
2.0.0-M2,openjpa-kernel/src/main/java/org/apache/openjpa/enhance/PCEnhancerAgent.java,3
2.0.0-M2,openjpa-kernel/src/main/java/org/apache/openjpa/enhance/PCRegistry.java,15
2.0.0-M2,openjpa-kernel/src/main/java/org/apache/openjpa/enhance/PCSubclassValidator.java,23
2.0.0-M2,openjpa-kernel/src/main/java/org/apache/openjpa/enhance/PersistenceCapable.java,9
2.0.0-M2,openjpa-kernel/src/main/java/org/apache/openjpa/enhance/RedefinitionHelper.java,26
2.0.0-M2,openjpa-kernel/src/main/java/org/apache/openjpa/enhance/ReflectingPersistenceCapable.java,45
2.0.0-M2,openjpa-kernel/src/main/java/org/apache/openjpa/enhance/Reflection.java,93
2.0.0-M2,openjpa-kernel/src/main/java/org/apache/openjpa/enhance/RuntimeUnenhancedClassesModes.java,6
2.0.0-M2,openjpa-kernel/src/main/java/org/apache/openjpa/enhance/RuntimeUnenhancedClasssesModes.java,6
2.0.0-M2,openjpa-kernel/src/main/java/org/apache/openjpa/enhance/StateManager.java,49
2.0.0-M2,openjpa-kernel/src/main/java/org/apache/openjpa/event/AbstractLifecycleListener.java,1
2.0.0-M2,openjpa-kernel/src/main/java/org/apache/openjpa/event/AbstractRemoteCommitProvider.java,6
2.0.0-M2,openjpa-kernel/src/main/java/org/apache/openjpa/event/AbstractTransactionListener.java,1
2.0.0-M2,openjpa-kernel/src/main/java/org/apache/openjpa/event/AttachListener.java,2
2.0.0-M2,openjpa-kernel/src/main/java/org/apache/openjpa/event/BeanLifecycleCallbacks.java,6
2.0.0-M2,openjpa-kernel/src/main/java/org/apache/openjpa/event/BeginTransactionListener.java,1
2.0.0-M2,openjpa-kernel/src/main/java/org/apache/openjpa/event/BrokerFactoryEventManager.java,1
2.0.0-M2,openjpa-kernel/src/main/java/org/apache/openjpa/event/BrokerFactoryListener.java,1
2.0.0-M2,openjpa-kernel/src/main/java/org/apache/openjpa/event/CallbackModes.java,10
2.0.0-M2,openjpa-kernel/src/main/java/org/apache/openjpa/event/ClearListener.java,2
2.0.0-M2,openjpa-kernel/src/main/java/org/apache/openjpa/event/DeleteListener.java,2
2.0.0-M2,openjpa-kernel/src/main/java/org/apache/openjpa/event/DetachListener.java,2
2.0.0-M2,openjpa-kernel/src/main/java/org/apache/openjpa/event/DirtyListener.java,4
2.0.0-M2,openjpa-kernel/src/main/java/org/apache/openjpa/event/EndTransactionListener.java,6
2.0.0-M2,openjpa-kernel/src/main/java/org/apache/openjpa/event/FlushTransactionListener.java,2
2.0.0-M2,openjpa-kernel/src/main/java/org/apache/openjpa/event/JMSRemoteCommitProvider.java,21
2.0.0-M2,openjpa-kernel/src/main/java/org/apache/openjpa/event/LifecycleCallbacks.java,2
2.0.0-M2,openjpa-kernel/src/main/java/org/apache/openjpa/event/LifecycleEventManager.java,88
2.0.0-M2,openjpa-kernel/src/main/java/org/apache/openjpa/event/LoadListener.java,2
2.0.0-M2,openjpa-kernel/src/main/java/org/apache/openjpa/event/LogOrphanedKeyAction.java,6
2.0.0-M2,openjpa-kernel/src/main/java/org/apache/openjpa/event/MethodLifecycleCallbacks.java,13
2.0.0-M2,openjpa-kernel/src/main/java/org/apache/openjpa/event/OrphanedKeyAction.java,1
2.0.0-M2,openjpa-kernel/src/main/java/org/apache/openjpa/event/PersistListener.java,2
2.0.0-M2,openjpa-kernel/src/main/java/org/apache/openjpa/event/PostDeleteListener.java,1
2.0.0-M2,openjpa-kernel/src/main/java/org/apache/openjpa/event/PostPersistListener.java,1
2.0.0-M2,openjpa-kernel/src/main/java/org/apache/openjpa/event/RemoteCommitEvent.java,15
2.0.0-M2,openjpa-kernel/src/main/java/org/apache/openjpa/event/RemoteCommitEventManager.java,24
2.0.0-M2,openjpa-kernel/src/main/java/org/apache/openjpa/event/RemoteCommitListener.java,2
2.0.0-M2,openjpa-kernel/src/main/java/org/apache/openjpa/event/RemoteCommitProvider.java,3
2.0.0-M2,openjpa-kernel/src/main/java/org/apache/openjpa/event/SingleJVMRemoteCommitProvider.java,3
2.0.0-M2,openjpa-kernel/src/main/java/org/apache/openjpa/event/StoreListener.java,2
2.0.0-M2,openjpa-kernel/src/main/java/org/apache/openjpa/event/TCPRemoteCommitProvider.java,65
2.0.0-M2,openjpa-kernel/src/main/java/org/apache/openjpa/event/TransactionEventManager.java,17
2.0.0-M2,openjpa-kernel/src/main/java/org/apache/openjpa/event/UpdateListener.java,2
2.0.0-M2,openjpa-kernel/src/main/java/org/apache/openjpa/kernel/AbstractBrokerFactory.java,50
2.0.0-M2,openjpa-kernel/src/main/java/org/apache/openjpa/kernel/AbstractHintHandler.java,11
2.0.0-M2,openjpa-kernel/src/main/java/org/apache/openjpa/kernel/AbstractLockManager.java,5
2.0.0-M2,openjpa-kernel/src/main/java/org/apache/openjpa/kernel/AbstractPCData.java,45
2.0.0-M2,openjpa-kernel/src/main/java/org/apache/openjpa/kernel/AbstractPCResultObjectProvider.java,3
2.0.0-M2,openjpa-kernel/src/main/java/org/apache/openjpa/kernel/AbstractStoreQuery.java,5
2.0.0-M2,openjpa-kernel/src/main/java/org/apache/openjpa/kernel/AttachManager.java,32
2.0.0-M2,openjpa-kernel/src/main/java/org/apache/openjpa/kernel/AttachStrategy.java,57
2.0.0-M2,openjpa-kernel/src/main/java/org/apache/openjpa/kernel/AutoClear.java,4
2.0.0-M2,openjpa-kernel/src/main/java/org/apache/openjpa/kernel/AutoDetach.java,8
2.0.0-M2,openjpa-kernel/src/main/java/org/apache/openjpa/kernel/Bootstrap.java,11
2.0.0-M2,openjpa-kernel/src/main/java/org/apache/openjpa/kernel/Broker.java,104
2.0.0-M2,openjpa-kernel/src/main/java/org/apache/openjpa/kernel/BrokerFactory.java,16
2.0.0-M2,openjpa-kernel/src/main/java/org/apache/openjpa/kernel/BrokerImpl.java,480
2.0.0-M2,openjpa-kernel/src/main/java/org/apache/openjpa/kernel/ClearFieldManager.java,1
2.0.0-M2,openjpa-kernel/src/main/java/org/apache/openjpa/kernel/ConnectionRetainModes.java,6
2.0.0-M2,openjpa-kernel/src/main/java/org/apache/openjpa/kernel/DelegatingBroker.java,6
2.0.0-M2,openjpa-kernel/src/main/java/org/apache/openjpa/kernel/DelegatingBrokerFactory.java,6
2.0.0-M2,openjpa-kernel/src/main/java/org/apache/openjpa/kernel/DelegatingExtent.java,6
2.0.0-M2,openjpa-kernel/src/main/java/org/apache/openjpa/kernel/DelegatingFetchConfiguration.java,9
2.0.0-M2,openjpa-kernel/src/main/java/org/apache/openjpa/kernel/DelegatingQuery.java,6
2.0.0-M2,openjpa-kernel/src/main/java/org/apache/openjpa/kernel/DelegatingResultList.java,18
2.0.0-M2,openjpa-kernel/src/main/java/org/apache/openjpa/kernel/DelegatingSeq.java,6
2.0.0-M2,openjpa-kernel/src/main/java/org/apache/openjpa/kernel/DelegatingStoreManager.java,6
2.0.0-M2,openjpa-kernel/src/main/java/org/apache/openjpa/kernel/DetachManager.java,87
2.0.0-M2,openjpa-kernel/src/main/java/org/apache/openjpa/kernel/DetachState.java,8
2.0.0-M2,openjpa-kernel/src/main/java/org/apache/openjpa/kernel/DetachedStateAttachStrategy.java,10
2.0.0-M2,openjpa-kernel/src/main/java/org/apache/openjpa/kernel/DetachedStateManager.java,61
2.0.0-M2,openjpa-kernel/src/main/java/org/apache/openjpa/kernel/DetachedValueStateManager.java,11
2.0.0-M2,openjpa-kernel/src/main/java/org/apache/openjpa/kernel/ENonTransState.java,1
2.0.0-M2,openjpa-kernel/src/main/java/org/apache/openjpa/kernel/ExpressionStoreQuery.java,54
2.0.0-M2,openjpa-kernel/src/main/java/org/apache/openjpa/kernel/Extent.java,11
2.0.0-M2,openjpa-kernel/src/main/java/org/apache/openjpa/kernel/ExtentImpl.java,41
2.0.0-M2,openjpa-kernel/src/main/java/org/apache/openjpa/kernel/FetchConfiguration.java,56
2.0.0-M2,openjpa-kernel/src/main/java/org/apache/openjpa/kernel/FetchConfigurationHintHandler.java,1
2.0.0-M2,openjpa-kernel/src/main/java/org/apache/openjpa/kernel/FetchConfigurationImpl.java,98
2.0.0-M2,openjpa-kernel/src/main/java/org/apache/openjpa/kernel/Filters.java,121
2.0.0-M2,openjpa-kernel/src/main/java/org/apache/openjpa/kernel/FinalizingBrokerImpl.java,2
2.0.0-M2,openjpa-kernel/src/main/java/org/apache/openjpa/kernel/FindCallbacks.java,2
2.0.0-M2,openjpa-kernel/src/main/java/org/apache/openjpa/kernel/FinderCache.java,10
2.0.0-M2,openjpa-kernel/src/main/java/org/apache/openjpa/kernel/FinderQuery.java,4
2.0.0-M2,openjpa-kernel/src/main/java/org/apache/openjpa/kernel/InMemorySavepointManager.java,1
2.0.0-M2,openjpa-kernel/src/main/java/org/apache/openjpa/kernel/InverseManager.java,50
2.0.0-M2,openjpa-kernel/src/main/java/org/apache/openjpa/kernel/LocalManagedRuntime.java,15
2.0.0-M2,openjpa-kernel/src/main/java/org/apache/openjpa/kernel/LockLevels.java,6
2.0.0-M2,openjpa-kernel/src/main/java/org/apache/openjpa/kernel/LockManager.java,9
2.0.0-M2,openjpa-kernel/src/main/java/org/apache/openjpa/kernel/ManagedCache.java,42
2.0.0-M2,openjpa-kernel/src/main/java/org/apache/openjpa/kernel/MethodStoreQuery.java,30
2.0.0-M2,openjpa-kernel/src/main/java/org/apache/openjpa/kernel/MixedLockLevels.java,10
2.0.0-M2,openjpa-kernel/src/main/java/org/apache/openjpa/kernel/ObjectIdStateManager.java,27
2.0.0-M2,openjpa-kernel/src/main/java/org/apache/openjpa/kernel/OpCallbacks.java,15
2.0.0-M2,openjpa-kernel/src/main/java/org/apache/openjpa/kernel/OpenJPASavepoint.java,5
2.0.0-M2,openjpa-kernel/src/main/java/org/apache/openjpa/kernel/OpenJPAStateManager.java,72
2.0.0-M2,openjpa-kernel/src/main/java/org/apache/openjpa/kernel/OrderingMergedResultObjectProvider.java,11
2.0.0-M2,openjpa-kernel/src/main/java/org/apache/openjpa/kernel/PCData.java,12
2.0.0-M2,openjpa-kernel/src/main/java/org/apache/openjpa/kernel/PCDataImpl.java,23
2.0.0-M2,openjpa-kernel/src/main/java/org/apache/openjpa/kernel/PCResultObjectProvider.java,1
2.0.0-M2,openjpa-kernel/src/main/java/org/apache/openjpa/kernel/PCState.java,24
2.0.0-M2,openjpa-kernel/src/main/java/org/apache/openjpa/kernel/PNewFlushedDeletedFlushedState.java,1
2.0.0-M2,openjpa-kernel/src/main/java/org/apache/openjpa/kernel/PNewState.java,1
2.0.0-M2,openjpa-kernel/src/main/java/org/apache/openjpa/kernel/PNonTransState.java,4
2.0.0-M2,openjpa-kernel/src/main/java/org/apache/openjpa/kernel/PreparedQuery.java,8
2.0.0-M2,openjpa-kernel/src/main/java/org/apache/openjpa/kernel/PreparedQueryCache.java,14
2.0.0-M2,openjpa-kernel/src/main/java/org/apache/openjpa/kernel/Query.java,26
2.0.0-M2,openjpa-kernel/src/main/java/org/apache/openjpa/kernel/QueryContext.java,43
2.0.0-M2,openjpa-kernel/src/main/java/org/apache/openjpa/kernel/QueryFlushModes.java,6
2.0.0-M2,openjpa-kernel/src/main/java/org/apache/openjpa/kernel/QueryHints.java,14
2.0.0-M2,openjpa-kernel/src/main/java/org/apache/openjpa/kernel/QueryImpl.java,179
2.0.0-M2,openjpa-kernel/src/main/java/org/apache/openjpa/kernel/QueryLanguages.java,3
2.0.0-M2,openjpa-kernel/src/main/java/org/apache/openjpa/kernel/QueryOperations.java,6
2.0.0-M2,openjpa-kernel/src/main/java/org/apache/openjpa/kernel/QueryStatistics.java,31
2.0.0-M2,openjpa-kernel/src/main/java/org/apache/openjpa/kernel/ROPStoreManager.java,3
2.0.0-M2,openjpa-kernel/src/main/java/org/apache/openjpa/kernel/RestoreState.java,6
2.0.0-M2,openjpa-kernel/src/main/java/org/apache/openjpa/kernel/ResultPacker.java,30
2.0.0-M2,openjpa-kernel/src/main/java/org/apache/openjpa/kernel/SaveFieldManager.java,16
2.0.0-M2,openjpa-kernel/src/main/java/org/apache/openjpa/kernel/SavepointFieldManager.java,11
2.0.0-M2,openjpa-kernel/src/main/java/org/apache/openjpa/kernel/SavepointManager.java,2
2.0.0-M2,openjpa-kernel/src/main/java/org/apache/openjpa/kernel/Seq.java,9
2.0.0-M2,openjpa-kernel/src/main/java/org/apache/openjpa/kernel/SingleFieldManager.java,111
2.0.0-M2,openjpa-kernel/src/main/java/org/apache/openjpa/kernel/StateManagerImpl.java,294
2.0.0-M2,openjpa-kernel/src/main/java/org/apache/openjpa/kernel/StoreContext.java,62
2.0.0-M2,openjpa-kernel/src/main/java/org/apache/openjpa/kernel/StoreManager.java,38
2.0.0-M2,openjpa-kernel/src/main/java/org/apache/openjpa/kernel/StoreQuery.java,47
2.0.0-M2,openjpa-kernel/src/main/java/org/apache/openjpa/kernel/TCleanState.java,1
2.0.0-M2,openjpa-kernel/src/main/java/org/apache/openjpa/kernel/TDirtyState.java,1
2.0.0-M2,openjpa-kernel/src/main/java/org/apache/openjpa/kernel/TimeSeededSeq.java,3
2.0.0-M2,openjpa-kernel/src/main/java/org/apache/openjpa/kernel/TransferFieldManager.java,1
2.0.0-M2,openjpa-kernel/src/main/java/org/apache/openjpa/kernel/UUIDHexSeq.java,4
2.0.0-M2,openjpa-kernel/src/main/java/org/apache/openjpa/kernel/UUIDStringSeq.java,4
2.0.0-M2,openjpa-kernel/src/main/java/org/apache/openjpa/kernel/UUIDType4HexSeq.java,4
2.0.0-M2,openjpa-kernel/src/main/java/org/apache/openjpa/kernel/UUIDType4StringSeq.java,4
2.0.0-M2,openjpa-kernel/src/main/java/org/apache/openjpa/kernel/VersionAttachStrategy.java,40
2.0.0-M2,openjpa-kernel/src/main/java/org/apache/openjpa/kernel/VersionLockManager.java,6
2.0.0-M2,openjpa-kernel/src/main/java/org/apache/openjpa/kernel/exps/Abs.java,9
2.0.0-M2,openjpa-kernel/src/main/java/org/apache/openjpa/kernel/exps/AbstractExpressionBuilder.java,29
2.0.0-M2,openjpa-kernel/src/main/java/org/apache/openjpa/kernel/exps/AbstractExpressionVisitor.java,4
2.0.0-M2,openjpa-kernel/src/main/java/org/apache/openjpa/kernel/exps/Aggregate.java,8
2.0.0-M2,openjpa-kernel/src/main/java/org/apache/openjpa/kernel/exps/AggregateListener.java,4
2.0.0-M2,openjpa-kernel/src/main/java/org/apache/openjpa/kernel/exps/AggregateVal.java,3
2.0.0-M2,openjpa-kernel/src/main/java/org/apache/openjpa/kernel/exps/All.java,1
2.0.0-M2,openjpa-kernel/src/main/java/org/apache/openjpa/kernel/exps/Any.java,1
2.0.0-M2,openjpa-kernel/src/main/java/org/apache/openjpa/kernel/exps/Args.java,10
2.0.0-M2,openjpa-kernel/src/main/java/org/apache/openjpa/kernel/exps/Arguments.java,1
2.0.0-M2,openjpa-kernel/src/main/java/org/apache/openjpa/kernel/exps/Avg.java,4
2.0.0-M2,openjpa-kernel/src/main/java/org/apache/openjpa/kernel/exps/BindVariableAndExpression.java,5
2.0.0-M2,openjpa-kernel/src/main/java/org/apache/openjpa/kernel/exps/BindVariableExpression.java,3
2.0.0-M2,openjpa-kernel/src/main/java/org/apache/openjpa/kernel/exps/BoundVariable.java,2
2.0.0-M2,openjpa-kernel/src/main/java/org/apache/openjpa/kernel/exps/CandidatePath.java,27
2.0.0-M2,openjpa-kernel/src/main/java/org/apache/openjpa/kernel/exps/Cast.java,4
2.0.0-M2,openjpa-kernel/src/main/java/org/apache/openjpa/kernel/exps/Coalesce.java,7
2.0.0-M2,openjpa-kernel/src/main/java/org/apache/openjpa/kernel/exps/Concat.java,4
2.0.0-M2,openjpa-kernel/src/main/java/org/apache/openjpa/kernel/exps/Constant.java,1
2.0.0-M2,openjpa-kernel/src/main/java/org/apache/openjpa/kernel/exps/ContainsExpression.java,3
2.0.0-M2,openjpa-kernel/src/main/java/org/apache/openjpa/kernel/exps/Count.java,3
2.0.0-M2,openjpa-kernel/src/main/java/org/apache/openjpa/kernel/exps/CurrentDate.java,1
2.0.0-M2,openjpa-kernel/src/main/java/org/apache/openjpa/kernel/exps/Distinct.java,2
2.0.0-M2,openjpa-kernel/src/main/java/org/apache/openjpa/kernel/exps/EndsWithExpression.java,1
2.0.0-M2,openjpa-kernel/src/main/java/org/apache/openjpa/kernel/exps/Exp.java,2
2.0.0-M2,openjpa-kernel/src/main/java/org/apache/openjpa/kernel/exps/Expression.java,1
2.0.0-M2,openjpa-kernel/src/main/java/org/apache/openjpa/kernel/exps/ExpressionFactory.java,78
2.0.0-M2,openjpa-kernel/src/main/java/org/apache/openjpa/kernel/exps/ExpressionParser.java,5
2.0.0-M2,openjpa-kernel/src/main/java/org/apache/openjpa/kernel/exps/ExpressionVisitor.java,4
2.0.0-M2,openjpa-kernel/src/main/java/org/apache/openjpa/kernel/exps/Extension.java,10
2.0.0-M2,openjpa-kernel/src/main/java/org/apache/openjpa/kernel/exps/FilterListener.java,5
2.0.0-M2,openjpa-kernel/src/main/java/org/apache/openjpa/kernel/exps/GeneralCase.java,11
2.0.0-M2,openjpa-kernel/src/main/java/org/apache/openjpa/kernel/exps/GetMapValue.java,1
2.0.0-M2,openjpa-kernel/src/main/java/org/apache/openjpa/kernel/exps/GetObjectId.java,1
2.0.0-M2,openjpa-kernel/src/main/java/org/apache/openjpa/kernel/exps/GreaterThanEqualExpression.java,2
2.0.0-M2,openjpa-kernel/src/main/java/org/apache/openjpa/kernel/exps/GreaterThanExpression.java,2
2.0.0-M2,openjpa-kernel/src/main/java/org/apache/openjpa/kernel/exps/InMemoryExpressionFactory.java,53
2.0.0-M2,openjpa-kernel/src/main/java/org/apache/openjpa/kernel/exps/IndexOf.java,2
2.0.0-M2,openjpa-kernel/src/main/java/org/apache/openjpa/kernel/exps/IsEmptyExpression.java,9
2.0.0-M2,openjpa-kernel/src/main/java/org/apache/openjpa/kernel/exps/LessThanEqualExpression.java,2
2.0.0-M2,openjpa-kernel/src/main/java/org/apache/openjpa/kernel/exps/LessThanExpression.java,2
2.0.0-M2,openjpa-kernel/src/main/java/org/apache/openjpa/kernel/exps/Literal.java,10
2.0.0-M2,openjpa-kernel/src/main/java/org/apache/openjpa/kernel/exps/MatchesExpression.java,4
2.0.0-M2,openjpa-kernel/src/main/java/org/apache/openjpa/kernel/exps/MathVal.java,1
2.0.0-M2,openjpa-kernel/src/main/java/org/apache/openjpa/kernel/exps/Max.java,2
2.0.0-M2,openjpa-kernel/src/main/java/org/apache/openjpa/kernel/exps/Min.java,2
2.0.0-M2,openjpa-kernel/src/main/java/org/apache/openjpa/kernel/exps/Null.java,1
2.0.0-M2,openjpa-kernel/src/main/java/org/apache/openjpa/kernel/exps/NullIf.java,5
2.0.0-M2,openjpa-kernel/src/main/java/org/apache/openjpa/kernel/exps/Parameter.java,2
2.0.0-M2,openjpa-kernel/src/main/java/org/apache/openjpa/kernel/exps/Path.java,5
2.0.0-M2,openjpa-kernel/src/main/java/org/apache/openjpa/kernel/exps/QueryExpressions.java,11
2.0.0-M2,openjpa-kernel/src/main/java/org/apache/openjpa/kernel/exps/Resolver.java,5
2.0.0-M2,openjpa-kernel/src/main/java/org/apache/openjpa/kernel/exps/SimpleCase.java,10
2.0.0-M2,openjpa-kernel/src/main/java/org/apache/openjpa/kernel/exps/Size.java,2
2.0.0-M2,openjpa-kernel/src/main/java/org/apache/openjpa/kernel/exps/Sqrt.java,1
2.0.0-M2,openjpa-kernel/src/main/java/org/apache/openjpa/kernel/exps/StartsWithExpression.java,1
2.0.0-M2,openjpa-kernel/src/main/java/org/apache/openjpa/kernel/exps/StringContains.java,2
2.0.0-M2,openjpa-kernel/src/main/java/org/apache/openjpa/kernel/exps/StringLength.java,2
2.0.0-M2,openjpa-kernel/src/main/java/org/apache/openjpa/kernel/exps/SubQ.java,1
2.0.0-M2,openjpa-kernel/src/main/java/org/apache/openjpa/kernel/exps/Subquery.java,2
2.0.0-M2,openjpa-kernel/src/main/java/org/apache/openjpa/kernel/exps/Substring.java,1
2.0.0-M2,openjpa-kernel/src/main/java/org/apache/openjpa/kernel/exps/Sum.java,4
2.0.0-M2,openjpa-kernel/src/main/java/org/apache/openjpa/kernel/exps/This.java,1
2.0.0-M2,openjpa-kernel/src/main/java/org/apache/openjpa/kernel/exps/ToLowerCase.java,1
2.0.0-M2,openjpa-kernel/src/main/java/org/apache/openjpa/kernel/exps/ToUpperCase.java,1
2.0.0-M2,openjpa-kernel/src/main/java/org/apache/openjpa/kernel/exps/Trim.java,4
2.0.0-M2,openjpa-kernel/src/main/java/org/apache/openjpa/kernel/exps/Type.java,4
2.0.0-M2,openjpa-kernel/src/main/java/org/apache/openjpa/kernel/exps/UnaryMathVal.java,1
2.0.0-M2,openjpa-kernel/src/main/java/org/apache/openjpa/kernel/exps/Val.java,4
2.0.0-M2,openjpa-kernel/src/main/java/org/apache/openjpa/kernel/exps/Value.java,12
2.0.0-M2,openjpa-kernel/src/main/java/org/apache/openjpa/kernel/exps/WildcardMatch.java,4
2.0.0-M2,openjpa-kernel/src/main/java/org/apache/openjpa/kernel/jpql/JPQLExpressionBuilder.java,170
2.0.0-M2,openjpa-kernel/src/main/java/org/apache/openjpa/kernel/jpql/JPQLParser.java,4
2.0.0-M2,openjpa-kernel/src/main/java/org/apache/openjpa/meta/AbstractCFMetaDataFactory.java,127
2.0.0-M2,openjpa-kernel/src/main/java/org/apache/openjpa/meta/AbstractMetaDataDefaults.java,32
2.0.0-M2,openjpa-kernel/src/main/java/org/apache/openjpa/meta/AbstractMetaDataFactory.java,5
2.0.0-M2,openjpa-kernel/src/main/java/org/apache/openjpa/meta/AccessCode.java,20
2.0.0-M2,openjpa-kernel/src/main/java/org/apache/openjpa/meta/ClassMetaData.java,244
2.0.0-M2,openjpa-kernel/src/main/java/org/apache/openjpa/meta/DelegatingMetaDataFactory.java,1
2.0.0-M2,openjpa-kernel/src/main/java/org/apache/openjpa/meta/Extensions.java,41
2.0.0-M2,openjpa-kernel/src/main/java/org/apache/openjpa/meta/FetchGroup.java,44
2.0.0-M2,openjpa-kernel/src/main/java/org/apache/openjpa/meta/FieldMetaData.java,177
2.0.0-M2,openjpa-kernel/src/main/java/org/apache/openjpa/meta/InMemoryRelatedFieldOrder.java,14
2.0.0-M2,openjpa-kernel/src/main/java/org/apache/openjpa/meta/InMemoryValueOrder.java,22
2.0.0-M2,openjpa-kernel/src/main/java/org/apache/openjpa/meta/InheritanceComparator.java,16
2.0.0-M2,openjpa-kernel/src/main/java/org/apache/openjpa/meta/InheritanceOrderedMetaDataList.java,5
2.0.0-M2,openjpa-kernel/src/main/java/org/apache/openjpa/meta/InterfaceImplGenerator.java,14
2.0.0-M2,openjpa-kernel/src/main/java/org/apache/openjpa/meta/JavaTypes.java,81
2.0.0-M2,openjpa-kernel/src/main/java/org/apache/openjpa/meta/LifecycleMetaData.java,17
2.0.0-M2,openjpa-kernel/src/main/java/org/apache/openjpa/meta/MetaDataContext.java,1
2.0.0-M2,openjpa-kernel/src/main/java/org/apache/openjpa/meta/MetaDataDefaults.java,11
2.0.0-M2,openjpa-kernel/src/main/java/org/apache/openjpa/meta/MetaDataFactory.java,23
2.0.0-M2,openjpa-kernel/src/main/java/org/apache/openjpa/meta/MetaDataInheritanceComparator.java,9
2.0.0-M2,openjpa-kernel/src/main/java/org/apache/openjpa/meta/MetaDataModes.java,14
2.0.0-M2,openjpa-kernel/src/main/java/org/apache/openjpa/meta/MetaDataRepository.java,198
2.0.0-M2,openjpa-kernel/src/main/java/org/apache/openjpa/meta/MetaDataTool.java,28
2.0.0-M2,openjpa-kernel/src/main/java/org/apache/openjpa/meta/NonPersistentMetaData.java,5
2.0.0-M2,openjpa-kernel/src/main/java/org/apache/openjpa/meta/NoneMetaDataFactory.java,12
2.0.0-M2,openjpa-kernel/src/main/java/org/apache/openjpa/meta/Order.java,4
2.0.0-M2,openjpa-kernel/src/main/java/org/apache/openjpa/meta/ProxySetupStateManager.java,7
2.0.0-M2,openjpa-kernel/src/main/java/org/apache/openjpa/meta/QueryMetaData.java,8
2.0.0-M2,openjpa-kernel/src/main/java/org/apache/openjpa/meta/SequenceMetaData.java,16
2.0.0-M2,openjpa-kernel/src/main/java/org/apache/openjpa/meta/UpdateStrategies.java,6
2.0.0-M2,openjpa-kernel/src/main/java/org/apache/openjpa/meta/ValueMetaData.java,45
2.0.0-M2,openjpa-kernel/src/main/java/org/apache/openjpa/meta/ValueMetaDataImpl.java,47
2.0.0-M2,openjpa-kernel/src/main/java/org/apache/openjpa/meta/ValueStrategies.java,8
2.0.0-M2,openjpa-kernel/src/main/java/org/apache/openjpa/meta/XMLClassMetaData.java,2
2.0.0-M2,openjpa-kernel/src/main/java/org/apache/openjpa/meta/XMLFieldMetaData.java,5
2.0.0-M2,openjpa-kernel/src/main/java/org/apache/openjpa/meta/XMLMetaData.java,21
2.0.0-M2,openjpa-kernel/src/main/java/org/apache/openjpa/util/AbstractChangeTracker.java,19
2.0.0-M2,openjpa-kernel/src/main/java/org/apache/openjpa/util/AbstractLRSProxyCollection.java,35
2.0.0-M2,openjpa-kernel/src/main/java/org/apache/openjpa/util/AbstractLRSProxyMap.java,54
2.0.0-M2,openjpa-kernel/src/main/java/org/apache/openjpa/util/ApplicationIds.java,71
2.0.0-M2,openjpa-kernel/src/main/java/org/apache/openjpa/util/ArrayStateImage.java,6
2.0.0-M2,openjpa-kernel/src/main/java/org/apache/openjpa/util/BigDecimalId.java,5
2.0.0-M2,openjpa-kernel/src/main/java/org/apache/openjpa/util/BigIntegerId.java,5
2.0.0-M2,openjpa-kernel/src/main/java/org/apache/openjpa/util/ByteId.java,2
2.0.0-M2,openjpa-kernel/src/main/java/org/apache/openjpa/util/CacheMap.java,47
2.0.0-M2,openjpa-kernel/src/main/java/org/apache/openjpa/util/ChangeTracker.java,8
2.0.0-M2,openjpa-kernel/src/main/java/org/apache/openjpa/util/CharId.java,2
2.0.0-M2,openjpa-kernel/src/main/java/org/apache/openjpa/util/ClassResolver.java,1
2.0.0-M2,openjpa-kernel/src/main/java/org/apache/openjpa/util/ClassResolverImpl.java,6
2.0.0-M2,openjpa-kernel/src/main/java/org/apache/openjpa/util/CollectionChangeTracker.java,2
2.0.0-M2,openjpa-kernel/src/main/java/org/apache/openjpa/util/CollectionChangeTrackerImpl.java,9
2.0.0-M2,openjpa-kernel/src/main/java/org/apache/openjpa/util/DateId.java,1
2.0.0-M2,openjpa-kernel/src/main/java/org/apache/openjpa/util/DoubleId.java,2
2.0.0-M2,openjpa-kernel/src/main/java/org/apache/openjpa/util/ExceptionInfo.java,14
2.0.0-M2,openjpa-kernel/src/main/java/org/apache/openjpa/util/Exceptions.java,26
2.0.0-M2,openjpa-kernel/src/main/java/org/apache/openjpa/util/FloatId.java,2
2.0.0-M2,openjpa-kernel/src/main/java/org/apache/openjpa/util/GeneralException.java,1
2.0.0-M2,openjpa-kernel/src/main/java/org/apache/openjpa/util/GeneratedClasses.java,10
2.0.0-M2,openjpa-kernel/src/main/java/org/apache/openjpa/util/Id.java,9
2.0.0-M2,openjpa-kernel/src/main/java/org/apache/openjpa/util/ImplHelper.java,23
2.0.0-M2,openjpa-kernel/src/main/java/org/apache/openjpa/util/IntId.java,1
2.0.0-M2,openjpa-kernel/src/main/java/org/apache/openjpa/util/LockException.java,3
2.0.0-M2,openjpa-kernel/src/main/java/org/apache/openjpa/util/MapChangeTracker.java,5
2.0.0-M2,openjpa-kernel/src/main/java/org/apache/openjpa/util/MapChangeTrackerImpl.java,14
2.0.0-M2,openjpa-kernel/src/main/java/org/apache/openjpa/util/MultiLoaderClassResolver.java,3
2.0.0-M2,openjpa-kernel/src/main/java/org/apache/openjpa/util/OpenJPAException.java,10
2.0.0-M2,openjpa-kernel/src/main/java/org/apache/openjpa/util/OpenJPAId.java,11
2.0.0-M2,openjpa-kernel/src/main/java/org/apache/openjpa/util/Proxies.java,5
2.0.0-M2,openjpa-kernel/src/main/java/org/apache/openjpa/util/Proxy.java,5
2.0.0-M2,openjpa-kernel/src/main/java/org/apache/openjpa/util/ProxyBean.java,1
2.0.0-M2,openjpa-kernel/src/main/java/org/apache/openjpa/util/ProxyCalendar.java,1
2.0.0-M2,openjpa-kernel/src/main/java/org/apache/openjpa/util/ProxyCollection.java,2
2.0.0-M2,openjpa-kernel/src/main/java/org/apache/openjpa/util/ProxyCollections.java,40
2.0.0-M2,openjpa-kernel/src/main/java/org/apache/openjpa/util/ProxyDate.java,1
2.0.0-M2,openjpa-kernel/src/main/java/org/apache/openjpa/util/ProxyManager.java,11
2.0.0-M2,openjpa-kernel/src/main/java/org/apache/openjpa/util/ProxyManagerImpl.java,125
2.0.0-M2,openjpa-kernel/src/main/java/org/apache/openjpa/util/ProxyMap.java,3
2.0.0-M2,openjpa-kernel/src/main/java/org/apache/openjpa/util/ProxyMaps.java,20
2.0.0-M2,openjpa-kernel/src/main/java/org/apache/openjpa/util/QueryException.java,2
2.0.0-M2,openjpa-kernel/src/main/java/org/apache/openjpa/util/RuntimeExceptionTranslator.java,1
2.0.0-M2,openjpa-kernel/src/main/java/org/apache/openjpa/util/Serialization.java,12
2.0.0-M2,openjpa-kernel/src/main/java/org/apache/openjpa/util/ShortId.java,2
2.0.0-M2,openjpa-kernel/src/main/java/org/apache/openjpa/util/StoreFacadeTypeRegistry.java,6
2.0.0-M2,openjpa-kernel/src/main/java/org/apache/openjpa/util/StringId.java,1
2.0.0-M2,openjpa-kernel/src/main/java/org/apache/openjpa/util/UserException.java,1
2.0.0-M2,openjpa-kernel/src/main/java/org/apache/openjpa/validation/ValidatingLifecycleEventManager.java,1
2.0.0-M2,openjpa-kernel/src/main/java/org/apache/openjpa/validation/Validator.java,4
2.0.0-M2,openjpa-kernel/src/main/jjtree/org/apache/openjpa/kernel/jpql/ParseException.java,7
2.0.0-M2,openjpa-lib/src/main/java/org/apache/openjpa/lib/ant/AbstractTask.java,14
2.0.0-M2,openjpa-lib/src/main/java/org/apache/openjpa/lib/conf/AbstractProductDerivation.java,4
2.0.0-M2,openjpa-lib/src/main/java/org/apache/openjpa/lib/conf/BooleanValue.java,3
2.0.0-M2,openjpa-lib/src/main/java/org/apache/openjpa/lib/conf/Configurable.java,3
2.0.0-M2,openjpa-lib/src/main/java/org/apache/openjpa/lib/conf/Configuration.java,35
2.0.0-M2,openjpa-lib/src/main/java/org/apache/openjpa/lib/conf/ConfigurationImpl.java,94
2.0.0-M2,openjpa-lib/src/main/java/org/apache/openjpa/lib/conf/ConfigurationProvider.java,4
2.0.0-M2,openjpa-lib/src/main/java/org/apache/openjpa/lib/conf/Configurations.java,87
2.0.0-M2,openjpa-lib/src/main/java/org/apache/openjpa/lib/conf/DoubleValue.java,5
2.0.0-M2,openjpa-lib/src/main/java/org/apache/openjpa/lib/conf/FileValue.java,1
2.0.0-M2,openjpa-lib/src/main/java/org/apache/openjpa/lib/conf/GenericConfigurable.java,1
2.0.0-M2,openjpa-lib/src/main/java/org/apache/openjpa/lib/conf/IntValue.java,5
2.0.0-M2,openjpa-lib/src/main/java/org/apache/openjpa/lib/conf/MapConfigurationProvider.java,6
2.0.0-M2,openjpa-lib/src/main/java/org/apache/openjpa/lib/conf/ObjectValue.java,4
2.0.0-M2,openjpa-lib/src/main/java/org/apache/openjpa/lib/conf/PluginListValue.java,13
2.0.0-M2,openjpa-lib/src/main/java/org/apache/openjpa/lib/conf/PluginValue.java,6
2.0.0-M2,openjpa-lib/src/main/java/org/apache/openjpa/lib/conf/ProductDerivation.java,17
2.0.0-M2,openjpa-lib/src/main/java/org/apache/openjpa/lib/conf/ProductDerivations.java,47
2.0.0-M2,openjpa-lib/src/main/java/org/apache/openjpa/lib/conf/StringListValue.java,9
2.0.0-M2,openjpa-lib/src/main/java/org/apache/openjpa/lib/conf/StringValue.java,1
2.0.0-M2,openjpa-lib/src/main/java/org/apache/openjpa/lib/conf/Value.java,34
2.0.0-M2,openjpa-lib/src/main/java/org/apache/openjpa/lib/conf/ValueListener.java,1
2.0.0-M2,openjpa-lib/src/main/java/org/apache/openjpa/lib/graph/BreadthFirstWalk.java,13
2.0.0-M2,openjpa-lib/src/main/java/org/apache/openjpa/lib/graph/DepthFirstAnalysis.java,17
2.0.0-M2,openjpa-lib/src/main/java/org/apache/openjpa/lib/graph/Edge.java,5
2.0.0-M2,openjpa-lib/src/main/java/org/apache/openjpa/lib/graph/Graph.java,18
2.0.0-M2,openjpa-lib/src/main/java/org/apache/openjpa/lib/graph/GraphVisitor.java,3
2.0.0-M2,openjpa-lib/src/main/java/org/apache/openjpa/lib/jdbc/AbstractJDBCListener.java,1
2.0.0-M2,openjpa-lib/src/main/java/org/apache/openjpa/lib/jdbc/ConfiguringConnectionDecorator.java,12
2.0.0-M2,openjpa-lib/src/main/java/org/apache/openjpa/lib/jdbc/ConnectionDecorator.java,1
2.0.0-M2,openjpa-lib/src/main/java/org/apache/openjpa/lib/jdbc/DataSourceLogs.java,9
2.0.0-M2,openjpa-lib/src/main/java/org/apache/openjpa/lib/jdbc/DecoratingDataSource.java,2
2.0.0-M2,openjpa-lib/src/main/java/org/apache/openjpa/lib/jdbc/DelegatingCallableStatement.java,172
2.0.0-M2,openjpa-lib/src/main/java/org/apache/openjpa/lib/jdbc/DelegatingConnection.java,100
2.0.0-M2,openjpa-lib/src/main/java/org/apache/openjpa/lib/jdbc/DelegatingDataSource.java,19
2.0.0-M2,openjpa-lib/src/main/java/org/apache/openjpa/lib/jdbc/DelegatingDatabaseMetaData.java,173
2.0.0-M2,openjpa-lib/src/main/java/org/apache/openjpa/lib/jdbc/DelegatingPreparedStatement.java,92
2.0.0-M2,openjpa-lib/src/main/java/org/apache/openjpa/lib/jdbc/DelegatingResultSet.java,151
2.0.0-M2,openjpa-lib/src/main/java/org/apache/openjpa/lib/jdbc/DelegatingStatement.java,53
2.0.0-M2,openjpa-lib/src/main/java/org/apache/openjpa/lib/jdbc/JDBCEventConnectionDecorator.java,8
2.0.0-M2,openjpa-lib/src/main/java/org/apache/openjpa/lib/jdbc/JDBCListener.java,12
2.0.0-M2,openjpa-lib/src/main/java/org/apache/openjpa/lib/jdbc/LoggingConnectionDecorator.java,155
2.0.0-M2,openjpa-lib/src/main/java/org/apache/openjpa/lib/jdbc/ReportingSQLException.java,6
2.0.0-M2,openjpa-lib/src/main/java/org/apache/openjpa/lib/jdbc/SQLFormatter.java,17
2.0.0-M2,openjpa-lib/src/main/java/org/apache/openjpa/lib/log/AbstractLog.java,11
2.0.0-M2,openjpa-lib/src/main/java/org/apache/openjpa/lib/log/CommonsLogFactory.java,2
2.0.0-M2,openjpa-lib/src/main/java/org/apache/openjpa/lib/log/Log.java,20
2.0.0-M2,openjpa-lib/src/main/java/org/apache/openjpa/lib/log/Log4JLogFactory.java,1
2.0.0-M2,openjpa-lib/src/main/java/org/apache/openjpa/lib/log/LogFactory.java,1
2.0.0-M2,openjpa-lib/src/main/java/org/apache/openjpa/lib/log/LogFactoryImpl.java,12
2.0.0-M2,openjpa-lib/src/main/java/org/apache/openjpa/lib/log/LogOutputStream.java,3
2.0.0-M2,openjpa-lib/src/main/java/org/apache/openjpa/lib/log/MultiLogFactory.java,37
2.0.0-M2,openjpa-lib/src/main/java/org/apache/openjpa/lib/log/NoneLogFactory.java,10
2.0.0-M2,openjpa-lib/src/main/java/org/apache/openjpa/lib/meta/CFMetaDataParser.java,29
2.0.0-M2,openjpa-lib/src/main/java/org/apache/openjpa/lib/meta/CFMetaDataSerializer.java,5
2.0.0-M2,openjpa-lib/src/main/java/org/apache/openjpa/lib/meta/ClassAnnotationMetaDataFilter.java,13
2.0.0-M2,openjpa-lib/src/main/java/org/apache/openjpa/lib/meta/ClassArgParser.java,66
2.0.0-M2,openjpa-lib/src/main/java/org/apache/openjpa/lib/meta/ClassMetaDataIterator.java,17
2.0.0-M2,openjpa-lib/src/main/java/org/apache/openjpa/lib/meta/ClasspathMetaDataIterator.java,9
2.0.0-M2,openjpa-lib/src/main/java/org/apache/openjpa/lib/meta/FileMetaDataIterator.java,19
2.0.0-M2,openjpa-lib/src/main/java/org/apache/openjpa/lib/meta/MetaDataFilter.java,4
2.0.0-M2,openjpa-lib/src/main/java/org/apache/openjpa/lib/meta/MetaDataIterator.java,5
2.0.0-M2,openjpa-lib/src/main/java/org/apache/openjpa/lib/meta/MetaDataIteratorChain.java,8
2.0.0-M2,openjpa-lib/src/main/java/org/apache/openjpa/lib/meta/MetaDataParser.java,9
2.0.0-M2,openjpa-lib/src/main/java/org/apache/openjpa/lib/meta/MetaDataSerializer.java,8
2.0.0-M2,openjpa-lib/src/main/java/org/apache/openjpa/lib/meta/ResourceMetaDataIterator.java,8
2.0.0-M2,openjpa-lib/src/main/java/org/apache/openjpa/lib/meta/SourceTracker.java,9
2.0.0-M2,openjpa-lib/src/main/java/org/apache/openjpa/lib/meta/SourceTrackers.java,2
2.0.0-M2,openjpa-lib/src/main/java/org/apache/openjpa/lib/meta/URLMetaDataIterator.java,8
2.0.0-M2,openjpa-lib/src/main/java/org/apache/openjpa/lib/meta/XMLMetaDataParser.java,61
2.0.0-M2,openjpa-lib/src/main/java/org/apache/openjpa/lib/meta/XMLMetaDataSerializer.java,28
2.0.0-M2,openjpa-lib/src/main/java/org/apache/openjpa/lib/meta/XMLVersionParser.java,1
2.0.0-M2,openjpa-lib/src/main/java/org/apache/openjpa/lib/meta/ZipFileMetaDataIterator.java,12
2.0.0-M2,openjpa-lib/src/main/java/org/apache/openjpa/lib/meta/ZipStreamMetaDataIterator.java,16
2.0.0-M2,openjpa-lib/src/main/java/org/apache/openjpa/lib/rop/AbstractListIterator.java,3
2.0.0-M2,openjpa-lib/src/main/java/org/apache/openjpa/lib/rop/AbstractNonSequentialResultList.java,16
2.0.0-M2,openjpa-lib/src/main/java/org/apache/openjpa/lib/rop/AbstractResultList.java,2
2.0.0-M2,openjpa-lib/src/main/java/org/apache/openjpa/lib/rop/AbstractSequentialResultList.java,13
2.0.0-M2,openjpa-lib/src/main/java/org/apache/openjpa/lib/rop/EagerResultList.java,2
2.0.0-M2,openjpa-lib/src/main/java/org/apache/openjpa/lib/rop/LazyForwardResultList.java,15
2.0.0-M2,openjpa-lib/src/main/java/org/apache/openjpa/lib/rop/ListResultList.java,1
2.0.0-M2,openjpa-lib/src/main/java/org/apache/openjpa/lib/rop/ListResultObjectProvider.java,3
2.0.0-M2,openjpa-lib/src/main/java/org/apache/openjpa/lib/rop/MergedResultObjectProvider.java,15
2.0.0-M2,openjpa-lib/src/main/java/org/apache/openjpa/lib/rop/RandomAccessResultList.java,16
2.0.0-M2,openjpa-lib/src/main/java/org/apache/openjpa/lib/rop/RangeResultObjectProvider.java,9
2.0.0-M2,openjpa-lib/src/main/java/org/apache/openjpa/lib/rop/ResultList.java,5
2.0.0-M2,openjpa-lib/src/main/java/org/apache/openjpa/lib/rop/ResultListIterator.java,3
2.0.0-M2,openjpa-lib/src/main/java/org/apache/openjpa/lib/rop/ResultObjectProvider.java,9
2.0.0-M2,openjpa-lib/src/main/java/org/apache/openjpa/lib/rop/ResultObjectProviderIterator.java,8
2.0.0-M2,openjpa-lib/src/main/java/org/apache/openjpa/lib/rop/SimpleResultList.java,5
2.0.0-M2,openjpa-lib/src/main/java/org/apache/openjpa/lib/rop/WindowResultList.java,11
2.0.0-M2,openjpa-lib/src/main/java/org/apache/openjpa/lib/util/Base16Encoder.java,9
2.0.0-M2,openjpa-lib/src/main/java/org/apache/openjpa/lib/util/BytecodeWriter.java,1
2.0.0-M2,openjpa-lib/src/main/java/org/apache/openjpa/lib/util/Bytes.java,11
2.0.0-M2,openjpa-lib/src/main/java/org/apache/openjpa/lib/util/Closeable.java,1
2.0.0-M2,openjpa-lib/src/main/java/org/apache/openjpa/lib/util/CodeFormat.java,31
2.0.0-M2,openjpa-lib/src/main/java/org/apache/openjpa/lib/util/ConcreteClassGenerator.java,5
2.0.0-M2,openjpa-lib/src/main/java/org/apache/openjpa/lib/util/EventManager.java,6
2.0.0-M2,openjpa-lib/src/main/java/org/apache/openjpa/lib/util/Files.java,45
2.0.0-M2,openjpa-lib/src/main/java/org/apache/openjpa/lib/util/FormatPreservingProperties.java,69
2.0.0-M2,openjpa-lib/src/main/java/org/apache/openjpa/lib/util/J2DoPrivHelper.java,60
2.0.0-M2,openjpa-lib/src/main/java/org/apache/openjpa/lib/util/JavaVersions.java,28
2.0.0-M2,openjpa-lib/src/main/java/org/apache/openjpa/lib/util/LRUMap.java,3
2.0.0-M2,openjpa-lib/src/main/java/org/apache/openjpa/lib/util/Localizer.java,7
2.0.0-M2,openjpa-lib/src/main/java/org/apache/openjpa/lib/util/MultiClassLoader.java,31
2.0.0-M2,openjpa-lib/src/main/java/org/apache/openjpa/lib/util/Options.java,74
2.0.0-M2,openjpa-lib/src/main/java/org/apache/openjpa/lib/util/ParameterTemplate.java,11
2.0.0-M2,openjpa-lib/src/main/java/org/apache/openjpa/lib/util/ParseException.java,1
2.0.0-M2,openjpa-lib/src/main/java/org/apache/openjpa/lib/util/ReferenceHashMap.java,17
2.0.0-M2,openjpa-lib/src/main/java/org/apache/openjpa/lib/util/ReferenceHashSet.java,16
2.0.0-M2,openjpa-lib/src/main/java/org/apache/openjpa/lib/util/ReferenceMap.java,6
2.0.0-M2,openjpa-lib/src/main/java/org/apache/openjpa/lib/util/ResourceBundleProvider.java,1
2.0.0-M2,openjpa-lib/src/main/java/org/apache/openjpa/lib/util/Services.java,22
2.0.0-M2,openjpa-lib/src/main/java/org/apache/openjpa/lib/util/SimpleRegex.java,12
2.0.0-M2,openjpa-lib/src/main/java/org/apache/openjpa/lib/util/SimpleResourceBundleProvider.java,4
2.0.0-M2,openjpa-lib/src/main/java/org/apache/openjpa/lib/util/SizedMap.java,4
2.0.0-M2,openjpa-lib/src/main/java/org/apache/openjpa/lib/util/StreamResourceBundleProvider.java,3
2.0.0-M2,openjpa-lib/src/main/java/org/apache/openjpa/lib/util/StringDistance.java,17
2.0.0-M2,openjpa-lib/src/main/java/org/apache/openjpa/lib/util/TemporaryClassLoader.java,13
2.0.0-M2,openjpa-lib/src/main/java/org/apache/openjpa/lib/util/TimestampHelper.java,3
2.0.0-M2,openjpa-lib/src/main/java/org/apache/openjpa/lib/util/TypedProperties.java,9
2.0.0-M2,openjpa-lib/src/main/java/org/apache/openjpa/lib/util/UUIDGenerator.java,6
2.0.0-M2,openjpa-lib/src/main/java/org/apache/openjpa/lib/util/ZipResourceBundleProvider.java,7
2.0.0-M2,openjpa-lib/src/main/java/org/apache/openjpa/lib/util/concurrent/AbstractConcurrentEventManager.java,7
2.0.0-M2,openjpa-lib/src/main/java/org/apache/openjpa/lib/util/concurrent/ConcurrentHashMap.java,100
2.0.0-M2,openjpa-lib/src/main/java/org/apache/openjpa/lib/util/concurrent/ConcurrentMap.java,2
2.0.0-M2,openjpa-lib/src/main/java/org/apache/openjpa/lib/util/concurrent/ConcurrentReferenceHashMap.java,146
2.0.0-M2,openjpa-lib/src/main/java/org/apache/openjpa/lib/util/concurrent/ConcurrentReferenceHashSet.java,18
2.0.0-M2,openjpa-lib/src/main/java/org/apache/openjpa/lib/util/concurrent/NullSafeConcurrentHashMap.java,39
2.0.0-M2,openjpa-lib/src/main/java/org/apache/openjpa/lib/util/concurrent/SizedConcurrentHashMap.java,8
2.0.0-M2,openjpa-lib/src/main/java/org/apache/openjpa/lib/xml/Commentable.java,3
2.0.0-M2,openjpa-lib/src/main/java/org/apache/openjpa/lib/xml/DocTypeReader.java,26
2.0.0-M2,openjpa-lib/src/main/java/org/apache/openjpa/lib/xml/Location.java,1
2.0.0-M2,openjpa-lib/src/main/java/org/apache/openjpa/lib/xml/ValidatingErrorHandler.java,3
2.0.0-M2,openjpa-lib/src/main/java/org/apache/openjpa/lib/xml/XMLFactory.java,5
2.0.0-M2,openjpa-lib/src/main/java/org/apache/openjpa/lib/xml/XMLWriter.java,11
2.0.0-M2,openjpa-persistence-jdbc/src/main/java/org/apache/openjpa/persistence/jdbc/AnnotationPersistenceMappingParser.java,172
2.0.0-M2,openjpa-persistence-jdbc/src/main/java/org/apache/openjpa/persistence/jdbc/AnnotationPersistenceMappingSerializer.java,85
2.0.0-M2,openjpa-persistence-jdbc/src/main/java/org/apache/openjpa/persistence/jdbc/ElementEmbeddedMapping.java,2
2.0.0-M2,openjpa-persistence-jdbc/src/main/java/org/apache/openjpa/persistence/jdbc/EmbeddedMapping.java,2
2.0.0-M2,openjpa-persistence-jdbc/src/main/java/org/apache/openjpa/persistence/jdbc/FetchDirection.java,1
2.0.0-M2,openjpa-persistence-jdbc/src/main/java/org/apache/openjpa/persistence/jdbc/FetchMode.java,1
2.0.0-M2,openjpa-persistence-jdbc/src/main/java/org/apache/openjpa/persistence/jdbc/IsolationLevel.java,1
2.0.0-M2,openjpa-persistence-jdbc/src/main/java/org/apache/openjpa/persistence/jdbc/JDBCFetchPlan.java,58
2.0.0-M2,openjpa-persistence-jdbc/src/main/java/org/apache/openjpa/persistence/jdbc/JDBCPersistenceProductDerivation.java,4
2.0.0-M2,openjpa-persistence-jdbc/src/main/java/org/apache/openjpa/persistence/jdbc/JoinSyntax.java,1
2.0.0-M2,openjpa-persistence-jdbc/src/main/java/org/apache/openjpa/persistence/jdbc/KeyEmbeddedMapping.java,2
2.0.0-M2,openjpa-persistence-jdbc/src/main/java/org/apache/openjpa/persistence/jdbc/LRSSizeAlgorithm.java,1
2.0.0-M2,openjpa-persistence-jdbc/src/main/java/org/apache/openjpa/persistence/jdbc/PersistenceMappingDefaults.java,18
2.0.0-M2,openjpa-persistence-jdbc/src/main/java/org/apache/openjpa/persistence/jdbc/PersistenceMappingFactory.java,2
2.0.0-M2,openjpa-persistence-jdbc/src/main/java/org/apache/openjpa/persistence/jdbc/ResultSetType.java,1
2.0.0-M2,openjpa-persistence-jdbc/src/main/java/org/apache/openjpa/persistence/jdbc/XEmbeddedMapping.java,2
2.0.0-M2,openjpa-persistence-jdbc/src/main/java/org/apache/openjpa/persistence/jdbc/XMLPersistenceMappingParser.java,81
2.0.0-M2,openjpa-persistence-jdbc/src/main/java/org/apache/openjpa/persistence/jdbc/XMLPersistenceMappingSerializer.java,88
2.0.0-M2,openjpa-persistence/src/main/java/org/apache/openjpa/persistence/AnnotationBuilder.java,15
2.0.0-M2,openjpa-persistence/src/main/java/org/apache/openjpa/persistence/AnnotationPersistenceMetaDataParser.java,234
2.0.0-M2,openjpa-persistence/src/main/java/org/apache/openjpa/persistence/AnnotationPersistenceMetaDataSerializer.java,202
2.0.0-M2,openjpa-persistence/src/main/java/org/apache/openjpa/persistence/AnnotationPersistenceXMLMetaDataParser.java,19
2.0.0-M2,openjpa-persistence/src/main/java/org/apache/openjpa/persistence/ArgumentException.java,5
2.0.0-M2,openjpa-persistence/src/main/java/org/apache/openjpa/persistence/AutoClearType.java,1
2.0.0-M2,openjpa-persistence/src/main/java/org/apache/openjpa/persistence/AutoDetachType.java,9
2.0.0-M2,openjpa-persistence/src/main/java/org/apache/openjpa/persistence/CallbackMode.java,10
2.0.0-M2,openjpa-persistence/src/main/java/org/apache/openjpa/persistence/ConnectionRetainMode.java,1
2.0.0-M2,openjpa-persistence/src/main/java/org/apache/openjpa/persistence/DetachStateType.java,1
2.0.0-M2,openjpa-persistence/src/main/java/org/apache/openjpa/persistence/EntityExistsException.java,1
2.0.0-M2,openjpa-persistence/src/main/java/org/apache/openjpa/persistence/EntityManagerFactoryImpl.java,31
2.0.0-M2,openjpa-persistence/src/main/java/org/apache/openjpa/persistence/EntityManagerFactoryValue.java,1
2.0.0-M2,openjpa-persistence/src/main/java/org/apache/openjpa/persistence/EntityManagerImpl.java,60
2.0.0-M2,openjpa-persistence/src/main/java/org/apache/openjpa/persistence/EntityNotFoundException.java,1
2.0.0-M2,openjpa-persistence/src/main/java/org/apache/openjpa/persistence/Extent.java,9
2.0.0-M2,openjpa-persistence/src/main/java/org/apache/openjpa/persistence/ExtentImpl.java,6
2.0.0-M2,openjpa-persistence/src/main/java/org/apache/openjpa/persistence/FetchPlan.java,55
2.0.0-M2,openjpa-persistence/src/main/java/org/apache/openjpa/persistence/FetchPlanHintHandler.java,11
2.0.0-M2,openjpa-persistence/src/main/java/org/apache/openjpa/persistence/FetchPlanImpl.java,11
2.0.0-M2,openjpa-persistence/src/main/java/org/apache/openjpa/persistence/Generator.java,9
2.0.0-M2,openjpa-persistence/src/main/java/org/apache/openjpa/persistence/GeneratorImpl.java,5
2.0.0-M2,openjpa-persistence/src/main/java/org/apache/openjpa/persistence/HintHandler.java,19
2.0.0-M2,openjpa-persistence/src/main/java/org/apache/openjpa/persistence/InvalidStateException.java,5
2.0.0-M2,openjpa-persistence/src/main/java/org/apache/openjpa/persistence/JPAFacadeHelper.java,43
2.0.0-M2,openjpa-persistence/src/main/java/org/apache/openjpa/persistence/LockTimeoutException.java,1
2.0.0-M2,openjpa-persistence/src/main/java/org/apache/openjpa/persistence/MetaDataParsers.java,8
2.0.0-M2,openjpa-persistence/src/main/java/org/apache/openjpa/persistence/MixedLockLevelsHelper.java,15
2.0.0-M2,openjpa-persistence/src/main/java/org/apache/openjpa/persistence/NoResultException.java,1
2.0.0-M2,openjpa-persistence/src/main/java/org/apache/openjpa/persistence/NonUniqueResultException.java,1
2.0.0-M2,openjpa-persistence/src/main/java/org/apache/openjpa/persistence/OpenJPAEntityManager.java,178
2.0.0-M2,openjpa-persistence/src/main/java/org/apache/openjpa/persistence/OpenJPAEntityManagerFactory.java,17
2.0.0-M2,openjpa-persistence/src/main/java/org/apache/openjpa/persistence/OpenJPAEntityManagerFactorySPI.java,7
2.0.0-M2,openjpa-persistence/src/main/java/org/apache/openjpa/persistence/OpenJPAEntityManagerSPI.java,18
2.0.0-M2,openjpa-persistence/src/main/java/org/apache/openjpa/persistence/OpenJPAEntityTransaction.java,4
2.0.0-M2,openjpa-persistence/src/main/java/org/apache/openjpa/persistence/OpenJPAPersistence.java,6
2.0.0-M2,openjpa-persistence/src/main/java/org/apache/openjpa/persistence/OpenJPAQuery.java,46
2.0.0-M2,openjpa-persistence/src/main/java/org/apache/openjpa/persistence/OpenJPAQuerySPI.java,4
2.0.0-M2,openjpa-persistence/src/main/java/org/apache/openjpa/persistence/OptimisticLockException.java,1
2.0.0-M2,openjpa-persistence/src/main/java/org/apache/openjpa/persistence/PersistenceException.java,1
2.0.0-M2,openjpa-persistence/src/main/java/org/apache/openjpa/persistence/PersistenceExceptions.java,13
2.0.0-M2,openjpa-persistence/src/main/java/org/apache/openjpa/persistence/PersistenceListenerAdapter.java,8
2.0.0-M2,openjpa-persistence/src/main/java/org/apache/openjpa/persistence/PersistenceMetaDataDefaults.java,73
2.0.0-M2,openjpa-persistence/src/main/java/org/apache/openjpa/persistence/PersistenceMetaDataFactory.java,56
2.0.0-M2,openjpa-persistence/src/main/java/org/apache/openjpa/persistence/PersistenceProductDerivation.java,59
2.0.0-M2,openjpa-persistence/src/main/java/org/apache/openjpa/persistence/PersistenceProviderImpl.java,10
2.0.0-M2,openjpa-persistence/src/main/java/org/apache/openjpa/persistence/PersistenceUnitInfoImpl.java,40
2.0.0-M2,openjpa-persistence/src/main/java/org/apache/openjpa/persistence/PessimisticLockException.java,1
2.0.0-M2,openjpa-persistence/src/main/java/org/apache/openjpa/persistence/QueryImpl.java,45
2.0.0-M2,openjpa-persistence/src/main/java/org/apache/openjpa/persistence/QueryOperationType.java,1
2.0.0-M2,openjpa-persistence/src/main/java/org/apache/openjpa/persistence/QueryResultCache.java,6
2.0.0-M2,openjpa-persistence/src/main/java/org/apache/openjpa/persistence/QueryResultCacheImpl.java,9
2.0.0-M2,openjpa-persistence/src/main/java/org/apache/openjpa/persistence/QueryTimeoutException.java,1
2.0.0-M2,openjpa-persistence/src/main/java/org/apache/openjpa/persistence/RestoreStateType.java,1
2.0.0-M2,openjpa-persistence/src/main/java/org/apache/openjpa/persistence/ResultItemImpl.java,1
2.0.0-M2,openjpa-persistence/src/main/java/org/apache/openjpa/persistence/RollbackException.java,1
2.0.0-M2,openjpa-persistence/src/main/java/org/apache/openjpa/persistence/StoreCache.java,16
2.0.0-M2,openjpa-persistence/src/main/java/org/apache/openjpa/persistence/StoreCacheImpl.java,14
2.0.0-M2,openjpa-persistence/src/main/java/org/apache/openjpa/persistence/TransactionRequiredException.java,1
2.0.0-M2,openjpa-persistence/src/main/java/org/apache/openjpa/persistence/XMLPersistenceMetaDataParser.java,177
2.0.0-M2,openjpa-persistence/src/main/java/org/apache/openjpa/persistence/XMLPersistenceMetaDataSerializer.java,195
2.0.0-M2,openjpa-persistence/src/main/java/org/apache/openjpa/persistence/criteria/CriteriaQueryImpl.java,25
2.0.0-M2,openjpa-persistence/src/main/java/org/apache/openjpa/persistence/criteria/ExpressionImpl.java,3
2.0.0-M2,openjpa-persistence/src/main/java/org/apache/openjpa/persistence/criteria/Expressions.java,33
2.0.0-M2,openjpa-persistence/src/main/java/org/apache/openjpa/persistence/criteria/FromImpl.java,5
2.0.0-M2,openjpa-persistence/src/main/java/org/apache/openjpa/persistence/criteria/Joins.java,7
2.0.0-M2,openjpa-persistence/src/main/java/org/apache/openjpa/persistence/criteria/ParameterImpl.java,3
2.0.0-M2,openjpa-persistence/src/main/java/org/apache/openjpa/persistence/criteria/PathImpl.java,4
2.0.0-M2,openjpa-persistence/src/main/java/org/apache/openjpa/persistence/criteria/PredicateImpl.java,5
2.0.0-M2,openjpa-persistence/src/main/java/org/apache/openjpa/persistence/criteria/RootImpl.java,2
2.0.0-M2,openjpa-persistence/src/main/java/org/apache/openjpa/persistence/meta/AnnotationProcessor6.java,21
2.0.0-M2,openjpa-persistence/src/main/java/org/apache/openjpa/persistence/meta/CompileTimeLogger.java,7
2.0.0-M2,openjpa-persistence/src/main/java/org/apache/openjpa/persistence/meta/Members.java,2
2.0.0-M2,openjpa-persistence/src/main/java/org/apache/openjpa/persistence/meta/MetadataProcessor.java,6
2.0.0-M2,openjpa-persistence/src/main/java/org/apache/openjpa/persistence/meta/MetamodelImpl.java,29
2.0.0-M2,openjpa-persistence/src/main/java/org/apache/openjpa/persistence/meta/SourceAnnotationHandler.java,26
2.0.0-M2,openjpa-persistence/src/main/java/org/apache/openjpa/persistence/meta/Types.java,5
2.0.0-M2,openjpa-persistence/src/main/java/org/apache/openjpa/persistence/query/AbstractPath.java,5
2.0.0-M2,openjpa-persistence/src/main/java/org/apache/openjpa/persistence/query/AliasContext.java,5
2.0.0-M2,openjpa-persistence/src/main/java/org/apache/openjpa/persistence/query/ArrayExpression.java,1
2.0.0-M2,openjpa-persistence/src/main/java/org/apache/openjpa/persistence/query/BinaryConditionalOperator.java,1
2.0.0-M2,openjpa-persistence/src/main/java/org/apache/openjpa/persistence/query/BinaryExpressionPredicate.java,3
2.0.0-M2,openjpa-persistence/src/main/java/org/apache/openjpa/persistence/query/BinaryFunctionalOperator.java,1
2.0.0-M2,openjpa-persistence/src/main/java/org/apache/openjpa/persistence/query/BinaryOperatorExpression.java,1
2.0.0-M2,openjpa-persistence/src/main/java/org/apache/openjpa/persistence/query/CaseExpressionImpl.java,3
2.0.0-M2,openjpa-persistence/src/main/java/org/apache/openjpa/persistence/query/ConstantExpression.java,1
2.0.0-M2,openjpa-persistence/src/main/java/org/apache/openjpa/persistence/query/CurrentTimeExpression.java,3
2.0.0-M2,openjpa-persistence/src/main/java/org/apache/openjpa/persistence/query/ExpressionImpl.java,2
2.0.0-M2,openjpa-persistence/src/main/java/org/apache/openjpa/persistence/query/JPQLHelper.java,6
2.0.0-M2,openjpa-persistence/src/main/java/org/apache/openjpa/persistence/query/JoinPath.java,3
2.0.0-M2,openjpa-persistence/src/main/java/org/apache/openjpa/persistence/query/NavigationPath.java,2
2.0.0-M2,openjpa-persistence/src/main/java/org/apache/openjpa/persistence/query/NewInstance.java,2
2.0.0-M2,openjpa-persistence/src/main/java/org/apache/openjpa/persistence/query/OpenJPAQueryBuilder.java,3
2.0.0-M2,openjpa-persistence/src/main/java/org/apache/openjpa/persistence/query/OperatorPath.java,1
2.0.0-M2,openjpa-persistence/src/main/java/org/apache/openjpa/persistence/query/OrderableItem.java,1
2.0.0-M2,openjpa-persistence/src/main/java/org/apache/openjpa/persistence/query/PathOperator.java,1
2.0.0-M2,openjpa-persistence/src/main/java/org/apache/openjpa/persistence/query/QueryBuilderImpl.java,1
2.0.0-M2,openjpa-persistence/src/main/java/org/apache/openjpa/persistence/query/QueryDefinitionImpl.java,20
2.0.0-M2,openjpa-persistence/src/main/java/org/apache/openjpa/persistence/query/RootPath.java,1
2.0.0-M2,openjpa-persistence/src/main/java/org/apache/openjpa/persistence/query/UnaryConditionalOperator.java,1
2.0.0-M2,openjpa-persistence/src/main/java/org/apache/openjpa/persistence/query/UnaryExpressionPredicate.java,1
2.0.0-M2,openjpa-persistence/src/main/java/org/apache/openjpa/persistence/query/UnaryFunctionalOperator.java,1
2.0.0-M2,openjpa-persistence/src/main/java/org/apache/openjpa/persistence/query/UnaryOperator.java,1
2.0.0-M2,openjpa-persistence/src/main/java/org/apache/openjpa/persistence/query/WhenClause.java,1
2.0.0-M2,openjpa-persistence/src/main/java/org/apache/openjpa/persistence/util/SourceCode.java,53
2.0.0-M2,openjpa-persistence/src/main/java/org/apache/openjpa/persistence/validation/ValidatorImpl.java,10
2.0.0-M2,openjpa-slice/src/main/java/org/apache/openjpa/slice/DistributedBrokerFactory.java,1
2.0.0-M2,openjpa-slice/src/main/java/org/apache/openjpa/slice/DistributedBrokerImpl.java,2
2.0.0-M2,openjpa-slice/src/main/java/org/apache/openjpa/slice/DistributedStoreManager.java,1
2.0.0-M2,openjpa-slice/src/main/java/org/apache/openjpa/slice/DistributionPolicy.java,2
2.0.0-M2,openjpa-slice/src/main/java/org/apache/openjpa/slice/ProductDerivation.java,3
2.0.0-M2,openjpa-slice/src/main/java/org/apache/openjpa/slice/ReentrantSliceLock.java,3
2.0.0-M2,openjpa-slice/src/main/java/org/apache/openjpa/slice/ReplicationPolicy.java,3
2.0.0-M2,openjpa-slice/src/main/java/org/apache/openjpa/slice/Slice.java,6
2.0.0-M2,openjpa-slice/src/main/java/org/apache/openjpa/slice/SliceImplHelper.java,8
2.0.0-M2,openjpa-slice/src/main/java/org/apache/openjpa/slice/SliceInfo.java,6
2.0.0-M2,openjpa-slice/src/main/java/org/apache/openjpa/slice/SlicePersistence.java,8
2.0.0-M2,openjpa-slice/src/main/java/org/apache/openjpa/slice/SliceThread.java,2
2.0.0-M2,openjpa-slice/src/main/java/org/apache/openjpa/slice/jdbc/DistributedConnection.java,73
2.0.0-M2,openjpa-slice/src/main/java/org/apache/openjpa/slice/jdbc/DistributedDataSource.java,10
2.0.0-M2,openjpa-slice/src/main/java/org/apache/openjpa/slice/jdbc/DistributedJDBCBrokerFactory.java,6
2.0.0-M2,openjpa-slice/src/main/java/org/apache/openjpa/slice/jdbc/DistributedJDBCConfigurationImpl.java,32
2.0.0-M2,openjpa-slice/src/main/java/org/apache/openjpa/slice/jdbc/DistributedJDBCStoreManager.java,47
2.0.0-M2,openjpa-slice/src/main/java/org/apache/openjpa/slice/jdbc/DistributedPreparedStatement.java,107
2.0.0-M2,openjpa-slice/src/main/java/org/apache/openjpa/slice/jdbc/DistributedResultSet.java,154
2.0.0-M2,openjpa-slice/src/main/java/org/apache/openjpa/slice/jdbc/DistributedStoreQuery.java,25
2.0.0-M2,openjpa-slice/src/main/java/org/apache/openjpa/slice/jdbc/DistributedTemplate.java,95
2.0.0-M2,openjpa-slice/src/main/java/org/apache/openjpa/slice/jdbc/UniqueResultObjectProvider.java,15
2.0.0-M2,openjpa-xmlstore/src/main/java/org/apache/openjpa/xmlstore/ObjectData.java,26
2.0.0-M2,openjpa-xmlstore/src/main/java/org/apache/openjpa/xmlstore/XMLConfiguration.java,2
2.0.0-M2,openjpa-xmlstore/src/main/java/org/apache/openjpa/xmlstore/XMLFileHandler.java,51
2.0.0-M2,openjpa-xmlstore/src/main/java/org/apache/openjpa/xmlstore/XMLStore.java,10
2.0.0-M2,openjpa-xmlstore/src/main/java/org/apache/openjpa/xmlstore/XMLStoreManager.java,20
2.0.0-M3,openjpa-examples/src/main/java/embeddables/Address.java,2
2.0.0-M3,openjpa-examples/src/main/java/embeddables/ContactInfo.java,2
2.0.0-M3,openjpa-examples/src/main/java/embeddables/Coordinates.java,1
2.0.0-M3,openjpa-examples/src/main/java/embeddables/Main.java,1
2.0.0-M3,openjpa-examples/src/main/java/embeddables/Phone.java,2
2.0.0-M3,openjpa-examples/src/main/java/embeddables/User.java,3
2.0.0-M3,openjpa-examples/src/main/java/hellojpa/Main.java,2
2.0.0-M3,openjpa-examples/src/main/java/hellojpa/Message.java,2
2.0.0-M3,openjpa-examples/src/main/java/relations/Deity.java,5
2.0.0-M3,openjpa-examples/src/main/java/relations/Main.java,15
2.0.0-M3,openjpa-examples/src/main/java/reversemapping/Main.java,2
2.0.0-M3,openjpa-jdbc/src/main/java/org/apache/openjpa/jdbc/ant/MappingToolTask.java,4
2.0.0-M3,openjpa-jdbc/src/main/java/org/apache/openjpa/jdbc/ant/ReverseMappingToolTask.java,5
2.0.0-M3,openjpa-jdbc/src/main/java/org/apache/openjpa/jdbc/ant/SchemaToolTask.java,2
2.0.0-M3,openjpa-jdbc/src/main/java/org/apache/openjpa/jdbc/conf/JDBCConfiguration.java,72
2.0.0-M3,openjpa-jdbc/src/main/java/org/apache/openjpa/jdbc/conf/JDBCConfigurationImpl.java,36
2.0.0-M3,openjpa-jdbc/src/main/java/org/apache/openjpa/jdbc/conf/MappingFactoryValue.java,11
2.0.0-M3,openjpa-jdbc/src/main/java/org/apache/openjpa/jdbc/conf/MappingRepositoryValue.java,1
2.0.0-M3,openjpa-jdbc/src/main/java/org/apache/openjpa/jdbc/kernel/AbstractJDBCSavepointManager.java,3
2.0.0-M3,openjpa-jdbc/src/main/java/org/apache/openjpa/jdbc/kernel/AbstractJDBCSeq.java,10
2.0.0-M3,openjpa-jdbc/src/main/java/org/apache/openjpa/jdbc/kernel/AbstractUpdateManager.java,43
2.0.0-M3,openjpa-jdbc/src/main/java/org/apache/openjpa/jdbc/kernel/BatchingPreparedStatementManagerImpl.java,20
2.0.0-M3,openjpa-jdbc/src/main/java/org/apache/openjpa/jdbc/kernel/ClassTableJDBCSeq.java,18
2.0.0-M3,openjpa-jdbc/src/main/java/org/apache/openjpa/jdbc/kernel/ConstraintUpdateManager.java,33
2.0.0-M3,openjpa-jdbc/src/main/java/org/apache/openjpa/jdbc/kernel/EagerFetchModes.java,6
2.0.0-M3,openjpa-jdbc/src/main/java/org/apache/openjpa/jdbc/kernel/FinderCacheImpl.java,42
2.0.0-M3,openjpa-jdbc/src/main/java/org/apache/openjpa/jdbc/kernel/FinderQueryImpl.java,14
2.0.0-M3,openjpa-jdbc/src/main/java/org/apache/openjpa/jdbc/kernel/GenericResultObjectProvider.java,6
2.0.0-M3,openjpa-jdbc/src/main/java/org/apache/openjpa/jdbc/kernel/InstanceResultObjectProvider.java,1
2.0.0-M3,openjpa-jdbc/src/main/java/org/apache/openjpa/jdbc/kernel/JDBC3SavepointManager.java,2
2.0.0-M3,openjpa-jdbc/src/main/java/org/apache/openjpa/jdbc/kernel/JDBCBrokerFactory.java,6
2.0.0-M3,openjpa-jdbc/src/main/java/org/apache/openjpa/jdbc/kernel/JDBCFetchConfiguration.java,27
2.0.0-M3,openjpa-jdbc/src/main/java/org/apache/openjpa/jdbc/kernel/JDBCFetchConfigurationImpl.java,51
2.0.0-M3,openjpa-jdbc/src/main/java/org/apache/openjpa/jdbc/kernel/JDBCLockManager.java,2
2.0.0-M3,openjpa-jdbc/src/main/java/org/apache/openjpa/jdbc/kernel/JDBCSeq.java,1
2.0.0-M3,openjpa-jdbc/src/main/java/org/apache/openjpa/jdbc/kernel/JDBCStore.java,11
2.0.0-M3,openjpa-jdbc/src/main/java/org/apache/openjpa/jdbc/kernel/JDBCStoreManager.java,154
2.0.0-M3,openjpa-jdbc/src/main/java/org/apache/openjpa/jdbc/kernel/JDBCStoreQuery.java,123
2.0.0-M3,openjpa-jdbc/src/main/java/org/apache/openjpa/jdbc/kernel/LRSSizes.java,6
2.0.0-M3,openjpa-jdbc/src/main/java/org/apache/openjpa/jdbc/kernel/MappedQueryResultObjectProvider.java,41
2.0.0-M3,openjpa-jdbc/src/main/java/org/apache/openjpa/jdbc/kernel/MixedLockManager.java,2
2.0.0-M3,openjpa-jdbc/src/main/java/org/apache/openjpa/jdbc/kernel/NativeJDBCSeq.java,22
2.0.0-M3,openjpa-jdbc/src/main/java/org/apache/openjpa/jdbc/kernel/OperationOrderUpdateManager.java,18
2.0.0-M3,openjpa-jdbc/src/main/java/org/apache/openjpa/jdbc/kernel/PagingResultObjectProvider.java,48
2.0.0-M3,openjpa-jdbc/src/main/java/org/apache/openjpa/jdbc/kernel/PessimisticLockManager.java,15
2.0.0-M3,openjpa-jdbc/src/main/java/org/apache/openjpa/jdbc/kernel/PreparedQueryCacheImpl.java,29
2.0.0-M3,openjpa-jdbc/src/main/java/org/apache/openjpa/jdbc/kernel/PreparedQueryImpl.java,18
2.0.0-M3,openjpa-jdbc/src/main/java/org/apache/openjpa/jdbc/kernel/PreparedSQLStoreQuery.java,8
2.0.0-M3,openjpa-jdbc/src/main/java/org/apache/openjpa/jdbc/kernel/PreparedStatementManager.java,3
2.0.0-M3,openjpa-jdbc/src/main/java/org/apache/openjpa/jdbc/kernel/PreparedStatementManagerImpl.java,21
2.0.0-M3,openjpa-jdbc/src/main/java/org/apache/openjpa/jdbc/kernel/ProjectionResultObjectProvider.java,1
2.0.0-M3,openjpa-jdbc/src/main/java/org/apache/openjpa/jdbc/kernel/SQLProjectionResultObjectProvider.java,7
2.0.0-M3,openjpa-jdbc/src/main/java/org/apache/openjpa/jdbc/kernel/SQLStoreQuery.java,29
2.0.0-M3,openjpa-jdbc/src/main/java/org/apache/openjpa/jdbc/kernel/SelectResultObjectProvider.java,7
2.0.0-M3,openjpa-jdbc/src/main/java/org/apache/openjpa/jdbc/kernel/TableJDBCSeq.java,60
2.0.0-M3,openjpa-jdbc/src/main/java/org/apache/openjpa/jdbc/kernel/UpdateManager.java,2
2.0.0-M3,openjpa-jdbc/src/main/java/org/apache/openjpa/jdbc/kernel/ValueTableJDBCSeq.java,10
2.0.0-M3,openjpa-jdbc/src/main/java/org/apache/openjpa/jdbc/kernel/exps/Abs.java,1
2.0.0-M3,openjpa-jdbc/src/main/java/org/apache/openjpa/jdbc/kernel/exps/Aggregate.java,11
2.0.0-M3,openjpa-jdbc/src/main/java/org/apache/openjpa/jdbc/kernel/exps/AndExpression.java,4
2.0.0-M3,openjpa-jdbc/src/main/java/org/apache/openjpa/jdbc/kernel/exps/Args.java,19
2.0.0-M3,openjpa-jdbc/src/main/java/org/apache/openjpa/jdbc/kernel/exps/BinaryOpExpState.java,1
2.0.0-M3,openjpa-jdbc/src/main/java/org/apache/openjpa/jdbc/kernel/exps/BindVariableAndExpression.java,2
2.0.0-M3,openjpa-jdbc/src/main/java/org/apache/openjpa/jdbc/kernel/exps/BindVariableExpression.java,2
2.0.0-M3,openjpa-jdbc/src/main/java/org/apache/openjpa/jdbc/kernel/exps/CoalesceExpression.java,10
2.0.0-M3,openjpa-jdbc/src/main/java/org/apache/openjpa/jdbc/kernel/exps/CollectionParam.java,10
2.0.0-M3,openjpa-jdbc/src/main/java/org/apache/openjpa/jdbc/kernel/exps/CompareEqualExpression.java,5
2.0.0-M3,openjpa-jdbc/src/main/java/org/apache/openjpa/jdbc/kernel/exps/CompareExpression.java,2
2.0.0-M3,openjpa-jdbc/src/main/java/org/apache/openjpa/jdbc/kernel/exps/Concat.java,2
2.0.0-M3,openjpa-jdbc/src/main/java/org/apache/openjpa/jdbc/kernel/exps/Const.java,20
2.0.0-M3,openjpa-jdbc/src/main/java/org/apache/openjpa/jdbc/kernel/exps/ConstGetObjectId.java,7
2.0.0-M3,openjpa-jdbc/src/main/java/org/apache/openjpa/jdbc/kernel/exps/ConstInstanceofExpression.java,2
2.0.0-M3,openjpa-jdbc/src/main/java/org/apache/openjpa/jdbc/kernel/exps/ConstPath.java,17
2.0.0-M3,openjpa-jdbc/src/main/java/org/apache/openjpa/jdbc/kernel/exps/ContainsExpression.java,2
2.0.0-M3,openjpa-jdbc/src/main/java/org/apache/openjpa/jdbc/kernel/exps/ContainsKeyExpression.java,1
2.0.0-M3,openjpa-jdbc/src/main/java/org/apache/openjpa/jdbc/kernel/exps/CurrentDate.java,1
2.0.0-M3,openjpa-jdbc/src/main/java/org/apache/openjpa/jdbc/kernel/exps/DatastoreFunction.java,1
2.0.0-M3,openjpa-jdbc/src/main/java/org/apache/openjpa/jdbc/kernel/exps/Distinct.java,1
2.0.0-M3,openjpa-jdbc/src/main/java/org/apache/openjpa/jdbc/kernel/exps/EmptyExpression.java,2
2.0.0-M3,openjpa-jdbc/src/main/java/org/apache/openjpa/jdbc/kernel/exps/EndsWithExpression.java,3
2.0.0-M3,openjpa-jdbc/src/main/java/org/apache/openjpa/jdbc/kernel/exps/EqualExpression.java,7
2.0.0-M3,openjpa-jdbc/src/main/java/org/apache/openjpa/jdbc/kernel/exps/Exp.java,3
2.0.0-M3,openjpa-jdbc/src/main/java/org/apache/openjpa/jdbc/kernel/exps/ExpContext.java,1
2.0.0-M3,openjpa-jdbc/src/main/java/org/apache/openjpa/jdbc/kernel/exps/ExpState.java,1
2.0.0-M3,openjpa-jdbc/src/main/java/org/apache/openjpa/jdbc/kernel/exps/Extension.java,15
2.0.0-M3,openjpa-jdbc/src/main/java/org/apache/openjpa/jdbc/kernel/exps/FilterValue.java,16
2.0.0-M3,openjpa-jdbc/src/main/java/org/apache/openjpa/jdbc/kernel/exps/FilterValueImpl.java,6
2.0.0-M3,openjpa-jdbc/src/main/java/org/apache/openjpa/jdbc/kernel/exps/GeneralCaseExpression.java,12
2.0.0-M3,openjpa-jdbc/src/main/java/org/apache/openjpa/jdbc/kernel/exps/GetColumn.java,2
2.0.0-M3,openjpa-jdbc/src/main/java/org/apache/openjpa/jdbc/kernel/exps/GetMapValue.java,8
2.0.0-M3,openjpa-jdbc/src/main/java/org/apache/openjpa/jdbc/kernel/exps/GetObjectId.java,7
2.0.0-M3,openjpa-jdbc/src/main/java/org/apache/openjpa/jdbc/kernel/exps/HasContainsExpressionVisitor.java,2
2.0.0-M3,openjpa-jdbc/src/main/java/org/apache/openjpa/jdbc/kernel/exps/InExpression.java,20
2.0.0-M3,openjpa-jdbc/src/main/java/org/apache/openjpa/jdbc/kernel/exps/IndexOf.java,2
2.0.0-M3,openjpa-jdbc/src/main/java/org/apache/openjpa/jdbc/kernel/exps/InstanceofExpression.java,9
2.0.0-M3,openjpa-jdbc/src/main/java/org/apache/openjpa/jdbc/kernel/exps/JDBCAggregateListener.java,1
2.0.0-M3,openjpa-jdbc/src/main/java/org/apache/openjpa/jdbc/kernel/exps/JDBCExpressionFactory.java,22
2.0.0-M3,openjpa-jdbc/src/main/java/org/apache/openjpa/jdbc/kernel/exps/JDBCFilterListener.java,1
2.0.0-M3,openjpa-jdbc/src/main/java/org/apache/openjpa/jdbc/kernel/exps/JDBCPath.java,1
2.0.0-M3,openjpa-jdbc/src/main/java/org/apache/openjpa/jdbc/kernel/exps/JDBCStringContains.java,3
2.0.0-M3,openjpa-jdbc/src/main/java/org/apache/openjpa/jdbc/kernel/exps/JDBCWildcardMatch.java,2
2.0.0-M3,openjpa-jdbc/src/main/java/org/apache/openjpa/jdbc/kernel/exps/Lit.java,8
2.0.0-M3,openjpa-jdbc/src/main/java/org/apache/openjpa/jdbc/kernel/exps/MapEntry.java,13
2.0.0-M3,openjpa-jdbc/src/main/java/org/apache/openjpa/jdbc/kernel/exps/MapKey.java,4
2.0.0-M3,openjpa-jdbc/src/main/java/org/apache/openjpa/jdbc/kernel/exps/MatchesExpression.java,11
2.0.0-M3,openjpa-jdbc/src/main/java/org/apache/openjpa/jdbc/kernel/exps/Math.java,1
2.0.0-M3,openjpa-jdbc/src/main/java/org/apache/openjpa/jdbc/kernel/exps/NotContainsExpression.java,1
2.0.0-M3,openjpa-jdbc/src/main/java/org/apache/openjpa/jdbc/kernel/exps/NotEqualExpression.java,7
2.0.0-M3,openjpa-jdbc/src/main/java/org/apache/openjpa/jdbc/kernel/exps/Null.java,2
2.0.0-M3,openjpa-jdbc/src/main/java/org/apache/openjpa/jdbc/kernel/exps/NullIfExpression.java,2
2.0.0-M3,openjpa-jdbc/src/main/java/org/apache/openjpa/jdbc/kernel/exps/OrExpression.java,7
2.0.0-M3,openjpa-jdbc/src/main/java/org/apache/openjpa/jdbc/kernel/exps/PCPath.java,126
2.0.0-M3,openjpa-jdbc/src/main/java/org/apache/openjpa/jdbc/kernel/exps/Param.java,6
2.0.0-M3,openjpa-jdbc/src/main/java/org/apache/openjpa/jdbc/kernel/exps/SQLEmbed.java,1
2.0.0-M3,openjpa-jdbc/src/main/java/org/apache/openjpa/jdbc/kernel/exps/SelectConstructor.java,21
2.0.0-M3,openjpa-jdbc/src/main/java/org/apache/openjpa/jdbc/kernel/exps/SimpleCaseExpression.java,17
2.0.0-M3,openjpa-jdbc/src/main/java/org/apache/openjpa/jdbc/kernel/exps/StartsWithExpression.java,3
2.0.0-M3,openjpa-jdbc/src/main/java/org/apache/openjpa/jdbc/kernel/exps/StringFunction.java,1
2.0.0-M3,openjpa-jdbc/src/main/java/org/apache/openjpa/jdbc/kernel/exps/StringLength.java,1
2.0.0-M3,openjpa-jdbc/src/main/java/org/apache/openjpa/jdbc/kernel/exps/SubQ.java,16
2.0.0-M3,openjpa-jdbc/src/main/java/org/apache/openjpa/jdbc/kernel/exps/Substring.java,2
2.0.0-M3,openjpa-jdbc/src/main/java/org/apache/openjpa/jdbc/kernel/exps/Sum.java,1
2.0.0-M3,openjpa-jdbc/src/main/java/org/apache/openjpa/jdbc/kernel/exps/Trim.java,9
2.0.0-M3,openjpa-jdbc/src/main/java/org/apache/openjpa/jdbc/kernel/exps/Type.java,5
2.0.0-M3,openjpa-jdbc/src/main/java/org/apache/openjpa/jdbc/kernel/exps/TypeLit.java,4
2.0.0-M3,openjpa-jdbc/src/main/java/org/apache/openjpa/jdbc/kernel/exps/UnaryOp.java,3
2.0.0-M3,openjpa-jdbc/src/main/java/org/apache/openjpa/jdbc/kernel/exps/Val.java,42
2.0.0-M3,openjpa-jdbc/src/main/java/org/apache/openjpa/jdbc/kernel/exps/Variable.java,15
2.0.0-M3,openjpa-jdbc/src/main/java/org/apache/openjpa/jdbc/meta/ClassMapping.java,90
2.0.0-M3,openjpa-jdbc/src/main/java/org/apache/openjpa/jdbc/meta/ClassMappingInfo.java,29
2.0.0-M3,openjpa-jdbc/src/main/java/org/apache/openjpa/jdbc/meta/ClassStrategy.java,7
2.0.0-M3,openjpa-jdbc/src/main/java/org/apache/openjpa/jdbc/meta/DelegatingJoinable.java,5
2.0.0-M3,openjpa-jdbc/src/main/java/org/apache/openjpa/jdbc/meta/Discriminator.java,21
2.0.0-M3,openjpa-jdbc/src/main/java/org/apache/openjpa/jdbc/meta/DiscriminatorMappingInfo.java,13
2.0.0-M3,openjpa-jdbc/src/main/java/org/apache/openjpa/jdbc/meta/DiscriminatorStrategy.java,6
2.0.0-M3,openjpa-jdbc/src/main/java/org/apache/openjpa/jdbc/meta/Embeddable.java,7
2.0.0-M3,openjpa-jdbc/src/main/java/org/apache/openjpa/jdbc/meta/FieldMapping.java,80
2.0.0-M3,openjpa-jdbc/src/main/java/org/apache/openjpa/jdbc/meta/FieldMappingInfo.java,31
2.0.0-M3,openjpa-jdbc/src/main/java/org/apache/openjpa/jdbc/meta/FieldStrategy.java,27
2.0.0-M3,openjpa-jdbc/src/main/java/org/apache/openjpa/jdbc/meta/JDBCColumnOrder.java,1
2.0.0-M3,openjpa-jdbc/src/main/java/org/apache/openjpa/jdbc/meta/JDBCOrder.java,2
2.0.0-M3,openjpa-jdbc/src/main/java/org/apache/openjpa/jdbc/meta/JDBCRelatedFieldOrder.java,2
2.0.0-M3,openjpa-jdbc/src/main/java/org/apache/openjpa/jdbc/meta/JDBCValueOrder.java,2
2.0.0-M3,openjpa-jdbc/src/main/java/org/apache/openjpa/jdbc/meta/JavaSQLTypes.java,17
2.0.0-M3,openjpa-jdbc/src/main/java/org/apache/openjpa/jdbc/meta/Joinable.java,6
2.0.0-M3,openjpa-jdbc/src/main/java/org/apache/openjpa/jdbc/meta/MappingDefaults.java,29
2.0.0-M3,openjpa-jdbc/src/main/java/org/apache/openjpa/jdbc/meta/MappingDefaultsImpl.java,48
2.0.0-M3,openjpa-jdbc/src/main/java/org/apache/openjpa/jdbc/meta/MappingInfo.java,188
2.0.0-M3,openjpa-jdbc/src/main/java/org/apache/openjpa/jdbc/meta/MappingRepository.java,158
2.0.0-M3,openjpa-jdbc/src/main/java/org/apache/openjpa/jdbc/meta/MappingStrategyInstaller.java,4
2.0.0-M3,openjpa-jdbc/src/main/java/org/apache/openjpa/jdbc/meta/MappingTool.java,100
2.0.0-M3,openjpa-jdbc/src/main/java/org/apache/openjpa/jdbc/meta/MetaDataPlusMappingFactory.java,8
2.0.0-M3,openjpa-jdbc/src/main/java/org/apache/openjpa/jdbc/meta/NoneMappingDefaults.java,8
2.0.0-M3,openjpa-jdbc/src/main/java/org/apache/openjpa/jdbc/meta/PropertiesReverseCustomizer.java,19
2.0.0-M3,openjpa-jdbc/src/main/java/org/apache/openjpa/jdbc/meta/QueryResultMapping.java,44
2.0.0-M3,openjpa-jdbc/src/main/java/org/apache/openjpa/jdbc/meta/RefreshStrategyInstaller.java,12
2.0.0-M3,openjpa-jdbc/src/main/java/org/apache/openjpa/jdbc/meta/RelationId.java,1
2.0.0-M3,openjpa-jdbc/src/main/java/org/apache/openjpa/jdbc/meta/ReverseCustomizer.java,13
2.0.0-M3,openjpa-jdbc/src/main/java/org/apache/openjpa/jdbc/meta/ReverseMappingTool.java,211
2.0.0-M3,openjpa-jdbc/src/main/java/org/apache/openjpa/jdbc/meta/RuntimeStrategyInstaller.java,5
2.0.0-M3,openjpa-jdbc/src/main/java/org/apache/openjpa/jdbc/meta/SequenceMapping.java,6
2.0.0-M3,openjpa-jdbc/src/main/java/org/apache/openjpa/jdbc/meta/Strategy.java,12
2.0.0-M3,openjpa-jdbc/src/main/java/org/apache/openjpa/jdbc/meta/ValueHandler.java,7
2.0.0-M3,openjpa-jdbc/src/main/java/org/apache/openjpa/jdbc/meta/ValueMapping.java,41
2.0.0-M3,openjpa-jdbc/src/main/java/org/apache/openjpa/jdbc/meta/ValueMappingImpl.java,66
2.0.0-M3,openjpa-jdbc/src/main/java/org/apache/openjpa/jdbc/meta/ValueMappingInfo.java,24
2.0.0-M3,openjpa-jdbc/src/main/java/org/apache/openjpa/jdbc/meta/Version.java,18
2.0.0-M3,openjpa-jdbc/src/main/java/org/apache/openjpa/jdbc/meta/VersionMappingInfo.java,11
2.0.0-M3,openjpa-jdbc/src/main/java/org/apache/openjpa/jdbc/meta/VersionStrategy.java,8
2.0.0-M3,openjpa-jdbc/src/main/java/org/apache/openjpa/jdbc/meta/strats/AbstractDiscriminatorStrategy.java,1
2.0.0-M3,openjpa-jdbc/src/main/java/org/apache/openjpa/jdbc/meta/strats/AbstractFieldStrategy.java,7
2.0.0-M3,openjpa-jdbc/src/main/java/org/apache/openjpa/jdbc/meta/strats/AbstractStrategy.java,8
2.0.0-M3,openjpa-jdbc/src/main/java/org/apache/openjpa/jdbc/meta/strats/AbstractVersionStrategy.java,1
2.0.0-M3,openjpa-jdbc/src/main/java/org/apache/openjpa/jdbc/meta/strats/CharArrayStreamValueHandler.java,4
2.0.0-M3,openjpa-jdbc/src/main/java/org/apache/openjpa/jdbc/meta/strats/CharArrayValueHandler.java,1
2.0.0-M3,openjpa-jdbc/src/main/java/org/apache/openjpa/jdbc/meta/strats/ClassNameDiscriminatorStrategy.java,8
2.0.0-M3,openjpa-jdbc/src/main/java/org/apache/openjpa/jdbc/meta/strats/ColumnVersionStrategy.java,32
2.0.0-M3,openjpa-jdbc/src/main/java/org/apache/openjpa/jdbc/meta/strats/ContainerFieldStrategy.java,6
2.0.0-M3,openjpa-jdbc/src/main/java/org/apache/openjpa/jdbc/meta/strats/ElementEmbedValueHandler.java,24
2.0.0-M3,openjpa-jdbc/src/main/java/org/apache/openjpa/jdbc/meta/strats/EmbedFieldStrategy.java,76
2.0.0-M3,openjpa-jdbc/src/main/java/org/apache/openjpa/jdbc/meta/strats/EmbedValueHandler.java,20
2.0.0-M3,openjpa-jdbc/src/main/java/org/apache/openjpa/jdbc/meta/strats/EmbeddedClassStrategy.java,11
2.0.0-M3,openjpa-jdbc/src/main/java/org/apache/openjpa/jdbc/meta/strats/EnumValueHandler.java,8
2.0.0-M3,openjpa-jdbc/src/main/java/org/apache/openjpa/jdbc/meta/strats/FlatClassStrategy.java,2
2.0.0-M3,openjpa-jdbc/src/main/java/org/apache/openjpa/jdbc/meta/strats/FullClassStrategy.java,8
2.0.0-M3,openjpa-jdbc/src/main/java/org/apache/openjpa/jdbc/meta/strats/HandlerCollectionTableFieldStrategy.java,25
2.0.0-M3,openjpa-jdbc/src/main/java/org/apache/openjpa/jdbc/meta/strats/HandlerFieldStrategy.java,48
2.0.0-M3,openjpa-jdbc/src/main/java/org/apache/openjpa/jdbc/meta/strats/HandlerHandlerMapTableFieldStrategy.java,18
2.0.0-M3,openjpa-jdbc/src/main/java/org/apache/openjpa/jdbc/meta/strats/HandlerRelationMapTableFieldStrategy.java,36
2.0.0-M3,openjpa-jdbc/src/main/java/org/apache/openjpa/jdbc/meta/strats/HandlerStrategies.java,33
2.0.0-M3,openjpa-jdbc/src/main/java/org/apache/openjpa/jdbc/meta/strats/IdentityJoinable.java,2
2.0.0-M3,openjpa-jdbc/src/main/java/org/apache/openjpa/jdbc/meta/strats/ImmutableValueHandler.java,5
2.0.0-M3,openjpa-jdbc/src/main/java/org/apache/openjpa/jdbc/meta/strats/InValueDiscriminatorStrategy.java,13
2.0.0-M3,openjpa-jdbc/src/main/java/org/apache/openjpa/jdbc/meta/strats/LRSCollectionFieldStrategy.java,7
2.0.0-M3,openjpa-jdbc/src/main/java/org/apache/openjpa/jdbc/meta/strats/LRSMapFieldStrategy.java,15
2.0.0-M3,openjpa-jdbc/src/main/java/org/apache/openjpa/jdbc/meta/strats/LRSProxyCollection.java,10
2.0.0-M3,openjpa-jdbc/src/main/java/org/apache/openjpa/jdbc/meta/strats/LRSProxyMap.java,40
2.0.0-M3,openjpa-jdbc/src/main/java/org/apache/openjpa/jdbc/meta/strats/LobFieldStrategy.java,2
2.0.0-M3,openjpa-jdbc/src/main/java/org/apache/openjpa/jdbc/meta/strats/MapTableFieldStrategy.java,28
2.0.0-M3,openjpa-jdbc/src/main/java/org/apache/openjpa/jdbc/meta/strats/MaxEmbeddedBlobFieldStrategy.java,3
2.0.0-M3,openjpa-jdbc/src/main/java/org/apache/openjpa/jdbc/meta/strats/MaxEmbeddedByteArrayFieldStrategy.java,3
2.0.0-M3,openjpa-jdbc/src/main/java/org/apache/openjpa/jdbc/meta/strats/MaxEmbeddedCharArrayFieldStrategy.java,8
2.0.0-M3,openjpa-jdbc/src/main/java/org/apache/openjpa/jdbc/meta/strats/MaxEmbeddedClobFieldStrategy.java,3
2.0.0-M3,openjpa-jdbc/src/main/java/org/apache/openjpa/jdbc/meta/strats/MaxEmbeddedLobFieldStrategy.java,18
2.0.0-M3,openjpa-jdbc/src/main/java/org/apache/openjpa/jdbc/meta/strats/MultiColumnVersionStrategy.java,2
2.0.0-M3,openjpa-jdbc/src/main/java/org/apache/openjpa/jdbc/meta/strats/NoneClassStrategy.java,2
2.0.0-M3,openjpa-jdbc/src/main/java/org/apache/openjpa/jdbc/meta/strats/NoneDiscriminatorStrategy.java,1
2.0.0-M3,openjpa-jdbc/src/main/java/org/apache/openjpa/jdbc/meta/strats/NoneFieldStrategy.java,2
2.0.0-M3,openjpa-jdbc/src/main/java/org/apache/openjpa/jdbc/meta/strats/NoneVersionStrategy.java,2
2.0.0-M3,openjpa-jdbc/src/main/java/org/apache/openjpa/jdbc/meta/strats/NumberVersionStrategy.java,4
2.0.0-M3,openjpa-jdbc/src/main/java/org/apache/openjpa/jdbc/meta/strats/ObjectIdClassStrategy.java,1
2.0.0-M3,openjpa-jdbc/src/main/java/org/apache/openjpa/jdbc/meta/strats/ObjectIdValueHandler.java,3
2.0.0-M3,openjpa-jdbc/src/main/java/org/apache/openjpa/jdbc/meta/strats/PrimitiveFieldStrategy.java,39
2.0.0-M3,openjpa-jdbc/src/main/java/org/apache/openjpa/jdbc/meta/strats/PrimitiveWrapperArrays.java,9
2.0.0-M3,openjpa-jdbc/src/main/java/org/apache/openjpa/jdbc/meta/strats/RelationCollectionInverseKeyFieldStrategy.java,2
2.0.0-M3,openjpa-jdbc/src/main/java/org/apache/openjpa/jdbc/meta/strats/RelationCollectionTableFieldStrategy.java,5
2.0.0-M3,openjpa-jdbc/src/main/java/org/apache/openjpa/jdbc/meta/strats/RelationFieldStrategy.java,118
2.0.0-M3,openjpa-jdbc/src/main/java/org/apache/openjpa/jdbc/meta/strats/RelationHandlerMapTableFieldStrategy.java,23
2.0.0-M3,openjpa-jdbc/src/main/java/org/apache/openjpa/jdbc/meta/strats/RelationMapInverseKeyFieldStrategy.java,12
2.0.0-M3,openjpa-jdbc/src/main/java/org/apache/openjpa/jdbc/meta/strats/RelationMapTableFieldStrategy.java,11
2.0.0-M3,openjpa-jdbc/src/main/java/org/apache/openjpa/jdbc/meta/strats/RelationRelationMapTableFieldStrategy.java,46
2.0.0-M3,openjpa-jdbc/src/main/java/org/apache/openjpa/jdbc/meta/strats/RelationStrategies.java,13
2.0.0-M3,openjpa-jdbc/src/main/java/org/apache/openjpa/jdbc/meta/strats/RelationToManyInverseKeyFieldStrategy.java,37
2.0.0-M3,openjpa-jdbc/src/main/java/org/apache/openjpa/jdbc/meta/strats/RelationToManyTableFieldStrategy.java,19
2.0.0-M3,openjpa-jdbc/src/main/java/org/apache/openjpa/jdbc/meta/strats/StateComparisonVersionStrategy.java,23
2.0.0-M3,openjpa-jdbc/src/main/java/org/apache/openjpa/jdbc/meta/strats/StoreCollectionFieldStrategy.java,51
2.0.0-M3,openjpa-jdbc/src/main/java/org/apache/openjpa/jdbc/meta/strats/StringFieldStrategy.java,15
2.0.0-M3,openjpa-jdbc/src/main/java/org/apache/openjpa/jdbc/meta/strats/SubclassJoinDiscriminatorStrategy.java,17
2.0.0-M3,openjpa-jdbc/src/main/java/org/apache/openjpa/jdbc/meta/strats/TimestampVersionStrategy.java,3
2.0.0-M3,openjpa-jdbc/src/main/java/org/apache/openjpa/jdbc/meta/strats/UntypedPCValueHandler.java,4
2.0.0-M3,openjpa-jdbc/src/main/java/org/apache/openjpa/jdbc/meta/strats/ValueMapDiscriminatorStrategy.java,10
2.0.0-M3,openjpa-jdbc/src/main/java/org/apache/openjpa/jdbc/meta/strats/VerticalClassStrategy.java,7
2.0.0-M3,openjpa-jdbc/src/main/java/org/apache/openjpa/jdbc/meta/strats/XMLValueHandler.java,3
2.0.0-M3,openjpa-jdbc/src/main/java/org/apache/openjpa/jdbc/schema/Column.java,72
2.0.0-M3,openjpa-jdbc/src/main/java/org/apache/openjpa/jdbc/schema/ColumnIO.java,16
2.0.0-M3,openjpa-jdbc/src/main/java/org/apache/openjpa/jdbc/schema/Constraint.java,10
2.0.0-M3,openjpa-jdbc/src/main/java/org/apache/openjpa/jdbc/schema/DataSourceFactory.java,21
2.0.0-M3,openjpa-jdbc/src/main/java/org/apache/openjpa/jdbc/schema/DriverDataSource.java,15
2.0.0-M3,openjpa-jdbc/src/main/java/org/apache/openjpa/jdbc/schema/DynamicSchemaFactory.java,13
2.0.0-M3,openjpa-jdbc/src/main/java/org/apache/openjpa/jdbc/schema/FileSchemaFactory.java,3
2.0.0-M3,openjpa-jdbc/src/main/java/org/apache/openjpa/jdbc/schema/ForeignKey.java,95
2.0.0-M3,openjpa-jdbc/src/main/java/org/apache/openjpa/jdbc/schema/Index.java,7
2.0.0-M3,openjpa-jdbc/src/main/java/org/apache/openjpa/jdbc/schema/LazySchemaFactory.java,12
2.0.0-M3,openjpa-jdbc/src/main/java/org/apache/openjpa/jdbc/schema/LocalConstraint.java,29
2.0.0-M3,openjpa-jdbc/src/main/java/org/apache/openjpa/jdbc/schema/NameSet.java,9
2.0.0-M3,openjpa-jdbc/src/main/java/org/apache/openjpa/jdbc/schema/PrimaryKey.java,4
2.0.0-M3,openjpa-jdbc/src/main/java/org/apache/openjpa/jdbc/schema/Schema.java,38
2.0.0-M3,openjpa-jdbc/src/main/java/org/apache/openjpa/jdbc/schema/SchemaFactory.java,2
2.0.0-M3,openjpa-jdbc/src/main/java/org/apache/openjpa/jdbc/schema/SchemaGenerator.java,122
2.0.0-M3,openjpa-jdbc/src/main/java/org/apache/openjpa/jdbc/schema/SchemaGroup.java,63
2.0.0-M3,openjpa-jdbc/src/main/java/org/apache/openjpa/jdbc/schema/SchemaParser.java,5
2.0.0-M3,openjpa-jdbc/src/main/java/org/apache/openjpa/jdbc/schema/SchemaSerializer.java,8
2.0.0-M3,openjpa-jdbc/src/main/java/org/apache/openjpa/jdbc/schema/SchemaTool.java,201
2.0.0-M3,openjpa-jdbc/src/main/java/org/apache/openjpa/jdbc/schema/Schemas.java,39
2.0.0-M3,openjpa-jdbc/src/main/java/org/apache/openjpa/jdbc/schema/Sequence.java,11
2.0.0-M3,openjpa-jdbc/src/main/java/org/apache/openjpa/jdbc/schema/SimpleDriverDataSource.java,22
2.0.0-M3,openjpa-jdbc/src/main/java/org/apache/openjpa/jdbc/schema/Table.java,96
2.0.0-M3,openjpa-jdbc/src/main/java/org/apache/openjpa/jdbc/schema/TableSchemaFactory.java,40
2.0.0-M3,openjpa-jdbc/src/main/java/org/apache/openjpa/jdbc/schema/XMLSchemaParser.java,50
2.0.0-M3,openjpa-jdbc/src/main/java/org/apache/openjpa/jdbc/schema/XMLSchemaSerializer.java,82
2.0.0-M3,openjpa-jdbc/src/main/java/org/apache/openjpa/jdbc/sql/AbstractResult.java,34
2.0.0-M3,openjpa-jdbc/src/main/java/org/apache/openjpa/jdbc/sql/AbstractSQLServerDictionary.java,8
2.0.0-M3,openjpa-jdbc/src/main/java/org/apache/openjpa/jdbc/sql/AccessDictionary.java,3
2.0.0-M3,openjpa-jdbc/src/main/java/org/apache/openjpa/jdbc/sql/DB2Dictionary.java,59
2.0.0-M3,openjpa-jdbc/src/main/java/org/apache/openjpa/jdbc/sql/DBDictionary.java,450
2.0.0-M3,openjpa-jdbc/src/main/java/org/apache/openjpa/jdbc/sql/DBDictionaryFactory.java,42
2.0.0-M3,openjpa-jdbc/src/main/java/org/apache/openjpa/jdbc/sql/DerbyDictionary.java,3
2.0.0-M3,openjpa-jdbc/src/main/java/org/apache/openjpa/jdbc/sql/EmpressDictionary.java,15
2.0.0-M3,openjpa-jdbc/src/main/java/org/apache/openjpa/jdbc/sql/FirebirdDictionary.java,17
2.0.0-M3,openjpa-jdbc/src/main/java/org/apache/openjpa/jdbc/sql/FoxProDictionary.java,8
2.0.0-M3,openjpa-jdbc/src/main/java/org/apache/openjpa/jdbc/sql/H2Dictionary.java,17
2.0.0-M3,openjpa-jdbc/src/main/java/org/apache/openjpa/jdbc/sql/HSQLDictionary.java,19
2.0.0-M3,openjpa-jdbc/src/main/java/org/apache/openjpa/jdbc/sql/InformixDictionary.java,21
2.0.0-M3,openjpa-jdbc/src/main/java/org/apache/openjpa/jdbc/sql/IngresDictionary.java,13
2.0.0-M3,openjpa-jdbc/src/main/java/org/apache/openjpa/jdbc/sql/InterbaseDictionary.java,2
2.0.0-M3,openjpa-jdbc/src/main/java/org/apache/openjpa/jdbc/sql/JDataStoreDictionary.java,3
2.0.0-M3,openjpa-jdbc/src/main/java/org/apache/openjpa/jdbc/sql/Join.java,11
2.0.0-M3,openjpa-jdbc/src/main/java/org/apache/openjpa/jdbc/sql/JoinSet.java,59
2.0.0-M3,openjpa-jdbc/src/main/java/org/apache/openjpa/jdbc/sql/JoinSyntaxes.java,6
2.0.0-M3,openjpa-jdbc/src/main/java/org/apache/openjpa/jdbc/sql/Joins.java,13
2.0.0-M3,openjpa-jdbc/src/main/java/org/apache/openjpa/jdbc/sql/LogicalUnion.java,55
2.0.0-M3,openjpa-jdbc/src/main/java/org/apache/openjpa/jdbc/sql/MergedResult.java,15
2.0.0-M3,openjpa-jdbc/src/main/java/org/apache/openjpa/jdbc/sql/MySQLDictionary.java,20
2.0.0-M3,openjpa-jdbc/src/main/java/org/apache/openjpa/jdbc/sql/OracleDictionary.java,150
2.0.0-M3,openjpa-jdbc/src/main/java/org/apache/openjpa/jdbc/sql/PointbaseDictionary.java,4
2.0.0-M3,openjpa-jdbc/src/main/java/org/apache/openjpa/jdbc/sql/PostgresDictionary.java,53
2.0.0-M3,openjpa-jdbc/src/main/java/org/apache/openjpa/jdbc/sql/PrimaryRow.java,44
2.0.0-M3,openjpa-jdbc/src/main/java/org/apache/openjpa/jdbc/sql/Raw.java,1
2.0.0-M3,openjpa-jdbc/src/main/java/org/apache/openjpa/jdbc/sql/Result.java,83
2.0.0-M3,openjpa-jdbc/src/main/java/org/apache/openjpa/jdbc/sql/ResultSetResult.java,22
2.0.0-M3,openjpa-jdbc/src/main/java/org/apache/openjpa/jdbc/sql/Row.java,75
2.0.0-M3,openjpa-jdbc/src/main/java/org/apache/openjpa/jdbc/sql/RowImpl.java,89
2.0.0-M3,openjpa-jdbc/src/main/java/org/apache/openjpa/jdbc/sql/RowManager.java,5
2.0.0-M3,openjpa-jdbc/src/main/java/org/apache/openjpa/jdbc/sql/RowManagerImpl.java,18
2.0.0-M3,openjpa-jdbc/src/main/java/org/apache/openjpa/jdbc/sql/SQLBuffer.java,69
2.0.0-M3,openjpa-jdbc/src/main/java/org/apache/openjpa/jdbc/sql/SQLErrorCodeReader.java,8
2.0.0-M3,openjpa-jdbc/src/main/java/org/apache/openjpa/jdbc/sql/SQLExceptions.java,8
2.0.0-M3,openjpa-jdbc/src/main/java/org/apache/openjpa/jdbc/sql/SQLFactory.java,3
2.0.0-M3,openjpa-jdbc/src/main/java/org/apache/openjpa/jdbc/sql/SQLFactoryImpl.java,2
2.0.0-M3,openjpa-jdbc/src/main/java/org/apache/openjpa/jdbc/sql/SQLServerDictionary.java,32
2.0.0-M3,openjpa-jdbc/src/main/java/org/apache/openjpa/jdbc/sql/SecondaryRow.java,15
2.0.0-M3,openjpa-jdbc/src/main/java/org/apache/openjpa/jdbc/sql/Select.java,110
2.0.0-M3,openjpa-jdbc/src/main/java/org/apache/openjpa/jdbc/sql/SelectExecutor.java,20
2.0.0-M3,openjpa-jdbc/src/main/java/org/apache/openjpa/jdbc/sql/SelectImpl.java,389
2.0.0-M3,openjpa-jdbc/src/main/java/org/apache/openjpa/jdbc/sql/SybaseDictionary.java,18
2.0.0-M3,openjpa-jdbc/src/main/java/org/apache/openjpa/jdbc/sql/Union.java,7
2.0.0-M3,openjpa-kernel/src/main/java/org/apache/openjpa/abstractstore/AbstractStoreBrokerFactory.java,4
2.0.0-M3,openjpa-kernel/src/main/java/org/apache/openjpa/abstractstore/AbstractStoreManager.java,26
2.0.0-M3,openjpa-kernel/src/main/java/org/apache/openjpa/ant/MetaDataToolTask.java,4
2.0.0-M3,openjpa-kernel/src/main/java/org/apache/openjpa/conf/AutoDetachValue.java,4
2.0.0-M3,openjpa-kernel/src/main/java/org/apache/openjpa/conf/BrokerFactoryValue.java,3
2.0.0-M3,openjpa-kernel/src/main/java/org/apache/openjpa/conf/BrokerValue.java,2
2.0.0-M3,openjpa-kernel/src/main/java/org/apache/openjpa/conf/CacheMarshaller.java,8
2.0.0-M3,openjpa-kernel/src/main/java/org/apache/openjpa/conf/CacheMarshallerImpl.java,20
2.0.0-M3,openjpa-kernel/src/main/java/org/apache/openjpa/conf/CacheMarshallersValue.java,5
2.0.0-M3,openjpa-kernel/src/main/java/org/apache/openjpa/conf/Compatibility.java,4
2.0.0-M3,openjpa-kernel/src/main/java/org/apache/openjpa/conf/DetachOptions.java,6
2.0.0-M3,openjpa-kernel/src/main/java/org/apache/openjpa/conf/MetaDataCacheMaintenance.java,26
2.0.0-M3,openjpa-kernel/src/main/java/org/apache/openjpa/conf/MetaDataRepositoryValue.java,4
2.0.0-M3,openjpa-kernel/src/main/java/org/apache/openjpa/conf/NoOpCacheMarshaller.java,2
2.0.0-M3,openjpa-kernel/src/main/java/org/apache/openjpa/conf/OpenJPAConfiguration.java,266
2.0.0-M3,openjpa-kernel/src/main/java/org/apache/openjpa/conf/OpenJPAConfigurationImpl.java,37
2.0.0-M3,openjpa-kernel/src/main/java/org/apache/openjpa/conf/OpenJPAProductDerivation.java,5
2.0.0-M3,openjpa-kernel/src/main/java/org/apache/openjpa/conf/OpenJPAVersion.java,4
2.0.0-M3,openjpa-kernel/src/main/java/org/apache/openjpa/conf/OpenJPAVersionAndConfigurationTypeValidationPolicy.java,5
2.0.0-M3,openjpa-kernel/src/main/java/org/apache/openjpa/conf/QueryCompilationCacheValue.java,2
2.0.0-M3,openjpa-kernel/src/main/java/org/apache/openjpa/conf/RemoteCommitProviderValue.java,4
2.0.0-M3,openjpa-kernel/src/main/java/org/apache/openjpa/conf/Specification.java,13
2.0.0-M3,openjpa-kernel/src/main/java/org/apache/openjpa/conf/SpecificationPlugin.java,3
2.0.0-M3,openjpa-kernel/src/main/java/org/apache/openjpa/datacache/AbstractDataCache.java,62
2.0.0-M3,openjpa-kernel/src/main/java/org/apache/openjpa/datacache/AbstractQueryCache.java,47
2.0.0-M3,openjpa-kernel/src/main/java/org/apache/openjpa/datacache/CacheStatistics.java,31
2.0.0-M3,openjpa-kernel/src/main/java/org/apache/openjpa/datacache/Caches.java,5
2.0.0-M3,openjpa-kernel/src/main/java/org/apache/openjpa/datacache/ConcurrentDataCache.java,1
2.0.0-M3,openjpa-kernel/src/main/java/org/apache/openjpa/datacache/DataCache.java,27
2.0.0-M3,openjpa-kernel/src/main/java/org/apache/openjpa/datacache/DataCacheManager.java,8
2.0.0-M3,openjpa-kernel/src/main/java/org/apache/openjpa/datacache/DataCacheManagerImpl.java,5
2.0.0-M3,openjpa-kernel/src/main/java/org/apache/openjpa/datacache/DataCachePCData.java,2
2.0.0-M3,openjpa-kernel/src/main/java/org/apache/openjpa/datacache/DataCachePCDataGenerator.java,6
2.0.0-M3,openjpa-kernel/src/main/java/org/apache/openjpa/datacache/DataCachePCDataImpl.java,9
2.0.0-M3,openjpa-kernel/src/main/java/org/apache/openjpa/datacache/DataCacheScheduler.java,17
2.0.0-M3,openjpa-kernel/src/main/java/org/apache/openjpa/datacache/DataCacheStoreManager.java,41
2.0.0-M3,openjpa-kernel/src/main/java/org/apache/openjpa/datacache/DelegatingDataCache.java,33
2.0.0-M3,openjpa-kernel/src/main/java/org/apache/openjpa/datacache/DelegatingQueryCache.java,19
2.0.0-M3,openjpa-kernel/src/main/java/org/apache/openjpa/datacache/ExpirationListener.java,1
2.0.0-M3,openjpa-kernel/src/main/java/org/apache/openjpa/datacache/QueryCache.java,12
2.0.0-M3,openjpa-kernel/src/main/java/org/apache/openjpa/datacache/QueryCacheStoreQuery.java,47
2.0.0-M3,openjpa-kernel/src/main/java/org/apache/openjpa/datacache/QueryKey.java,48
2.0.0-M3,openjpa-kernel/src/main/java/org/apache/openjpa/datacache/QueryResult.java,2
2.0.0-M3,openjpa-kernel/src/main/java/org/apache/openjpa/datacache/TypesChangedListener.java,1
2.0.0-M3,openjpa-kernel/src/main/java/org/apache/openjpa/ee/AbstractManagedRuntime.java,2
2.0.0-M3,openjpa-kernel/src/main/java/org/apache/openjpa/ee/AutomaticManagedRuntime.java,29
2.0.0-M3,openjpa-kernel/src/main/java/org/apache/openjpa/ee/InvocationManagedRuntime.java,2
2.0.0-M3,openjpa-kernel/src/main/java/org/apache/openjpa/ee/ManagedRuntime.java,5
2.0.0-M3,openjpa-kernel/src/main/java/org/apache/openjpa/ee/RegistryManagedRuntime.java,1
2.0.0-M3,openjpa-kernel/src/main/java/org/apache/openjpa/ee/WASManagedRuntime.java,4
2.0.0-M3,openjpa-kernel/src/main/java/org/apache/openjpa/ee/WASRegistryManagedRuntime.java,1
2.0.0-M3,openjpa-kernel/src/main/java/org/apache/openjpa/ee/WLSManagedRuntime.java,2
2.0.0-M3,openjpa-kernel/src/main/java/org/apache/openjpa/enhance/ApplicationIdTool.java,115
2.0.0-M3,openjpa-kernel/src/main/java/org/apache/openjpa/enhance/AttributeTranslator.java,1
2.0.0-M3,openjpa-kernel/src/main/java/org/apache/openjpa/enhance/ClassRedefiner.java,10
2.0.0-M3,openjpa-kernel/src/main/java/org/apache/openjpa/enhance/CodeGenerator.java,53
2.0.0-M3,openjpa-kernel/src/main/java/org/apache/openjpa/enhance/DynamicStorage.java,22
2.0.0-M3,openjpa-kernel/src/main/java/org/apache/openjpa/enhance/DynamicStorageGenerator.java,20
2.0.0-M3,openjpa-kernel/src/main/java/org/apache/openjpa/enhance/InstrumentationFactory.java,12
2.0.0-M3,openjpa-kernel/src/main/java/org/apache/openjpa/enhance/ManagedClassSubclasser.java,28
2.0.0-M3,openjpa-kernel/src/main/java/org/apache/openjpa/enhance/ManagedInstanceProvider.java,1
2.0.0-M3,openjpa-kernel/src/main/java/org/apache/openjpa/enhance/PCClassFileTransformer.java,28
2.0.0-M3,openjpa-kernel/src/main/java/org/apache/openjpa/enhance/PCDataGenerator.java,38
2.0.0-M3,openjpa-kernel/src/main/java/org/apache/openjpa/enhance/PCEnhancer.java,244
2.0.0-M3,openjpa-kernel/src/main/java/org/apache/openjpa/enhance/PCEnhancerAgent.java,3
2.0.0-M3,openjpa-kernel/src/main/java/org/apache/openjpa/enhance/PCRegistry.java,15
2.0.0-M3,openjpa-kernel/src/main/java/org/apache/openjpa/enhance/PCSubclassValidator.java,23
2.0.0-M3,openjpa-kernel/src/main/java/org/apache/openjpa/enhance/PersistenceCapable.java,9
2.0.0-M3,openjpa-kernel/src/main/java/org/apache/openjpa/enhance/RedefinitionHelper.java,26
2.0.0-M3,openjpa-kernel/src/main/java/org/apache/openjpa/enhance/ReflectingPersistenceCapable.java,45
2.0.0-M3,openjpa-kernel/src/main/java/org/apache/openjpa/enhance/Reflection.java,92
2.0.0-M3,openjpa-kernel/src/main/java/org/apache/openjpa/enhance/RuntimeUnenhancedClassesModes.java,6
2.0.0-M3,openjpa-kernel/src/main/java/org/apache/openjpa/enhance/StateManager.java,49
2.0.0-M3,openjpa-kernel/src/main/java/org/apache/openjpa/event/AbstractLifecycleListener.java,1
2.0.0-M3,openjpa-kernel/src/main/java/org/apache/openjpa/event/AbstractRemoteCommitProvider.java,6
2.0.0-M3,openjpa-kernel/src/main/java/org/apache/openjpa/event/AbstractTransactionListener.java,1
2.0.0-M3,openjpa-kernel/src/main/java/org/apache/openjpa/event/AttachListener.java,2
2.0.0-M3,openjpa-kernel/src/main/java/org/apache/openjpa/event/BeanLifecycleCallbacks.java,6
2.0.0-M3,openjpa-kernel/src/main/java/org/apache/openjpa/event/BeginTransactionListener.java,1
2.0.0-M3,openjpa-kernel/src/main/java/org/apache/openjpa/event/BrokerFactoryEventManager.java,1
2.0.0-M3,openjpa-kernel/src/main/java/org/apache/openjpa/event/BrokerFactoryListener.java,1
2.0.0-M3,openjpa-kernel/src/main/java/org/apache/openjpa/event/CallbackModes.java,10
2.0.0-M3,openjpa-kernel/src/main/java/org/apache/openjpa/event/ClearListener.java,2
2.0.0-M3,openjpa-kernel/src/main/java/org/apache/openjpa/event/DeleteListener.java,2
2.0.0-M3,openjpa-kernel/src/main/java/org/apache/openjpa/event/DetachListener.java,2
2.0.0-M3,openjpa-kernel/src/main/java/org/apache/openjpa/event/DirtyListener.java,4
2.0.0-M3,openjpa-kernel/src/main/java/org/apache/openjpa/event/EndTransactionListener.java,6
2.0.0-M3,openjpa-kernel/src/main/java/org/apache/openjpa/event/FlushTransactionListener.java,2
2.0.0-M3,openjpa-kernel/src/main/java/org/apache/openjpa/event/JMSRemoteCommitProvider.java,21
2.0.0-M3,openjpa-kernel/src/main/java/org/apache/openjpa/event/LifecycleCallbacks.java,2
2.0.0-M3,openjpa-kernel/src/main/java/org/apache/openjpa/event/LifecycleEventManager.java,88
2.0.0-M3,openjpa-kernel/src/main/java/org/apache/openjpa/event/LoadListener.java,2
2.0.0-M3,openjpa-kernel/src/main/java/org/apache/openjpa/event/LogOrphanedKeyAction.java,6
2.0.0-M3,openjpa-kernel/src/main/java/org/apache/openjpa/event/MethodLifecycleCallbacks.java,13
2.0.0-M3,openjpa-kernel/src/main/java/org/apache/openjpa/event/OrphanedKeyAction.java,1
2.0.0-M3,openjpa-kernel/src/main/java/org/apache/openjpa/event/PersistListener.java,2
2.0.0-M3,openjpa-kernel/src/main/java/org/apache/openjpa/event/PostDeleteListener.java,1
2.0.0-M3,openjpa-kernel/src/main/java/org/apache/openjpa/event/PostPersistListener.java,1
2.0.0-M3,openjpa-kernel/src/main/java/org/apache/openjpa/event/RemoteCommitEvent.java,15
2.0.0-M3,openjpa-kernel/src/main/java/org/apache/openjpa/event/RemoteCommitEventManager.java,24
2.0.0-M3,openjpa-kernel/src/main/java/org/apache/openjpa/event/RemoteCommitListener.java,2
2.0.0-M3,openjpa-kernel/src/main/java/org/apache/openjpa/event/RemoteCommitProvider.java,3
2.0.0-M3,openjpa-kernel/src/main/java/org/apache/openjpa/event/SingleJVMRemoteCommitProvider.java,3
2.0.0-M3,openjpa-kernel/src/main/java/org/apache/openjpa/event/StoreListener.java,2
2.0.0-M3,openjpa-kernel/src/main/java/org/apache/openjpa/event/TCPRemoteCommitProvider.java,65
2.0.0-M3,openjpa-kernel/src/main/java/org/apache/openjpa/event/TransactionEventManager.java,17
2.0.0-M3,openjpa-kernel/src/main/java/org/apache/openjpa/event/UpdateListener.java,2
2.0.0-M3,openjpa-kernel/src/main/java/org/apache/openjpa/kernel/AbstractBrokerFactory.java,45
2.0.0-M3,openjpa-kernel/src/main/java/org/apache/openjpa/kernel/AbstractHintHandler.java,11
2.0.0-M3,openjpa-kernel/src/main/java/org/apache/openjpa/kernel/AbstractLockManager.java,5
2.0.0-M3,openjpa-kernel/src/main/java/org/apache/openjpa/kernel/AbstractPCData.java,45
2.0.0-M3,openjpa-kernel/src/main/java/org/apache/openjpa/kernel/AbstractPCResultObjectProvider.java,3
2.0.0-M3,openjpa-kernel/src/main/java/org/apache/openjpa/kernel/AbstractStoreQuery.java,6
2.0.0-M3,openjpa-kernel/src/main/java/org/apache/openjpa/kernel/AttachManager.java,32
2.0.0-M3,openjpa-kernel/src/main/java/org/apache/openjpa/kernel/AttachStrategy.java,57
2.0.0-M3,openjpa-kernel/src/main/java/org/apache/openjpa/kernel/AutoClear.java,4
2.0.0-M3,openjpa-kernel/src/main/java/org/apache/openjpa/kernel/AutoDetach.java,8
2.0.0-M3,openjpa-kernel/src/main/java/org/apache/openjpa/kernel/Bootstrap.java,11
2.0.0-M3,openjpa-kernel/src/main/java/org/apache/openjpa/kernel/Broker.java,104
2.0.0-M3,openjpa-kernel/src/main/java/org/apache/openjpa/kernel/BrokerFactory.java,15
2.0.0-M3,openjpa-kernel/src/main/java/org/apache/openjpa/kernel/BrokerImpl.java,484
2.0.0-M3,openjpa-kernel/src/main/java/org/apache/openjpa/kernel/ClearFieldManager.java,1
2.0.0-M3,openjpa-kernel/src/main/java/org/apache/openjpa/kernel/ConnectionRetainModes.java,6
2.0.0-M3,openjpa-kernel/src/main/java/org/apache/openjpa/kernel/DelegatingBroker.java,6
2.0.0-M3,openjpa-kernel/src/main/java/org/apache/openjpa/kernel/DelegatingBrokerFactory.java,7
2.0.0-M3,openjpa-kernel/src/main/java/org/apache/openjpa/kernel/DelegatingExtent.java,6
2.0.0-M3,openjpa-kernel/src/main/java/org/apache/openjpa/kernel/DelegatingFetchConfiguration.java,9
2.0.0-M3,openjpa-kernel/src/main/java/org/apache/openjpa/kernel/DelegatingQuery.java,6
2.0.0-M3,openjpa-kernel/src/main/java/org/apache/openjpa/kernel/DelegatingResultList.java,18
2.0.0-M3,openjpa-kernel/src/main/java/org/apache/openjpa/kernel/DelegatingSeq.java,6
2.0.0-M3,openjpa-kernel/src/main/java/org/apache/openjpa/kernel/DelegatingStoreManager.java,6
2.0.0-M3,openjpa-kernel/src/main/java/org/apache/openjpa/kernel/DetachManager.java,87
2.0.0-M3,openjpa-kernel/src/main/java/org/apache/openjpa/kernel/DetachState.java,8
2.0.0-M3,openjpa-kernel/src/main/java/org/apache/openjpa/kernel/DetachedStateAttachStrategy.java,10
2.0.0-M3,openjpa-kernel/src/main/java/org/apache/openjpa/kernel/DetachedStateManager.java,61
2.0.0-M3,openjpa-kernel/src/main/java/org/apache/openjpa/kernel/DetachedValueStateManager.java,11
2.0.0-M3,openjpa-kernel/src/main/java/org/apache/openjpa/kernel/ENonTransState.java,1
2.0.0-M3,openjpa-kernel/src/main/java/org/apache/openjpa/kernel/ExpressionStoreQuery.java,55
2.0.0-M3,openjpa-kernel/src/main/java/org/apache/openjpa/kernel/Extent.java,11
2.0.0-M3,openjpa-kernel/src/main/java/org/apache/openjpa/kernel/ExtentImpl.java,41
2.0.0-M3,openjpa-kernel/src/main/java/org/apache/openjpa/kernel/FetchConfiguration.java,56
2.0.0-M3,openjpa-kernel/src/main/java/org/apache/openjpa/kernel/FetchConfigurationHintHandler.java,1
2.0.0-M3,openjpa-kernel/src/main/java/org/apache/openjpa/kernel/FetchConfigurationImpl.java,98
2.0.0-M3,openjpa-kernel/src/main/java/org/apache/openjpa/kernel/FillStrategy.java,19
2.0.0-M3,openjpa-kernel/src/main/java/org/apache/openjpa/kernel/Filters.java,127
2.0.0-M3,openjpa-kernel/src/main/java/org/apache/openjpa/kernel/FinalizingBrokerImpl.java,2
2.0.0-M3,openjpa-kernel/src/main/java/org/apache/openjpa/kernel/FindCallbacks.java,2
2.0.0-M3,openjpa-kernel/src/main/java/org/apache/openjpa/kernel/FinderCache.java,10
2.0.0-M3,openjpa-kernel/src/main/java/org/apache/openjpa/kernel/FinderQuery.java,4
2.0.0-M3,openjpa-kernel/src/main/java/org/apache/openjpa/kernel/InMemorySavepointManager.java,1
2.0.0-M3,openjpa-kernel/src/main/java/org/apache/openjpa/kernel/InverseManager.java,50
2.0.0-M3,openjpa-kernel/src/main/java/org/apache/openjpa/kernel/LocalManagedRuntime.java,15
2.0.0-M3,openjpa-kernel/src/main/java/org/apache/openjpa/kernel/LockLevels.java,6
2.0.0-M3,openjpa-kernel/src/main/java/org/apache/openjpa/kernel/LockManager.java,9
2.0.0-M3,openjpa-kernel/src/main/java/org/apache/openjpa/kernel/ManagedCache.java,42
2.0.0-M3,openjpa-kernel/src/main/java/org/apache/openjpa/kernel/MethodStoreQuery.java,30
2.0.0-M3,openjpa-kernel/src/main/java/org/apache/openjpa/kernel/MixedLockLevels.java,10
2.0.0-M3,openjpa-kernel/src/main/java/org/apache/openjpa/kernel/ObjectFactory.java,1
2.0.0-M3,openjpa-kernel/src/main/java/org/apache/openjpa/kernel/ObjectIdStateManager.java,27
2.0.0-M3,openjpa-kernel/src/main/java/org/apache/openjpa/kernel/OpCallbacks.java,15
2.0.0-M3,openjpa-kernel/src/main/java/org/apache/openjpa/kernel/OpenJPASavepoint.java,5
2.0.0-M3,openjpa-kernel/src/main/java/org/apache/openjpa/kernel/OpenJPAStateManager.java,72
2.0.0-M3,openjpa-kernel/src/main/java/org/apache/openjpa/kernel/OrderingMergedResultObjectProvider.java,11
2.0.0-M3,openjpa-kernel/src/main/java/org/apache/openjpa/kernel/PCData.java,12
2.0.0-M3,openjpa-kernel/src/main/java/org/apache/openjpa/kernel/PCDataImpl.java,23
2.0.0-M3,openjpa-kernel/src/main/java/org/apache/openjpa/kernel/PCResultObjectProvider.java,1
2.0.0-M3,openjpa-kernel/src/main/java/org/apache/openjpa/kernel/PCState.java,24
2.0.0-M3,openjpa-kernel/src/main/java/org/apache/openjpa/kernel/PNewFlushedDeletedFlushedState.java,1
2.0.0-M3,openjpa-kernel/src/main/java/org/apache/openjpa/kernel/PNewState.java,1
2.0.0-M3,openjpa-kernel/src/main/java/org/apache/openjpa/kernel/PNonTransState.java,4
2.0.0-M3,openjpa-kernel/src/main/java/org/apache/openjpa/kernel/PreparedQuery.java,8
2.0.0-M3,openjpa-kernel/src/main/java/org/apache/openjpa/kernel/PreparedQueryCache.java,20
2.0.0-M3,openjpa-kernel/src/main/java/org/apache/openjpa/kernel/Query.java,26
2.0.0-M3,openjpa-kernel/src/main/java/org/apache/openjpa/kernel/QueryContext.java,43
2.0.0-M3,openjpa-kernel/src/main/java/org/apache/openjpa/kernel/QueryFlushModes.java,6
2.0.0-M3,openjpa-kernel/src/main/java/org/apache/openjpa/kernel/QueryHints.java,14
2.0.0-M3,openjpa-kernel/src/main/java/org/apache/openjpa/kernel/QueryImpl.java,179
2.0.0-M3,openjpa-kernel/src/main/java/org/apache/openjpa/kernel/QueryLanguages.java,3
2.0.0-M3,openjpa-kernel/src/main/java/org/apache/openjpa/kernel/QueryOperations.java,6
2.0.0-M3,openjpa-kernel/src/main/java/org/apache/openjpa/kernel/QueryStatistics.java,34
2.0.0-M3,openjpa-kernel/src/main/java/org/apache/openjpa/kernel/ROPStoreManager.java,3
2.0.0-M3,openjpa-kernel/src/main/java/org/apache/openjpa/kernel/RestoreState.java,6
2.0.0-M3,openjpa-kernel/src/main/java/org/apache/openjpa/kernel/ResultPacker.java,32
2.0.0-M3,openjpa-kernel/src/main/java/org/apache/openjpa/kernel/ResultShape.java,13
2.0.0-M3,openjpa-kernel/src/main/java/org/apache/openjpa/kernel/ResultShapePacker.java,2
2.0.0-M3,openjpa-kernel/src/main/java/org/apache/openjpa/kernel/SaveFieldManager.java,16
2.0.0-M3,openjpa-kernel/src/main/java/org/apache/openjpa/kernel/SavepointFieldManager.java,11
2.0.0-M3,openjpa-kernel/src/main/java/org/apache/openjpa/kernel/SavepointManager.java,2
2.0.0-M3,openjpa-kernel/src/main/java/org/apache/openjpa/kernel/Seq.java,9
2.0.0-M3,openjpa-kernel/src/main/java/org/apache/openjpa/kernel/SingleFieldManager.java,111
2.0.0-M3,openjpa-kernel/src/main/java/org/apache/openjpa/kernel/StateManagerImpl.java,298
2.0.0-M3,openjpa-kernel/src/main/java/org/apache/openjpa/kernel/StoreContext.java,70
2.0.0-M3,openjpa-kernel/src/main/java/org/apache/openjpa/kernel/StoreManager.java,38
2.0.0-M3,openjpa-kernel/src/main/java/org/apache/openjpa/kernel/StoreQuery.java,49
2.0.0-M3,openjpa-kernel/src/main/java/org/apache/openjpa/kernel/TCleanState.java,1
2.0.0-M3,openjpa-kernel/src/main/java/org/apache/openjpa/kernel/TDirtyState.java,1
2.0.0-M3,openjpa-kernel/src/main/java/org/apache/openjpa/kernel/TimeSeededSeq.java,3
2.0.0-M3,openjpa-kernel/src/main/java/org/apache/openjpa/kernel/TransferFieldManager.java,1
2.0.0-M3,openjpa-kernel/src/main/java/org/apache/openjpa/kernel/UUIDHexSeq.java,4
2.0.0-M3,openjpa-kernel/src/main/java/org/apache/openjpa/kernel/UUIDStringSeq.java,4
2.0.0-M3,openjpa-kernel/src/main/java/org/apache/openjpa/kernel/UUIDType4HexSeq.java,4
2.0.0-M3,openjpa-kernel/src/main/java/org/apache/openjpa/kernel/UUIDType4StringSeq.java,4
2.0.0-M3,openjpa-kernel/src/main/java/org/apache/openjpa/kernel/VersionAttachStrategy.java,40
2.0.0-M3,openjpa-kernel/src/main/java/org/apache/openjpa/kernel/VersionLockManager.java,6
2.0.0-M3,openjpa-kernel/src/main/java/org/apache/openjpa/kernel/exps/Abs.java,9
2.0.0-M3,openjpa-kernel/src/main/java/org/apache/openjpa/kernel/exps/AbstractExpressionBuilder.java,28
2.0.0-M3,openjpa-kernel/src/main/java/org/apache/openjpa/kernel/exps/AbstractExpressionVisitor.java,4
2.0.0-M3,openjpa-kernel/src/main/java/org/apache/openjpa/kernel/exps/Aggregate.java,8
2.0.0-M3,openjpa-kernel/src/main/java/org/apache/openjpa/kernel/exps/AggregateListener.java,4
2.0.0-M3,openjpa-kernel/src/main/java/org/apache/openjpa/kernel/exps/AggregateVal.java,3
2.0.0-M3,openjpa-kernel/src/main/java/org/apache/openjpa/kernel/exps/All.java,1
2.0.0-M3,openjpa-kernel/src/main/java/org/apache/openjpa/kernel/exps/Any.java,1
2.0.0-M3,openjpa-kernel/src/main/java/org/apache/openjpa/kernel/exps/Args.java,6
2.0.0-M3,openjpa-kernel/src/main/java/org/apache/openjpa/kernel/exps/Arguments.java,1
2.0.0-M3,openjpa-kernel/src/main/java/org/apache/openjpa/kernel/exps/Avg.java,4
2.0.0-M3,openjpa-kernel/src/main/java/org/apache/openjpa/kernel/exps/BindVariableAndExpression.java,5
2.0.0-M3,openjpa-kernel/src/main/java/org/apache/openjpa/kernel/exps/BindVariableExpression.java,3
2.0.0-M3,openjpa-kernel/src/main/java/org/apache/openjpa/kernel/exps/BoundVariable.java,2
2.0.0-M3,openjpa-kernel/src/main/java/org/apache/openjpa/kernel/exps/CandidatePath.java,29
2.0.0-M3,openjpa-kernel/src/main/java/org/apache/openjpa/kernel/exps/Cast.java,4
2.0.0-M3,openjpa-kernel/src/main/java/org/apache/openjpa/kernel/exps/Coalesce.java,7
2.0.0-M3,openjpa-kernel/src/main/java/org/apache/openjpa/kernel/exps/Concat.java,4
2.0.0-M3,openjpa-kernel/src/main/java/org/apache/openjpa/kernel/exps/Constant.java,1
2.0.0-M3,openjpa-kernel/src/main/java/org/apache/openjpa/kernel/exps/ContainsExpression.java,3
2.0.0-M3,openjpa-kernel/src/main/java/org/apache/openjpa/kernel/exps/Context.java,13
2.0.0-M3,openjpa-kernel/src/main/java/org/apache/openjpa/kernel/exps/Count.java,3
2.0.0-M3,openjpa-kernel/src/main/java/org/apache/openjpa/kernel/exps/CurrentDate.java,1
2.0.0-M3,openjpa-kernel/src/main/java/org/apache/openjpa/kernel/exps/Distinct.java,2
2.0.0-M3,openjpa-kernel/src/main/java/org/apache/openjpa/kernel/exps/EndsWithExpression.java,1
2.0.0-M3,openjpa-kernel/src/main/java/org/apache/openjpa/kernel/exps/Exp.java,2
2.0.0-M3,openjpa-kernel/src/main/java/org/apache/openjpa/kernel/exps/Expression.java,1
2.0.0-M3,openjpa-kernel/src/main/java/org/apache/openjpa/kernel/exps/ExpressionFactory.java,80
2.0.0-M3,openjpa-kernel/src/main/java/org/apache/openjpa/kernel/exps/ExpressionParser.java,5
2.0.0-M3,openjpa-kernel/src/main/java/org/apache/openjpa/kernel/exps/ExpressionVisitor.java,4
2.0.0-M3,openjpa-kernel/src/main/java/org/apache/openjpa/kernel/exps/Extension.java,10
2.0.0-M3,openjpa-kernel/src/main/java/org/apache/openjpa/kernel/exps/FilterListener.java,5
2.0.0-M3,openjpa-kernel/src/main/java/org/apache/openjpa/kernel/exps/GeneralCase.java,11
2.0.0-M3,openjpa-kernel/src/main/java/org/apache/openjpa/kernel/exps/GetMapValue.java,1
2.0.0-M3,openjpa-kernel/src/main/java/org/apache/openjpa/kernel/exps/GetObjectId.java,1
2.0.0-M3,openjpa-kernel/src/main/java/org/apache/openjpa/kernel/exps/GreaterThanEqualExpression.java,2
2.0.0-M3,openjpa-kernel/src/main/java/org/apache/openjpa/kernel/exps/GreaterThanExpression.java,2
2.0.0-M3,openjpa-kernel/src/main/java/org/apache/openjpa/kernel/exps/InMemoryExpressionFactory.java,53
2.0.0-M3,openjpa-kernel/src/main/java/org/apache/openjpa/kernel/exps/IndexOf.java,2
2.0.0-M3,openjpa-kernel/src/main/java/org/apache/openjpa/kernel/exps/IsEmptyExpression.java,9
2.0.0-M3,openjpa-kernel/src/main/java/org/apache/openjpa/kernel/exps/LessThanEqualExpression.java,2
2.0.0-M3,openjpa-kernel/src/main/java/org/apache/openjpa/kernel/exps/LessThanExpression.java,2
2.0.0-M3,openjpa-kernel/src/main/java/org/apache/openjpa/kernel/exps/Literal.java,14
2.0.0-M3,openjpa-kernel/src/main/java/org/apache/openjpa/kernel/exps/MatchesExpression.java,4
2.0.0-M3,openjpa-kernel/src/main/java/org/apache/openjpa/kernel/exps/MathVal.java,1
2.0.0-M3,openjpa-kernel/src/main/java/org/apache/openjpa/kernel/exps/Max.java,2
2.0.0-M3,openjpa-kernel/src/main/java/org/apache/openjpa/kernel/exps/Min.java,2
2.0.0-M3,openjpa-kernel/src/main/java/org/apache/openjpa/kernel/exps/Null.java,1
2.0.0-M3,openjpa-kernel/src/main/java/org/apache/openjpa/kernel/exps/NullIf.java,5
2.0.0-M3,openjpa-kernel/src/main/java/org/apache/openjpa/kernel/exps/Parameter.java,2
2.0.0-M3,openjpa-kernel/src/main/java/org/apache/openjpa/kernel/exps/Path.java,9
2.0.0-M3,openjpa-kernel/src/main/java/org/apache/openjpa/kernel/exps/QueryExpressions.java,14
2.0.0-M3,openjpa-kernel/src/main/java/org/apache/openjpa/kernel/exps/Resolver.java,5
2.0.0-M3,openjpa-kernel/src/main/java/org/apache/openjpa/kernel/exps/SimpleCase.java,10
2.0.0-M3,openjpa-kernel/src/main/java/org/apache/openjpa/kernel/exps/Size.java,2
2.0.0-M3,openjpa-kernel/src/main/java/org/apache/openjpa/kernel/exps/Sqrt.java,1
2.0.0-M3,openjpa-kernel/src/main/java/org/apache/openjpa/kernel/exps/StartsWithExpression.java,1
2.0.0-M3,openjpa-kernel/src/main/java/org/apache/openjpa/kernel/exps/StringContains.java,2
2.0.0-M3,openjpa-kernel/src/main/java/org/apache/openjpa/kernel/exps/StringLength.java,2
2.0.0-M3,openjpa-kernel/src/main/java/org/apache/openjpa/kernel/exps/SubQ.java,1
2.0.0-M3,openjpa-kernel/src/main/java/org/apache/openjpa/kernel/exps/Subquery.java,5
2.0.0-M3,openjpa-kernel/src/main/java/org/apache/openjpa/kernel/exps/Substring.java,1
2.0.0-M3,openjpa-kernel/src/main/java/org/apache/openjpa/kernel/exps/Sum.java,4
2.0.0-M3,openjpa-kernel/src/main/java/org/apache/openjpa/kernel/exps/This.java,1
2.0.0-M3,openjpa-kernel/src/main/java/org/apache/openjpa/kernel/exps/ToLowerCase.java,1
2.0.0-M3,openjpa-kernel/src/main/java/org/apache/openjpa/kernel/exps/ToUpperCase.java,1
2.0.0-M3,openjpa-kernel/src/main/java/org/apache/openjpa/kernel/exps/Trim.java,4
2.0.0-M3,openjpa-kernel/src/main/java/org/apache/openjpa/kernel/exps/Type.java,4
2.0.0-M3,openjpa-kernel/src/main/java/org/apache/openjpa/kernel/exps/UnaryMathVal.java,1
2.0.0-M3,openjpa-kernel/src/main/java/org/apache/openjpa/kernel/exps/Val.java,4
2.0.0-M3,openjpa-kernel/src/main/java/org/apache/openjpa/kernel/exps/Value.java,13
2.0.0-M3,openjpa-kernel/src/main/java/org/apache/openjpa/kernel/exps/WildcardMatch.java,4
2.0.0-M3,openjpa-kernel/src/main/java/org/apache/openjpa/kernel/jpql/JPQLExpressionBuilder.java,188
2.0.0-M3,openjpa-kernel/src/main/java/org/apache/openjpa/kernel/jpql/JPQLParser.java,4
2.0.0-M3,openjpa-kernel/src/main/java/org/apache/openjpa/meta/AbstractCFMetaDataFactory.java,127
2.0.0-M3,openjpa-kernel/src/main/java/org/apache/openjpa/meta/AbstractMetaDataDefaults.java,32
2.0.0-M3,openjpa-kernel/src/main/java/org/apache/openjpa/meta/AbstractMetaDataFactory.java,5
2.0.0-M3,openjpa-kernel/src/main/java/org/apache/openjpa/meta/AccessCode.java,20
2.0.0-M3,openjpa-kernel/src/main/java/org/apache/openjpa/meta/ClassMetaData.java,248
2.0.0-M3,openjpa-kernel/src/main/java/org/apache/openjpa/meta/DelegatingMetaDataFactory.java,1
2.0.0-M3,openjpa-kernel/src/main/java/org/apache/openjpa/meta/Extensions.java,41
2.0.0-M3,openjpa-kernel/src/main/java/org/apache/openjpa/meta/FetchGroup.java,44
2.0.0-M3,openjpa-kernel/src/main/java/org/apache/openjpa/meta/FieldMetaData.java,179
2.0.0-M3,openjpa-kernel/src/main/java/org/apache/openjpa/meta/InMemoryRelatedFieldOrder.java,14
2.0.0-M3,openjpa-kernel/src/main/java/org/apache/openjpa/meta/InMemoryValueOrder.java,22
2.0.0-M3,openjpa-kernel/src/main/java/org/apache/openjpa/meta/InheritanceComparator.java,16
2.0.0-M3,openjpa-kernel/src/main/java/org/apache/openjpa/meta/InheritanceOrderedMetaDataList.java,5
2.0.0-M3,openjpa-kernel/src/main/java/org/apache/openjpa/meta/InterfaceImplGenerator.java,14
2.0.0-M3,openjpa-kernel/src/main/java/org/apache/openjpa/meta/JavaTypes.java,81
2.0.0-M3,openjpa-kernel/src/main/java/org/apache/openjpa/meta/LifecycleMetaData.java,17
2.0.0-M3,openjpa-kernel/src/main/java/org/apache/openjpa/meta/MetaDataContext.java,1
2.0.0-M3,openjpa-kernel/src/main/java/org/apache/openjpa/meta/MetaDataDefaults.java,13
2.0.0-M3,openjpa-kernel/src/main/java/org/apache/openjpa/meta/MetaDataFactory.java,23
2.0.0-M3,openjpa-kernel/src/main/java/org/apache/openjpa/meta/MetaDataInheritanceComparator.java,9
2.0.0-M3,openjpa-kernel/src/main/java/org/apache/openjpa/meta/MetaDataModes.java,14
2.0.0-M3,openjpa-kernel/src/main/java/org/apache/openjpa/meta/MetaDataRepository.java,199
2.0.0-M3,openjpa-kernel/src/main/java/org/apache/openjpa/meta/MetaDataTool.java,28
2.0.0-M3,openjpa-kernel/src/main/java/org/apache/openjpa/meta/NonPersistentMetaData.java,5
2.0.0-M3,openjpa-kernel/src/main/java/org/apache/openjpa/meta/NoneMetaDataFactory.java,12
2.0.0-M3,openjpa-kernel/src/main/java/org/apache/openjpa/meta/Order.java,4
2.0.0-M3,openjpa-kernel/src/main/java/org/apache/openjpa/meta/ProxySetupStateManager.java,7
2.0.0-M3,openjpa-kernel/src/main/java/org/apache/openjpa/meta/QueryMetaData.java,8
2.0.0-M3,openjpa-kernel/src/main/java/org/apache/openjpa/meta/SequenceMetaData.java,16
2.0.0-M3,openjpa-kernel/src/main/java/org/apache/openjpa/meta/UpdateStrategies.java,6
2.0.0-M3,openjpa-kernel/src/main/java/org/apache/openjpa/meta/ValueMetaData.java,45
2.0.0-M3,openjpa-kernel/src/main/java/org/apache/openjpa/meta/ValueMetaDataImpl.java,47
2.0.0-M3,openjpa-kernel/src/main/java/org/apache/openjpa/meta/ValueStrategies.java,8
2.0.0-M3,openjpa-kernel/src/main/java/org/apache/openjpa/meta/XMLClassMetaData.java,2
2.0.0-M3,openjpa-kernel/src/main/java/org/apache/openjpa/meta/XMLFieldMetaData.java,5
2.0.0-M3,openjpa-kernel/src/main/java/org/apache/openjpa/meta/XMLMetaData.java,21
2.0.0-M3,openjpa-kernel/src/main/java/org/apache/openjpa/util/AbstractChangeTracker.java,19
2.0.0-M3,openjpa-kernel/src/main/java/org/apache/openjpa/util/AbstractLRSProxyCollection.java,35
2.0.0-M3,openjpa-kernel/src/main/java/org/apache/openjpa/util/AbstractLRSProxyMap.java,54
2.0.0-M3,openjpa-kernel/src/main/java/org/apache/openjpa/util/ApplicationIds.java,71
2.0.0-M3,openjpa-kernel/src/main/java/org/apache/openjpa/util/ArrayStateImage.java,6
2.0.0-M3,openjpa-kernel/src/main/java/org/apache/openjpa/util/BigDecimalId.java,1
2.0.0-M3,openjpa-kernel/src/main/java/org/apache/openjpa/util/BigIntegerId.java,1
2.0.0-M3,openjpa-kernel/src/main/java/org/apache/openjpa/util/ByteId.java,2
2.0.0-M3,openjpa-kernel/src/main/java/org/apache/openjpa/util/CacheMap.java,47
2.0.0-M3,openjpa-kernel/src/main/java/org/apache/openjpa/util/ChangeTracker.java,8
2.0.0-M3,openjpa-kernel/src/main/java/org/apache/openjpa/util/CharId.java,2
2.0.0-M3,openjpa-kernel/src/main/java/org/apache/openjpa/util/ClassResolver.java,1
2.0.0-M3,openjpa-kernel/src/main/java/org/apache/openjpa/util/ClassResolverImpl.java,6
2.0.0-M3,openjpa-kernel/src/main/java/org/apache/openjpa/util/CollectionChangeTracker.java,2
2.0.0-M3,openjpa-kernel/src/main/java/org/apache/openjpa/util/CollectionChangeTrackerImpl.java,9
2.0.0-M3,openjpa-kernel/src/main/java/org/apache/openjpa/util/DateId.java,1
2.0.0-M3,openjpa-kernel/src/main/java/org/apache/openjpa/util/DoubleId.java,2
2.0.0-M3,openjpa-kernel/src/main/java/org/apache/openjpa/util/ExceptionInfo.java,15
2.0.0-M3,openjpa-kernel/src/main/java/org/apache/openjpa/util/Exceptions.java,26
2.0.0-M3,openjpa-kernel/src/main/java/org/apache/openjpa/util/FloatId.java,2
2.0.0-M3,openjpa-kernel/src/main/java/org/apache/openjpa/util/GeneralException.java,1
2.0.0-M3,openjpa-kernel/src/main/java/org/apache/openjpa/util/GeneratedClasses.java,10
2.0.0-M3,openjpa-kernel/src/main/java/org/apache/openjpa/util/Id.java,9
2.0.0-M3,openjpa-kernel/src/main/java/org/apache/openjpa/util/ImplHelper.java,23
2.0.0-M3,openjpa-kernel/src/main/java/org/apache/openjpa/util/IntId.java,1
2.0.0-M3,openjpa-kernel/src/main/java/org/apache/openjpa/util/LockException.java,3
2.0.0-M3,openjpa-kernel/src/main/java/org/apache/openjpa/util/MapChangeTracker.java,5
2.0.0-M3,openjpa-kernel/src/main/java/org/apache/openjpa/util/MapChangeTrackerImpl.java,14
2.0.0-M3,openjpa-kernel/src/main/java/org/apache/openjpa/util/MultiLoaderClassResolver.java,3
2.0.0-M3,openjpa-kernel/src/main/java/org/apache/openjpa/util/OpenJPAException.java,10
2.0.0-M3,openjpa-kernel/src/main/java/org/apache/openjpa/util/OpenJPAId.java,11
2.0.0-M3,openjpa-kernel/src/main/java/org/apache/openjpa/util/Proxies.java,5
2.0.0-M3,openjpa-kernel/src/main/java/org/apache/openjpa/util/Proxy.java,5
2.0.0-M3,openjpa-kernel/src/main/java/org/apache/openjpa/util/ProxyBean.java,1
2.0.0-M3,openjpa-kernel/src/main/java/org/apache/openjpa/util/ProxyCalendar.java,1
2.0.0-M3,openjpa-kernel/src/main/java/org/apache/openjpa/util/ProxyCollection.java,2
2.0.0-M3,openjpa-kernel/src/main/java/org/apache/openjpa/util/ProxyCollections.java,40
2.0.0-M3,openjpa-kernel/src/main/java/org/apache/openjpa/util/ProxyDate.java,1
2.0.0-M3,openjpa-kernel/src/main/java/org/apache/openjpa/util/ProxyManager.java,11
2.0.0-M3,openjpa-kernel/src/main/java/org/apache/openjpa/util/ProxyManagerImpl.java,125
2.0.0-M3,openjpa-kernel/src/main/java/org/apache/openjpa/util/ProxyMap.java,3
2.0.0-M3,openjpa-kernel/src/main/java/org/apache/openjpa/util/ProxyMaps.java,20
2.0.0-M3,openjpa-kernel/src/main/java/org/apache/openjpa/util/QueryException.java,2
2.0.0-M3,openjpa-kernel/src/main/java/org/apache/openjpa/util/RuntimeExceptionTranslator.java,1
2.0.0-M3,openjpa-kernel/src/main/java/org/apache/openjpa/util/Serialization.java,12
2.0.0-M3,openjpa-kernel/src/main/java/org/apache/openjpa/util/ShortId.java,2
2.0.0-M3,openjpa-kernel/src/main/java/org/apache/openjpa/util/StoreFacadeTypeRegistry.java,6
2.0.0-M3,openjpa-kernel/src/main/java/org/apache/openjpa/util/StringId.java,1
2.0.0-M3,openjpa-kernel/src/main/java/org/apache/openjpa/util/UserException.java,1
2.0.0-M3,openjpa-kernel/src/main/java/org/apache/openjpa/validation/ValidatingLifecycleEventManager.java,3
2.0.0-M3,openjpa-kernel/src/main/java/org/apache/openjpa/validation/Validator.java,4
2.0.0-M3,openjpa-kernel/src/main/java/org/apache/openjpa/writebehind/AbstractWriteBehindCache.java,1
2.0.0-M3,openjpa-kernel/src/main/java/org/apache/openjpa/writebehind/AbstractWriteBehindCallback.java,1
2.0.0-M3,openjpa-kernel/src/main/java/org/apache/openjpa/writebehind/SimpleWriteBehindCache.java,1
2.0.0-M3,openjpa-kernel/src/main/java/org/apache/openjpa/writebehind/SimpleWriteBehindCacheKey.java,7
2.0.0-M3,openjpa-kernel/src/main/java/org/apache/openjpa/writebehind/SimpleWriteBehindCallback.java,2
2.0.0-M3,openjpa-kernel/src/main/java/org/apache/openjpa/writebehind/WriteBehindCache.java,10
2.0.0-M3,openjpa-kernel/src/main/java/org/apache/openjpa/writebehind/WriteBehindCacheKey.java,4
2.0.0-M3,openjpa-kernel/src/main/java/org/apache/openjpa/writebehind/WriteBehindCacheManager.java,3
2.0.0-M3,openjpa-kernel/src/main/java/org/apache/openjpa/writebehind/WriteBehindCallback.java,3
2.0.0-M3,openjpa-kernel/src/main/java/org/apache/openjpa/writebehind/WriteBehindStoreManager.java,1
2.0.0-M3,openjpa-kernel/src/main/jjtree/org/apache/openjpa/kernel/jpql/ParseException.java,7
2.0.0-M3,openjpa-lib/src/main/java/org/apache/openjpa/lib/ant/AbstractTask.java,14
2.0.0-M3,openjpa-lib/src/main/java/org/apache/openjpa/lib/conf/AbstractProductDerivation.java,4
2.0.0-M3,openjpa-lib/src/main/java/org/apache/openjpa/lib/conf/BooleanValue.java,3
2.0.0-M3,openjpa-lib/src/main/java/org/apache/openjpa/lib/conf/Configurable.java,3
2.0.0-M3,openjpa-lib/src/main/java/org/apache/openjpa/lib/conf/Configuration.java,35
2.0.0-M3,openjpa-lib/src/main/java/org/apache/openjpa/lib/conf/ConfigurationImpl.java,96
2.0.0-M3,openjpa-lib/src/main/java/org/apache/openjpa/lib/conf/ConfigurationProvider.java,4
2.0.0-M3,openjpa-lib/src/main/java/org/apache/openjpa/lib/conf/Configurations.java,85
2.0.0-M3,openjpa-lib/src/main/java/org/apache/openjpa/lib/conf/DoubleValue.java,5
2.0.0-M3,openjpa-lib/src/main/java/org/apache/openjpa/lib/conf/FileValue.java,1
2.0.0-M3,openjpa-lib/src/main/java/org/apache/openjpa/lib/conf/GenericConfigurable.java,1
2.0.0-M3,openjpa-lib/src/main/java/org/apache/openjpa/lib/conf/IntValue.java,5
2.0.0-M3,openjpa-lib/src/main/java/org/apache/openjpa/lib/conf/MapConfigurationProvider.java,6
2.0.0-M3,openjpa-lib/src/main/java/org/apache/openjpa/lib/conf/ObjectValue.java,4
2.0.0-M3,openjpa-lib/src/main/java/org/apache/openjpa/lib/conf/PluginListValue.java,13
2.0.0-M3,openjpa-lib/src/main/java/org/apache/openjpa/lib/conf/PluginValue.java,6
2.0.0-M3,openjpa-lib/src/main/java/org/apache/openjpa/lib/conf/ProductDerivation.java,17
2.0.0-M3,openjpa-lib/src/main/java/org/apache/openjpa/lib/conf/ProductDerivations.java,47
2.0.0-M3,openjpa-lib/src/main/java/org/apache/openjpa/lib/conf/StringListValue.java,9
2.0.0-M3,openjpa-lib/src/main/java/org/apache/openjpa/lib/conf/StringValue.java,1
2.0.0-M3,openjpa-lib/src/main/java/org/apache/openjpa/lib/conf/Value.java,35
2.0.0-M3,openjpa-lib/src/main/java/org/apache/openjpa/lib/conf/ValueListener.java,1
2.0.0-M3,openjpa-lib/src/main/java/org/apache/openjpa/lib/encryption/EncryptionProvider.java,2
2.0.0-M3,openjpa-lib/src/main/java/org/apache/openjpa/lib/graph/BreadthFirstWalk.java,13
2.0.0-M3,openjpa-lib/src/main/java/org/apache/openjpa/lib/graph/DepthFirstAnalysis.java,17
2.0.0-M3,openjpa-lib/src/main/java/org/apache/openjpa/lib/graph/Edge.java,5
2.0.0-M3,openjpa-lib/src/main/java/org/apache/openjpa/lib/graph/Graph.java,18
2.0.0-M3,openjpa-lib/src/main/java/org/apache/openjpa/lib/graph/GraphVisitor.java,3
2.0.0-M3,openjpa-lib/src/main/java/org/apache/openjpa/lib/jdbc/AbstractJDBCListener.java,1
2.0.0-M3,openjpa-lib/src/main/java/org/apache/openjpa/lib/jdbc/ConfiguringConnectionDecorator.java,12
2.0.0-M3,openjpa-lib/src/main/java/org/apache/openjpa/lib/jdbc/ConnectionDecorator.java,1
2.0.0-M3,openjpa-lib/src/main/java/org/apache/openjpa/lib/jdbc/DataSourceLogs.java,9
2.0.0-M3,openjpa-lib/src/main/java/org/apache/openjpa/lib/jdbc/DecoratingDataSource.java,2
2.0.0-M3,openjpa-lib/src/main/java/org/apache/openjpa/lib/jdbc/DelegatingCallableStatement.java,172
2.0.0-M3,openjpa-lib/src/main/java/org/apache/openjpa/lib/jdbc/DelegatingConnection.java,100
2.0.0-M3,openjpa-lib/src/main/java/org/apache/openjpa/lib/jdbc/DelegatingDataSource.java,19
2.0.0-M3,openjpa-lib/src/main/java/org/apache/openjpa/lib/jdbc/DelegatingDatabaseMetaData.java,173
2.0.0-M3,openjpa-lib/src/main/java/org/apache/openjpa/lib/jdbc/DelegatingPreparedStatement.java,92
2.0.0-M3,openjpa-lib/src/main/java/org/apache/openjpa/lib/jdbc/DelegatingResultSet.java,151
2.0.0-M3,openjpa-lib/src/main/java/org/apache/openjpa/lib/jdbc/DelegatingStatement.java,53
2.0.0-M3,openjpa-lib/src/main/java/org/apache/openjpa/lib/jdbc/JDBCEventConnectionDecorator.java,8
2.0.0-M3,openjpa-lib/src/main/java/org/apache/openjpa/lib/jdbc/JDBCListener.java,12
2.0.0-M3,openjpa-lib/src/main/java/org/apache/openjpa/lib/jdbc/LoggingConnectionDecorator.java,155
2.0.0-M3,openjpa-lib/src/main/java/org/apache/openjpa/lib/jdbc/ReportingSQLException.java,6
2.0.0-M3,openjpa-lib/src/main/java/org/apache/openjpa/lib/jdbc/SQLFormatter.java,17
2.0.0-M3,openjpa-lib/src/main/java/org/apache/openjpa/lib/log/AbstractLog.java,11
2.0.0-M3,openjpa-lib/src/main/java/org/apache/openjpa/lib/log/CommonsLogFactory.java,2
2.0.0-M3,openjpa-lib/src/main/java/org/apache/openjpa/lib/log/Log.java,20
2.0.0-M3,openjpa-lib/src/main/java/org/apache/openjpa/lib/log/Log4JLogFactory.java,1
2.0.0-M3,openjpa-lib/src/main/java/org/apache/openjpa/lib/log/LogFactory.java,1
2.0.0-M3,openjpa-lib/src/main/java/org/apache/openjpa/lib/log/LogFactoryImpl.java,12
2.0.0-M3,openjpa-lib/src/main/java/org/apache/openjpa/lib/log/LogOutputStream.java,3
2.0.0-M3,openjpa-lib/src/main/java/org/apache/openjpa/lib/log/MultiLogFactory.java,37
2.0.0-M3,openjpa-lib/src/main/java/org/apache/openjpa/lib/log/NoneLogFactory.java,10
2.0.0-M3,openjpa-lib/src/main/java/org/apache/openjpa/lib/meta/CFMetaDataParser.java,29
2.0.0-M3,openjpa-lib/src/main/java/org/apache/openjpa/lib/meta/CFMetaDataSerializer.java,5
2.0.0-M3,openjpa-lib/src/main/java/org/apache/openjpa/lib/meta/ClassAnnotationMetaDataFilter.java,13
2.0.0-M3,openjpa-lib/src/main/java/org/apache/openjpa/lib/meta/ClassArgParser.java,66
2.0.0-M3,openjpa-lib/src/main/java/org/apache/openjpa/lib/meta/ClassMetaDataIterator.java,17
2.0.0-M3,openjpa-lib/src/main/java/org/apache/openjpa/lib/meta/ClasspathMetaDataIterator.java,9
2.0.0-M3,openjpa-lib/src/main/java/org/apache/openjpa/lib/meta/FileMetaDataIterator.java,19
2.0.0-M3,openjpa-lib/src/main/java/org/apache/openjpa/lib/meta/MetaDataFilter.java,4
2.0.0-M3,openjpa-lib/src/main/java/org/apache/openjpa/lib/meta/MetaDataIterator.java,5
2.0.0-M3,openjpa-lib/src/main/java/org/apache/openjpa/lib/meta/MetaDataIteratorChain.java,8
2.0.0-M3,openjpa-lib/src/main/java/org/apache/openjpa/lib/meta/MetaDataParser.java,9
2.0.0-M3,openjpa-lib/src/main/java/org/apache/openjpa/lib/meta/MetaDataSerializer.java,8
2.0.0-M3,openjpa-lib/src/main/java/org/apache/openjpa/lib/meta/ResourceMetaDataIterator.java,8
2.0.0-M3,openjpa-lib/src/main/java/org/apache/openjpa/lib/meta/SourceTracker.java,9
2.0.0-M3,openjpa-lib/src/main/java/org/apache/openjpa/lib/meta/SourceTrackers.java,2
2.0.0-M3,openjpa-lib/src/main/java/org/apache/openjpa/lib/meta/URLMetaDataIterator.java,8
2.0.0-M3,openjpa-lib/src/main/java/org/apache/openjpa/lib/meta/XMLMetaDataParser.java,62
2.0.0-M3,openjpa-lib/src/main/java/org/apache/openjpa/lib/meta/XMLMetaDataSerializer.java,28
2.0.0-M3,openjpa-lib/src/main/java/org/apache/openjpa/lib/meta/XMLVersionParser.java,1
2.0.0-M3,openjpa-lib/src/main/java/org/apache/openjpa/lib/meta/ZipFileMetaDataIterator.java,12
2.0.0-M3,openjpa-lib/src/main/java/org/apache/openjpa/lib/meta/ZipStreamMetaDataIterator.java,16
2.0.0-M3,openjpa-lib/src/main/java/org/apache/openjpa/lib/rop/AbstractListIterator.java,3
2.0.0-M3,openjpa-lib/src/main/java/org/apache/openjpa/lib/rop/AbstractNonSequentialResultList.java,16
2.0.0-M3,openjpa-lib/src/main/java/org/apache/openjpa/lib/rop/AbstractResultList.java,2
2.0.0-M3,openjpa-lib/src/main/java/org/apache/openjpa/lib/rop/AbstractSequentialResultList.java,13
2.0.0-M3,openjpa-lib/src/main/java/org/apache/openjpa/lib/rop/EagerResultList.java,2
2.0.0-M3,openjpa-lib/src/main/java/org/apache/openjpa/lib/rop/LazyForwardResultList.java,15
2.0.0-M3,openjpa-lib/src/main/java/org/apache/openjpa/lib/rop/ListResultList.java,1
2.0.0-M3,openjpa-lib/src/main/java/org/apache/openjpa/lib/rop/ListResultObjectProvider.java,3
2.0.0-M3,openjpa-lib/src/main/java/org/apache/openjpa/lib/rop/MergedResultObjectProvider.java,15
2.0.0-M3,openjpa-lib/src/main/java/org/apache/openjpa/lib/rop/RandomAccessResultList.java,16
2.0.0-M3,openjpa-lib/src/main/java/org/apache/openjpa/lib/rop/RangeResultObjectProvider.java,9
2.0.0-M3,openjpa-lib/src/main/java/org/apache/openjpa/lib/rop/ResultList.java,5
2.0.0-M3,openjpa-lib/src/main/java/org/apache/openjpa/lib/rop/ResultListIterator.java,3
2.0.0-M3,openjpa-lib/src/main/java/org/apache/openjpa/lib/rop/ResultObjectProvider.java,9
2.0.0-M3,openjpa-lib/src/main/java/org/apache/openjpa/lib/rop/ResultObjectProviderIterator.java,8
2.0.0-M3,openjpa-lib/src/main/java/org/apache/openjpa/lib/rop/SimpleResultList.java,5
2.0.0-M3,openjpa-lib/src/main/java/org/apache/openjpa/lib/rop/WindowResultList.java,11
2.0.0-M3,openjpa-lib/src/main/java/org/apache/openjpa/lib/util/Base16Encoder.java,9
2.0.0-M3,openjpa-lib/src/main/java/org/apache/openjpa/lib/util/BytecodeWriter.java,1
2.0.0-M3,openjpa-lib/src/main/java/org/apache/openjpa/lib/util/Bytes.java,11
2.0.0-M3,openjpa-lib/src/main/java/org/apache/openjpa/lib/util/Closeable.java,1
2.0.0-M3,openjpa-lib/src/main/java/org/apache/openjpa/lib/util/CodeFormat.java,31
2.0.0-M3,openjpa-lib/src/main/java/org/apache/openjpa/lib/util/ConcreteClassGenerator.java,15
2.0.0-M3,openjpa-lib/src/main/java/org/apache/openjpa/lib/util/EventManager.java,6
2.0.0-M3,openjpa-lib/src/main/java/org/apache/openjpa/lib/util/Files.java,45
2.0.0-M3,openjpa-lib/src/main/java/org/apache/openjpa/lib/util/FormatPreservingProperties.java,69
2.0.0-M3,openjpa-lib/src/main/java/org/apache/openjpa/lib/util/J2DoPrivHelper.java,64
2.0.0-M3,openjpa-lib/src/main/java/org/apache/openjpa/lib/util/JavaVersions.java,28
2.0.0-M3,openjpa-lib/src/main/java/org/apache/openjpa/lib/util/LRUMap.java,3
2.0.0-M3,openjpa-lib/src/main/java/org/apache/openjpa/lib/util/Localizer.java,7
2.0.0-M3,openjpa-lib/src/main/java/org/apache/openjpa/lib/util/MultiClassLoader.java,31
2.0.0-M3,openjpa-lib/src/main/java/org/apache/openjpa/lib/util/Options.java,74
2.0.0-M3,openjpa-lib/src/main/java/org/apache/openjpa/lib/util/ParameterTemplate.java,11
2.0.0-M3,openjpa-lib/src/main/java/org/apache/openjpa/lib/util/ParseException.java,1
2.0.0-M3,openjpa-lib/src/main/java/org/apache/openjpa/lib/util/ReferenceHashMap.java,17
2.0.0-M3,openjpa-lib/src/main/java/org/apache/openjpa/lib/util/ReferenceHashSet.java,16
2.0.0-M3,openjpa-lib/src/main/java/org/apache/openjpa/lib/util/ReferenceMap.java,6
2.0.0-M3,openjpa-lib/src/main/java/org/apache/openjpa/lib/util/ResourceBundleProvider.java,1
2.0.0-M3,openjpa-lib/src/main/java/org/apache/openjpa/lib/util/Services.java,22
2.0.0-M3,openjpa-lib/src/main/java/org/apache/openjpa/lib/util/SimpleRegex.java,12
2.0.0-M3,openjpa-lib/src/main/java/org/apache/openjpa/lib/util/SimpleResourceBundleProvider.java,4
2.0.0-M3,openjpa-lib/src/main/java/org/apache/openjpa/lib/util/SizedMap.java,4
2.0.0-M3,openjpa-lib/src/main/java/org/apache/openjpa/lib/util/StreamResourceBundleProvider.java,3
2.0.0-M3,openjpa-lib/src/main/java/org/apache/openjpa/lib/util/StringDistance.java,17
2.0.0-M3,openjpa-lib/src/main/java/org/apache/openjpa/lib/util/TemporaryClassLoader.java,13
2.0.0-M3,openjpa-lib/src/main/java/org/apache/openjpa/lib/util/TimestampHelper.java,3
2.0.0-M3,openjpa-lib/src/main/java/org/apache/openjpa/lib/util/TypedProperties.java,9
2.0.0-M3,openjpa-lib/src/main/java/org/apache/openjpa/lib/util/UUIDGenerator.java,4
2.0.0-M3,openjpa-lib/src/main/java/org/apache/openjpa/lib/util/ZipResourceBundleProvider.java,7
2.0.0-M3,openjpa-lib/src/main/java/org/apache/openjpa/lib/util/concurrent/AbstractConcurrentEventManager.java,7
2.0.0-M3,openjpa-lib/src/main/java/org/apache/openjpa/lib/util/concurrent/ConcurrentHashMap.java,100
2.0.0-M3,openjpa-lib/src/main/java/org/apache/openjpa/lib/util/concurrent/ConcurrentMap.java,2
2.0.0-M3,openjpa-lib/src/main/java/org/apache/openjpa/lib/util/concurrent/ConcurrentReferenceHashMap.java,146
2.0.0-M3,openjpa-lib/src/main/java/org/apache/openjpa/lib/util/concurrent/ConcurrentReferenceHashSet.java,18
2.0.0-M3,openjpa-lib/src/main/java/org/apache/openjpa/lib/util/concurrent/NullSafeConcurrentHashMap.java,39
2.0.0-M3,openjpa-lib/src/main/java/org/apache/openjpa/lib/util/concurrent/SizedConcurrentHashMap.java,8
2.0.0-M3,openjpa-lib/src/main/java/org/apache/openjpa/lib/xml/Commentable.java,3
2.0.0-M3,openjpa-lib/src/main/java/org/apache/openjpa/lib/xml/DocTypeReader.java,26
2.0.0-M3,openjpa-lib/src/main/java/org/apache/openjpa/lib/xml/Location.java,1
2.0.0-M3,openjpa-lib/src/main/java/org/apache/openjpa/lib/xml/ValidatingErrorHandler.java,3
2.0.0-M3,openjpa-lib/src/main/java/org/apache/openjpa/lib/xml/XMLFactory.java,5
2.0.0-M3,openjpa-lib/src/main/java/org/apache/openjpa/lib/xml/XMLWriter.java,11
2.0.0-M3,openjpa-persistence-jdbc/src/main/java/org/apache/openjpa/persistence/jdbc/AnnotationPersistenceMappingParser.java,186
2.0.0-M3,openjpa-persistence-jdbc/src/main/java/org/apache/openjpa/persistence/jdbc/AnnotationPersistenceMappingSerializer.java,85
2.0.0-M3,openjpa-persistence-jdbc/src/main/java/org/apache/openjpa/persistence/jdbc/ElementEmbeddedMapping.java,2
2.0.0-M3,openjpa-persistence-jdbc/src/main/java/org/apache/openjpa/persistence/jdbc/EmbeddedMapping.java,2
2.0.0-M3,openjpa-persistence-jdbc/src/main/java/org/apache/openjpa/persistence/jdbc/FetchDirection.java,1
2.0.0-M3,openjpa-persistence-jdbc/src/main/java/org/apache/openjpa/persistence/jdbc/FetchMode.java,1
2.0.0-M3,openjpa-persistence-jdbc/src/main/java/org/apache/openjpa/persistence/jdbc/IsolationLevel.java,1
2.0.0-M3,openjpa-persistence-jdbc/src/main/java/org/apache/openjpa/persistence/jdbc/JDBCFetchPlan.java,58
2.0.0-M3,openjpa-persistence-jdbc/src/main/java/org/apache/openjpa/persistence/jdbc/JDBCPersistenceProductDerivation.java,4
2.0.0-M3,openjpa-persistence-jdbc/src/main/java/org/apache/openjpa/persistence/jdbc/JoinSyntax.java,1
2.0.0-M3,openjpa-persistence-jdbc/src/main/java/org/apache/openjpa/persistence/jdbc/KeyEmbeddedMapping.java,2
2.0.0-M3,openjpa-persistence-jdbc/src/main/java/org/apache/openjpa/persistence/jdbc/LRSSizeAlgorithm.java,1
2.0.0-M3,openjpa-persistence-jdbc/src/main/java/org/apache/openjpa/persistence/jdbc/PersistenceMappingDefaults.java,18
2.0.0-M3,openjpa-persistence-jdbc/src/main/java/org/apache/openjpa/persistence/jdbc/PersistenceMappingFactory.java,2
2.0.0-M3,openjpa-persistence-jdbc/src/main/java/org/apache/openjpa/persistence/jdbc/ResultSetType.java,1
2.0.0-M3,openjpa-persistence-jdbc/src/main/java/org/apache/openjpa/persistence/jdbc/XEmbeddedMapping.java,2
2.0.0-M3,openjpa-persistence-jdbc/src/main/java/org/apache/openjpa/persistence/jdbc/XMLPersistenceMappingParser.java,98
2.0.0-M3,openjpa-persistence-jdbc/src/main/java/org/apache/openjpa/persistence/jdbc/XMLPersistenceMappingSerializer.java,87
2.0.0-M3,openjpa-persistence/src/main/java/org/apache/openjpa/persistence/AnnotationBuilder.java,15
2.0.0-M3,openjpa-persistence/src/main/java/org/apache/openjpa/persistence/AnnotationPersistenceMetaDataParser.java,233
2.0.0-M3,openjpa-persistence/src/main/java/org/apache/openjpa/persistence/AnnotationPersistenceMetaDataSerializer.java,202
2.0.0-M3,openjpa-persistence/src/main/java/org/apache/openjpa/persistence/AnnotationPersistenceXMLMetaDataParser.java,19
2.0.0-M3,openjpa-persistence/src/main/java/org/apache/openjpa/persistence/ArgumentException.java,5
2.0.0-M3,openjpa-persistence/src/main/java/org/apache/openjpa/persistence/AutoClearType.java,1
2.0.0-M3,openjpa-persistence/src/main/java/org/apache/openjpa/persistence/AutoDetachType.java,9
2.0.0-M3,openjpa-persistence/src/main/java/org/apache/openjpa/persistence/CallbackMode.java,10
2.0.0-M3,openjpa-persistence/src/main/java/org/apache/openjpa/persistence/ConnectionRetainMode.java,1
2.0.0-M3,openjpa-persistence/src/main/java/org/apache/openjpa/persistence/DetachStateType.java,1
2.0.0-M3,openjpa-persistence/src/main/java/org/apache/openjpa/persistence/EntityExistsException.java,1
2.0.0-M3,openjpa-persistence/src/main/java/org/apache/openjpa/persistence/EntityManagerFactoryImpl.java,18
2.0.0-M3,openjpa-persistence/src/main/java/org/apache/openjpa/persistence/EntityManagerFactoryValue.java,1
2.0.0-M3,openjpa-persistence/src/main/java/org/apache/openjpa/persistence/EntityManagerImpl.java,67
2.0.0-M3,openjpa-persistence/src/main/java/org/apache/openjpa/persistence/EntityNotFoundException.java,1
2.0.0-M3,openjpa-persistence/src/main/java/org/apache/openjpa/persistence/Extent.java,9
2.0.0-M3,openjpa-persistence/src/main/java/org/apache/openjpa/persistence/ExtentImpl.java,6
2.0.0-M3,openjpa-persistence/src/main/java/org/apache/openjpa/persistence/FetchPlan.java,55
2.0.0-M3,openjpa-persistence/src/main/java/org/apache/openjpa/persistence/FetchPlanHintHandler.java,11
2.0.0-M3,openjpa-persistence/src/main/java/org/apache/openjpa/persistence/FetchPlanImpl.java,11
2.0.0-M3,openjpa-persistence/src/main/java/org/apache/openjpa/persistence/Generator.java,9
2.0.0-M3,openjpa-persistence/src/main/java/org/apache/openjpa/persistence/GeneratorImpl.java,5
2.0.0-M3,openjpa-persistence/src/main/java/org/apache/openjpa/persistence/HintHandler.java,17
2.0.0-M3,openjpa-persistence/src/main/java/org/apache/openjpa/persistence/InvalidStateException.java,5
2.0.0-M3,openjpa-persistence/src/main/java/org/apache/openjpa/persistence/JPAFacadeHelper.java,43
2.0.0-M3,openjpa-persistence/src/main/java/org/apache/openjpa/persistence/LockTimeoutException.java,1
2.0.0-M3,openjpa-persistence/src/main/java/org/apache/openjpa/persistence/MetaDataParsers.java,8
2.0.0-M3,openjpa-persistence/src/main/java/org/apache/openjpa/persistence/MixedLockLevelsHelper.java,15
2.0.0-M3,openjpa-persistence/src/main/java/org/apache/openjpa/persistence/NoResultException.java,1
2.0.0-M3,openjpa-persistence/src/main/java/org/apache/openjpa/persistence/NonUniqueResultException.java,1
2.0.0-M3,openjpa-persistence/src/main/java/org/apache/openjpa/persistence/OpenJPAEntityManager.java,179
2.0.0-M3,openjpa-persistence/src/main/java/org/apache/openjpa/persistence/OpenJPAEntityManagerFactory.java,18
2.0.0-M3,openjpa-persistence/src/main/java/org/apache/openjpa/persistence/OpenJPAEntityManagerFactorySPI.java,7
2.0.0-M3,openjpa-persistence/src/main/java/org/apache/openjpa/persistence/OpenJPAEntityManagerSPI.java,18
2.0.0-M3,openjpa-persistence/src/main/java/org/apache/openjpa/persistence/OpenJPAEntityTransaction.java,4
2.0.0-M3,openjpa-persistence/src/main/java/org/apache/openjpa/persistence/OpenJPAPersistence.java,6
2.0.0-M3,openjpa-persistence/src/main/java/org/apache/openjpa/persistence/OpenJPAPersistenceUtil.java,27
2.0.0-M3,openjpa-persistence/src/main/java/org/apache/openjpa/persistence/OpenJPAQuery.java,45
2.0.0-M3,openjpa-persistence/src/main/java/org/apache/openjpa/persistence/OpenJPAQuerySPI.java,4
2.0.0-M3,openjpa-persistence/src/main/java/org/apache/openjpa/persistence/OptimisticLockException.java,1
2.0.0-M3,openjpa-persistence/src/main/java/org/apache/openjpa/persistence/ParameterImpl.java,7
2.0.0-M3,openjpa-persistence/src/main/java/org/apache/openjpa/persistence/PersistenceException.java,1
2.0.0-M3,openjpa-persistence/src/main/java/org/apache/openjpa/persistence/PersistenceExceptions.java,15
2.0.0-M3,openjpa-persistence/src/main/java/org/apache/openjpa/persistence/PersistenceListenerAdapter.java,8
2.0.0-M3,openjpa-persistence/src/main/java/org/apache/openjpa/persistence/PersistenceMetaDataDefaults.java,73
2.0.0-M3,openjpa-persistence/src/main/java/org/apache/openjpa/persistence/PersistenceMetaDataFactory.java,57
2.0.0-M3,openjpa-persistence/src/main/java/org/apache/openjpa/persistence/PersistenceProductDerivation.java,57
2.0.0-M3,openjpa-persistence/src/main/java/org/apache/openjpa/persistence/PersistenceProviderImpl.java,9
2.0.0-M3,openjpa-persistence/src/main/java/org/apache/openjpa/persistence/PersistenceUnitInfoImpl.java,33
2.0.0-M3,openjpa-persistence/src/main/java/org/apache/openjpa/persistence/PessimisticLockException.java,1
2.0.0-M3,openjpa-persistence/src/main/java/org/apache/openjpa/persistence/QueryImpl.java,47
2.0.0-M3,openjpa-persistence/src/main/java/org/apache/openjpa/persistence/QueryOperationType.java,1
2.0.0-M3,openjpa-persistence/src/main/java/org/apache/openjpa/persistence/QueryResultCache.java,6
2.0.0-M3,openjpa-persistence/src/main/java/org/apache/openjpa/persistence/QueryResultCacheImpl.java,9
2.0.0-M3,openjpa-persistence/src/main/java/org/apache/openjpa/persistence/QueryTimeoutException.java,1
2.0.0-M3,openjpa-persistence/src/main/java/org/apache/openjpa/persistence/RestoreStateType.java,1
2.0.0-M3,openjpa-persistence/src/main/java/org/apache/openjpa/persistence/RollbackException.java,1
2.0.0-M3,openjpa-persistence/src/main/java/org/apache/openjpa/persistence/StoreCache.java,16
2.0.0-M3,openjpa-persistence/src/main/java/org/apache/openjpa/persistence/StoreCacheImpl.java,14
2.0.0-M3,openjpa-persistence/src/main/java/org/apache/openjpa/persistence/TransactionRequiredException.java,1
2.0.0-M3,openjpa-persistence/src/main/java/org/apache/openjpa/persistence/TupleFactory.java,5
2.0.0-M3,openjpa-persistence/src/main/java/org/apache/openjpa/persistence/TupleImpl.java,2
2.0.0-M3,openjpa-persistence/src/main/java/org/apache/openjpa/persistence/XMLPersistenceMetaDataParser.java,187
2.0.0-M3,openjpa-persistence/src/main/java/org/apache/openjpa/persistence/XMLPersistenceMetaDataSerializer.java,196
2.0.0-M3,openjpa-persistence/src/main/java/org/apache/openjpa/persistence/criteria/CompareByExample.java,5
2.0.0-M3,openjpa-persistence/src/main/java/org/apache/openjpa/persistence/criteria/ComparisonStyle.java,15
2.0.0-M3,openjpa-persistence/src/main/java/org/apache/openjpa/persistence/criteria/CompoundSelections.java,14
2.0.0-M3,openjpa-persistence/src/main/java/org/apache/openjpa/persistence/criteria/CriteriaBuilder.java,5
2.0.0-M3,openjpa-persistence/src/main/java/org/apache/openjpa/persistence/criteria/CriteriaExpressionBuilder.java,10
2.0.0-M3,openjpa-persistence/src/main/java/org/apache/openjpa/persistence/criteria/CriteriaExpressionVisitor.java,8
2.0.0-M3,openjpa-persistence/src/main/java/org/apache/openjpa/persistence/criteria/CriteriaQueryImpl.java,39
2.0.0-M3,openjpa-persistence/src/main/java/org/apache/openjpa/persistence/criteria/ExpressionImpl.java,3
2.0.0-M3,openjpa-persistence/src/main/java/org/apache/openjpa/persistence/criteria/Expressions.java,55
2.0.0-M3,openjpa-persistence/src/main/java/org/apache/openjpa/persistence/criteria/FetchPathImpl.java,1
2.0.0-M3,openjpa-persistence/src/main/java/org/apache/openjpa/persistence/criteria/FromImpl.java,4
2.0.0-M3,openjpa-persistence/src/main/java/org/apache/openjpa/persistence/criteria/Joins.java,15
2.0.0-M3,openjpa-persistence/src/main/java/org/apache/openjpa/persistence/criteria/OpenJPACriteriaBuilder.java,6
2.0.0-M3,openjpa-persistence/src/main/java/org/apache/openjpa/persistence/criteria/OpenJPACriteriaQuery.java,3
2.0.0-M3,openjpa-persistence/src/main/java/org/apache/openjpa/persistence/criteria/ParameterExpressionImpl.java,3
2.0.0-M3,openjpa-persistence/src/main/java/org/apache/openjpa/persistence/criteria/PathImpl.java,12
2.0.0-M3,openjpa-persistence/src/main/java/org/apache/openjpa/persistence/criteria/PredicateImpl.java,7
2.0.0-M3,openjpa-persistence/src/main/java/org/apache/openjpa/persistence/criteria/RootImpl.java,5
2.0.0-M3,openjpa-persistence/src/main/java/org/apache/openjpa/persistence/criteria/SelectionImpl.java,8
2.0.0-M3,openjpa-persistence/src/main/java/org/apache/openjpa/persistence/criteria/SubqueryImpl.java,16
2.0.0-M3,openjpa-persistence/src/main/java/org/apache/openjpa/persistence/meta/AbstractManagedType.java,54
2.0.0-M3,openjpa-persistence/src/main/java/org/apache/openjpa/persistence/meta/AnnotationProcessor6.java,36
2.0.0-M3,openjpa-persistence/src/main/java/org/apache/openjpa/persistence/meta/CompileTimeLogger.java,8
2.0.0-M3,openjpa-persistence/src/main/java/org/apache/openjpa/persistence/meta/Members.java,13
2.0.0-M3,openjpa-persistence/src/main/java/org/apache/openjpa/persistence/meta/MetadataProcessor.java,6
2.0.0-M3,openjpa-persistence/src/main/java/org/apache/openjpa/persistence/meta/MetamodelImpl.java,32
2.0.0-M3,openjpa-persistence/src/main/java/org/apache/openjpa/persistence/meta/SourceAnnotationHandler.java,27
2.0.0-M3,openjpa-persistence/src/main/java/org/apache/openjpa/persistence/meta/Types.java,4
2.0.0-M3,openjpa-persistence/src/main/java/org/apache/openjpa/persistence/query/AbstractPath.java,5
2.0.0-M3,openjpa-persistence/src/main/java/org/apache/openjpa/persistence/query/AliasContext.java,5
2.0.0-M3,openjpa-persistence/src/main/java/org/apache/openjpa/persistence/query/ArrayExpression.java,1
2.0.0-M3,openjpa-persistence/src/main/java/org/apache/openjpa/persistence/query/BinaryConditionalOperator.java,1
2.0.0-M3,openjpa-persistence/src/main/java/org/apache/openjpa/persistence/query/BinaryExpressionPredicate.java,3
2.0.0-M3,openjpa-persistence/src/main/java/org/apache/openjpa/persistence/query/BinaryFunctionalOperator.java,1
2.0.0-M3,openjpa-persistence/src/main/java/org/apache/openjpa/persistence/query/BinaryOperatorExpression.java,1
2.0.0-M3,openjpa-persistence/src/main/java/org/apache/openjpa/persistence/query/CaseExpressionImpl.java,3
2.0.0-M3,openjpa-persistence/src/main/java/org/apache/openjpa/persistence/query/ConstantExpression.java,1
2.0.0-M3,openjpa-persistence/src/main/java/org/apache/openjpa/persistence/query/CurrentTimeExpression.java,3
2.0.0-M3,openjpa-persistence/src/main/java/org/apache/openjpa/persistence/query/ExpressionImpl.java,2
2.0.0-M3,openjpa-persistence/src/main/java/org/apache/openjpa/persistence/query/JPQLHelper.java,6
2.0.0-M3,openjpa-persistence/src/main/java/org/apache/openjpa/persistence/query/JoinPath.java,3
2.0.0-M3,openjpa-persistence/src/main/java/org/apache/openjpa/persistence/query/NavigationPath.java,2
2.0.0-M3,openjpa-persistence/src/main/java/org/apache/openjpa/persistence/query/NewInstance.java,2
2.0.0-M3,openjpa-persistence/src/main/java/org/apache/openjpa/persistence/query/OpenJPAQueryBuilder.java,3
2.0.0-M3,openjpa-persistence/src/main/java/org/apache/openjpa/persistence/query/OperatorPath.java,1
2.0.0-M3,openjpa-persistence/src/main/java/org/apache/openjpa/persistence/query/OrderableItem.java,1
2.0.0-M3,openjpa-persistence/src/main/java/org/apache/openjpa/persistence/query/PathOperator.java,1
2.0.0-M3,openjpa-persistence/src/main/java/org/apache/openjpa/persistence/query/QueryBuilderImpl.java,1
2.0.0-M3,openjpa-persistence/src/main/java/org/apache/openjpa/persistence/query/QueryDefinitionImpl.java,20
2.0.0-M3,openjpa-persistence/src/main/java/org/apache/openjpa/persistence/query/RootPath.java,1
2.0.0-M3,openjpa-persistence/src/main/java/org/apache/openjpa/persistence/query/UnaryConditionalOperator.java,1
2.0.0-M3,openjpa-persistence/src/main/java/org/apache/openjpa/persistence/query/UnaryExpressionPredicate.java,1
2.0.0-M3,openjpa-persistence/src/main/java/org/apache/openjpa/persistence/query/UnaryFunctionalOperator.java,1
2.0.0-M3,openjpa-persistence/src/main/java/org/apache/openjpa/persistence/query/UnaryOperator.java,1
2.0.0-M3,openjpa-persistence/src/main/java/org/apache/openjpa/persistence/query/WhenClause.java,1
2.0.0-M3,openjpa-persistence/src/main/java/org/apache/openjpa/persistence/util/ReservedWords.java,6
2.0.0-M3,openjpa-persistence/src/main/java/org/apache/openjpa/persistence/util/SourceCode.java,58
2.0.0-M3,openjpa-persistence/src/main/java/org/apache/openjpa/persistence/validation/TraversableResolverImpl.java,3
2.0.0-M3,openjpa-persistence/src/main/java/org/apache/openjpa/persistence/validation/ValidationUtils.java,7
2.0.0-M3,openjpa-persistence/src/main/java/org/apache/openjpa/persistence/validation/ValidatorImpl.java,12
2.0.0-M3,openjpa-slice/src/main/java/org/apache/openjpa/slice/DistributedBrokerFactory.java,1
2.0.0-M3,openjpa-slice/src/main/java/org/apache/openjpa/slice/DistributedBrokerImpl.java,2
2.0.0-M3,openjpa-slice/src/main/java/org/apache/openjpa/slice/DistributedStoreManager.java,1
2.0.0-M3,openjpa-slice/src/main/java/org/apache/openjpa/slice/DistributionPolicy.java,2
2.0.0-M3,openjpa-slice/src/main/java/org/apache/openjpa/slice/ProductDerivation.java,3
2.0.0-M3,openjpa-slice/src/main/java/org/apache/openjpa/slice/ReentrantSliceLock.java,3
2.0.0-M3,openjpa-slice/src/main/java/org/apache/openjpa/slice/ReplicationPolicy.java,3
2.0.0-M3,openjpa-slice/src/main/java/org/apache/openjpa/slice/Slice.java,6
2.0.0-M3,openjpa-slice/src/main/java/org/apache/openjpa/slice/SliceImplHelper.java,8
2.0.0-M3,openjpa-slice/src/main/java/org/apache/openjpa/slice/SliceInfo.java,6
2.0.0-M3,openjpa-slice/src/main/java/org/apache/openjpa/slice/SlicePersistence.java,8
2.0.0-M3,openjpa-slice/src/main/java/org/apache/openjpa/slice/SliceThread.java,2
2.0.0-M3,openjpa-slice/src/main/java/org/apache/openjpa/slice/jdbc/DistributedConnection.java,73
2.0.0-M3,openjpa-slice/src/main/java/org/apache/openjpa/slice/jdbc/DistributedDataSource.java,10
2.0.0-M3,openjpa-slice/src/main/java/org/apache/openjpa/slice/jdbc/DistributedJDBCBrokerFactory.java,6
2.0.0-M3,openjpa-slice/src/main/java/org/apache/openjpa/slice/jdbc/DistributedJDBCConfigurationImpl.java,33
2.0.0-M3,openjpa-slice/src/main/java/org/apache/openjpa/slice/jdbc/DistributedJDBCStoreManager.java,47
2.0.0-M3,openjpa-slice/src/main/java/org/apache/openjpa/slice/jdbc/DistributedPreparedStatement.java,107
2.0.0-M3,openjpa-slice/src/main/java/org/apache/openjpa/slice/jdbc/DistributedResultSet.java,154
2.0.0-M3,openjpa-slice/src/main/java/org/apache/openjpa/slice/jdbc/DistributedStoreQuery.java,25
2.0.0-M3,openjpa-slice/src/main/java/org/apache/openjpa/slice/jdbc/DistributedTemplate.java,95
2.0.0-M3,openjpa-slice/src/main/java/org/apache/openjpa/slice/jdbc/UniqueResultObjectProvider.java,15
2.0.0-M3,openjpa-xmlstore/src/main/java/org/apache/openjpa/xmlstore/ObjectData.java,26
2.0.0-M3,openjpa-xmlstore/src/main/java/org/apache/openjpa/xmlstore/XMLConfiguration.java,2
2.0.0-M3,openjpa-xmlstore/src/main/java/org/apache/openjpa/xmlstore/XMLFileHandler.java,51
2.0.0-M3,openjpa-xmlstore/src/main/java/org/apache/openjpa/xmlstore/XMLStore.java,10
2.0.0-M3,openjpa-xmlstore/src/main/java/org/apache/openjpa/xmlstore/XMLStoreManager.java,20
