TicketKey,File
OPENJPA-100,openjpa-kernel/src/main/java/org/apache/openjpa/meta/AbstractCFMetaDataFactory.java
OPENJPA-100,openjpa-persistence/src/main/java/org/apache/openjpa/persistence/PersistenceMetaDataFactory.java
OPENJPA-1001,openjpa-jdbc/src/main/java/org/apache/openjpa/jdbc/kernel/JDBCStoreManager.java
OPENJPA-1001,openjpa-jdbc/src/main/java/org/apache/openjpa/jdbc/meta/strats/RelationFieldStrategy.java
OPENJPA-1001,openjpa-jdbc/src/main/java/org/apache/openjpa/jdbc/sql/LogicalUnion.java
OPENJPA-1001,openjpa-jdbc/src/main/java/org/apache/openjpa/jdbc/sql/SelectExecutor.java
OPENJPA-1001,openjpa-jdbc/src/main/java/org/apache/openjpa/jdbc/sql/SelectImpl.java
OPENJPA-1002,openjpa-jdbc/src/main/java/org/apache/openjpa/jdbc/sql/DBDictionary.java
OPENJPA-1002,openjpa-jdbc/src/main/java/org/apache/openjpa/jdbc/sql/OracleDictionary.java
OPENJPA-1004,openjpa-jdbc/src/main/java/org/apache/openjpa/jdbc/kernel/AbstractUpdateManager.java
OPENJPA-1004,openjpa-jdbc/src/main/java/org/apache/openjpa/jdbc/kernel/PreparedStatementManagerImpl.java
OPENJPA-1004,openjpa-kernel/src/main/java/org/apache/openjpa/kernel/StateManagerImpl.java
OPENJPA-102,openjpa-kernel/src/main/java/org/apache/openjpa/conf/AutoDetachValue.java
OPENJPA-102,openjpa-kernel/src/main/java/org/apache/openjpa/kernel/AutoDetach.java
OPENJPA-102,openjpa-kernel/src/main/java/org/apache/openjpa/kernel/BrokerImpl.java
OPENJPA-102,openjpa-kernel/src/main/java/org/apache/openjpa/kernel/DetachManager.java
OPENJPA-102,openjpa-persistence/src/main/java/org/apache/openjpa/persistence/EntityManagerFactoryImpl.java
OPENJPA-1020,openjpa-jdbc/src/main/java/org/apache/openjpa/jdbc/kernel/JDBCStoreManager.java
OPENJPA-1025,openjpa-lib/src/main/java/org/apache/openjpa/lib/rop/AbstractNonSequentialResultList.java
OPENJPA-1025,openjpa-lib/src/main/java/org/apache/openjpa/lib/rop/AbstractResultList.java
OPENJPA-1025,openjpa-lib/src/main/java/org/apache/openjpa/lib/rop/LazyForwardResultList.java
OPENJPA-1025,openjpa-lib/src/main/java/org/apache/openjpa/lib/rop/ListResultList.java
OPENJPA-1028,openjpa-jdbc/src/main/java/org/apache/openjpa/jdbc/meta/strats/RelationFieldStrategy.java
OPENJPA-1029,openjpa-jdbc/src/main/java/org/apache/openjpa/jdbc/sql/SQLServerDictionary.java
OPENJPA-103,openjpa-persistence/src/main/java/org/apache/openjpa/persistence/XMLPersistenceMetaDataParser.java
OPENJPA-1039,openjpa-persistence/src/main/java/org/apache/openjpa/persistence/query/LogicalPredicate.java
OPENJPA-104,openjpa-kernel/src/main/java/org/apache/openjpa/conf/AutoDetachValue.java
OPENJPA-104,openjpa-kernel/src/main/java/org/apache/openjpa/kernel/AutoDetach.java
OPENJPA-104,openjpa-kernel/src/main/java/org/apache/openjpa/kernel/BrokerImpl.java
OPENJPA-104,openjpa-kernel/src/main/java/org/apache/openjpa/kernel/DetachManager.java
OPENJPA-104,openjpa-persistence/src/main/java/org/apache/openjpa/persistence/EntityManagerFactoryImpl.java
OPENJPA-1041,openjpa-jdbc/src/main/java/org/apache/openjpa/jdbc/meta/JDBCRelatedFieldOrder.java
OPENJPA-1041,openjpa-kernel/src/main/java/org/apache/openjpa/meta/MetaDataRepository.java
OPENJPA-1041,openjpa-persistence/src/main/java/org/apache/openjpa/persistence/AnnotationPersistenceMetaDataParser.java
OPENJPA-1049,openjpa-kernel/src/main/java/org/apache/openjpa/enhance/PCEnhancer.java
OPENJPA-1051,openjpa-jdbc/src/main/java/org/apache/openjpa/jdbc/kernel/TableJDBCSeq.java
OPENJPA-1051,openjpa-jdbc/src/main/java/org/apache/openjpa/jdbc/meta/MappingDefaultsImpl.java
OPENJPA-1051,openjpa-jdbc/src/main/java/org/apache/openjpa/jdbc/meta/MappingTool.java
OPENJPA-1051,openjpa-jdbc/src/main/java/org/apache/openjpa/jdbc/schema/Constraint.java
OPENJPA-1051,openjpa-jdbc/src/main/java/org/apache/openjpa/jdbc/schema/LocalConstraint.java
OPENJPA-1051,openjpa-jdbc/src/main/java/org/apache/openjpa/jdbc/schema/NameSet.java
OPENJPA-1051,openjpa-jdbc/src/main/java/org/apache/openjpa/jdbc/schema/SchemaTool.java
OPENJPA-1051,openjpa-jdbc/src/main/java/org/apache/openjpa/jdbc/schema/Table.java
OPENJPA-1051,openjpa-jdbc/src/main/java/org/apache/openjpa/jdbc/schema/Unique.java
OPENJPA-1051,openjpa-jdbc/src/main/java/org/apache/openjpa/jdbc/sql/AbstractDB2Dictionary.java
OPENJPA-1051,openjpa-jdbc/src/main/java/org/apache/openjpa/jdbc/sql/DBDictionary.java
OPENJPA-1051,openjpa-persistence/src/main/java/org/apache/openjpa/persistence/QueryImpl.java
OPENJPA-1053,openjpa-kernel/src/main/java/org/apache/openjpa/kernel/BrokerImpl.java
OPENJPA-1053,openjpa-kernel/src/main/java/org/apache/openjpa/kernel/SingleFieldManager.java
OPENJPA-1053,openjpa-kernel/src/main/java/org/apache/openjpa/kernel/StateManagerImpl.java
OPENJPA-1053,openjpa-persistence/src/main/java/org/apache/openjpa/persistence/QueryImpl.java
OPENJPA-1054,openjpa-jdbc/src/main/java/org/apache/openjpa/jdbc/sql/DBDictionary.java
OPENJPA-1054,openjpa-jdbc/src/main/java/org/apache/openjpa/jdbc/sql/MySQLDictionary.java
OPENJPA-1054,openjpa-jdbc/src/main/java/org/apache/openjpa/jdbc/sql/SQLBuffer.java
OPENJPA-1060,openjpa-lib/src/main/java/org/apache/openjpa/lib/rop/AbstractResultList.java
OPENJPA-1061,openjpa-kernel/src/main/java/org/apache/openjpa/enhance/PCEnhancer.java
OPENJPA-1061,openjpa-kernel/src/main/java/org/apache/openjpa/meta/ClassMetaData.java
OPENJPA-1061,openjpa-persistence/src/main/java/org/apache/openjpa/persistence/AnnotationPersistenceMetaDataParser.java
OPENJPA-1061,openjpa-persistence/src/main/java/org/apache/openjpa/persistence/XMLPersistenceMetaDataParser.java
OPENJPA-1067,openjpa-jdbc/src/main/java/org/apache/openjpa/jdbc/kernel/PessimisticLockManager.java
OPENJPA-1067,openjpa-jdbc/src/main/java/org/apache/openjpa/jdbc/sql/DB2Dictionary.java
OPENJPA-1067,openjpa-jdbc/src/main/java/org/apache/openjpa/jdbc/sql/DBDictionary.java
OPENJPA-1067,openjpa-jdbc/src/main/java/org/apache/openjpa/jdbc/sql/SelectImpl.java
OPENJPA-1072,openjpa-jdbc/src/main/java/org/apache/openjpa/jdbc/meta/ValueMappingImpl.java
OPENJPA-1072,openjpa-jdbc/src/main/java/org/apache/openjpa/jdbc/meta/strats/HandlerCollectionTableFieldStrategy.java
OPENJPA-1074,openjpa-jdbc/src/main/java/org/apache/openjpa/jdbc/meta/strats/HandlerCollectionTableFieldStrategy.java
OPENJPA-1074,openjpa-jdbc/src/main/java/org/apache/openjpa/jdbc/meta/strats/RelationToManyInverseKeyFieldStrategy.java
OPENJPA-1074,openjpa-jdbc/src/main/java/org/apache/openjpa/jdbc/meta/strats/RelationToManyTableFieldStrategy.java
OPENJPA-1097,openjpa-kernel/src/main/java/org/apache/openjpa/kernel/DetachManager.java
OPENJPA-1097,openjpa-kernel/src/main/java/org/apache/openjpa/meta/ClassMetaData.java
OPENJPA-1097,openjpa-kernel/src/main/java/org/apache/openjpa/util/Proxies.java
OPENJPA-1100,openjpa-jdbc/src/main/java/org/apache/openjpa/jdbc/meta/MappingRepository.java
OPENJPA-1116,openjpa-persistence-jdbc/src/main/java/org/apache/openjpa/persistence/jdbc/AnnotationPersistenceMappingParser.java
OPENJPA-1119,openjpa-kernel/src/main/java/org/apache/openjpa/enhance/InstrumentationFactory.java
OPENJPA-112,openjpa-persistence/src/main/java/org/apache/openjpa/persistence/QueryImpl.java
OPENJPA-1120,openjpa-kernel/src/main/java/org/apache/openjpa/util/BigDecimalId.java
OPENJPA-1120,openjpa-kernel/src/main/java/org/apache/openjpa/util/BigIntegerId.java
OPENJPA-1121,openjpa-lib/src/main/java/org/apache/openjpa/lib/util/TemporaryClassLoader.java
OPENJPA-1125,openjpa-kernel/src/main/java/org/apache/openjpa/enhance/PCEnhancerAgent.java
OPENJPA-1129,openjpa-persistence/src/main/java/org/apache/openjpa/persistence/AnnotationPersistenceMetaDataParser.java
OPENJPA-113,openjpa-jdbc/src/main/java/org/apache/openjpa/jdbc/meta/FieldMapping.java
OPENJPA-1132,openjpa-jdbc/src/main/java/org/apache/openjpa/jdbc/sql/MySQLDictionary.java
OPENJPA-1133,openjpa-jdbc/src/main/java/org/apache/openjpa/jdbc/sql/PostgresDictionary.java
OPENJPA-1135,openjpa-lib/src/main/java/org/apache/openjpa/lib/meta/XMLMetaDataParser.java
OPENJPA-1135,openjpa-persistence-jdbc/src/main/java/org/apache/openjpa/persistence/jdbc/AnnotationPersistenceMappingParser.java
OPENJPA-1135,openjpa-persistence-jdbc/src/main/java/org/apache/openjpa/persistence/jdbc/XMLPersistenceMappingParser.java
OPENJPA-1135,openjpa-persistence/src/main/java/org/apache/openjpa/persistence/PersistenceMetaDataDefaults.java
OPENJPA-1135,openjpa-persistence/src/main/java/org/apache/openjpa/persistence/PersistenceMetaDataFactory.java
OPENJPA-1135,openjpa-persistence/src/main/java/org/apache/openjpa/persistence/XMLPersistenceMetaDataParser.java
OPENJPA-1141,openjpa-kernel/src/main/java/org/apache/openjpa/conf/Compatibility.java
OPENJPA-1141,openjpa-kernel/src/main/java/org/apache/openjpa/meta/MetaDataRepository.java
OPENJPA-1142,openjpa-jdbc/src/main/java/org/apache/openjpa/jdbc/kernel/GenericResultObjectProvider.java
OPENJPA-1142,openjpa-jdbc/src/main/java/org/apache/openjpa/jdbc/kernel/JDBCStoreManager.java
OPENJPA-1142,openjpa-jdbc/src/main/java/org/apache/openjpa/jdbc/kernel/PessimisticLockManager.java
OPENJPA-1142,openjpa-jdbc/src/main/java/org/apache/openjpa/jdbc/kernel/SelectResultObjectProvider.java
OPENJPA-1142,openjpa-jdbc/src/main/java/org/apache/openjpa/jdbc/sql/SQLExceptions.java
OPENJPA-115,openjpa-kernel/src/main/java/org/apache/openjpa/kernel/AbstractBrokerFactory.java
OPENJPA-1155,openjpa-kernel/src/main/java/org/apache/openjpa/kernel/BrokerImpl.java
OPENJPA-1158,openjpa-jdbc/src/main/java/org/apache/openjpa/jdbc/sql/AbstractResult.java
OPENJPA-116,openjpa-persistence/src/main/java/org/apache/openjpa/persistence/EntityManagerImpl.java
OPENJPA-1163,openjpa-kernel/src/main/java/org/apache/openjpa/conf/Compatibility.java
OPENJPA-1163,openjpa-kernel/src/main/java/org/apache/openjpa/kernel/DetachManager.java
OPENJPA-1163,openjpa-kernel/src/main/java/org/apache/openjpa/kernel/SingleFieldManager.java
OPENJPA-1163,openjpa-kernel/src/main/java/org/apache/openjpa/kernel/StateManagerImpl.java
OPENJPA-1163,openjpa-kernel/src/main/java/org/apache/openjpa/util/AbstractLRSProxyCollection.java
OPENJPA-1163,openjpa-kernel/src/main/java/org/apache/openjpa/util/AbstractLRSProxyMap.java
OPENJPA-1163,openjpa-kernel/src/main/java/org/apache/openjpa/util/CollectionChangeTrackerImpl.java
OPENJPA-1163,openjpa-kernel/src/main/java/org/apache/openjpa/util/MapChangeTrackerImpl.java
OPENJPA-1163,openjpa-kernel/src/main/java/org/apache/openjpa/util/ProxyCollection.java
OPENJPA-1163,openjpa-kernel/src/main/java/org/apache/openjpa/util/ProxyManager.java
OPENJPA-1163,openjpa-kernel/src/main/java/org/apache/openjpa/util/ProxyManagerImpl.java
OPENJPA-1163,openjpa-kernel/src/main/java/org/apache/openjpa/util/ProxyMap.java
OPENJPA-1165,openjpa-jdbc/src/main/java/org/apache/openjpa/jdbc/schema/Unique.java
OPENJPA-1168,openjpa-lib/src/main/java/org/apache/openjpa/lib/util/UUIDGenerator.java
OPENJPA-1174,openjpa-persistence/src/main/java/org/apache/openjpa/persistence/XMLPersistenceMetaDataParser.java
OPENJPA-118,openjpa-kernel/src/main/java/org/apache/openjpa/conf/AutoDetachValue.java
OPENJPA-118,openjpa-lib/src/main/java/org/apache/openjpa/lib/conf/StringListValue.java
OPENJPA-118,openjpa-persistence/src/main/java/org/apache/openjpa/persistence/EntityManagerFactoryImpl.java
OPENJPA-1184,openjpa-jdbc/src/main/java/org/apache/openjpa/jdbc/kernel/JDBCStoreManager.java
OPENJPA-1185,openjpa-jdbc/src/main/java/org/apache/openjpa/jdbc/kernel/JDBCStoreQuery.java
OPENJPA-1185,openjpa-jdbc/src/main/java/org/apache/openjpa/jdbc/kernel/exps/AbstractVal.java
OPENJPA-1185,openjpa-jdbc/src/main/java/org/apache/openjpa/jdbc/kernel/exps/CompareExpression.java
OPENJPA-1185,openjpa-jdbc/src/main/java/org/apache/openjpa/jdbc/kernel/exps/ConstPath.java
OPENJPA-1185,openjpa-jdbc/src/main/java/org/apache/openjpa/jdbc/kernel/exps/ContainsExpression.java
OPENJPA-1185,openjpa-jdbc/src/main/java/org/apache/openjpa/jdbc/kernel/exps/JDBCExpressionFactory.java
OPENJPA-1185,openjpa-jdbc/src/main/java/org/apache/openjpa/jdbc/kernel/exps/Lit.java
OPENJPA-1185,openjpa-jdbc/src/main/java/org/apache/openjpa/jdbc/kernel/exps/NotContainsExpression.java
OPENJPA-1185,openjpa-jdbc/src/main/java/org/apache/openjpa/jdbc/kernel/exps/PCPath.java
OPENJPA-1185,openjpa-jdbc/src/main/java/org/apache/openjpa/jdbc/kernel/exps/SelectConstructor.java
OPENJPA-1185,openjpa-jdbc/src/main/java/org/apache/openjpa/jdbc/kernel/exps/SubQ.java
OPENJPA-1185,openjpa-jdbc/src/main/java/org/apache/openjpa/jdbc/kernel/exps/Variable.java
OPENJPA-1185,openjpa-jdbc/src/main/java/org/apache/openjpa/jdbc/meta/FieldMapping.java
OPENJPA-1185,openjpa-jdbc/src/main/java/org/apache/openjpa/jdbc/schema/Table.java
OPENJPA-1185,openjpa-jdbc/src/main/java/org/apache/openjpa/jdbc/sql/AbstractResult.java
OPENJPA-1185,openjpa-jdbc/src/main/java/org/apache/openjpa/jdbc/sql/DBDictionary.java
OPENJPA-1185,openjpa-jdbc/src/main/java/org/apache/openjpa/jdbc/sql/Join.java
OPENJPA-1185,openjpa-jdbc/src/main/java/org/apache/openjpa/jdbc/sql/Joins.java
OPENJPA-1185,openjpa-jdbc/src/main/java/org/apache/openjpa/jdbc/sql/LogicalUnion.java
OPENJPA-1185,openjpa-jdbc/src/main/java/org/apache/openjpa/jdbc/sql/Select.java
OPENJPA-1185,openjpa-jdbc/src/main/java/org/apache/openjpa/jdbc/sql/SelectImpl.java
OPENJPA-1185,openjpa-kernel/src/main/java/org/apache/openjpa/kernel/exps/AbstractExpressionBuilder.java
OPENJPA-1185,openjpa-kernel/src/main/java/org/apache/openjpa/kernel/exps/CandidatePath.java
OPENJPA-1185,openjpa-kernel/src/main/java/org/apache/openjpa/kernel/exps/Context.java
OPENJPA-1185,openjpa-kernel/src/main/java/org/apache/openjpa/kernel/exps/Literal.java
OPENJPA-1185,openjpa-kernel/src/main/java/org/apache/openjpa/kernel/exps/Path.java
OPENJPA-1185,openjpa-kernel/src/main/java/org/apache/openjpa/kernel/exps/QueryExpressions.java
OPENJPA-1185,openjpa-kernel/src/main/java/org/apache/openjpa/kernel/exps/SubQ.java
OPENJPA-1185,openjpa-kernel/src/main/java/org/apache/openjpa/kernel/exps/Subquery.java
OPENJPA-1185,openjpa-kernel/src/main/java/org/apache/openjpa/kernel/exps/Val.java
OPENJPA-1185,openjpa-kernel/src/main/java/org/apache/openjpa/kernel/exps/Value.java
OPENJPA-1185,openjpa-kernel/src/main/java/org/apache/openjpa/kernel/jpql/JPQLExpressionBuilder.java
OPENJPA-1185,openjpa-persistence/src/main/java/org/apache/openjpa/persistence/criteria/CriteriaExpressionBuilder.java
OPENJPA-1185,openjpa-persistence/src/main/java/org/apache/openjpa/persistence/criteria/CriteriaQueryImpl.java
OPENJPA-1185,openjpa-persistence/src/main/java/org/apache/openjpa/persistence/criteria/Joins.java
OPENJPA-1189,openjpa-jdbc/src/main/java/org/apache/openjpa/jdbc/kernel/TableJDBCSeq.java
OPENJPA-1189,openjpa-jdbc/src/main/java/org/apache/openjpa/jdbc/schema/DynamicSchemaFactory.java
OPENJPA-1189,openjpa-jdbc/src/main/java/org/apache/openjpa/jdbc/schema/ForeignKey.java
OPENJPA-1189,openjpa-jdbc/src/main/java/org/apache/openjpa/jdbc/schema/SchemaGenerator.java
OPENJPA-1189,openjpa-jdbc/src/main/java/org/apache/openjpa/jdbc/schema/SchemaTool.java
OPENJPA-1189,openjpa-jdbc/src/main/java/org/apache/openjpa/jdbc/schema/Table.java
OPENJPA-1189,openjpa-jdbc/src/main/java/org/apache/openjpa/jdbc/schema/XMLSchemaParser.java
OPENJPA-119,openjpa-kernel/src/main/java/org/apache/openjpa/kernel/AbstractBrokerFactory.java
OPENJPA-119,openjpa-kernel/src/main/java/org/apache/openjpa/kernel/Broker.java
OPENJPA-119,openjpa-kernel/src/main/java/org/apache/openjpa/kernel/BrokerImpl.java
OPENJPA-119,openjpa-kernel/src/main/java/org/apache/openjpa/kernel/DelegatingBroker.java
OPENJPA-119,openjpa-persistence/src/main/java/org/apache/openjpa/persistence/EntityManagerImpl.java
OPENJPA-1200,openjpa-jdbc/src/main/java/org/apache/openjpa/jdbc/kernel/JDBCStoreManager.java
OPENJPA-1200,openjpa-kernel/src/main/java/org/apache/openjpa/conf/Compatibility.java
OPENJPA-1201,openjpa-jdbc/src/main/java/org/apache/openjpa/jdbc/kernel/JDBCStoreManager.java
OPENJPA-1204,openjpa-jdbc/src/main/java/org/apache/openjpa/jdbc/meta/strats/EmbedValueHandler.java
OPENJPA-121,openjpa-persistence-jdbc/src/main/java/org/apache/openjpa/persistence/jdbc/PersistenceMappingDefaults.java
OPENJPA-1211,openjpa-persistence/src/main/java/org/apache/openjpa/persistence/criteria/FromImpl.java
OPENJPA-1218,openjpa-kernel/src/main/java/org/apache/openjpa/datacache/ConcurrentDataCache.java
OPENJPA-1218,openjpa-persistence/src/main/java/org/apache/openjpa/persistence/StoreCacheImpl.java
OPENJPA-122,openjpa-persistence/src/main/java/org/apache/openjpa/persistence/EntityManagerImpl.java
OPENJPA-1224,openjpa-jdbc/src/main/java/org/apache/openjpa/jdbc/sql/AbstractDB2Dictionary.java
OPENJPA-1224,openjpa-jdbc/src/main/java/org/apache/openjpa/jdbc/sql/DBDictionary.java
OPENJPA-1224,openjpa-jdbc/src/main/java/org/apache/openjpa/jdbc/sql/MySQLDictionary.java
OPENJPA-1226,openjpa-kernel/src/main/java/org/apache/openjpa/kernel/DetachedStateManager.java
OPENJPA-1226,openjpa-kernel/src/main/java/org/apache/openjpa/kernel/VersionAttachStrategy.java
OPENJPA-1227,openjpa-jdbc/src/main/java/org/apache/openjpa/jdbc/kernel/JDBCStoreManager.java
OPENJPA-1230,openjpa-persistence/src/main/java/org/apache/openjpa/persistence/PersistenceUnitInfoImpl.java
OPENJPA-1232,openjpa-kernel/src/main/java/org/apache/openjpa/kernel/AbstractPCData.java
OPENJPA-1239,openjpa-persistence/src/main/java/org/apache/openjpa/persistence/PersistenceMetaDataDefaults.java
OPENJPA-1242,openjpa-kernel/src/main/java/org/apache/openjpa/kernel/SingleFieldManager.java
OPENJPA-1242,openjpa-kernel/src/main/java/org/apache/openjpa/kernel/StateManagerImpl.java
OPENJPA-1243,openjpa-jdbc/src/main/java/org/apache/openjpa/jdbc/kernel/exps/Distinct.java
OPENJPA-1243,openjpa-jdbc/src/main/java/org/apache/openjpa/jdbc/schema/SchemaGenerator.java
OPENJPA-1243,openjpa-jdbc/src/main/java/org/apache/openjpa/jdbc/schema/SchemaTool.java
OPENJPA-1243,openjpa-jdbc/src/main/java/org/apache/openjpa/jdbc/sql/DBDictionary.java
OPENJPA-1243,openjpa-jdbc/src/main/java/org/apache/openjpa/jdbc/sql/InformixDictionary.java
OPENJPA-1248,openjpa-jdbc/src/main/java/org/apache/openjpa/jdbc/meta/strats/LobFieldStrategy.java
OPENJPA-1248,openjpa-jdbc/src/main/java/org/apache/openjpa/jdbc/sql/OracleDictionary.java
OPENJPA-1248,openjpa-jdbc/src/main/java/org/apache/openjpa/jdbc/sql/PostgresDictionary.java
OPENJPA-1248,openjpa-jdbc/src/main/java/org/apache/openjpa/jdbc/sql/SQLServerDictionary.java
OPENJPA-1250,openjpa-jdbc/src/main/java/org/apache/openjpa/jdbc/kernel/JDBCStoreManager.java
OPENJPA-1253,openjpa-jdbc/src/main/java/org/apache/openjpa/jdbc/meta/FieldMappingInfo.java
OPENJPA-1253,openjpa-jdbc/src/main/java/org/apache/openjpa/jdbc/meta/MappingRepository.java
OPENJPA-1253,openjpa-jdbc/src/main/java/org/apache/openjpa/jdbc/meta/ValueMappingInfo.java
OPENJPA-1253,openjpa-jdbc/src/main/java/org/apache/openjpa/jdbc/meta/strats/AbstractFieldStrategy.java
OPENJPA-1253,openjpa-jdbc/src/main/java/org/apache/openjpa/jdbc/meta/strats/HandlerRelationMapTableFieldStrategy.java
OPENJPA-1253,openjpa-jdbc/src/main/java/org/apache/openjpa/jdbc/meta/strats/MapTableFieldStrategy.java
OPENJPA-1253,openjpa-jdbc/src/main/java/org/apache/openjpa/jdbc/meta/strats/RelationFieldStrategy.java
OPENJPA-1253,openjpa-jdbc/src/main/java/org/apache/openjpa/jdbc/meta/strats/RelationRelationMapTableFieldStrategy.java
OPENJPA-1253,openjpa-jdbc/src/main/java/org/apache/openjpa/jdbc/meta/strats/RelationToManyInverseKeyFieldStrategy.java
OPENJPA-1253,openjpa-jdbc/src/main/java/org/apache/openjpa/jdbc/meta/strats/RelationToManyTableFieldStrategy.java
OPENJPA-1253,openjpa-jdbc/src/main/java/org/apache/openjpa/jdbc/schema/Column.java
OPENJPA-1253,openjpa-jdbc/src/main/java/org/apache/openjpa/jdbc/sql/PrimaryRow.java
OPENJPA-1253,openjpa-kernel/src/main/java/org/apache/openjpa/conf/Compatibility.java
OPENJPA-1253,openjpa-kernel/src/main/java/org/apache/openjpa/meta/FieldMetaData.java
OPENJPA-1253,openjpa-kernel/src/main/java/org/apache/openjpa/meta/MetaDataDefaults.java
OPENJPA-1253,openjpa-kernel/src/main/java/org/apache/openjpa/meta/NoneMetaDataFactory.java
OPENJPA-1253,openjpa-persistence-jdbc/src/main/java/org/apache/openjpa/persistence/jdbc/AnnotationPersistenceMappingParser.java
OPENJPA-1253,openjpa-persistence-jdbc/src/main/java/org/apache/openjpa/persistence/jdbc/PersistenceMappingDefaults.java
OPENJPA-1253,openjpa-persistence/src/main/java/org/apache/openjpa/persistence/AnnotationPersistenceMetaDataParser.java
OPENJPA-1253,openjpa-persistence/src/main/java/org/apache/openjpa/persistence/PersistenceMetaDataDefaults.java
OPENJPA-1253,openjpa-persistence/src/main/java/org/apache/openjpa/persistence/PersistenceProductDerivation.java
OPENJPA-1256,openjpa-kernel/src/main/java/org/apache/openjpa/enhance/PCEnhancer.java
OPENJPA-1260,openjpa-kernel/src/main/java/org/apache/openjpa/kernel/BrokerImpl.java
OPENJPA-1269,openjpa-persistence-jdbc/src/main/java/org/apache/openjpa/persistence/jdbc/AnnotationPersistenceMappingParser.java
OPENJPA-1279,openjpa-kernel/src/main/java/org/apache/openjpa/datacache/DataCacheStoreManager.java
OPENJPA-1281,openjpa-jdbc/src/main/java/org/apache/openjpa/jdbc/sql/SQLBuffer.java
OPENJPA-1283,openjpa-jdbc/src/main/java/org/apache/openjpa/jdbc/kernel/exps/PCPath.java
OPENJPA-1286,openjpa-kernel/src/main/java/org/apache/openjpa/conf/Compatibility.java
OPENJPA-1286,openjpa-kernel/src/main/java/org/apache/openjpa/meta/FieldMetaData.java
OPENJPA-1286,openjpa-kernel/src/main/java/org/apache/openjpa/meta/MetaDataDefaults.java
OPENJPA-1286,openjpa-kernel/src/main/java/org/apache/openjpa/meta/NoneMetaDataFactory.java
OPENJPA-1286,openjpa-persistence/src/main/java/org/apache/openjpa/persistence/PersistenceMetaDataDefaults.java
OPENJPA-1286,openjpa-persistence/src/main/java/org/apache/openjpa/persistence/PersistenceProductDerivation.java
OPENJPA-1289,openjpa-jdbc/src/main/java/org/apache/openjpa/jdbc/meta/MappingInfo.java
OPENJPA-1289,openjpa-jdbc/src/main/java/org/apache/openjpa/jdbc/schema/Column.java
OPENJPA-1289,openjpa-jdbc/src/main/java/org/apache/openjpa/jdbc/sql/DB2Dictionary.java
OPENJPA-1289,openjpa-jdbc/src/main/java/org/apache/openjpa/jdbc/sql/DBDictionary.java
OPENJPA-1289,openjpa-jdbc/src/main/java/org/apache/openjpa/jdbc/sql/OracleDictionary.java
OPENJPA-1294,openjpa-jdbc/src/main/java/org/apache/openjpa/jdbc/kernel/JDBCStore.java
OPENJPA-1294,openjpa-jdbc/src/main/java/org/apache/openjpa/jdbc/kernel/JDBCStoreManager.java
OPENJPA-1294,openjpa-jdbc/src/main/java/org/apache/openjpa/jdbc/sql/SelectImpl.java
OPENJPA-1295,openjpa-jdbc/src/main/java/org/apache/openjpa/jdbc/kernel/exps/MatchesExpression.java
OPENJPA-13,openjpa-jdbc/src/main/java/org/apache/openjpa/jdbc/meta/strats/HandlerFieldStrategy.java
OPENJPA-13,openjpa-kernel/src/main/java/org/apache/openjpa/kernel/BrokerImpl.java
OPENJPA-13,openjpa-kernel/src/main/java/org/apache/openjpa/meta/JavaTypes.java
OPENJPA-1302,openjpa-lib/src/main/java/org/apache/openjpa/lib/conf/ProductDerivations.java
OPENJPA-1303,openjpa-jdbc/src/main/java/org/apache/openjpa/jdbc/identifier/ColumnDefIdentifierRule.java
OPENJPA-1303,openjpa-jdbc/src/main/java/org/apache/openjpa/jdbc/identifier/ColumnIdentifierRule.java
OPENJPA-1303,openjpa-jdbc/src/main/java/org/apache/openjpa/jdbc/identifier/DBIdentifier.java
OPENJPA-1303,openjpa-jdbc/src/main/java/org/apache/openjpa/jdbc/sql/DBDictionary.java
OPENJPA-1303,openjpa-jdbc/src/main/java/org/apache/openjpa/jdbc/sql/H2Dictionary.java
OPENJPA-1303,openjpa-jdbc/src/main/java/org/apache/openjpa/jdbc/sql/PostgresDictionary.java
OPENJPA-1303,openjpa-jdbc/src/main/java/org/apache/openjpa/jdbc/sql/SQLServerDictionary.java
OPENJPA-1308,openjpa-jdbc/src/main/java/org/apache/openjpa/jdbc/kernel/exps/ToLowerCase.java
OPENJPA-1308,openjpa-jdbc/src/main/java/org/apache/openjpa/jdbc/kernel/exps/ToUpperCase.java
OPENJPA-1308,openjpa-jdbc/src/main/java/org/apache/openjpa/jdbc/sql/AbstractDB2Dictionary.java
OPENJPA-1308,openjpa-jdbc/src/main/java/org/apache/openjpa/jdbc/sql/DB2Dictionary.java
OPENJPA-1308,openjpa-jdbc/src/main/java/org/apache/openjpa/jdbc/sql/DBDictionary.java
OPENJPA-1308,openjpa-jdbc/src/main/java/org/apache/openjpa/jdbc/sql/DerbyDictionary.java
OPENJPA-1308,openjpa-jdbc/src/main/java/org/apache/openjpa/jdbc/sql/InformixDictionary.java
OPENJPA-132,openjpa-kernel/src/main/java/org/apache/openjpa/enhance/PCEnhancer.java
OPENJPA-132,openjpa-kernel/src/main/java/org/apache/openjpa/util/ApplicationIds.java
OPENJPA-1325,openjpa-persistence/src/main/java/org/apache/openjpa/persistence/XMLPersistenceMetaDataParser.java
OPENJPA-1326,openjpa-jdbc/src/main/java/org/apache/openjpa/jdbc/sql/SybaseDictionary.java
OPENJPA-1328,openjpa-kernel/src/main/java/org/apache/openjpa/datacache/AbstractDataCache.java
OPENJPA-1328,openjpa-kernel/src/main/java/org/apache/openjpa/meta/ClassMetaData.java
OPENJPA-1328,openjpa-persistence/src/main/java/org/apache/openjpa/persistence/AnnotationPersistenceMetaDataParser.java
OPENJPA-133,openjpa-kernel/src/main/java/org/apache/openjpa/event/MethodLifecycleCallbacks.java
OPENJPA-1338,openjpa-kernel/src/main/java/org/apache/openjpa/kernel/jpql/JPQLExpressionBuilder.java
OPENJPA-134,openjpa-jdbc/src/main/java/org/apache/openjpa/jdbc/kernel/DelegatingJDBCFetchConfiguration.java
OPENJPA-134,openjpa-jdbc/src/main/java/org/apache/openjpa/jdbc/kernel/JDBCFetchConfiguration.java
OPENJPA-134,openjpa-jdbc/src/main/java/org/apache/openjpa/jdbc/kernel/JDBCFetchConfigurationImpl.java
OPENJPA-134,openjpa-jdbc/src/main/java/org/apache/openjpa/jdbc/kernel/JDBCStoreManager.java
OPENJPA-134,openjpa-jdbc/src/main/java/org/apache/openjpa/jdbc/kernel/PagingResultObjectProvider.java
OPENJPA-134,openjpa-kernel/src/main/java/org/apache/openjpa/kernel/BrokerImpl.java
OPENJPA-134,openjpa-kernel/src/main/java/org/apache/openjpa/kernel/DelegatingFetchConfiguration.java
OPENJPA-134,openjpa-kernel/src/main/java/org/apache/openjpa/kernel/DetachManager.java
OPENJPA-134,openjpa-kernel/src/main/java/org/apache/openjpa/kernel/FetchConfiguration.java
OPENJPA-134,openjpa-kernel/src/main/java/org/apache/openjpa/kernel/FetchConfigurationImpl.java
OPENJPA-134,openjpa-kernel/src/main/java/org/apache/openjpa/kernel/PCDataImpl.java
OPENJPA-134,openjpa-kernel/src/main/java/org/apache/openjpa/kernel/StateManagerImpl.java
OPENJPA-134,openjpa-kernel/src/main/java/org/apache/openjpa/kernel/VersionAttachStrategy.java
OPENJPA-134,openjpa-xmlstore/src/main/java/org/apache/openjpa/xmlstore/ObjectData.java
OPENJPA-1341,openjpa-kernel/src/main/java/org/apache/openjpa/kernel/BrokerImpl.java
OPENJPA-1344,openjpa-kernel/src/main/java/org/apache/openjpa/kernel/FetchConfigurationImpl.java
OPENJPA-1344,openjpa-persistence/src/main/java/org/apache/openjpa/persistence/EntityManagerImpl.java
OPENJPA-1344,openjpa-persistence/src/main/java/org/apache/openjpa/persistence/QueryImpl.java
OPENJPA-1349,openjpa-persistence/src/main/java/org/apache/openjpa/persistence/PersistenceProductDerivation.java
OPENJPA-1350,openjpa-kernel/src/main/java/org/apache/openjpa/meta/MetaDataRepository.java
OPENJPA-1351,openjpa-jdbc/src/main/java/org/apache/openjpa/jdbc/conf/JDBCConfigurationImpl.java
OPENJPA-1352,openjpa-kernel/src/main/java/org/apache/openjpa/kernel/AttachStrategy.java
OPENJPA-1352,openjpa-kernel/src/main/java/org/apache/openjpa/kernel/SingleFieldManager.java
OPENJPA-1354,openjpa-lib/src/main/java/org/apache/openjpa/lib/jdbc/DelegatingDataSource.java
OPENJPA-1355,openjpa-jdbc/src/main/java/org/apache/openjpa/jdbc/sql/PostgresDictionary.java
OPENJPA-1360,openjpa-persistence/src/main/java/org/apache/openjpa/persistence/AnnotationPersistenceMetaDataSerializer.java
OPENJPA-1367,openjpa-jdbc/src/main/java/org/apache/openjpa/jdbc/sql/H2Dictionary.java
OPENJPA-1370,openjpa-persistence/src/main/java/org/apache/openjpa/persistence/EntityManagerImpl.java
OPENJPA-1371,openjpa-kernel/src/main/java/org/apache/openjpa/enhance/PCEnhancer.java
OPENJPA-1371,openjpa-lib/src/main/java/org/apache/openjpa/lib/conf/ProductDerivations.java
OPENJPA-1375,openjpa-persistence/src/main/java/org/apache/openjpa/persistence/EntityManagerImpl.java
OPENJPA-1376,openjpa-jdbc/src/main/java/org/apache/openjpa/jdbc/kernel/NativeJDBCSeq.java
OPENJPA-1376,openjpa-jdbc/src/main/java/org/apache/openjpa/jdbc/sql/DB2Dictionary.java
OPENJPA-1376,openjpa-jdbc/src/main/java/org/apache/openjpa/jdbc/sql/DBDictionary.java
OPENJPA-1376,openjpa-jdbc/src/main/java/org/apache/openjpa/jdbc/sql/FirebirdDictionary.java
OPENJPA-1376,openjpa-jdbc/src/main/java/org/apache/openjpa/jdbc/sql/OracleDictionary.java
OPENJPA-1376,openjpa-jdbc/src/main/java/org/apache/openjpa/jdbc/sql/PostgresDictionary.java
OPENJPA-1377,openjpa-persistence/src/main/java/org/apache/openjpa/persistence/JPAProperties.java
OPENJPA-1379,openjpa-kernel/src/main/java/org/apache/openjpa/datacache/AbstractQueryCache.java
OPENJPA-1380,openjpa-kernel/src/main/java/org/apache/openjpa/kernel/jpql/JPQLExpressionBuilder.java
OPENJPA-1381,openjpa-jdbc/src/main/java/org/apache/openjpa/jdbc/kernel/TableJDBCSeq.java
OPENJPA-1381,openjpa-jdbc/src/main/java/org/apache/openjpa/jdbc/meta/MappingTool.java
OPENJPA-1381,openjpa-jdbc/src/main/java/org/apache/openjpa/jdbc/schema/Constraint.java
OPENJPA-1381,openjpa-jdbc/src/main/java/org/apache/openjpa/jdbc/schema/LocalConstraint.java
OPENJPA-1381,openjpa-jdbc/src/main/java/org/apache/openjpa/jdbc/schema/NameSet.java
OPENJPA-1381,openjpa-jdbc/src/main/java/org/apache/openjpa/jdbc/schema/SchemaTool.java
OPENJPA-1381,openjpa-jdbc/src/main/java/org/apache/openjpa/jdbc/schema/Table.java
OPENJPA-1381,openjpa-jdbc/src/main/java/org/apache/openjpa/jdbc/schema/Unique.java
OPENJPA-1381,openjpa-jdbc/src/main/java/org/apache/openjpa/jdbc/sql/AbstractDB2Dictionary.java
OPENJPA-1381,openjpa-jdbc/src/main/java/org/apache/openjpa/jdbc/sql/DBDictionary.java
OPENJPA-1381,openjpa-persistence/src/main/java/org/apache/openjpa/persistence/QueryImpl.java
OPENJPA-1384,openjpa-jdbc/src/main/java/org/apache/openjpa/jdbc/sql/DBDictionaryFactory.java
OPENJPA-1385,openjpa-persistence/src/main/java/org/apache/openjpa/persistence/criteria/CriteriaQueryImpl.java
OPENJPA-1386,openjpa-persistence/src/main/java/org/apache/openjpa/persistence/util/SourceCode.java
OPENJPA-1387,openjpa-jdbc/src/main/java/org/apache/openjpa/jdbc/kernel/TableJDBCSeq.java
OPENJPA-1387,openjpa-jdbc/src/main/java/org/apache/openjpa/jdbc/meta/MappingTool.java
OPENJPA-1387,openjpa-jdbc/src/main/java/org/apache/openjpa/jdbc/schema/Column.java
OPENJPA-1387,openjpa-jdbc/src/main/java/org/apache/openjpa/jdbc/schema/Constraint.java
OPENJPA-1387,openjpa-jdbc/src/main/java/org/apache/openjpa/jdbc/schema/ForeignKey.java
OPENJPA-1387,openjpa-jdbc/src/main/java/org/apache/openjpa/jdbc/schema/LocalConstraint.java
OPENJPA-1387,openjpa-jdbc/src/main/java/org/apache/openjpa/jdbc/schema/NameSet.java
OPENJPA-1387,openjpa-jdbc/src/main/java/org/apache/openjpa/jdbc/schema/SchemaGroup.java
OPENJPA-1387,openjpa-jdbc/src/main/java/org/apache/openjpa/jdbc/schema/SchemaTool.java
OPENJPA-1387,openjpa-jdbc/src/main/java/org/apache/openjpa/jdbc/schema/Table.java
OPENJPA-1387,openjpa-jdbc/src/main/java/org/apache/openjpa/jdbc/schema/Unique.java
OPENJPA-1387,openjpa-jdbc/src/main/java/org/apache/openjpa/jdbc/sql/AbstractDB2Dictionary.java
OPENJPA-1387,openjpa-jdbc/src/main/java/org/apache/openjpa/jdbc/sql/DB2Dictionary.java
OPENJPA-1387,openjpa-jdbc/src/main/java/org/apache/openjpa/jdbc/sql/DBDictionary.java
OPENJPA-1387,openjpa-jdbc/src/main/java/org/apache/openjpa/jdbc/sql/DerbyDictionary.java
OPENJPA-1387,openjpa-jdbc/src/main/java/org/apache/openjpa/jdbc/sql/RowImpl.java
OPENJPA-1387,openjpa-persistence/src/main/java/org/apache/openjpa/persistence/QueryImpl.java
OPENJPA-1388,openjpa-kernel/src/main/java/org/apache/openjpa/kernel/QueryImpl.java
OPENJPA-1388,openjpa-kernel/src/main/java/org/apache/openjpa/kernel/jpql/JPQLExpressionBuilder.java
OPENJPA-139,openjpa-kernel/src/main/java/org/apache/openjpa/kernel/AttachStrategy.java
OPENJPA-1390,openjpa-persistence/src/main/java/org/apache/openjpa/persistence/criteria/FromImpl.java
OPENJPA-1391,openjpa-persistence/src/main/java/org/apache/openjpa/persistence/meta/AbstractManagedType.java
OPENJPA-1391,openjpa-persistence/src/main/java/org/apache/openjpa/persistence/meta/AnnotationProcessor6.java
OPENJPA-1391,openjpa-persistence/src/main/java/org/apache/openjpa/persistence/meta/SourceAnnotationHandler.java
OPENJPA-1392,openjpa-persistence/src/main/java/org/apache/openjpa/persistence/criteria/Expressions.java
OPENJPA-1393,openjpa-persistence/src/main/java/org/apache/openjpa/persistence/criteria/Expressions.java
OPENJPA-1394,openjpa-jdbc/src/main/java/org/apache/openjpa/jdbc/sql/DB2Dictionary.java
OPENJPA-1396,openjpa-kernel/src/main/java/org/apache/openjpa/meta/AbstractMetaDataDefaults.java
OPENJPA-1396,openjpa-kernel/src/main/java/org/apache/openjpa/meta/MetaDataDefaults.java
OPENJPA-1396,openjpa-kernel/src/main/java/org/apache/openjpa/meta/MetaDataRepository.java
OPENJPA-1396,openjpa-kernel/src/main/java/org/apache/openjpa/meta/NoneMetaDataFactory.java
OPENJPA-1396,openjpa-persistence/src/main/java/org/apache/openjpa/persistence/PersistenceMetaDataDefaults.java
OPENJPA-1396,openjpa-persistence/src/main/java/org/apache/openjpa/persistence/XMLPersistenceMetaDataParser.java
OPENJPA-1397,openjpa-jdbc/src/main/java/org/apache/openjpa/jdbc/meta/ClassMapping.java
OPENJPA-14,openjpa-kernel/src/main/java/org/apache/openjpa/conf/ProductDerivations.java
OPENJPA-14,openjpa-kernel/src/main/java/org/apache/openjpa/enhance/PCEnhancer.java
OPENJPA-14,openjpa-kernel/src/main/java/org/apache/openjpa/kernel/QueryLanguages.java
OPENJPA-14,openjpa-kernel/src/main/java/org/apache/openjpa/meta/MetaDataRepository.java
OPENJPA-14,openjpa-lib/src/main/java/org/apache/openjpa/lib/ant/AbstractTask.java
OPENJPA-1400,openjpa-kernel/src/main/java/org/apache/openjpa/enhance/PCEnhancer.java
OPENJPA-1401,openjpa-jdbc/src/main/java/org/apache/openjpa/jdbc/kernel/exps/PCPath.java
OPENJPA-1409,openjpa-jdbc/src/main/java/org/apache/openjpa/jdbc/kernel/exps/CurrentDate.java
OPENJPA-1409,openjpa-jdbc/src/main/java/org/apache/openjpa/jdbc/kernel/exps/JDBCExpressionFactory.java
OPENJPA-1409,openjpa-kernel/src/main/java/org/apache/openjpa/kernel/exps/CurrentDate.java
OPENJPA-1409,openjpa-kernel/src/main/java/org/apache/openjpa/kernel/exps/ExpressionFactory.java
OPENJPA-1409,openjpa-kernel/src/main/java/org/apache/openjpa/kernel/exps/InMemoryExpressionFactory.java
OPENJPA-1409,openjpa-kernel/src/main/java/org/apache/openjpa/kernel/jpql/JPQLExpressionBuilder.java
OPENJPA-1409,openjpa-persistence/src/main/java/org/apache/openjpa/persistence/criteria/Expressions.java
OPENJPA-1410,openjpa-kernel/src/main/java/org/apache/openjpa/enhance/InstrumentationFactory.java
OPENJPA-1410,openjpa-persistence/src/main/java/org/apache/openjpa/persistence/PersistenceProviderImpl.java
OPENJPA-1413,openjpa-jdbc/src/main/java/org/apache/openjpa/jdbc/kernel/exps/CompareEqualExpression.java
OPENJPA-142,openjpa-kernel/src/main/java/org/apache/openjpa/meta/ClassMetaData.java
OPENJPA-142,openjpa-persistence/src/main/java/org/apache/openjpa/persistence/XMLPersistenceMetaDataParser.java
OPENJPA-1421,openjpa-jdbc/src/main/java/org/apache/openjpa/jdbc/kernel/JDBCStoreManager.java
OPENJPA-1421,openjpa-jdbc/src/main/java/org/apache/openjpa/jdbc/meta/strats/RelationFieldStrategy.java
OPENJPA-1424,openjpa-jdbc/src/main/java/org/apache/openjpa/jdbc/meta/strats/RelationFieldStrategy.java
OPENJPA-1424,openjpa-kernel/src/main/java/org/apache/openjpa/meta/ClassMetaData.java
OPENJPA-1425,openjpa-jdbc/src/main/java/org/apache/openjpa/jdbc/kernel/exps/SelectConstructor.java
OPENJPA-1425,openjpa-jdbc/src/main/java/org/apache/openjpa/jdbc/sql/DBDictionary.java
OPENJPA-1425,openjpa-jdbc/src/main/java/org/apache/openjpa/jdbc/sql/DerbyDictionary.java
OPENJPA-143,openjpa-jdbc/src/main/java/org/apache/openjpa/jdbc/meta/Discriminator.java
OPENJPA-143,openjpa-jdbc/src/main/java/org/apache/openjpa/jdbc/meta/DiscriminatorMappingInfo.java
OPENJPA-143,openjpa-jdbc/src/main/java/org/apache/openjpa/jdbc/meta/MappingDefaultsImpl.java
OPENJPA-143,openjpa-persistence-jdbc/src/main/java/org/apache/openjpa/persistence/jdbc/AnnotationPersistenceMappingParser.java
OPENJPA-143,openjpa-persistence-jdbc/src/main/java/org/apache/openjpa/persistence/jdbc/XMLPersistenceMappingParser.java
OPENJPA-1431,openjpa-persistence-jdbc/src/main/java/org/apache/openjpa/persistence/jdbc/AnnotationPersistenceMappingParser.java
OPENJPA-1432,openjpa-kernel/src/main/java/org/apache/openjpa/conf/OpenJPAConfigurationImpl.java
OPENJPA-1432,openjpa-kernel/src/main/java/org/apache/openjpa/conf/Specification.java
OPENJPA-1432,openjpa-lib/src/main/java/org/apache/openjpa/lib/conf/ObjectValue.java
OPENJPA-1432,openjpa-lib/src/main/java/org/apache/openjpa/lib/conf/PluginValue.java
OPENJPA-1432,openjpa-persistence/src/main/java/org/apache/openjpa/persistence/PersistenceProductDerivation.java
OPENJPA-1435,openjpa-jdbc/src/main/java/org/apache/openjpa/jdbc/meta/strats/StoreCollectionFieldStrategy.java
OPENJPA-1438,openjpa-jdbc/src/main/java/org/apache/openjpa/jdbc/sql/RowImpl.java
OPENJPA-1439,openjpa-persistence/src/main/java/org/apache/openjpa/persistence/meta/AbstractManagedType.java
OPENJPA-1441,openjpa-kernel/src/main/java/org/apache/openjpa/enhance/PCEnhancer.java
OPENJPA-1442,openjpa-kernel/src/main/java/org/apache/openjpa/enhance/PCEnhancer.java
OPENJPA-1444,openjpa-kernel/src/main/java/org/apache/openjpa/datacache/QueryCacheStoreQuery.java
OPENJPA-1444,openjpa-kernel/src/main/java/org/apache/openjpa/kernel/AbstractStoreQuery.java
OPENJPA-1444,openjpa-kernel/src/main/java/org/apache/openjpa/kernel/DelegatingQuery.java
OPENJPA-1444,openjpa-kernel/src/main/java/org/apache/openjpa/kernel/DistinctResultList.java
OPENJPA-1444,openjpa-kernel/src/main/java/org/apache/openjpa/kernel/ExpressionStoreQuery.java
OPENJPA-1444,openjpa-kernel/src/main/java/org/apache/openjpa/kernel/QueryContext.java
OPENJPA-1444,openjpa-kernel/src/main/java/org/apache/openjpa/kernel/QueryImpl.java
OPENJPA-1444,openjpa-kernel/src/main/java/org/apache/openjpa/kernel/StoreQuery.java
OPENJPA-1444,openjpa-kernel/src/main/java/org/apache/openjpa/kernel/exps/QueryExpressions.java
OPENJPA-1444,openjpa-persistence/src/main/java/org/apache/openjpa/persistence/EntityManagerImpl.java
OPENJPA-1444,openjpa-persistence/src/main/java/org/apache/openjpa/persistence/QueryImpl.java
OPENJPA-1444,openjpa-persistence/src/main/java/org/apache/openjpa/persistence/criteria/CriteriaExpressionBuilder.java
OPENJPA-1444,openjpa-persistence/src/main/java/org/apache/openjpa/persistence/criteria/CriteriaQueryImpl.java
OPENJPA-1445,openjpa-kernel/src/main/java/org/apache/openjpa/kernel/AttachStrategy.java
OPENJPA-1445,openjpa-kernel/src/main/java/org/apache/openjpa/meta/FieldMetaData.java
OPENJPA-1445,openjpa-kernel/src/main/java/org/apache/openjpa/meta/JavaTypes.java
OPENJPA-1445,openjpa-persistence/src/main/java/org/apache/openjpa/persistence/meta/AbstractManagedType.java
OPENJPA-1452,openjpa-lib/src/main/java/org/apache/openjpa/lib/conf/Configurations.java
OPENJPA-1455,openjpa-jdbc/src/main/java/org/apache/openjpa/jdbc/schema/SchemaGroup.java
OPENJPA-1455,openjpa-jdbc/src/main/java/org/apache/openjpa/jdbc/schema/SchemaTool.java
OPENJPA-1455,openjpa-jdbc/src/main/java/org/apache/openjpa/jdbc/sql/DB2Dictionary.java
OPENJPA-1455,openjpa-jdbc/src/main/java/org/apache/openjpa/jdbc/sql/DBDictionary.java
OPENJPA-1458,openjpa-kernel/src/main/java/org/apache/openjpa/kernel/jpql/JPQLExpressionBuilder.java
OPENJPA-1458,openjpa-lib/src/main/java/org/apache/openjpa/lib/util/OrderedMap.java
OPENJPA-146,openjpa-jdbc/src/main/java/org/apache/openjpa/jdbc/meta/MappingTool.java
OPENJPA-146,openjpa-kernel/src/main/java/org/apache/openjpa/meta/ValueMetaDataImpl.java
OPENJPA-1460,openjpa-kernel/src/main/java/org/apache/openjpa/conf/OpenJPAConfiguration.java
OPENJPA-1460,openjpa-kernel/src/main/java/org/apache/openjpa/conf/OpenJPAConfigurationImpl.java
OPENJPA-1460,openjpa-kernel/src/main/java/org/apache/openjpa/meta/AbstractCFMetaDataFactory.java
OPENJPA-1460,openjpa-persistence/src/main/java/org/apache/openjpa/persistence/PersistenceProviderImpl.java
OPENJPA-1461,openjpa-jdbc/src/main/java/org/apache/openjpa/jdbc/sql/OracleDictionary.java
OPENJPA-1464,openjpa-jdbc/src/main/java/org/apache/openjpa/jdbc/kernel/PreparedQueryImpl.java
OPENJPA-1467,openjpa-kernel/src/main/java/org/apache/openjpa/datacache/ConcurrentDataCache.java
OPENJPA-1477,openjpa-persistence/src/main/java/org/apache/openjpa/persistence/EntityManagerImpl.java
OPENJPA-148,openjpa-kernel/src/main/java/org/apache/openjpa/meta/AbstractCFMetaDataFactory.java
OPENJPA-1482,openjpa-kernel/src/main/java/org/apache/openjpa/enhance/PCEnhancer.java
OPENJPA-1483,openjpa-jdbc/src/main/java/org/apache/openjpa/jdbc/kernel/exps/Count.java
OPENJPA-1483,openjpa-jdbc/src/main/java/org/apache/openjpa/jdbc/kernel/exps/Distinct.java
OPENJPA-1483,openjpa-jdbc/src/main/java/org/apache/openjpa/jdbc/kernel/exps/PCPath.java
OPENJPA-1483,openjpa-jdbc/src/main/java/org/apache/openjpa/jdbc/kernel/exps/SelectConstructor.java
OPENJPA-1483,openjpa-jdbc/src/main/java/org/apache/openjpa/jdbc/kernel/exps/UnaryOp.java
OPENJPA-1483,openjpa-jdbc/src/main/java/org/apache/openjpa/jdbc/sql/SelectImpl.java
OPENJPA-1485,openjpa-kernel/src/main/java/org/apache/openjpa/kernel/StateManagerImpl.java
OPENJPA-1485,openjpa-persistence/src/main/java/org/apache/openjpa/persistence/OpenJPAPersistenceUtil.java
OPENJPA-1486,openjpa-jdbc/src/main/java/org/apache/openjpa/jdbc/kernel/JDBCStoreManager.java
OPENJPA-1491,openjpa-persistence/src/main/java/org/apache/openjpa/persistence/PersistenceProviderImpl.java
OPENJPA-1491,openjpa-persistence/src/main/java/org/apache/openjpa/persistence/osgi/BundleDelegatingClassLoader.java
OPENJPA-1491,openjpa-persistence/src/main/java/org/apache/openjpa/persistence/osgi/BundleUtils.java
OPENJPA-1491,openjpa-persistence/src/main/java/org/apache/openjpa/persistence/osgi/PersistenceActivator.java
OPENJPA-1496,openjpa-kernel/src/main/java/org/apache/openjpa/kernel/Filters.java
OPENJPA-15,openjpa-kernel/src/main/java/org/apache/openjpa/kernel/jpql/JPQLExpressionBuilder.java
OPENJPA-150,openjpa-persistence-jdbc/src/main/java/org/apache/openjpa/persistence/jdbc/AnnotationPersistenceMappingParser.java
OPENJPA-1500,openjpa-kernel/src/main/java/org/apache/openjpa/conf/OpenJPAConfigurationImpl.java
OPENJPA-1500,openjpa-kernel/src/main/java/org/apache/openjpa/meta/ClassMetaData.java
OPENJPA-1501,openjpa-kernel/src/main/java/org/apache/openjpa/util/StringId.java
OPENJPA-1503,openjpa-kernel/src/main/java/org/apache/openjpa/meta/MetaDataRepository.java
OPENJPA-1503,openjpa-persistence/src/main/java/org/apache/openjpa/persistence/EntityManagerImpl.java
OPENJPA-1503,openjpa-persistence/src/main/java/org/apache/openjpa/persistence/meta/MetamodelImpl.java
OPENJPA-1506,openjpa-lib/src/main/java/org/apache/openjpa/lib/conf/ConfigurationImpl.java
OPENJPA-1507,openjpa-kernel/src/main/java/org/apache/openjpa/conf/OpenJPAConfigurationImpl.java
OPENJPA-1509,openjpa-kernel/src/main/java/org/apache/openjpa/kernel/QueryImpl.java
OPENJPA-1515,openjpa-kernel/src/main/java/org/apache/openjpa/datacache/AbstractDataCache.java
OPENJPA-1515,openjpa-kernel/src/main/java/org/apache/openjpa/datacache/CacheStatistics.java
OPENJPA-1524,openjpa-kernel/src/main/java/org/apache/openjpa/ee/AutomaticManagedRuntime.java
OPENJPA-1527,openjpa-persistence-jdbc/src/main/java/org/apache/openjpa/persistence/jdbc/XMLPersistenceMappingParser.java
OPENJPA-1535,openjpa-kernel/src/main/java/org/apache/openjpa/meta/MetaDataRepository.java
OPENJPA-1536,openjpa-jdbc/src/main/java/org/apache/openjpa/jdbc/meta/strats/InValueDiscriminatorStrategy.java
OPENJPA-1538,openjpa-kernel/src/main/java/org/apache/openjpa/conf/OpenJPAVersion.java
OPENJPA-154,openjpa-kernel/src/main/java/org/apache/openjpa/kernel/SavepointFieldManager.java
OPENJPA-154,openjpa-kernel/src/main/java/org/apache/openjpa/kernel/StateManagerImpl.java
OPENJPA-1542,openjpa-kernel/src/main/java/org/apache/openjpa/datacache/AbstractDataCache.java
OPENJPA-1542,openjpa-kernel/src/main/java/org/apache/openjpa/datacache/DataCacheManagerImpl.java
OPENJPA-1543,openjpa-jdbc/src/main/java/org/apache/openjpa/jdbc/kernel/PreparedQueryCacheImpl.java
OPENJPA-1543,openjpa-jdbc/src/main/java/org/apache/openjpa/jdbc/kernel/PreparedQueryImpl.java
OPENJPA-1546,openjpa-persistence/src/main/java/org/apache/openjpa/persistence/PersistenceMetaDataFactory.java
OPENJPA-1547,openjpa-jdbc/src/main/java/org/apache/openjpa/jdbc/kernel/exps/JDBCExpressionFactory.java
OPENJPA-1550,openjpa-jdbc/src/main/java/org/apache/openjpa/jdbc/kernel/BatchingPreparedStatementManagerImpl.java
OPENJPA-1550,openjpa-kernel/src/main/java/org/apache/openjpa/kernel/BrokerImpl.java
OPENJPA-1550,openjpa-lib/src/main/java/org/apache/openjpa/lib/jdbc/LoggingConnectionDecorator.java
OPENJPA-1550,openjpa-lib/src/main/java/org/apache/openjpa/lib/jdbc/ReportingSQLException.java
OPENJPA-1550,openjpa-persistence/src/main/java/org/apache/openjpa/persistence/EntityManagerImpl.java
OPENJPA-1550,openjpa-persistence/src/main/java/org/apache/openjpa/persistence/RollbackException.java
OPENJPA-1556,openjpa-jdbc/src/main/java/org/apache/openjpa/jdbc/meta/RuntimeStrategyInstaller.java
OPENJPA-1558,openjpa-jdbc/src/main/java/org/apache/openjpa/jdbc/meta/strats/InValueDiscriminatorStrategy.java
OPENJPA-1559,openjpa-kernel/src/main/java/org/apache/openjpa/conf/OpenJPAConfigurationImpl.java
OPENJPA-1562,openjpa-persistence/src/main/java/org/apache/openjpa/persistence/EntityManagerImpl.java
OPENJPA-1565,openjpa-jdbc/src/main/java/org/apache/openjpa/jdbc/kernel/PessimisticLockManager.java
OPENJPA-1565,openjpa-jdbc/src/main/java/org/apache/openjpa/jdbc/sql/DB2Dictionary.java
OPENJPA-1565,openjpa-jdbc/src/main/java/org/apache/openjpa/jdbc/sql/DBDictionary.java
OPENJPA-1565,openjpa-jdbc/src/main/java/org/apache/openjpa/jdbc/sql/DerbyDictionary.java
OPENJPA-1565,openjpa-jdbc/src/main/java/org/apache/openjpa/jdbc/sql/FirebirdDictionary.java
OPENJPA-1565,openjpa-jdbc/src/main/java/org/apache/openjpa/jdbc/sql/InformixDictionary.java
OPENJPA-1565,openjpa-jdbc/src/main/java/org/apache/openjpa/jdbc/sql/MySQLDictionary.java
OPENJPA-1565,openjpa-jdbc/src/main/java/org/apache/openjpa/jdbc/sql/OracleDictionary.java
OPENJPA-1565,openjpa-jdbc/src/main/java/org/apache/openjpa/jdbc/sql/SQLExceptions.java
OPENJPA-1565,openjpa-jdbc/src/main/java/org/apache/openjpa/jdbc/sql/SQLServerDictionary.java
OPENJPA-1565,openjpa-kernel/src/main/java/org/apache/openjpa/datacache/DataCacheStoreManager.java
OPENJPA-1565,openjpa-kernel/src/main/java/org/apache/openjpa/kernel/DelegatingBroker.java
OPENJPA-1565,openjpa-kernel/src/main/java/org/apache/openjpa/kernel/FetchConfigurationImpl.java
OPENJPA-1565,openjpa-kernel/src/main/java/org/apache/openjpa/kernel/Filters.java
OPENJPA-1565,openjpa-kernel/src/main/java/org/apache/openjpa/util/Exceptions.java
OPENJPA-1565,openjpa-kernel/src/main/java/org/apache/openjpa/util/LockException.java
OPENJPA-1565,openjpa-kernel/src/main/java/org/apache/openjpa/util/OpenJPAException.java
OPENJPA-1565,openjpa-kernel/src/main/java/org/apache/openjpa/util/StoreException.java
OPENJPA-1565,openjpa-persistence/src/main/java/org/apache/openjpa/persistence/LockTimeoutException.java
OPENJPA-1565,openjpa-persistence/src/main/java/org/apache/openjpa/persistence/PersistenceExceptions.java
OPENJPA-1565,openjpa-persistence/src/main/java/org/apache/openjpa/persistence/PessimisticLockException.java
OPENJPA-1565,openjpa-persistence/src/main/java/org/apache/openjpa/persistence/QueryImpl.java
OPENJPA-1565,openjpa-persistence/src/main/java/org/apache/openjpa/persistence/QueryTimeoutException.java
OPENJPA-1568,openjpa-jdbc/src/main/java/org/apache/openjpa/jdbc/conf/JDBCConfigurationImpl.java
OPENJPA-1569,openjpa-kernel/src/main/java/org/apache/openjpa/meta/JavaTypes.java
OPENJPA-157,openjpa-jdbc/src/main/java/org/apache/openjpa/jdbc/meta/strats/RelationStrategies.java
OPENJPA-1570,openjpa-jdbc/src/main/java/org/apache/openjpa/jdbc/meta/RuntimeStrategyInstaller.java
OPENJPA-1573,openjpa-jdbc/src/main/java/org/apache/openjpa/jdbc/kernel/exps/PCPath.java
OPENJPA-1575,openjpa-jdbc/src/main/java/org/apache/openjpa/jdbc/kernel/PreparedQueryImpl.java
OPENJPA-1575,openjpa-kernel/src/main/java/org/apache/openjpa/kernel/QueryImpl.java
OPENJPA-1575,openjpa-kernel/src/main/java/org/apache/openjpa/kernel/exps/QueryExpressions.java
OPENJPA-1577,openjpa-jdbc/src/main/java/org/apache/openjpa/jdbc/kernel/PreparedQueryImpl.java
OPENJPA-1578,openjpa-jdbc/src/main/java/org/apache/openjpa/jdbc/kernel/JDBCStoreManager.java
OPENJPA-1578,openjpa-jdbc/src/main/java/org/apache/openjpa/jdbc/kernel/PessimisticLockManager.java
OPENJPA-1578,openjpa-jdbc/src/main/java/org/apache/openjpa/jdbc/sql/SQLExceptions.java
OPENJPA-1578,openjpa-kernel/src/main/java/org/apache/openjpa/datacache/DataCacheStoreManager.java
OPENJPA-1578,openjpa-kernel/src/main/java/org/apache/openjpa/kernel/DelegatingBroker.java
OPENJPA-1578,openjpa-kernel/src/main/java/org/apache/openjpa/kernel/FetchConfigurationImpl.java
OPENJPA-1578,openjpa-kernel/src/main/java/org/apache/openjpa/util/LockException.java
OPENJPA-1578,openjpa-persistence/src/main/java/org/apache/openjpa/persistence/EntityManagerImpl.java
OPENJPA-1578,openjpa-persistence/src/main/java/org/apache/openjpa/persistence/LockTimeoutException.java
OPENJPA-1578,openjpa-persistence/src/main/java/org/apache/openjpa/persistence/PersistenceExceptions.java
OPENJPA-1578,openjpa-persistence/src/main/java/org/apache/openjpa/persistence/PessimisticLockException.java
OPENJPA-1578,openjpa-persistence/src/main/java/org/apache/openjpa/persistence/QueryImpl.java
OPENJPA-1578,openjpa-persistence/src/main/java/org/apache/openjpa/persistence/QueryTimeoutException.java
OPENJPA-1580,openjpa-jdbc/src/main/java/org/apache/openjpa/jdbc/kernel/PreparedQueryImpl.java
OPENJPA-1581,openjpa-kernel/src/main/java/org/apache/openjpa/kernel/AbstractBrokerFactory.java
OPENJPA-1581,openjpa-kernel/src/main/java/org/apache/openjpa/kernel/BrokerFactory.java
OPENJPA-1581,openjpa-kernel/src/main/java/org/apache/openjpa/kernel/DelegatingBrokerFactory.java
OPENJPA-1581,openjpa-persistence/src/main/java/org/apache/openjpa/persistence/EntityManagerFactoryImpl.java
OPENJPA-1583,openjpa-jdbc/src/main/java/org/apache/openjpa/jdbc/meta/Version.java
OPENJPA-1583,openjpa-jdbc/src/main/java/org/apache/openjpa/jdbc/meta/VersionStrategy.java
OPENJPA-1583,openjpa-jdbc/src/main/java/org/apache/openjpa/jdbc/meta/strats/NumberVersionStrategy.java
OPENJPA-1583,openjpa-jdbc/src/main/java/org/apache/openjpa/jdbc/sql/DBDictionary.java
OPENJPA-1584,openjpa-jdbc/src/main/java/org/apache/openjpa/jdbc/sql/SQLBuffer.java
OPENJPA-1588,openjpa-persistence/src/main/java/org/apache/openjpa/persistence/EntityManagerImpl.java
OPENJPA-1588,openjpa-persistence/src/main/java/org/apache/openjpa/persistence/JPAProperties.java
OPENJPA-1596,openjpa-jdbc/src/main/java/org/apache/openjpa/jdbc/sql/DB2Dictionary.java
OPENJPA-1596,openjpa-jdbc/src/main/java/org/apache/openjpa/jdbc/sql/DBDictionary.java
OPENJPA-1596,openjpa-kernel/src/main/java/org/apache/openjpa/meta/JavaTypes.java
OPENJPA-1597,openjpa-jdbc/src/main/java/org/apache/openjpa/jdbc/sql/AbstractSQLServerDictionary.java
OPENJPA-1597,openjpa-kernel/src/main/java/org/apache/openjpa/conf/Compatibility.java
OPENJPA-1597,openjpa-kernel/src/main/java/org/apache/openjpa/kernel/DetachManager.java
OPENJPA-1597,openjpa-kernel/src/main/java/org/apache/openjpa/kernel/DetachedStateManager.java
OPENJPA-1597,openjpa-kernel/src/main/java/org/apache/openjpa/util/Proxies.java
OPENJPA-1597,openjpa-persistence/src/main/java/org/apache/openjpa/persistence/PersistenceProductDerivation.java
OPENJPA-1599,openjpa-persistence/src/main/java/org/apache/openjpa/persistence/EntityManagerImpl.java
OPENJPA-1602,openjpa-persistence/src/main/java/org/apache/openjpa/persistence/QueryImpl.java
OPENJPA-1604,openjpa-kernel/src/main/java/org/apache/openjpa/meta/QueryMetaData.java
OPENJPA-1604,openjpa-persistence/src/main/java/org/apache/openjpa/persistence/AnnotationPersistenceMetaDataParser.java
OPENJPA-1604,openjpa-persistence/src/main/java/org/apache/openjpa/persistence/EntityManagerImpl.java
OPENJPA-1604,openjpa-persistence/src/main/java/org/apache/openjpa/persistence/QueryImpl.java
OPENJPA-1604,openjpa-persistence/src/main/java/org/apache/openjpa/persistence/XMLPersistenceMetaDataParser.java
OPENJPA-1605,openjpa-jdbc/src/main/java/org/apache/openjpa/jdbc/schema/SchemaGenerator.java
OPENJPA-1608,openjpa-jdbc/src/main/java/org/apache/openjpa/jdbc/sql/InformixDictionary.java
OPENJPA-1609,openjpa-jdbc/src/main/java/org/apache/openjpa/jdbc/sql/DB2Dictionary.java
OPENJPA-1611,openjpa-persistence/src/main/java/org/apache/openjpa/persistence/meta/Members.java
OPENJPA-1613,openjpa-persistence/src/main/java/org/apache/openjpa/persistence/PersistenceMetaDataDefaults.java
OPENJPA-1618,openjpa-persistence/src/main/java/org/apache/openjpa/persistence/PersistenceUnitInfoImpl.java
OPENJPA-162,openjpa-jdbc/src/main/java/org/apache/openjpa/jdbc/meta/JDBCRelatedFieldOrder.java
OPENJPA-1625,openjpa-kernel/src/main/java/org/apache/openjpa/kernel/BrokerImpl.java
OPENJPA-1626,openjpa-kernel/src/main/java/org/apache/openjpa/datacache/AbstractQueryCache.java
OPENJPA-1627,openjpa-jdbc/src/main/java/org/apache/openjpa/jdbc/meta/JDBCRelatedFieldOrder.java
OPENJPA-1630,openjpa-kernel/src/main/java/org/apache/openjpa/meta/MetaDataRepository.java
OPENJPA-1631,openjpa-persistence/src/main/java/org/apache/openjpa/persistence/AnnotationPersistenceXMLMetaDataParser.java
OPENJPA-1634,openjpa-kernel/src/main/java/org/apache/openjpa/kernel/exps/AbstractExpressionBuilder.java
OPENJPA-1634,openjpa-kernel/src/main/java/org/apache/openjpa/meta/DelegatingMetaDataFactory.java
OPENJPA-1634,openjpa-kernel/src/main/java/org/apache/openjpa/meta/MetaDataFactory.java
OPENJPA-1634,openjpa-kernel/src/main/java/org/apache/openjpa/meta/MetaDataRepository.java
OPENJPA-1634,openjpa-kernel/src/main/java/org/apache/openjpa/meta/NoneMetaDataFactory.java
OPENJPA-1634,openjpa-persistence/src/main/java/org/apache/openjpa/persistence/AnnotationPersistenceXMLMetaDataParser.java
OPENJPA-1634,openjpa-persistence/src/main/java/org/apache/openjpa/persistence/PersistenceMetaDataFactory.java
OPENJPA-1641,openjpa-jdbc/src/main/java/org/apache/openjpa/jdbc/sql/SybaseDictionary.java
OPENJPA-1644,openjpa-kernel/src/main/java/org/apache/openjpa/kernel/EDeletedState.java
OPENJPA-1644,openjpa-kernel/src/main/java/org/apache/openjpa/kernel/PDeletedState.java
OPENJPA-1644,openjpa-kernel/src/main/java/org/apache/openjpa/kernel/PNewDeletedState.java
OPENJPA-1644,openjpa-kernel/src/main/java/org/apache/openjpa/kernel/PNewFlushedDeletedState.java
OPENJPA-1644,openjpa-kernel/src/main/java/org/apache/openjpa/kernel/StateManagerImpl.java
OPENJPA-1646,openjpa-kernel/src/main/java/org/apache/openjpa/conf/OpenJPAConfigurationImpl.java
OPENJPA-1646,openjpa-persistence/src/main/java/org/apache/openjpa/persistence/PersistenceProviderImpl.java
OPENJPA-1648,openjpa-slice/src/main/java/org/apache/openjpa/slice/DistributedBroker.java
OPENJPA-1648,openjpa-slice/src/main/java/org/apache/openjpa/slice/DistributedBrokerImpl.java
OPENJPA-1648,openjpa-slice/src/main/java/org/apache/openjpa/slice/DistributedConfiguration.java
OPENJPA-1648,openjpa-slice/src/main/java/org/apache/openjpa/slice/Slice.java
OPENJPA-1648,openjpa-slice/src/main/java/org/apache/openjpa/slice/SliceThread.java
OPENJPA-1648,openjpa-slice/src/main/java/org/apache/openjpa/slice/jdbc/DistributedJDBCBrokerFactory.java
OPENJPA-1648,openjpa-slice/src/main/java/org/apache/openjpa/slice/jdbc/DistributedJDBCConfiguration.java
OPENJPA-1648,openjpa-slice/src/main/java/org/apache/openjpa/slice/jdbc/DistributedJDBCConfigurationImpl.java
OPENJPA-1648,openjpa-slice/src/main/java/org/apache/openjpa/slice/jdbc/DistributedJDBCStoreManager.java
OPENJPA-1648,openjpa-slice/src/main/java/org/apache/openjpa/slice/jdbc/DistributedStoreQuery.java
OPENJPA-165,openjpa-persistence/src/main/java/org/apache/openjpa/persistence/QueryImpl.java
OPENJPA-1650,openjpa-slice/src/main/java/org/apache/openjpa/slice/DistributedBroker.java
OPENJPA-1650,openjpa-slice/src/main/java/org/apache/openjpa/slice/DistributedBrokerImpl.java
OPENJPA-1650,openjpa-slice/src/main/java/org/apache/openjpa/slice/DistributedConfiguration.java
OPENJPA-1650,openjpa-slice/src/main/java/org/apache/openjpa/slice/Slice.java
OPENJPA-1650,openjpa-slice/src/main/java/org/apache/openjpa/slice/SliceThread.java
OPENJPA-1650,openjpa-slice/src/main/java/org/apache/openjpa/slice/jdbc/DistributedJDBCBrokerFactory.java
OPENJPA-1650,openjpa-slice/src/main/java/org/apache/openjpa/slice/jdbc/DistributedJDBCConfiguration.java
OPENJPA-1650,openjpa-slice/src/main/java/org/apache/openjpa/slice/jdbc/DistributedJDBCConfigurationImpl.java
OPENJPA-1650,openjpa-slice/src/main/java/org/apache/openjpa/slice/jdbc/DistributedJDBCStoreManager.java
OPENJPA-1650,openjpa-slice/src/main/java/org/apache/openjpa/slice/jdbc/DistributedStoreQuery.java
OPENJPA-1657,openjpa-jdbc/src/main/java/org/apache/openjpa/jdbc/schema/SimpleDriverDataSource.java
OPENJPA-1662,openjpa-kernel/src/main/java/org/apache/openjpa/meta/ClassMetaData.java
OPENJPA-1662,openjpa-persistence/src/main/java/org/apache/openjpa/persistence/AnnotationPersistenceMetaDataParser.java
OPENJPA-1662,openjpa-persistence/src/main/java/org/apache/openjpa/persistence/Replicated.java
OPENJPA-1662,openjpa-persistence/src/main/java/org/apache/openjpa/persistence/meta/AnnotationProcessor6.java
OPENJPA-1662,openjpa-persistence/src/main/java/org/apache/openjpa/persistence/meta/CompileTimeLogger.java
OPENJPA-1662,openjpa-slice/src/main/java/org/apache/openjpa/slice/DistributedConfiguration.java
OPENJPA-1662,openjpa-slice/src/main/java/org/apache/openjpa/slice/DistributedQueryImpl.java
OPENJPA-1662,openjpa-slice/src/main/java/org/apache/openjpa/slice/ReentrantSliceLock.java
OPENJPA-1662,openjpa-slice/src/main/java/org/apache/openjpa/slice/ReplicationPolicy.java
OPENJPA-1662,openjpa-slice/src/main/java/org/apache/openjpa/slice/SliceImplHelper.java
OPENJPA-1662,openjpa-slice/src/main/java/org/apache/openjpa/slice/SliceInfo.java
OPENJPA-1662,openjpa-slice/src/main/java/org/apache/openjpa/slice/jdbc/DistributedJDBCConfiguration.java
OPENJPA-1662,openjpa-slice/src/main/java/org/apache/openjpa/slice/jdbc/DistributedJDBCConfigurationImpl.java
OPENJPA-1662,openjpa-slice/src/main/java/org/apache/openjpa/slice/jdbc/DistributedJDBCStoreManager.java
OPENJPA-1662,openjpa-slice/src/main/java/org/apache/openjpa/slice/jdbc/DistributedStoreQuery.java
OPENJPA-1665,openjpa-kernel/src/main/java/org/apache/openjpa/kernel/BrokerImpl.java
OPENJPA-1667,openjpa-jdbc/src/main/java/org/apache/openjpa/jdbc/sql/MySQLDictionary.java
OPENJPA-1668,openjpa-jdbc/src/main/java/org/apache/openjpa/jdbc/sql/DB2Dictionary.java
OPENJPA-1670,openjpa-kernel/src/main/java/org/apache/openjpa/enhance/PCRegistry.java
OPENJPA-1676,openjpa-kernel/src/main/java/org/apache/openjpa/enhance/PCClassFileTransformer.java
OPENJPA-1678,openjpa-lib/src/main/java/org/apache/openjpa/lib/jdbc/LoggingConnectionDecorator.java
OPENJPA-1682,openjpa-jdbc/src/main/java/org/apache/openjpa/jdbc/schema/Column.java
OPENJPA-1682,openjpa-jdbc/src/main/java/org/apache/openjpa/jdbc/schema/ForeignKey.java
OPENJPA-1682,openjpa-jdbc/src/main/java/org/apache/openjpa/jdbc/schema/LocalConstraint.java
OPENJPA-1682,openjpa-jdbc/src/main/java/org/apache/openjpa/jdbc/schema/Unique.java
OPENJPA-1682,openjpa-jdbc/src/main/java/org/apache/openjpa/jdbc/sql/DB2Dictionary.java
OPENJPA-1682,openjpa-jdbc/src/main/java/org/apache/openjpa/jdbc/sql/DBDictionary.java
OPENJPA-1682,openjpa-jdbc/src/main/java/org/apache/openjpa/jdbc/sql/DerbyDictionary.java
OPENJPA-1682,openjpa-jdbc/src/main/java/org/apache/openjpa/jdbc/sql/RowImpl.java
OPENJPA-1683,openjpa-kernel/src/main/java/org/apache/openjpa/util/LongId.java
OPENJPA-1685,openjpa-persistence/src/main/java/org/apache/openjpa/persistence/validation/ValidatorImpl.java
OPENJPA-1686,openjpa-jdbc/src/main/java/org/apache/openjpa/jdbc/meta/MappingRepository.java
OPENJPA-1686,openjpa-jdbc/src/main/java/org/apache/openjpa/jdbc/meta/strats/RelationStrategies.java
OPENJPA-1686,openjpa-jdbc/src/main/java/org/apache/openjpa/jdbc/meta/strats/RelationToManyInverseKeyFieldStrategy.java
OPENJPA-1686,openjpa-jdbc/src/main/java/org/apache/openjpa/jdbc/meta/strats/StoreCollectionFieldStrategy.java
OPENJPA-1686,openjpa-jdbc/src/main/java/org/apache/openjpa/jdbc/sql/SelectImpl.java
OPENJPA-1686,openjpa-kernel/src/main/java/org/apache/openjpa/enhance/ApplicationIdTool.java
OPENJPA-1686,openjpa-kernel/src/main/java/org/apache/openjpa/enhance/ManagedClassSubclasser.java
OPENJPA-1686,openjpa-kernel/src/main/java/org/apache/openjpa/meta/FieldMetaData.java
OPENJPA-1686,openjpa-kernel/src/main/java/org/apache/openjpa/meta/ValueMetaDataImpl.java
OPENJPA-1686,openjpa-kernel/src/main/java/org/apache/openjpa/util/Id.java
OPENJPA-1686,openjpa-kernel/src/main/java/org/apache/openjpa/util/OpenJPAId.java
OPENJPA-1686,openjpa-lib/src/main/java/org/apache/openjpa/lib/conf/ProductDerivations.java
OPENJPA-1686,openjpa-lib/src/main/java/org/apache/openjpa/lib/meta/XMLMetaDataParser.java
OPENJPA-1686,openjpa-lib/src/main/java/org/apache/openjpa/lib/util/JavaVersions.java
OPENJPA-1686,openjpa-persistence-jdbc/src/main/java/org/apache/openjpa/persistence/jdbc/AnnotationPersistenceMappingParser.java
OPENJPA-1686,openjpa-persistence/src/main/java/org/apache/openjpa/persistence/AnnotationPersistenceMetaDataParser.java
OPENJPA-1686,openjpa-persistence/src/main/java/org/apache/openjpa/persistence/XMLPersistenceMetaDataParser.java
OPENJPA-1689,openjpa-jdbc/src/main/java/org/apache/openjpa/jdbc/schema/SchemaGenerator.java
OPENJPA-1689,openjpa-jdbc/src/main/java/org/apache/openjpa/jdbc/sql/DBDictionary.java
OPENJPA-1689,openjpa-jdbc/src/main/java/org/apache/openjpa/jdbc/sql/PostgresDictionary.java
OPENJPA-1690,openjpa-kernel/src/main/java/org/apache/openjpa/kernel/DistinctResultList.java
OPENJPA-1691,openjpa-jdbc/src/main/java/org/apache/openjpa/jdbc/sql/DBDictionary.java
OPENJPA-1691,openjpa-jdbc/src/main/java/org/apache/openjpa/jdbc/sql/OracleDictionary.java
OPENJPA-1691,openjpa-jdbc/src/main/java/org/apache/openjpa/jdbc/sql/RowImpl.java
OPENJPA-1691,openjpa-lib/src/main/java/org/apache/openjpa/lib/jdbc/LoggingConnectionDecorator.java
OPENJPA-1692,openjpa-jdbc/src/main/java/org/apache/openjpa/jdbc/kernel/JDBCBrokerFactory.java
OPENJPA-1692,openjpa-kernel/src/main/java/org/apache/openjpa/datacache/DataCacheManagerImpl.java
OPENJPA-1692,openjpa-kernel/src/main/java/org/apache/openjpa/kernel/AbstractBrokerFactory.java
OPENJPA-1692,openjpa-kernel/src/main/java/org/apache/openjpa/kernel/Bootstrap.java
OPENJPA-1692,openjpa-kernel/src/main/java/org/apache/openjpa/kernel/BrokerFactory.java
OPENJPA-1692,openjpa-kernel/src/main/java/org/apache/openjpa/kernel/DelegatingBrokerFactory.java
OPENJPA-1692,openjpa-persistence/src/main/java/org/apache/openjpa/persistence/PersistenceProviderImpl.java
OPENJPA-1695,openjpa-kernel/src/main/java/org/apache/openjpa/conf/CacheMarshallerImpl.java
OPENJPA-1696,openjpa-jdbc/src/main/java/org/apache/openjpa/jdbc/kernel/JDBCStoreQuery.java
OPENJPA-1696,openjpa-jdbc/src/main/java/org/apache/openjpa/jdbc/kernel/exps/EqualTypeExpression.java
OPENJPA-1696,openjpa-jdbc/src/main/java/org/apache/openjpa/jdbc/kernel/exps/ExpContext.java
OPENJPA-1696,openjpa-jdbc/src/main/java/org/apache/openjpa/jdbc/kernel/exps/JDBCExpressionFactory.java
OPENJPA-1696,openjpa-jdbc/src/main/java/org/apache/openjpa/jdbc/kernel/exps/NotEqualTypeExpression.java
OPENJPA-1696,openjpa-jdbc/src/main/java/org/apache/openjpa/jdbc/kernel/exps/PCPath.java
OPENJPA-1696,openjpa-jdbc/src/main/java/org/apache/openjpa/jdbc/kernel/exps/Param.java
OPENJPA-1696,openjpa-jdbc/src/main/java/org/apache/openjpa/jdbc/kernel/exps/SelectConstructor.java
OPENJPA-1696,openjpa-jdbc/src/main/java/org/apache/openjpa/jdbc/kernel/exps/Type.java
OPENJPA-1696,openjpa-jdbc/src/main/java/org/apache/openjpa/jdbc/sql/LogicalUnion.java
OPENJPA-1696,openjpa-jdbc/src/main/java/org/apache/openjpa/jdbc/sql/Select.java
OPENJPA-1696,openjpa-jdbc/src/main/java/org/apache/openjpa/jdbc/sql/SelectImpl.java
OPENJPA-1697,openjpa-persistence-jdbc/src/main/java/org/apache/openjpa/persistence/jdbc/AnnotationPersistenceMappingParser.java
OPENJPA-1701,openjpa-persistence/src/main/java/org/apache/openjpa/persistence/EntityManagerImpl.java
OPENJPA-1702,openjpa-kernel/src/main/java/org/apache/openjpa/kernel/BrokerImpl.java
OPENJPA-1704,openjpa-kernel/src/main/java/org/apache/openjpa/enhance/PCEnhancer.java
OPENJPA-1713,openjpa-persistence/src/main/java/org/apache/openjpa/persistence/EntityManagerImpl.java
OPENJPA-1714,openjpa-persistence/src/main/java/org/apache/openjpa/persistence/AnnotationPersistenceMetaDataParser.java
OPENJPA-1714,openjpa-persistence/src/main/java/org/apache/openjpa/persistence/XMLPersistenceMetaDataParser.java
OPENJPA-1719,openjpa-jdbc/src/main/java/org/apache/openjpa/jdbc/kernel/PreparedQueryImpl.java
OPENJPA-1719,openjpa-jdbc/src/main/java/org/apache/openjpa/jdbc/kernel/exps/CollectionParam.java
OPENJPA-1719,openjpa-jdbc/src/main/java/org/apache/openjpa/jdbc/sql/SQLBuffer.java
OPENJPA-1722,openjpa-kernel/src/main/java/org/apache/openjpa/kernel/DistinctResultList.java
OPENJPA-1725,openjpa-jdbc/src/main/java/org/apache/openjpa/jdbc/schema/Table.java
OPENJPA-1725,openjpa-jdbc/src/main/java/org/apache/openjpa/jdbc/sql/DBDictionary.java
OPENJPA-1726,openjpa-jdbc/src/main/java/org/apache/openjpa/jdbc/kernel/JDBCStoreQuery.java
OPENJPA-1726,openjpa-jdbc/src/main/java/org/apache/openjpa/jdbc/kernel/exps/JDBCExpressionFactory.java
OPENJPA-1726,openjpa-jdbc/src/main/java/org/apache/openjpa/jdbc/meta/strats/TimestampVersionStrategy.java
OPENJPA-1726,openjpa-jdbc/src/main/java/org/apache/openjpa/jdbc/sql/PostgresDictionary.java
OPENJPA-1726,openjpa-kernel/src/main/java/org/apache/openjpa/kernel/jpql/JPQLExpressionBuilder.java
OPENJPA-1726,openjpa-lib/src/main/java/org/apache/openjpa/lib/jdbc/JDBCEventConnectionDecorator.java
OPENJPA-1726,openjpa-persistence/src/main/java/org/apache/openjpa/persistence/criteria/Expressions.java
OPENJPA-1727,openjpa-kernel/src/main/java/org/apache/openjpa/datacache/QueryCacheStoreQuery.java
OPENJPA-173,openjpa-jdbc/src/main/java/org/apache/openjpa/jdbc/sql/SelectImpl.java
OPENJPA-1736,openjpa-kernel/src/main/java/org/apache/openjpa/conf/Compatibility.java
OPENJPA-1736,openjpa-kernel/src/main/java/org/apache/openjpa/meta/InheritanceOrderedMetaDataList.java
OPENJPA-1736,openjpa-kernel/src/main/java/org/apache/openjpa/meta/MetaDataRepository.java
OPENJPA-1738,openjpa-jdbc/src/main/java/org/apache/openjpa/jdbc/kernel/PreparedQueryImpl.java
OPENJPA-174,openjpa-kernel/src/main/java/org/apache/openjpa/kernel/BrokerImpl.java
OPENJPA-174,openjpa-kernel/src/main/java/org/apache/openjpa/util/ApplicationIds.java
OPENJPA-1740,openjpa-jdbc/src/main/java/org/apache/openjpa/jdbc/kernel/JDBCStoreQuery.java
OPENJPA-1740,openjpa-jdbc/src/main/java/org/apache/openjpa/jdbc/kernel/exps/EqualTypeExpression.java
OPENJPA-1740,openjpa-jdbc/src/main/java/org/apache/openjpa/jdbc/kernel/exps/ExpContext.java
OPENJPA-1740,openjpa-jdbc/src/main/java/org/apache/openjpa/jdbc/kernel/exps/JDBCExpressionFactory.java
OPENJPA-1740,openjpa-jdbc/src/main/java/org/apache/openjpa/jdbc/kernel/exps/NotEqualTypeExpression.java
OPENJPA-1740,openjpa-jdbc/src/main/java/org/apache/openjpa/jdbc/kernel/exps/Param.java
OPENJPA-1740,openjpa-jdbc/src/main/java/org/apache/openjpa/jdbc/meta/ClassMapping.java
OPENJPA-1740,openjpa-jdbc/src/main/java/org/apache/openjpa/jdbc/sql/LogicalUnion.java
OPENJPA-1740,openjpa-jdbc/src/main/java/org/apache/openjpa/jdbc/sql/Select.java
OPENJPA-1740,openjpa-jdbc/src/main/java/org/apache/openjpa/jdbc/sql/SelectImpl.java
OPENJPA-1740,openjpa-kernel/src/main/java/org/apache/openjpa/kernel/exps/ExpressionFactory.java
OPENJPA-1740,openjpa-kernel/src/main/java/org/apache/openjpa/kernel/exps/InMemoryExpressionFactory.java
OPENJPA-1740,openjpa-kernel/src/main/java/org/apache/openjpa/kernel/jpql/JPQLExpressionBuilder.java
OPENJPA-1742,openjpa-jdbc/src/main/java/org/apache/openjpa/jdbc/conf/JDBCConfigurationImpl.java
OPENJPA-1742,openjpa-jdbc/src/main/java/org/apache/openjpa/jdbc/kernel/JDBCStoreManager.java
OPENJPA-1742,openjpa-kernel/src/main/java/org/apache/openjpa/kernel/AbstractBrokerFactory.java
OPENJPA-1742,openjpa-persistence/src/main/java/org/apache/openjpa/persistence/EntityManagerFactoryImpl.java
OPENJPA-1743,openjpa-lib/src/main/java/org/apache/openjpa/lib/conf/ConfigurationImpl.java
OPENJPA-1746,openjpa-persistence/src/main/java/org/apache/openjpa/persistence/PersistenceUnitInfoImpl.java
OPENJPA-1749,openjpa-persistence/src/main/java/org/apache/openjpa/persistence/EntityManagerFactoryImpl.java
OPENJPA-175,openjpa-jdbc/src/main/java/org/apache/openjpa/jdbc/kernel/PagingResultObjectProvider.java
OPENJPA-175,openjpa-jdbc/src/main/java/org/apache/openjpa/jdbc/kernel/exps/InExpression.java
OPENJPA-175,openjpa-jdbc/src/main/java/org/apache/openjpa/jdbc/sql/DBDictionary.java
OPENJPA-175,openjpa-jdbc/src/main/java/org/apache/openjpa/jdbc/sql/OracleDictionary.java
OPENJPA-1751,openjpa-examples/openbooks/src/main/java/openbook/tools/CommandProcessor.java
OPENJPA-1751,openjpa-examples/openbooks/src/main/java/openbook/tools/converter/SourceRenderer.java
OPENJPA-1751,openjpa-examples/simple/src/main/java/embeddables/Address.java
OPENJPA-1751,openjpa-examples/simple/src/main/java/embeddables/ContactInfo.java
OPENJPA-1751,openjpa-examples/simple/src/main/java/embeddables/Coordinates.java
OPENJPA-1751,openjpa-examples/simple/src/main/java/embeddables/Main.java
OPENJPA-1751,openjpa-examples/simple/src/main/java/embeddables/Phone.java
OPENJPA-1751,openjpa-examples/simple/src/main/java/embeddables/User.java
OPENJPA-1751,openjpa-examples/simple/src/main/java/hellojpa/Main.java
OPENJPA-1751,openjpa-examples/simple/src/main/java/hellojpa/Message.java
OPENJPA-1751,openjpa-examples/simple/src/main/java/mapping/BuildSchemaPC.java
OPENJPA-1751,openjpa-examples/simple/src/main/java/mapping/BuildUTF8SchemaPC.java
OPENJPA-1751,openjpa-examples/simple/src/main/java/relations/Deity.java
OPENJPA-1751,openjpa-examples/simple/src/main/java/relations/Main.java
OPENJPA-1751,openjpa-examples/simple/src/main/java/reversemapping/Main.java
OPENJPA-1756,openjpa-lib/src/main/java/org/apache/openjpa/lib/util/Localizer.java
OPENJPA-1757,openjpa-kernel/src/main/java/org/apache/openjpa/datacache/DataCacheStoreManager.java
OPENJPA-1762,openjpa-jdbc/src/main/java/org/apache/openjpa/jdbc/kernel/PessimisticLockManager.java
OPENJPA-1762,openjpa-jdbc/src/main/java/org/apache/openjpa/jdbc/meta/strats/ContainerFieldStrategy.java
OPENJPA-1762,openjpa-jdbc/src/main/java/org/apache/openjpa/jdbc/meta/strats/MapTableFieldStrategy.java
OPENJPA-1762,openjpa-jdbc/src/main/java/org/apache/openjpa/jdbc/meta/strats/StoreCollectionFieldStrategy.java
OPENJPA-1762,openjpa-persistence/src/main/java/org/apache/openjpa/persistence/EntityManagerImpl.java
OPENJPA-1765,openjpa-jdbc/src/main/java/org/apache/openjpa/jdbc/kernel/TableJDBCSeq.java
OPENJPA-1768,openjpa-kernel/src/main/java/org/apache/openjpa/kernel/BrokerImpl.java
OPENJPA-1768,openjpa-kernel/src/main/java/org/apache/openjpa/kernel/PCDataImpl.java
OPENJPA-1769,openjpa-kernel/src/main/java/org/apache/openjpa/kernel/BrokerImpl.java
OPENJPA-1770,openjpa-kernel/src/main/java/org/apache/openjpa/kernel/PCDataImpl.java
OPENJPA-1770,openjpa-kernel/src/main/java/org/apache/openjpa/kernel/PNonTransState.java
OPENJPA-1784,openjpa-jdbc/src/main/java/org/apache/openjpa/jdbc/meta/strats/HandlerHandlerMapTableFieldStrategy.java
OPENJPA-1784,openjpa-kernel/src/main/java/org/apache/openjpa/util/ProxyMaps.java
OPENJPA-1787,openjpa-kernel/src/main/java/org/apache/openjpa/kernel/AttachStrategy.java
OPENJPA-1787,openjpa-kernel/src/main/java/org/apache/openjpa/kernel/BrokerImpl.java
OPENJPA-1787,openjpa-kernel/src/main/java/org/apache/openjpa/validation/ValidatingLifecycleEventManager.java
OPENJPA-1788,openjpa-jdbc/src/main/java/org/apache/openjpa/jdbc/sql/FirebirdDictionary.java
OPENJPA-1790,openjpa-kernel/src/main/java/org/apache/openjpa/util/ProxyConcurrentMaps.java
OPENJPA-1790,openjpa-kernel/src/main/java/org/apache/openjpa/util/ProxyManagerImpl.java
OPENJPA-1793,openjpa-jdbc/src/main/java/org/apache/openjpa/jdbc/meta/strats/HandlerFieldStrategy.java
OPENJPA-1794,openjpa-jdbc/src/main/java/org/apache/openjpa/jdbc/kernel/exps/Avg.java
OPENJPA-1794,openjpa-jdbc/src/main/java/org/apache/openjpa/jdbc/kernel/exps/Max.java
OPENJPA-1794,openjpa-jdbc/src/main/java/org/apache/openjpa/jdbc/kernel/exps/Min.java
OPENJPA-1794,openjpa-jdbc/src/main/java/org/apache/openjpa/jdbc/kernel/exps/NullableAggregateUnaryOp.java
OPENJPA-1794,openjpa-jdbc/src/main/java/org/apache/openjpa/jdbc/kernel/exps/Sum.java
OPENJPA-1794,openjpa-jdbc/src/main/java/org/apache/openjpa/jdbc/kernel/exps/UnaryOp.java
OPENJPA-1794,openjpa-kernel/src/main/java/org/apache/openjpa/conf/Compatibility.java
OPENJPA-1800,openjpa-jdbc/src/main/java/org/apache/openjpa/jdbc/sql/SybaseDictionary.java
OPENJPA-1801,openjpa-kernel/src/main/java/org/apache/openjpa/datacache/AbstractDataCache.java
OPENJPA-1801,openjpa-kernel/src/main/java/org/apache/openjpa/datacache/CacheStatistics.java
OPENJPA-1801,openjpa-kernel/src/main/java/org/apache/openjpa/datacache/CacheStatisticsImpl.java
OPENJPA-1801,openjpa-kernel/src/main/java/org/apache/openjpa/datacache/CacheStatisticsSPI.java
OPENJPA-1801,openjpa-kernel/src/main/java/org/apache/openjpa/datacache/DataCacheStoreManager.java
OPENJPA-1801,openjpa-kernel/src/main/java/org/apache/openjpa/instrumentation/AbstractDataCacheInstrument.java
OPENJPA-1801,openjpa-kernel/src/main/java/org/apache/openjpa/instrumentation/DataCacheInstrument.java
OPENJPA-1804,openjpa-kernel/src/main/java/org/apache/openjpa/enhance/ManagedClassSubclasser.java
OPENJPA-1809,openjpa-jdbc/src/main/java/org/apache/openjpa/jdbc/kernel/JDBCStoreManager.java
OPENJPA-181,openjpa-kernel/src/main/java/org/apache/openjpa/kernel/AbstractStoreQuery.java
OPENJPA-181,openjpa-kernel/src/main/java/org/apache/openjpa/kernel/DelegatingQuery.java
OPENJPA-181,openjpa-kernel/src/main/java/org/apache/openjpa/kernel/ExpressionStoreQuery.java
OPENJPA-181,openjpa-kernel/src/main/java/org/apache/openjpa/kernel/QueryContext.java
OPENJPA-181,openjpa-kernel/src/main/java/org/apache/openjpa/kernel/QueryImpl.java
OPENJPA-1810,openjpa-kernel/src/main/java/org/apache/openjpa/datacache/QueryCacheStoreQuery.java
OPENJPA-1810,openjpa-kernel/src/main/java/org/apache/openjpa/datacache/QueryKey.java
OPENJPA-1810,openjpa-kernel/src/main/java/org/apache/openjpa/kernel/AbstractStoreQuery.java
OPENJPA-1810,openjpa-kernel/src/main/java/org/apache/openjpa/kernel/ExpressionStoreQuery.java
OPENJPA-1810,openjpa-kernel/src/main/java/org/apache/openjpa/kernel/StoreQuery.java
OPENJPA-1810,openjpa-persistence/src/main/java/org/apache/openjpa/persistence/criteria/CriteriaQueryImpl.java
OPENJPA-1811,openjpa-kernel/src/main/java/org/apache/openjpa/enhance/InstrumentationFactory.java
OPENJPA-1814,openjpa-kernel/src/main/java/org/apache/openjpa/kernel/ExpressionStoreQuery.java
OPENJPA-1818,openjpa-jdbc/src/main/java/org/apache/openjpa/jdbc/sql/H2Dictionary.java
OPENJPA-1819,openjpa-jdbc/src/main/java/org/apache/openjpa/jdbc/kernel/exps/SelectConstructor.java
OPENJPA-1828,openjpa-jdbc/src/main/java/org/apache/openjpa/jdbc/kernel/exps/Param.java
OPENJPA-1830,openjpa-lib/src/main/java/org/apache/openjpa/lib/conf/ConfigurationImpl.java
OPENJPA-1831,openjpa-jdbc/src/main/java/org/apache/openjpa/jdbc/schema/DataSourceFactory.java
OPENJPA-1832,openjpa-jdbc/src/main/java/org/apache/openjpa/jdbc/sql/SybaseDictionary.java
OPENJPA-1835,openjpa-jdbc/src/main/java/org/apache/openjpa/jdbc/sql/SybaseDictionary.java
OPENJPA-1837,openjpa-jdbc/src/main/java/org/apache/openjpa/jdbc/meta/MappingRepository.java
OPENJPA-1837,openjpa-jdbc/src/main/java/org/apache/openjpa/jdbc/meta/strats/EmbedValueHandler.java
OPENJPA-1837,openjpa-jdbc/src/main/java/org/apache/openjpa/jdbc/meta/strats/HandlerFieldStrategy.java
OPENJPA-1837,openjpa-jdbc/src/main/java/org/apache/openjpa/jdbc/meta/strats/MaxEmbeddedBlobFieldStrategy.java
OPENJPA-1837,openjpa-jdbc/src/main/java/org/apache/openjpa/jdbc/meta/strats/MaxEmbeddedByteArrayFieldStrategy.java
OPENJPA-1837,openjpa-jdbc/src/main/java/org/apache/openjpa/jdbc/meta/strats/MaxEmbeddedCharArrayFieldStrategy.java
OPENJPA-1837,openjpa-jdbc/src/main/java/org/apache/openjpa/jdbc/meta/strats/MaxEmbeddedClobFieldStrategy.java
OPENJPA-1837,openjpa-jdbc/src/main/java/org/apache/openjpa/jdbc/meta/strats/MaxEmbeddedLobFieldStrategy.java
OPENJPA-1837,openjpa-jdbc/src/main/java/org/apache/openjpa/jdbc/sql/OracleDictionary.java
OPENJPA-1838,openjpa-jdbc/src/main/java/org/apache/openjpa/jdbc/sql/SybaseDictionary.java
OPENJPA-1840,openjpa-jdbc/src/main/java/org/apache/openjpa/jdbc/sql/SybaseDictionary.java
OPENJPA-1845,openjpa-jdbc/src/main/java/org/apache/openjpa/jdbc/kernel/PreparedQueryCacheImpl.java
OPENJPA-1845,openjpa-jdbc/src/main/java/org/apache/openjpa/jdbc/kernel/PreparedQueryImpl.java
OPENJPA-1845,openjpa-kernel/src/main/java/org/apache/openjpa/kernel/exps/QueryExpressions.java
OPENJPA-1845,openjpa-kernel/src/main/java/org/apache/openjpa/kernel/jpql/JPQLExpressionBuilder.java
OPENJPA-1853,openjpa-jdbc/src/main/java/org/apache/openjpa/jdbc/sql/DB2Dictionary.java
OPENJPA-1856,openjpa-kernel/src/main/java/org/apache/openjpa/datacache/AbstractDataCache.java
OPENJPA-1856,openjpa-kernel/src/main/java/org/apache/openjpa/datacache/DataCache.java
OPENJPA-1856,openjpa-kernel/src/main/java/org/apache/openjpa/datacache/DataCacheStoreManager.java
OPENJPA-1856,openjpa-kernel/src/main/java/org/apache/openjpa/datacache/DelegatingDataCache.java
OPENJPA-1856,openjpa-kernel/src/main/java/org/apache/openjpa/datacache/QueryCacheStoreQuery.java
OPENJPA-1856,openjpa-kernel/src/main/java/org/apache/openjpa/kernel/AbstractStoreQuery.java
OPENJPA-1856,openjpa-kernel/src/main/java/org/apache/openjpa/kernel/ExpressionStoreQuery.java
OPENJPA-1857,openjpa-jdbc/src/main/java/org/apache/openjpa/jdbc/meta/MappingInfo.java
OPENJPA-1857,openjpa-jdbc/src/main/java/org/apache/openjpa/jdbc/schema/DynamicSchemaFactory.java
OPENJPA-1857,openjpa-jdbc/src/main/java/org/apache/openjpa/jdbc/schema/Table.java
OPENJPA-1866,openjpa-persistence/src/main/java/org/apache/openjpa/persistence/AnnotationPersistenceMetaDataSerializer.java
OPENJPA-1867,openjpa-kernel/src/main/java/org/apache/openjpa/datacache/DataCacheStoreManager.java
OPENJPA-1870,openjpa-jdbc/src/main/java/org/apache/openjpa/jdbc/sql/MySQLDictionary.java
OPENJPA-1873,openjpa-kernel/src/main/java/org/apache/openjpa/conf/OpenJPAConfiguration.java
OPENJPA-1873,openjpa-kernel/src/main/java/org/apache/openjpa/conf/OpenJPAConfigurationImpl.java
OPENJPA-1873,openjpa-kernel/src/main/java/org/apache/openjpa/kernel/AbstractBrokerFactory.java
OPENJPA-1873,openjpa-kernel/src/main/java/org/apache/openjpa/kernel/BrokerImpl.java
OPENJPA-1873,openjpa-kernel/src/main/java/org/apache/openjpa/kernel/DelegatingBroker.java
OPENJPA-1873,openjpa-kernel/src/main/java/org/apache/openjpa/kernel/DetachedStateManager.java
OPENJPA-1873,openjpa-kernel/src/main/java/org/apache/openjpa/kernel/StateManagerImpl.java
OPENJPA-1873,openjpa-kernel/src/main/java/org/apache/openjpa/kernel/StoreContext.java
OPENJPA-1874,openjpa-jdbc/src/main/java/org/apache/openjpa/jdbc/schema/Column.java
OPENJPA-1877,openjpa-jdbc/src/main/java/org/apache/openjpa/jdbc/schema/Table.java
OPENJPA-1877,openjpa-jdbc/src/main/java/org/apache/openjpa/jdbc/sql/OracleDictionary.java
OPENJPA-1881,openjpa-kernel/src/main/java/org/apache/openjpa/enhance/PCClassFileTransformer.java
OPENJPA-1882,openjpa-kernel/src/main/java/org/apache/openjpa/datacache/DataCacheStoreManager.java
OPENJPA-1884,openjpa-kernel/src/main/java/org/apache/openjpa/datacache/DataCacheStoreManager.java
OPENJPA-1884,openjpa-persistence/src/main/java/org/apache/openjpa/persistence/EntityManagerImpl.java
OPENJPA-1886,openjpa-kernel/src/main/java/org/apache/openjpa/kernel/BrokerImpl.java
OPENJPA-1886,openjpa-kernel/src/main/java/org/apache/openjpa/kernel/QueryImpl.java
OPENJPA-1890,openjpa-kernel/src/main/java/org/apache/openjpa/kernel/SingleFieldManager.java
OPENJPA-1892,openjpa-kernel/src/main/java/org/apache/openjpa/datacache/DataCacheStoreManager.java
OPENJPA-1893,openjpa-jdbc/src/main/java/org/apache/openjpa/jdbc/schema/SchemaTool.java
OPENJPA-1893,openjpa-jdbc/src/main/java/org/apache/openjpa/jdbc/schema/Table.java
OPENJPA-1893,openjpa-jdbc/src/main/java/org/apache/openjpa/jdbc/sql/DBDictionary.java
OPENJPA-1893,openjpa-jdbc/src/main/java/org/apache/openjpa/jdbc/sql/SybaseDictionary.java
OPENJPA-1893,openjpa-persistence-jdbc/src/main/java/org/apache/openjpa/persistence/jdbc/XMLPersistenceMappingParser.java
OPENJPA-1894,openjpa-jdbc/src/main/java/org/apache/openjpa/jdbc/sql/SelectImpl.java
OPENJPA-1896,openjpa-kernel/src/main/java/org/apache/openjpa/enhance/PCEnhancer.java
OPENJPA-1896,openjpa-kernel/src/main/java/org/apache/openjpa/kernel/VersionAttachStrategy.java
OPENJPA-1896,openjpa-kernel/src/main/java/org/apache/openjpa/meta/JavaTypes.java
OPENJPA-1897,openjpa-jdbc/src/main/java/org/apache/openjpa/jdbc/sql/SybaseDictionary.java
OPENJPA-1900,openjpa-kernel/src/main/java/org/apache/openjpa/util/Proxies.java
OPENJPA-1901,openjpa-kernel/src/main/java/org/apache/openjpa/datacache/QueryCacheStoreQuery.java
OPENJPA-1902,openjpa-jdbc/src/main/java/org/apache/openjpa/jdbc/sql/AbstractSQLServerDictionary.java
OPENJPA-1903,openjpa-jdbc/src/main/java/org/apache/openjpa/jdbc/kernel/PreparedQueryImpl.java
OPENJPA-1904,openjpa-kernel/src/main/java/org/apache/openjpa/kernel/BrokerImpl.java
OPENJPA-1904,openjpa-kernel/src/main/java/org/apache/openjpa/kernel/LockManager.java
OPENJPA-1904,openjpa-kernel/src/main/java/org/apache/openjpa/kernel/NoneLockManager.java
OPENJPA-1904,openjpa-kernel/src/main/java/org/apache/openjpa/kernel/VersionLockManager.java
OPENJPA-1905,openjpa-persistence/src/main/java/org/apache/openjpa/persistence/PersistenceProductDerivation.java
OPENJPA-1905,openjpa-persistence/src/main/java/org/apache/openjpa/persistence/PersistenceUnitInfoImpl.java
OPENJPA-1906,openjpa-persistence/src/main/java/org/apache/openjpa/persistence/PersistenceProviderImpl.java
OPENJPA-1910,openjpa-persistence/src/main/java/org/apache/openjpa/persistence/PersistenceProviderImpl.java
OPENJPA-1911,openjpa-kernel/src/main/java/org/apache/openjpa/kernel/StateManagerImpl.java
OPENJPA-1912,openjpa-kernel/src/main/java/org/apache/openjpa/enhance/PCEnhancer.java
OPENJPA-1918,openjpa-kernel/src/main/java/org/apache/openjpa/meta/MetaDataRepository.java
OPENJPA-1923,openjpa-jdbc/src/main/java/org/apache/openjpa/jdbc/kernel/exps/Param.java
OPENJPA-1928,openjpa-kernel/src/main/java/org/apache/openjpa/meta/FieldMetaData.java
OPENJPA-1935,openjpa-jdbc/src/main/java/org/apache/openjpa/jdbc/sql/InformixDictionary.java
OPENJPA-1938,openjpa-jdbc/src/main/java/org/apache/openjpa/jdbc/sql/SQLServerDictionary.java
OPENJPA-1939,openjpa-jdbc/src/main/java/org/apache/openjpa/jdbc/sql/DB2Dictionary.java
OPENJPA-1940,openjpa-jdbc/src/main/java/org/apache/openjpa/jdbc/sql/OracleDictionary.java
OPENJPA-1943,openjpa-kernel/src/main/java/org/apache/openjpa/kernel/BrokerImpl.java
OPENJPA-1943,openjpa-kernel/src/main/java/org/apache/openjpa/kernel/DelegatingBroker.java
OPENJPA-1943,openjpa-kernel/src/main/java/org/apache/openjpa/kernel/StoreContext.java
OPENJPA-1943,openjpa-persistence/src/main/java/org/apache/openjpa/persistence/EntityManagerImpl.java
OPENJPA-1943,openjpa-persistence/src/main/java/org/apache/openjpa/persistence/QueryImpl.java
OPENJPA-1944,openjpa-jdbc/src/main/java/org/apache/openjpa/jdbc/meta/strats/ColumnVersionStrategy.java
OPENJPA-1944,openjpa-kernel/src/main/java/org/apache/openjpa/kernel/StateManagerImpl.java
OPENJPA-1954,openjpa-jdbc/src/main/java/org/apache/openjpa/jdbc/meta/FieldMapping.java
OPENJPA-1954,openjpa-jdbc/src/main/java/org/apache/openjpa/jdbc/sql/DBDictionary.java
OPENJPA-1957,openjpa-persistence-jdbc/src/main/java/org/apache/openjpa/persistence/jdbc/XMLPersistenceMappingParser.java
OPENJPA-1958,openjpa-jdbc/src/main/java/org/apache/openjpa/jdbc/kernel/BatchingPreparedStatementManagerImpl.java
OPENJPA-1959,openjpa-kernel/src/main/java/org/apache/openjpa/kernel/DelegatingQuery.java
OPENJPA-1960,openjpa-kernel/src/main/java/org/apache/openjpa/conf/OpenJPAConfigurationImpl.java
OPENJPA-1965,openjpa-persistence/src/main/java/org/apache/openjpa/persistence/meta/AnnotationProcessor6.java
OPENJPA-1968,openjpa-jdbc/src/main/java/org/apache/openjpa/jdbc/sql/SQLServerDictionary.java
OPENJPA-1969,openjpa-jdbc/src/main/java/org/apache/openjpa/jdbc/sql/SQLServerDictionary.java
OPENJPA-1970,openjpa-jdbc/src/main/java/org/apache/openjpa/jdbc/schema/Schema.java
OPENJPA-1974,openjpa-jdbc/src/main/java/org/apache/openjpa/jdbc/sql/SelectImpl.java
OPENJPA-1975,openjpa-jdbc/src/main/java/org/apache/openjpa/jdbc/sql/DB2Dictionary.java
OPENJPA-1975,openjpa-jdbc/src/main/java/org/apache/openjpa/jdbc/sql/DBDictionary.java
OPENJPA-1979,openjpa-persistence-jdbc/src/main/java/org/apache/openjpa/persistence/jdbc/AnnotationPersistenceMappingParser.java
OPENJPA-1979,openjpa-persistence-jdbc/src/main/java/org/apache/openjpa/persistence/jdbc/XMLPersistenceMappingParser.java
OPENJPA-1981,openjpa-jdbc/src/main/java/org/apache/openjpa/jdbc/schema/SchemaGenerator.java
OPENJPA-1983,openjpa-kernel/src/main/java/org/apache/openjpa/kernel/AttachManager.java
OPENJPA-1984,openjpa-kernel/src/main/java/org/apache/openjpa/kernel/BrokerImpl.java
OPENJPA-1984,openjpa-kernel/src/main/java/org/apache/openjpa/validation/ValidatingLifecycleEventManager.java
OPENJPA-1985,openjpa-jdbc/src/main/java/org/apache/openjpa/jdbc/sql/PostgresDictionary.java
OPENJPA-1986,openjpa-kernel/src/main/java/org/apache/openjpa/conf/Compatibility.java
OPENJPA-1986,openjpa-kernel/src/main/java/org/apache/openjpa/kernel/BrokerImpl.java
OPENJPA-1986,openjpa-kernel/src/main/java/org/apache/openjpa/kernel/SingleFieldManager.java
OPENJPA-1987,openjpa-jdbc/src/main/java/org/apache/openjpa/jdbc/sql/IngresDictionary.java
OPENJPA-1987,openjpa-jdbc/src/main/java/org/apache/openjpa/jdbc/sql/PostgresDictionary.java
OPENJPA-1988,openjpa-jdbc/src/main/java/org/apache/openjpa/jdbc/meta/FieldMapping.java
OPENJPA-1988,openjpa-jdbc/src/main/java/org/apache/openjpa/jdbc/meta/ValueMappingImpl.java
OPENJPA-1988,openjpa-kernel/src/main/java/org/apache/openjpa/meta/FieldMetaData.java
OPENJPA-1988,openjpa-kernel/src/main/java/org/apache/openjpa/meta/MetaDataDefaults.java
OPENJPA-1988,openjpa-kernel/src/main/java/org/apache/openjpa/meta/NoneMetaDataFactory.java
OPENJPA-1988,openjpa-kernel/src/main/java/org/apache/openjpa/meta/ValueMetaData.java
OPENJPA-1988,openjpa-kernel/src/main/java/org/apache/openjpa/meta/ValueMetaDataImpl.java
OPENJPA-1988,openjpa-persistence/src/main/java/org/apache/openjpa/persistence/AnnotationPersistenceMetaDataParser.java
OPENJPA-1988,openjpa-persistence/src/main/java/org/apache/openjpa/persistence/PersistenceMetaDataDefaults.java
OPENJPA-1988,openjpa-persistence/src/main/java/org/apache/openjpa/persistence/XMLPersistenceMetaDataParser.java
OPENJPA-1989,openjpa-jdbc/src/main/java/org/apache/openjpa/jdbc/kernel/JDBCStoreManager.java
OPENJPA-1989,openjpa-persistence/src/main/java/org/apache/openjpa/persistence/XMLPersistenceMetaDataParser.java
OPENJPA-1992,openjpa-kernel/src/main/java/org/apache/openjpa/kernel/ExpressionStoreQuery.java
OPENJPA-1992,openjpa-kernel/src/main/java/org/apache/openjpa/kernel/jpql/JPQLExpressionBuilder.java
OPENJPA-1992,openjpa-kernel/src/main/java/org/apache/openjpa/kernel/jpql/JPQLParser.java
OPENJPA-1993,openjpa-kernel/src/main/java/org/apache/openjpa/conf/Compatibility.java
OPENJPA-1993,openjpa-lib/src/main/java/org/apache/openjpa/lib/meta/XMLMetaDataParser.java
OPENJPA-1993,openjpa-lib/src/main/java/org/apache/openjpa/lib/util/J2DoPrivHelper.java
OPENJPA-1993,openjpa-persistence/src/main/java/org/apache/openjpa/persistence/XMLPersistenceMetaDataParser.java
OPENJPA-1994,openjpa-jdbc/src/main/java/org/apache/openjpa/jdbc/sql/MySQLDictionary.java
OPENJPA-1995,openjpa-kernel/src/main/java/org/apache/openjpa/kernel/jpql/JPQLExpressionBuilder.java
OPENJPA-200,openjpa-jdbc/src/main/java/org/apache/openjpa/jdbc/kernel/JDBCStoreQuery.java
OPENJPA-200,openjpa-jdbc/src/main/java/org/apache/openjpa/jdbc/sql/DBDictionary.java
OPENJPA-200,openjpa-kernel/src/main/java/org/apache/openjpa/kernel/exps/QueryExpressions.java
OPENJPA-200,openjpa-kernel/src/main/java/org/apache/openjpa/kernel/jpql/JPQLExpressionBuilder.java
OPENJPA-2000,openjpa-jdbc/src/main/java/org/apache/openjpa/jdbc/sql/PostgresDictionary.java
OPENJPA-2005,openjpa-jdbc/src/main/java/org/apache/openjpa/jdbc/sql/PostgresDictionary.java
OPENJPA-2006,openjpa-kernel/src/main/java/org/apache/openjpa/kernel/BrokerImpl.java
OPENJPA-2006,openjpa-kernel/src/main/java/org/apache/openjpa/kernel/SingleFieldManager.java
OPENJPA-2007,openjpa-persistence-jdbc/src/main/java/org/apache/openjpa/persistence/jdbc/JDBCPersistenceProductDerivation.java
OPENJPA-2008,openjpa-jdbc/src/main/java/org/apache/openjpa/jdbc/kernel/SQLStoreQuery.java
OPENJPA-2008,openjpa-slice/src/main/java/org/apache/openjpa/slice/jdbc/DistributedJDBCStoreManager.java
OPENJPA-2008,openjpa-slice/src/main/java/org/apache/openjpa/slice/jdbc/DistributedSQLStoreQuery.java
OPENJPA-2010,openjpa-jdbc/src/main/java/org/apache/openjpa/jdbc/meta/MappingTool.java
OPENJPA-2010,openjpa-kernel/src/main/java/org/apache/openjpa/meta/AbstractCFMetaDataFactory.java
OPENJPA-2010,openjpa-kernel/src/main/java/org/apache/openjpa/meta/ClassMetaData.java
OPENJPA-2010,openjpa-kernel/src/main/java/org/apache/openjpa/meta/MetaDataTool.java
OPENJPA-2010,openjpa-kernel/src/main/java/org/apache/openjpa/meta/QueryMetaData.java
OPENJPA-2010,openjpa-persistence/src/main/java/org/apache/openjpa/persistence/AnnotationPersistenceMetaDataParser.java
OPENJPA-2010,openjpa-persistence/src/main/java/org/apache/openjpa/persistence/XMLPersistenceMetaDataParser.java
OPENJPA-2011,openjpa-kernel/src/main/java/org/apache/openjpa/conf/Compatibility.java
OPENJPA-2011,openjpa-persistence/src/main/java/org/apache/openjpa/persistence/XMLPersistenceMetaDataParser.java
OPENJPA-2013,openjpa-jdbc/src/main/java/org/apache/openjpa/jdbc/sql/DerbyDictionary.java
OPENJPA-2013,openjpa-jdbc/src/main/java/org/apache/openjpa/jdbc/sql/HSQLDictionary.java
OPENJPA-2015,openjpa-jdbc/src/main/java/org/apache/openjpa/jdbc/meta/strats/StoreCollectionFieldStrategy.java
OPENJPA-2018,openjpa-jdbc/src/main/java/org/apache/openjpa/jdbc/kernel/exps/InExpression.java
OPENJPA-2018,openjpa-persistence/src/main/java/org/apache/openjpa/persistence/AbstractQuery.java
OPENJPA-2018,openjpa-persistence/src/main/java/org/apache/openjpa/persistence/criteria/BindableParameter.java
OPENJPA-2018,openjpa-persistence/src/main/java/org/apache/openjpa/persistence/criteria/Expressions.java
OPENJPA-2018,openjpa-persistence/src/main/java/org/apache/openjpa/persistence/criteria/ParameterExpressionImpl.java
OPENJPA-202,openjpa-kernel/src/main/java/org/apache/openjpa/kernel/DetachManager.java
OPENJPA-2022,openjpa-jdbc/src/main/java/org/apache/openjpa/jdbc/schema/SchemaGenerator.java
OPENJPA-2025,openjpa-persistence/src/main/java/org/apache/openjpa/persistence/meta/AnnotationProcessor6.java
OPENJPA-2025,openjpa-persistence/src/main/java/org/apache/openjpa/persistence/meta/SourceAnnotationHandler.java
OPENJPA-2027,openjpa-kernel/src/main/java/org/apache/openjpa/conf/Compatibility.java
OPENJPA-2027,openjpa-kernel/src/main/java/org/apache/openjpa/meta/FieldMetaData.java
OPENJPA-2027,openjpa-persistence/src/main/java/org/apache/openjpa/persistence/AnnotationPersistenceMetaDataParser.java
OPENJPA-2027,openjpa-persistence/src/main/java/org/apache/openjpa/persistence/meta/AbstractManagedType.java
OPENJPA-203,openjpa-jdbc/src/main/java/org/apache/openjpa/jdbc/kernel/PessimisticLockManager.java
OPENJPA-203,openjpa-jdbc/src/main/java/org/apache/openjpa/jdbc/sql/SelectImpl.java
OPENJPA-203,openjpa-kernel/src/main/java/org/apache/openjpa/kernel/VersionLockManager.java
OPENJPA-2034,openjpa-jdbc/src/main/java/org/apache/openjpa/jdbc/sql/H2Dictionary.java
OPENJPA-2036,openjpa-kernel/src/main/java/org/apache/openjpa/enhance/InstrumentationFactory.java
OPENJPA-2038,openjpa-jdbc/src/main/java/org/apache/openjpa/jdbc/sql/DBDictionary.java
OPENJPA-2039,openjpa-jdbc/src/main/java/org/apache/openjpa/jdbc/kernel/DelegatingJDBCFetchConfiguration.java
OPENJPA-2039,openjpa-jdbc/src/main/java/org/apache/openjpa/jdbc/kernel/JDBCFetchConfiguration.java
OPENJPA-2039,openjpa-jdbc/src/main/java/org/apache/openjpa/jdbc/kernel/JDBCFetchConfigurationImpl.java
OPENJPA-2039,openjpa-jdbc/src/main/java/org/apache/openjpa/jdbc/kernel/JDBCStoreManager.java
OPENJPA-2039,openjpa-persistence-jdbc/src/main/java/org/apache/openjpa/persistence/jdbc/JDBCFetchPlan.java
OPENJPA-2039,openjpa-persistence-jdbc/src/main/java/org/apache/openjpa/persistence/jdbc/JDBCFetchPlanImpl.java
OPENJPA-2044,openjpa-persistence/src/main/java/org/apache/openjpa/persistence/meta/AnnotationProcessor6.java
OPENJPA-2044,openjpa-persistence/src/main/java/org/apache/openjpa/persistence/util/SourceCode.java
OPENJPA-2045,openjpa-jdbc/src/main/java/org/apache/openjpa/jdbc/sql/AccessDictionary.java
OPENJPA-2045,openjpa-jdbc/src/main/java/org/apache/openjpa/jdbc/sql/FoxProDictionary.java
OPENJPA-2045,openjpa-jdbc/src/main/java/org/apache/openjpa/jdbc/sql/InformixDictionary.java
OPENJPA-2045,openjpa-jdbc/src/main/java/org/apache/openjpa/jdbc/sql/PointbaseDictionary.java
OPENJPA-2051,openjpa-kernel/src/main/java/org/apache/openjpa/conf/Compatibility.java
OPENJPA-2051,openjpa-kernel/src/main/java/org/apache/openjpa/kernel/BrokerImpl.java
OPENJPA-2053,openjpa-persistence/src/main/java/org/apache/openjpa/persistence/osgi/PersistenceActivator.java
OPENJPA-2055,openjpa-lib/src/main/java/org/apache/openjpa/lib/util/UUIDGenerator.java
OPENJPA-2056,openjpa-jdbc/src/main/java/org/apache/openjpa/jdbc/sql/PostgresDictionary.java
OPENJPA-2060,openjpa-persistence/src/main/java/org/apache/openjpa/persistence/util/SourceCode.java
OPENJPA-2065,openjpa-kernel/src/main/java/org/apache/openjpa/kernel/ResultPacker.java
OPENJPA-2066,openjpa-jdbc/src/main/java/org/apache/openjpa/jdbc/kernel/JDBCStoreManager.java
OPENJPA-2067,openjpa-jdbc/src/main/java/org/apache/openjpa/jdbc/sql/DBDictionary.java
OPENJPA-2067,openjpa-lib/src/main/java/org/apache/openjpa/lib/jdbc/LoggingConnectionDecorator.java
OPENJPA-2069,openjpa-jdbc/src/main/java/org/apache/openjpa/jdbc/kernel/NativeJDBCSeq.java
OPENJPA-2069,openjpa-jdbc/src/main/java/org/apache/openjpa/jdbc/sql/DBDictionary.java
OPENJPA-207,openjpa-jdbc/src/main/java/org/apache/openjpa/jdbc/meta/strats/RelationFieldStrategy.java
OPENJPA-207,openjpa-kernel/src/main/java/org/apache/openjpa/enhance/PCEnhancer.java
OPENJPA-207,openjpa-kernel/src/main/java/org/apache/openjpa/kernel/StateManagerImpl.java
OPENJPA-207,openjpa-kernel/src/main/java/org/apache/openjpa/util/ApplicationIds.java
OPENJPA-2070,openjpa-persistence/src/main/java/org/apache/openjpa/persistence/meta/MetamodelImpl.java
OPENJPA-2071,openjpa-kernel/src/main/java/org/apache/openjpa/kernel/ResultPacker.java
OPENJPA-2072,openjpa-jdbc/src/main/java/org/apache/openjpa/jdbc/sql/DBDictionary.java
OPENJPA-2073,openjpa-jdbc/src/main/java/org/apache/openjpa/jdbc/sql/DB2Dictionary.java
OPENJPA-208,openjpa-kernel/src/main/java/org/apache/openjpa/kernel/QueryImpl.java
OPENJPA-208,openjpa-kernel/src/main/java/org/apache/openjpa/util/NoResultException.java
OPENJPA-208,openjpa-kernel/src/main/java/org/apache/openjpa/util/NonUniqueResultException.java
OPENJPA-208,openjpa-kernel/src/main/java/org/apache/openjpa/util/UserException.java
OPENJPA-208,openjpa-persistence/src/main/java/org/apache/openjpa/persistence/PersistenceExceptions.java
OPENJPA-208,openjpa-persistence/src/main/java/org/apache/openjpa/persistence/QueryImpl.java
OPENJPA-2083,openjpa-persistence/src/main/java/org/apache/openjpa/persistence/PersistenceMetaDataDefaults.java
OPENJPA-209,openjpa-jdbc/src/main/java/org/apache/openjpa/jdbc/kernel/ProjectionResultObjectProvider.java
OPENJPA-209,openjpa-kernel/src/main/java/org/apache/openjpa/kernel/StateManagerImpl.java
OPENJPA-2094,openjpa-kernel/src/main/java/org/apache/openjpa/meta/AbstractCFMetaDataFactory.java
OPENJPA-2094,openjpa-lib/src/main/java/org/apache/openjpa/lib/meta/JarFileURLMetaDataIterator.java
OPENJPA-2094,openjpa-lib/src/main/java/org/apache/openjpa/lib/util/J2DoPrivHelper.java
OPENJPA-2095,openjpa-jdbc/src/main/java/org/apache/openjpa/jdbc/kernel/AbstractUpdateManager.java
OPENJPA-2095,openjpa-jdbc/src/main/java/org/apache/openjpa/jdbc/kernel/ConstraintUpdateManager.java
OPENJPA-2095,openjpa-jdbc/src/main/java/org/apache/openjpa/jdbc/kernel/PreparedStatementManagerImpl.java
OPENJPA-2095,openjpa-jdbc/src/main/java/org/apache/openjpa/jdbc/sql/DBDictionary.java
OPENJPA-2095,openjpa-jdbc/src/main/java/org/apache/openjpa/jdbc/sql/RowImpl.java
OPENJPA-2100,openjpa-tools/openjpa-maven-plugin/src/it/default_settings/src/main/java/org/apache/openjpa/tools/maven/testentity/TestEntity.java
OPENJPA-2100,openjpa-tools/openjpa-maven-plugin/src/main/java/org/apache/openjpa/tools/maven/AbstractOpenJpaMappingToolMojo.java
OPENJPA-2102,openjpa-kernel/src/main/java/org/apache/openjpa/meta/AbstractCFMetaDataFactory.java
OPENJPA-2104,openjpa-jdbc/src/main/java/org/apache/openjpa/jdbc/sql/DBDictionary.java
OPENJPA-2107,openjpa-kernel/src/main/java/org/apache/openjpa/kernel/BrokerImpl.java
OPENJPA-2110,openjpa-kernel/src/main/java/org/apache/openjpa/meta/ProxySetupStateManager.java
OPENJPA-2117,openjpa-persistence-jdbc/src/main/java/org/apache/openjpa/persistence/jdbc/XMLPersistenceMappingParser.java
OPENJPA-2118,openjpa-jdbc/src/main/java/org/apache/openjpa/jdbc/kernel/PreparedQueryImpl.java
OPENJPA-2119,openjpa-persistence/src/main/java/org/apache/openjpa/persistence/util/SourceCode.java
OPENJPA-2122,openjpa-kernel/src/main/java/org/apache/openjpa/enhance/AsmAdaptor.java
OPENJPA-2122,openjpa-kernel/src/main/java/org/apache/openjpa/enhance/PCClassFileTransformer.java
OPENJPA-2123,openjpa-jdbc/src/main/java/org/apache/openjpa/jdbc/sql/DB2Dictionary.java
OPENJPA-2123,openjpa-jdbc/src/main/java/org/apache/openjpa/jdbc/sql/DBDictionary.java
OPENJPA-2123,openjpa-lib/src/main/java/org/apache/openjpa/lib/jdbc/LoggingConnectionDecorator.java
OPENJPA-2124,openjpa-jdbc/src/main/java/org/apache/openjpa/jdbc/meta/strats/XMLValueHandler.java
OPENJPA-2131,openjpa-jdbc/src/main/java/org/apache/openjpa/jdbc/sql/OracleDictionary.java
OPENJPA-2131,openjpa-jdbc/src/main/java/org/apache/openjpa/jdbc/sql/SQLBuffer.java
OPENJPA-2132,openjpa-jdbc/src/main/java/org/apache/openjpa/jdbc/kernel/JDBCStoreManager.java
OPENJPA-2133,openjpa-jdbc/src/main/java/org/apache/openjpa/jdbc/meta/MappingRepository.java
OPENJPA-2133,openjpa-kernel/src/main/java/org/apache/openjpa/meta/JavaTypes.java
OPENJPA-2136,openjpa-kernel/src/main/java/org/apache/openjpa/kernel/BrokerImpl.java
OPENJPA-214,openjpa-kernel/src/main/java/org/apache/openjpa/enhance/PCEnhancer.java
OPENJPA-214,openjpa-kernel/src/main/java/org/apache/openjpa/meta/ClassMetaData.java
OPENJPA-214,openjpa-kernel/src/main/java/org/apache/openjpa/util/ApplicationIds.java
OPENJPA-214,openjpa-kernel/src/main/java/org/apache/openjpa/util/DoubleId.java
OPENJPA-214,openjpa-kernel/src/main/java/org/apache/openjpa/util/FloatId.java
OPENJPA-214,openjpa-persistence/src/main/java/org/apache/openjpa/persistence/OpenJPAPersistence.java
OPENJPA-2142,openjpa-kernel/src/main/java/org/apache/openjpa/kernel/AttachStrategy.java
OPENJPA-2142,openjpa-kernel/src/main/java/org/apache/openjpa/kernel/BrokerImpl.java
OPENJPA-2146,openjpa-kernel/src/main/java/org/apache/openjpa/kernel/StateManagerImpl.java
OPENJPA-2149,openjpa-jdbc/src/main/java/org/apache/openjpa/jdbc/kernel/exps/Args.java
OPENJPA-2149,openjpa-jdbc/src/main/java/org/apache/openjpa/jdbc/kernel/exps/DatastoreFunction.java
OPENJPA-2149,openjpa-jdbc/src/main/java/org/apache/openjpa/jdbc/kernel/exps/UnaryOp.java
OPENJPA-2153,openjpa-jdbc/src/main/java/org/apache/openjpa/jdbc/schema/DBCPDriverDataSource.java
OPENJPA-2153,openjpa-jdbc/src/main/java/org/apache/openjpa/jdbc/schema/SimpleDriverDataSource.java
OPENJPA-2156,openjpa-persistence/src/main/java/org/apache/openjpa/persistence/util/SourceCode.java
OPENJPA-2158,openjpa-kernel/src/main/java/org/apache/openjpa/kernel/DetachManagerLite.java
OPENJPA-2161,openjpa-kernel/src/main/java/org/apache/openjpa/kernel/BrokerImpl.java
OPENJPA-2161,openjpa-kernel/src/main/java/org/apache/openjpa/kernel/StateManagerImpl.java
OPENJPA-2163,openjpa-kernel/src/main/java/org/apache/openjpa/conf/Compatibility.java
OPENJPA-2163,openjpa-kernel/src/main/java/org/apache/openjpa/conf/OpenJPAConfiguration.java
OPENJPA-2163,openjpa-kernel/src/main/java/org/apache/openjpa/conf/OpenJPAConfigurationImpl.java
OPENJPA-2170,openjpa-jdbc/src/main/java/org/apache/openjpa/jdbc/kernel/BatchingPreparedStatementManagerImpl.java
OPENJPA-2174,openjpa-jdbc/src/main/java/org/apache/openjpa/jdbc/kernel/MappedQueryResultObjectProvider.java
OPENJPA-2174,openjpa-jdbc/src/main/java/org/apache/openjpa/jdbc/sql/ResultSetResult.java
OPENJPA-2178,openjpa-jdbc/src/main/java/org/apache/openjpa/jdbc/sql/PostgresDictionary.java
OPENJPA-218,openjpa-kernel/src/main/java/org/apache/openjpa/enhance/PCEnhancer.java
OPENJPA-2182,openjpa-jdbc/src/main/java/org/apache/openjpa/jdbc/sql/AbstractSQLServerDictionary.java
OPENJPA-2182,openjpa-jdbc/src/main/java/org/apache/openjpa/jdbc/sql/DBDictionary.java
OPENJPA-2187,openjpa-persistence/src/main/java/org/apache/openjpa/persistence/util/SourceCode.java
OPENJPA-219,openjpa-kernel/src/main/java/org/apache/openjpa/enhance/PCEnhancer.java
OPENJPA-219,openjpa-kernel/src/main/java/org/apache/openjpa/enhance/Reflection.java
OPENJPA-219,openjpa-kernel/src/main/java/org/apache/openjpa/meta/ClassMetaData.java
OPENJPA-2191,openjpa-kernel/src/main/java/org/apache/openjpa/datacache/AbstractQueryCache.java
OPENJPA-2196,openjpa-jdbc/src/main/java/org/apache/openjpa/jdbc/kernel/NativeJDBCSeq.java
OPENJPA-2196,openjpa-jdbc/src/main/java/org/apache/openjpa/jdbc/sql/DBDictionary.java
OPENJPA-2197,openjpa-persistence/src/main/java/org/apache/openjpa/persistence/AnnotationPersistenceMetaDataParser.java
OPENJPA-2199,openjpa-jdbc/src/main/java/org/apache/openjpa/jdbc/meta/strats/RelationFieldStrategy.java
OPENJPA-2199,openjpa-kernel/src/main/java/org/apache/openjpa/kernel/StateManagerImpl.java
OPENJPA-22,openjpa-jdbc/src/main/java/org/apache/openjpa/jdbc/sql/DB2Dictionary.java
OPENJPA-2204,openjpa-jdbc/src/main/java/org/apache/openjpa/jdbc/kernel/JDBCStoreManager.java
OPENJPA-222,openjpa-jdbc/src/main/java/org/apache/openjpa/jdbc/sql/DB2Dictionary.java
OPENJPA-2221,openjpa-jdbc/src/main/java/org/apache/openjpa/jdbc/sql/DBDictionary.java
OPENJPA-2227,openjpa-kernel/src/main/java/org/apache/openjpa/meta/SequenceMetaData.java
OPENJPA-2228,openjpa-jdbc/src/main/java/org/apache/openjpa/jdbc/sql/SQLBuffer.java
OPENJPA-2229,openjpa-jdbc/src/main/java/org/apache/openjpa/jdbc/meta/MappingRepository.java
OPENJPA-2229,openjpa-kernel/src/main/java/org/apache/openjpa/meta/AbstractCFMetaDataFactory.java
OPENJPA-2230,openjpa-kernel/src/main/java/org/apache/openjpa/meta/LifecycleMetaData.java
OPENJPA-2233,openjpa-kernel/src/main/java/org/apache/openjpa/enhance/PCEnhancer.java
OPENJPA-2234,openjpa-kernel/src/main/java/org/apache/openjpa/kernel/AbstractBrokerFactory.java
OPENJPA-2235,openjpa-jdbc/src/main/java/org/apache/openjpa/jdbc/sql/DB2Dictionary.java
OPENJPA-2236,openjpa-jdbc/src/main/java/org/apache/openjpa/jdbc/sql/DBDictionary.java
OPENJPA-2238,openjpa-kernel/src/main/java/org/apache/openjpa/util/ProxyManagerImpl.java
OPENJPA-2244,openjpa-lib/src/main/java/org/apache/openjpa/lib/ant/AbstractTask.java
OPENJPA-2244,openjpa-lib/src/main/java/org/apache/openjpa/lib/conf/ConfigurationImpl.java
OPENJPA-2244,openjpa-lib/src/main/java/org/apache/openjpa/lib/conf/Configurations.java
OPENJPA-2244,openjpa-persistence/src/main/java/org/apache/openjpa/persistence/PersistenceProductDerivation.java
OPENJPA-2244,openjpa-persistence/src/main/java/org/apache/openjpa/persistence/PersistenceUnitInfoImpl.java
OPENJPA-2245,openjpa-kernel/src/main/java/org/apache/openjpa/datacache/QueryKey.java
OPENJPA-2247,openjpa-jdbc/src/main/java/org/apache/openjpa/jdbc/meta/MappingRepository.java
OPENJPA-2253,openjpa-kernel/src/main/java/org/apache/openjpa/audit/Auditable.java
OPENJPA-2253,openjpa-kernel/src/main/java/org/apache/openjpa/audit/Auditor.java
OPENJPA-2253,openjpa-kernel/src/main/java/org/apache/openjpa/kernel/AuditManager.java
OPENJPA-2253,openjpa-kernel/src/main/java/org/apache/openjpa/kernel/Audited.java
OPENJPA-2255,openjpa-jdbc/src/main/java/org/apache/openjpa/jdbc/meta/MappingInfo.java
OPENJPA-2257,openjpa-lib/src/main/java/org/apache/openjpa/lib/conf/ConfigurationImpl.java
OPENJPA-2260,openjpa-persistence/src/main/java/org/apache/openjpa/persistence/EntityManagerImpl.java
OPENJPA-2261,openjpa-persistence/src/main/java/org/apache/openjpa/persistence/QueryImpl.java
OPENJPA-2267,openjpa-kernel/src/main/java/org/apache/openjpa/kernel/ResultPacker.java
OPENJPA-2269,openjpa-jdbc/src/main/java/org/apache/openjpa/jdbc/kernel/TableJDBCSeq.java
OPENJPA-228,openjpa-kernel/src/main/java/org/apache/openjpa/enhance/PCEnhancer.java
OPENJPA-228,openjpa-kernel/src/main/java/org/apache/openjpa/meta/MetaDataRepository.java
OPENJPA-2282,openjpa-jdbc/src/main/java/org/apache/openjpa/jdbc/sql/DBDictionary.java
OPENJPA-2282,openjpa-jdbc/src/main/java/org/apache/openjpa/jdbc/sql/JDataStoreDictionary.java
OPENJPA-2282,openjpa-jdbc/src/main/java/org/apache/openjpa/jdbc/sql/MySQLDictionary.java
OPENJPA-2282,openjpa-jdbc/src/main/java/org/apache/openjpa/jdbc/sql/OracleDictionary.java
OPENJPA-2282,openjpa-jdbc/src/main/java/org/apache/openjpa/jdbc/sql/PostgresDictionary.java
OPENJPA-2284,openjpa-persistence/src/main/java/org/apache/openjpa/persistence/XMLPersistenceMetaDataParser.java
OPENJPA-2286,openjpa-jdbc/src/main/java/org/apache/openjpa/jdbc/kernel/exps/CompareExpression.java
OPENJPA-2287,openjpa-kernel/src/main/java/org/apache/openjpa/kernel/SaveFieldManager.java
OPENJPA-2287,openjpa-kernel/src/main/java/org/apache/openjpa/kernel/SavepointFieldManager.java
OPENJPA-2287,openjpa-kernel/src/main/java/org/apache/openjpa/kernel/TransferFieldManager.java
OPENJPA-2288,openjpa-kernel/src/main/java/org/apache/openjpa/conf/Compatibility.java
OPENJPA-2288,openjpa-kernel/src/main/java/org/apache/openjpa/meta/MetaDataRepository.java
OPENJPA-2289,openjpa-jdbc/src/main/java/org/apache/openjpa/jdbc/sql/DBDictionary.java
OPENJPA-2289,openjpa-jdbc/src/main/java/org/apache/openjpa/jdbc/sql/OracleDictionary.java
OPENJPA-2289,openjpa-jdbc/src/main/java/org/apache/openjpa/jdbc/sql/SelectImpl.java
OPENJPA-229,openjpa-kernel/src/main/java/org/apache/openjpa/enhance/PCEnhancer.java
OPENJPA-229,openjpa-kernel/src/main/java/org/apache/openjpa/meta/MetaDataRepository.java
OPENJPA-2298,openjpa-kernel/src/main/java/org/apache/openjpa/enhance/PCEnhancer.java
OPENJPA-230,openjpa-kernel/src/main/java/org/apache/openjpa/event/TCPRemoteCommitProvider.java
OPENJPA-2300,openjpa-persistence/src/main/java/org/apache/openjpa/persistence/meta/AnnotationProcessor6.java
OPENJPA-2304,openjpa-persistence/src/main/java/org/apache/openjpa/persistence/criteria/CriteriaBuilderImpl.java
OPENJPA-2304,openjpa-persistence/src/main/java/org/apache/openjpa/persistence/criteria/PredicateImpl.java
OPENJPA-231,openjpa-kernel/src/main/java/org/apache/openjpa/kernel/AttachStrategy.java
OPENJPA-2318,openjpa-persistence/src/main/java/org/apache/openjpa/persistence/criteria/Joins.java
OPENJPA-2320,openjpa-persistence/src/main/java/org/apache/openjpa/persistence/criteria/CriteriaBuilderImpl.java
OPENJPA-2320,openjpa-persistence/src/main/java/org/apache/openjpa/persistence/criteria/PredicateImpl.java
OPENJPA-2321,openjpa-lib/src/main/java/org/apache/openjpa/lib/log/LogFactoryImpl.java
OPENJPA-2325,openjpa-kernel/src/main/java/org/apache/openjpa/kernel/BrokerImpl.java
OPENJPA-2325,openjpa-kernel/src/main/java/org/apache/openjpa/meta/ClassMetaData.java
OPENJPA-2326,openjpa-jdbc/src/main/java/org/apache/openjpa/jdbc/kernel/JDBCStoreManager.java
OPENJPA-2328,openjpa-jdbc/src/main/java/org/apache/openjpa/jdbc/meta/strats/HandlerRelationMapTableFieldStrategy.java
OPENJPA-2330,openjpa-persistence/src/main/java/org/apache/openjpa/persistence/OpenJPAPersistenceUtil.java
OPENJPA-2335,openjpa-jdbc/src/main/java/org/apache/openjpa/jdbc/meta/strats/RelationToManyInverseKeyFieldStrategy.java
OPENJPA-2335,openjpa-jdbc/src/main/java/org/apache/openjpa/jdbc/sql/PrimaryRow.java
OPENJPA-2336,openjpa-jdbc/src/main/java/org/apache/openjpa/jdbc/meta/MappingInfo.java
OPENJPA-2341,openjpa-jdbc/src/main/java/org/apache/openjpa/jdbc/meta/MappingRepository.java
OPENJPA-2343,openjpa-jdbc/src/main/java/org/apache/openjpa/jdbc/meta/FieldMapping.java
OPENJPA-2343,openjpa-jdbc/src/main/java/org/apache/openjpa/jdbc/meta/Version.java
OPENJPA-2343,openjpa-jdbc/src/main/java/org/apache/openjpa/jdbc/meta/VersionStrategy.java
OPENJPA-2343,openjpa-jdbc/src/main/java/org/apache/openjpa/jdbc/meta/strats/AbstractVersionStrategy.java
OPENJPA-2343,openjpa-jdbc/src/main/java/org/apache/openjpa/jdbc/meta/strats/ColumnVersionStrategy.java
OPENJPA-2355,openjpa-kernel/src/main/java/org/apache/openjpa/kernel/jpql/JPQLExpressionBuilder.java
OPENJPA-2357,openjpa-kernel/src/main/java/org/apache/openjpa/kernel/SingleFieldManager.java
OPENJPA-2369,openjpa-kernel/src/main/java/org/apache/openjpa/kernel/StateManagerImpl.java
OPENJPA-237,openjpa-lib/src/main/java/org/apache/openjpa/lib/conf/Value.java
OPENJPA-2374,openjpa-kernel/src/main/java/org/apache/openjpa/kernel/BrokerImpl.java
OPENJPA-2377,openjpa-persistence/src/main/java/org/apache/openjpa/persistence/criteria/CriteriaQueryImpl.java
OPENJPA-2377,openjpa-persistence/src/main/java/org/apache/openjpa/persistence/meta/MetamodelImpl.java
OPENJPA-2390,openjpa-jdbc/src/main/java/org/apache/openjpa/jdbc/sql/HSQLDictionary.java
OPENJPA-2391,openjpa-jdbc/src/main/java/org/apache/openjpa/jdbc/sql/HSQLDictionary.java
OPENJPA-24,openjpa-kernel/src/main/java/org/apache/openjpa/event/JMSRemoteCommitProvider.java
OPENJPA-2400,openjpa-jdbc/src/main/java/org/apache/openjpa/jdbc/conf/JDBCConfigurationImpl.java
OPENJPA-2400,openjpa-jdbc/src/main/java/org/apache/openjpa/jdbc/conf/JDBCProductDerivation.java
OPENJPA-2400,openjpa-jdbc/src/main/java/org/apache/openjpa/jdbc/sql/DBDictionaryFactory.java
OPENJPA-2400,openjpa-jdbc/src/main/java/org/apache/openjpa/jdbc/sql/MariaDBDictionary.java
OPENJPA-2400,openjpa-persistence-jdbc/src/main/java/org/apache/openjpa/persistence/jdbc/JDBCPersistenceProductDerivation.java
OPENJPA-2405,openjpa-kernel/src/main/java/org/apache/openjpa/kernel/VersionAttachStrategy.java
OPENJPA-2409,openjpa-tools/openjpa-maven-plugin/src/main/java/org/apache/openjpa/tools/maven/AbstractOpenJpaEnhancerMojo.java
OPENJPA-2409,openjpa-tools/openjpa-maven-plugin/src/main/java/org/apache/openjpa/tools/maven/AbstractOpenJpaMojo.java
OPENJPA-2409,openjpa-tools/openjpa-maven-plugin/src/main/java/org/apache/openjpa/tools/maven/OpenJpaSchemaMojo.java
OPENJPA-2409,openjpa-tools/openjpa-maven-plugin/src/main/java/org/apache/openjpa/tools/maven/OpenJpaSqlMojo.java
OPENJPA-241,openjpa-jdbc/src/main/java/org/apache/openjpa/jdbc/kernel/JDBCStoreManager.java
OPENJPA-241,openjpa-jdbc/src/main/java/org/apache/openjpa/jdbc/meta/strats/StoreCollectionFieldStrategy.java
OPENJPA-241,openjpa-jdbc/src/main/java/org/apache/openjpa/jdbc/sql/AbstractResult.java
OPENJPA-241,openjpa-jdbc/src/main/java/org/apache/openjpa/jdbc/sql/MergedResult.java
OPENJPA-241,openjpa-jdbc/src/main/java/org/apache/openjpa/jdbc/sql/Result.java
OPENJPA-2414,openjpa-jdbc/src/main/java/org/apache/openjpa/jdbc/kernel/FinderCacheImpl.java
OPENJPA-2414,openjpa-kernel/src/main/java/org/apache/openjpa/conf/Compatibility.java
OPENJPA-2414,openjpa-kernel/src/main/java/org/apache/openjpa/kernel/DelegatingFetchConfiguration.java
OPENJPA-2414,openjpa-kernel/src/main/java/org/apache/openjpa/kernel/FetchConfiguration.java
OPENJPA-2414,openjpa-kernel/src/main/java/org/apache/openjpa/kernel/FetchConfigurationImpl.java
OPENJPA-2421,openjpa-slice/src/main/java/org/apache/openjpa/slice/jdbc/DistributedJDBCConfigurationImpl.java
OPENJPA-2423,openjpa-jdbc/src/main/java/org/apache/openjpa/jdbc/sql/DB2Dictionary.java
OPENJPA-2425,openjpa-jdbc/src/main/java/org/apache/openjpa/jdbc/kernel/exps/PCPath.java
OPENJPA-2432,openjpa-jdbc/src/main/java/org/apache/openjpa/jdbc/sql/DBDictionaryFactory.java
OPENJPA-2435,openjpa-jdbc/src/main/java/org/apache/openjpa/jdbc/meta/strats/NumberVersionStrategy.java
OPENJPA-2437,openjpa-kernel/src/main/java/org/apache/openjpa/kernel/AbstractBrokerFactory.java
OPENJPA-2437,openjpa-kernel/src/main/java/org/apache/openjpa/kernel/BrokerImpl.java
OPENJPA-244,openjpa-examples/src/main/java/hellojpa/Main.java
OPENJPA-244,openjpa-examples/src/main/java/relations/Main.java
OPENJPA-244,openjpa-jdbc-5/src/main/java/org/apache/openjpa/jdbc/meta/strats/XMLValueHandler.java
OPENJPA-244,openjpa-jdbc/src/main/java/org/apache/openjpa/jdbc/ant/MappingToolTask.java
OPENJPA-244,openjpa-jdbc/src/main/java/org/apache/openjpa/jdbc/ant/ReverseMappingToolTask.java
OPENJPA-244,openjpa-jdbc/src/main/java/org/apache/openjpa/jdbc/conf/MappingRepositoryValue.java
OPENJPA-244,openjpa-jdbc/src/main/java/org/apache/openjpa/jdbc/kernel/JDBCStoreManager.java
OPENJPA-244,openjpa-jdbc/src/main/java/org/apache/openjpa/jdbc/kernel/exps/ConstPath.java
OPENJPA-244,openjpa-jdbc/src/main/java/org/apache/openjpa/jdbc/meta/ClassMappingInfo.java
OPENJPA-244,openjpa-jdbc/src/main/java/org/apache/openjpa/jdbc/meta/DiscriminatorMappingInfo.java
OPENJPA-244,openjpa-jdbc/src/main/java/org/apache/openjpa/jdbc/meta/MappingRepository.java
OPENJPA-244,openjpa-jdbc/src/main/java/org/apache/openjpa/jdbc/meta/MappingTool.java
OPENJPA-244,openjpa-jdbc/src/main/java/org/apache/openjpa/jdbc/meta/ReverseMappingTool.java
OPENJPA-244,openjpa-jdbc/src/main/java/org/apache/openjpa/jdbc/meta/VersionMappingInfo.java
OPENJPA-244,openjpa-jdbc/src/main/java/org/apache/openjpa/jdbc/meta/strats/EmbedValueHandler.java
OPENJPA-244,openjpa-jdbc/src/main/java/org/apache/openjpa/jdbc/schema/DataSourceFactory.java
OPENJPA-244,openjpa-jdbc/src/main/java/org/apache/openjpa/jdbc/schema/FileSchemaFactory.java
OPENJPA-244,openjpa-jdbc/src/main/java/org/apache/openjpa/jdbc/schema/SimpleDriverDataSource.java
OPENJPA-244,openjpa-jdbc/src/main/java/org/apache/openjpa/jdbc/sql/DB2Dictionary.java
OPENJPA-244,openjpa-jdbc/src/main/java/org/apache/openjpa/jdbc/sql/DBDictionary.java
OPENJPA-244,openjpa-jdbc/src/main/java/org/apache/openjpa/jdbc/sql/DBDictionaryFactory.java
OPENJPA-244,openjpa-jdbc/src/main/java/org/apache/openjpa/jdbc/sql/HSQLDictionary.java
OPENJPA-244,openjpa-jdbc/src/main/java/org/apache/openjpa/jdbc/sql/SelectImpl.java
OPENJPA-244,openjpa-kernel-5/src/main/java/org/apache/openjpa/enhance/ManagedClassSubclasser.java
OPENJPA-244,openjpa-kernel-5/src/main/java/org/apache/openjpa/enhance/PCEnhancerAgent.java
OPENJPA-244,openjpa-kernel/src/main/java/org/apache/openjpa/abstractstore/AbstractStoreBrokerFactory.java
OPENJPA-244,openjpa-kernel/src/main/java/org/apache/openjpa/conf/OpenJPAVersion.java
OPENJPA-244,openjpa-kernel/src/main/java/org/apache/openjpa/ee/AutomaticManagedRuntime.java
OPENJPA-244,openjpa-kernel/src/main/java/org/apache/openjpa/ee/WASManagedRuntime.java
OPENJPA-244,openjpa-kernel/src/main/java/org/apache/openjpa/enhance/ApplicationIdTool.java
OPENJPA-244,openjpa-kernel/src/main/java/org/apache/openjpa/enhance/DynamicStorageGenerator.java
OPENJPA-244,openjpa-kernel/src/main/java/org/apache/openjpa/enhance/PCEnhancer.java
OPENJPA-244,openjpa-kernel/src/main/java/org/apache/openjpa/enhance/Reflection.java
OPENJPA-244,openjpa-kernel/src/main/java/org/apache/openjpa/event/BeanLifecycleCallbacks.java
OPENJPA-244,openjpa-kernel/src/main/java/org/apache/openjpa/event/MethodLifecycleCallbacks.java
OPENJPA-244,openjpa-kernel/src/main/java/org/apache/openjpa/event/TCPRemoteCommitProvider.java
OPENJPA-244,openjpa-kernel/src/main/java/org/apache/openjpa/kernel/AbstractBrokerFactory.java
OPENJPA-244,openjpa-kernel/src/main/java/org/apache/openjpa/kernel/Bootstrap.java
OPENJPA-244,openjpa-kernel/src/main/java/org/apache/openjpa/kernel/BrokerImpl.java
OPENJPA-244,openjpa-kernel/src/main/java/org/apache/openjpa/kernel/Filters.java
OPENJPA-244,openjpa-kernel/src/main/java/org/apache/openjpa/kernel/ObjectIdStateManager.java
OPENJPA-244,openjpa-kernel/src/main/java/org/apache/openjpa/kernel/QueryImpl.java
OPENJPA-244,openjpa-kernel/src/main/java/org/apache/openjpa/kernel/QueryLanguages.java
OPENJPA-244,openjpa-kernel/src/main/java/org/apache/openjpa/kernel/ResultPacker.java
OPENJPA-244,openjpa-kernel/src/main/java/org/apache/openjpa/kernel/jpql/JPQLExpressionBuilder.java
OPENJPA-244,openjpa-kernel/src/main/java/org/apache/openjpa/meta/AbstractCFMetaDataFactory.java
OPENJPA-244,openjpa-kernel/src/main/java/org/apache/openjpa/meta/AbstractMetaDataDefaults.java
OPENJPA-244,openjpa-kernel/src/main/java/org/apache/openjpa/meta/ClassMetaData.java
OPENJPA-244,openjpa-kernel/src/main/java/org/apache/openjpa/meta/FieldMetaData.java
OPENJPA-244,openjpa-kernel/src/main/java/org/apache/openjpa/meta/InterfaceImplGenerator.java
OPENJPA-244,openjpa-kernel/src/main/java/org/apache/openjpa/meta/MetaDataRepository.java
OPENJPA-244,openjpa-kernel/src/main/java/org/apache/openjpa/meta/SequenceMetaData.java
OPENJPA-244,openjpa-kernel/src/main/java/org/apache/openjpa/util/ApplicationIds.java
OPENJPA-244,openjpa-kernel/src/main/java/org/apache/openjpa/util/ClassResolverImpl.java
OPENJPA-244,openjpa-kernel/src/main/java/org/apache/openjpa/util/Exceptions.java
OPENJPA-244,openjpa-kernel/src/main/java/org/apache/openjpa/util/GeneratedClasses.java
OPENJPA-244,openjpa-kernel/src/main/java/org/apache/openjpa/util/Id.java
OPENJPA-244,openjpa-kernel/src/main/java/org/apache/openjpa/util/MultiLoaderClassResolver.java
OPENJPA-244,openjpa-kernel/src/main/java/org/apache/openjpa/util/Proxies.java
OPENJPA-244,openjpa-kernel/src/main/java/org/apache/openjpa/util/ProxyCollections.java
OPENJPA-244,openjpa-kernel/src/main/java/org/apache/openjpa/util/ProxyManagerImpl.java
OPENJPA-244,openjpa-kernel/src/main/java/org/apache/openjpa/util/Serialization.java
OPENJPA-244,openjpa-kernel/src/main/java/org/apache/openjpa/util/StoreFacadeTypeRegistry.java
OPENJPA-244,openjpa-lib/src/main/java/org/apache/openjpa/lib/ant/AbstractTask.java
OPENJPA-244,openjpa-lib/src/main/java/org/apache/openjpa/lib/conf/ConfigurationImpl.java
OPENJPA-244,openjpa-lib/src/main/java/org/apache/openjpa/lib/conf/Configurations.java
OPENJPA-244,openjpa-lib/src/main/java/org/apache/openjpa/lib/conf/FileValue.java
OPENJPA-244,openjpa-lib/src/main/java/org/apache/openjpa/lib/conf/ObjectValue.java
OPENJPA-244,openjpa-lib/src/main/java/org/apache/openjpa/lib/conf/ProductDerivations.java
OPENJPA-244,openjpa-lib/src/main/java/org/apache/openjpa/lib/jdbc/LoggingConnectionDecorator.java
OPENJPA-244,openjpa-lib/src/main/java/org/apache/openjpa/lib/jdbc/SQLFormatter.java
OPENJPA-244,openjpa-lib/src/main/java/org/apache/openjpa/lib/log/LogFactoryImpl.java
OPENJPA-244,openjpa-lib/src/main/java/org/apache/openjpa/lib/log/LogOutputStream.java
OPENJPA-244,openjpa-lib/src/main/java/org/apache/openjpa/lib/meta/CFMetaDataParser.java
OPENJPA-244,openjpa-lib/src/main/java/org/apache/openjpa/lib/meta/ClassArgParser.java
OPENJPA-244,openjpa-lib/src/main/java/org/apache/openjpa/lib/meta/ClassMetaDataIterator.java
OPENJPA-244,openjpa-lib/src/main/java/org/apache/openjpa/lib/meta/ClasspathMetaDataIterator.java
OPENJPA-244,openjpa-lib/src/main/java/org/apache/openjpa/lib/meta/FileMetaDataIterator.java
OPENJPA-244,openjpa-lib/src/main/java/org/apache/openjpa/lib/meta/ResourceMetaDataIterator.java
OPENJPA-244,openjpa-lib/src/main/java/org/apache/openjpa/lib/meta/SourceTrackers.java
OPENJPA-244,openjpa-lib/src/main/java/org/apache/openjpa/lib/meta/URLMetaDataIterator.java
OPENJPA-244,openjpa-lib/src/main/java/org/apache/openjpa/lib/meta/XMLMetaDataParser.java
OPENJPA-244,openjpa-lib/src/main/java/org/apache/openjpa/lib/meta/XMLMetaDataSerializer.java
OPENJPA-244,openjpa-lib/src/main/java/org/apache/openjpa/lib/meta/ZipFileMetaDataIterator.java
OPENJPA-244,openjpa-lib/src/main/java/org/apache/openjpa/lib/util/CodeFormat.java
OPENJPA-244,openjpa-lib/src/main/java/org/apache/openjpa/lib/util/Files.java
OPENJPA-244,openjpa-lib/src/main/java/org/apache/openjpa/lib/util/FormatPreservingProperties.java
OPENJPA-244,openjpa-lib/src/main/java/org/apache/openjpa/lib/util/J2DoPrivHelper.java
OPENJPA-244,openjpa-lib/src/main/java/org/apache/openjpa/lib/util/JavaVersions.java
OPENJPA-244,openjpa-lib/src/main/java/org/apache/openjpa/lib/util/Localizer.java
OPENJPA-244,openjpa-lib/src/main/java/org/apache/openjpa/lib/util/MultiClassLoader.java
OPENJPA-244,openjpa-lib/src/main/java/org/apache/openjpa/lib/util/Options.java
OPENJPA-244,openjpa-lib/src/main/java/org/apache/openjpa/lib/util/ParameterTemplate.java
OPENJPA-244,openjpa-lib/src/main/java/org/apache/openjpa/lib/util/Services.java
OPENJPA-244,openjpa-lib/src/main/java/org/apache/openjpa/lib/util/StreamResourceBundleProvider.java
OPENJPA-244,openjpa-lib/src/main/java/org/apache/openjpa/lib/util/TemporaryClassLoader.java
OPENJPA-244,openjpa-lib/src/main/java/org/apache/openjpa/lib/util/UUIDGenerator.java
OPENJPA-244,openjpa-lib/src/main/java/org/apache/openjpa/lib/util/ZipResourceBundleProvider.java
OPENJPA-244,openjpa-lib/src/main/java/org/apache/openjpa/lib/util/concurrent/Utils.java
OPENJPA-244,openjpa-lib/src/main/java/org/apache/openjpa/lib/xml/XMLWriter.java
OPENJPA-244,openjpa-persistence-jdbc/src/main/java/org/apache/openjpa/persistence/jdbc/JDBCPersistenceProductDerivation.java
OPENJPA-244,openjpa-persistence-jdbc/src/main/java/org/apache/openjpa/persistence/jdbc/XMLPersistenceMappingParser.java
OPENJPA-244,openjpa-persistence/src/main/java/org/apache/openjpa/persistence/AnnotationPersistenceMetaDataParser.java
OPENJPA-244,openjpa-persistence/src/main/java/org/apache/openjpa/persistence/AnnotationPersistenceMetaDataSerializer.java
OPENJPA-244,openjpa-persistence/src/main/java/org/apache/openjpa/persistence/MetaDataParsers.java
OPENJPA-244,openjpa-persistence/src/main/java/org/apache/openjpa/persistence/PersistenceMetaDataDefaults.java
OPENJPA-244,openjpa-persistence/src/main/java/org/apache/openjpa/persistence/PersistenceMetaDataFactory.java
OPENJPA-244,openjpa-persistence/src/main/java/org/apache/openjpa/persistence/PersistenceProductDerivation.java
OPENJPA-244,openjpa-persistence/src/main/java/org/apache/openjpa/persistence/PersistenceUnitInfoImpl.java
OPENJPA-244,openjpa-persistence/src/main/java/org/apache/openjpa/persistence/XMLPersistenceMetaDataParser.java
OPENJPA-244,openjpa-xmlstore/src/main/java/org/apache/openjpa/xmlstore/XMLFileHandler.java
OPENJPA-2440,openjpa-jdbc/src/main/java/org/apache/openjpa/jdbc/schema/SchemaTool.java
OPENJPA-2441,openjpa-kernel/src/main/java/org/apache/openjpa/datacache/AbstractQueryCache.java
OPENJPA-2441,openjpa-kernel/src/main/java/org/apache/openjpa/kernel/QueryStatistics.java
OPENJPA-2441,openjpa-kernel/src/main/java/org/apache/openjpa/util/ProxyManagerImpl.java
OPENJPA-2441,openjpa-lib/src/main/java/org/apache/openjpa/lib/util/concurrent/NullSafeConcurrentHashMap.java
OPENJPA-2441,openjpa-lib/src/main/java/org/apache/openjpa/lib/util/concurrent/SizedConcurrentHashMap.java
OPENJPA-2442,openjpa-kernel/src/main/java/org/apache/openjpa/util/ProxyConcurrentMaps.java
OPENJPA-2442,openjpa-kernel/src/main/java/org/apache/openjpa/util/ProxyManagerImpl.java
OPENJPA-2443,openjpa-kernel/src/main/java/org/apache/openjpa/kernel/SingleFieldManager.java
OPENJPA-2444,openjpa-persistence/src/main/java/org/apache/openjpa/persistence/PersistenceMetaDataFactory.java
OPENJPA-245,openjpa-kernel/src/main/java/org/apache/openjpa/enhance/PCEnhancer.java
OPENJPA-245,openjpa-kernel/src/main/java/org/apache/openjpa/kernel/AttachManager.java
OPENJPA-245,openjpa-kernel/src/main/java/org/apache/openjpa/kernel/VersionAttachStrategy.java
OPENJPA-2463,openjpa-kernel/src/main/java/org/apache/openjpa/enhance/PCEnhancer.java
OPENJPA-2467,openjpa-kernel/src/main/java/org/apache/openjpa/enhance/CodeGenerator.java
OPENJPA-2467,openjpa-kernel/src/main/java/org/apache/openjpa/enhance/PCEnhancer.java
OPENJPA-2467,openjpa-kernel/src/main/java/org/apache/openjpa/enhance/Reflection.java
OPENJPA-2467,openjpa-kernel/src/main/java/org/apache/openjpa/meta/FieldMetaData.java
OPENJPA-2467,openjpa-persistence/src/main/java/org/apache/openjpa/persistence/PersistenceMetaDataDefaults.java
OPENJPA-2470,openjpa-kernel/src/main/java/org/apache/openjpa/datacache/DataCacheManagerImpl.java
OPENJPA-2472,openjpa-kernel/src/main/java/org/apache/openjpa/meta/ClassMetaData.java
OPENJPA-2475,openjpa-jdbc/src/main/java/org/apache/openjpa/jdbc/meta/strats/HandlerCollectionTableFieldStrategy.java
OPENJPA-2475,openjpa-jdbc/src/main/java/org/apache/openjpa/jdbc/meta/strats/RelationCollectionInverseKeyFieldStrategy.java
OPENJPA-2475,openjpa-jdbc/src/main/java/org/apache/openjpa/jdbc/meta/strats/RelationCollectionTableFieldStrategy.java
OPENJPA-2475,openjpa-jdbc/src/main/java/org/apache/openjpa/jdbc/meta/strats/RelationMapInverseKeyFieldStrategy.java
OPENJPA-2475,openjpa-jdbc/src/main/java/org/apache/openjpa/jdbc/meta/strats/RelationMapTableFieldStrategy.java
OPENJPA-2475,openjpa-jdbc/src/main/java/org/apache/openjpa/jdbc/meta/strats/RelationToManyInverseKeyFieldStrategy.java
OPENJPA-2475,openjpa-jdbc/src/main/java/org/apache/openjpa/jdbc/meta/strats/RelationToManyTableFieldStrategy.java
OPENJPA-2475,openjpa-jdbc/src/main/java/org/apache/openjpa/jdbc/meta/strats/StoreCollectionFieldStrategy.java
OPENJPA-2476,openjpa-jdbc/src/main/java/org/apache/openjpa/jdbc/sql/DBDictionary.java
OPENJPA-2476,openjpa-kernel/src/main/java/org/apache/openjpa/kernel/StateManagerImpl.java
OPENJPA-2478,openjpa-kernel/src/main/java/org/apache/openjpa/enhance/PCEnhancer.java
OPENJPA-248,openjpa-persistence-jdbc/src/main/java/org/apache/openjpa/persistence/jdbc/AnnotationPersistenceMappingParser.java
OPENJPA-2482,openjpa-jdbc/src/main/java/org/apache/openjpa/jdbc/sql/SelectImpl.java
OPENJPA-2494,openjpa-jdbc/src/main/java/org/apache/openjpa/jdbc/meta/ClassMappingInfo.java
OPENJPA-2494,openjpa-kernel/src/main/java/org/apache/openjpa/meta/MetaDataDefaults.java
OPENJPA-2494,openjpa-kernel/src/main/java/org/apache/openjpa/meta/NoneMetaDataFactory.java
OPENJPA-2494,openjpa-kernel/src/main/java/org/apache/openjpa/meta/SequenceMetaData.java
OPENJPA-2494,openjpa-persistence-jdbc/src/main/java/org/apache/openjpa/persistence/jdbc/XMLPersistenceMappingParser.java
OPENJPA-2494,openjpa-persistence/src/main/java/org/apache/openjpa/persistence/PersistenceMetaDataDefaults.java
OPENJPA-2502,openjpa-persistence/src/main/java/org/apache/openjpa/persistence/criteria/CriteriaExpressionBuilder.java
OPENJPA-2505,openjpa-persistence/src/main/java/org/apache/openjpa/persistence/EntityManagerFactoryImpl.java
OPENJPA-2506,openjpa-kernel/src/main/java/org/apache/openjpa/kernel/BrokerImpl.java
OPENJPA-2506,openjpa-kernel/src/main/java/org/apache/openjpa/meta/ClassMetaData.java
OPENJPA-2506,openjpa-persistence/src/main/java/org/apache/openjpa/persistence/JPAFacadeHelper.java
OPENJPA-2507,openjpa-persistence/src/main/java/org/apache/openjpa/persistence/criteria/CriteriaQueryImpl.java
OPENJPA-2508,openjpa-kernel/src/main/java/org/apache/openjpa/datacache/QueryCacheStoreQuery.java
OPENJPA-251,openjpa-kernel/src/main/java/org/apache/openjpa/enhance/Reflection.java
OPENJPA-2517,openjpa-jdbc/src/main/java/org/apache/openjpa/jdbc/schema/DataSourceFactory.java
OPENJPA-2517,openjpa-jdbc/src/main/java/org/apache/openjpa/jdbc/sql/DBDictionary.java
OPENJPA-2525,openjpa-jdbc/src/main/java/org/apache/openjpa/jdbc/sql/RowImpl.java
OPENJPA-2533,openjpa-kernel/src/main/java/org/apache/openjpa/meta/MetaDataRepository.java
OPENJPA-2534,openjpa-jdbc/src/main/java/org/apache/openjpa/jdbc/conf/JDBCConfigurationImpl.java
OPENJPA-2534,openjpa-jdbc/src/main/java/org/apache/openjpa/jdbc/sql/SQLBuffer.java
OPENJPA-2536,openjpa-kernel/src/main/java/org/apache/openjpa/kernel/StateManagerImpl.java
OPENJPA-2539,openjpa-kernel/src/main/java/org/apache/openjpa/kernel/QueryImpl.java
OPENJPA-2542,openjpa-lib/src/main/java/org/apache/openjpa/lib/util/MultiClassLoader.java
OPENJPA-2542,openjpa-persistence/src/main/java/org/apache/openjpa/persistence/PersistenceProviderImpl.java
OPENJPA-2547,openjpa-jdbc/src/main/java/org/apache/openjpa/jdbc/kernel/PessimisticLockManager.java
OPENJPA-2555,openjpa-jdbc/src/main/java/org/apache/openjpa/jdbc/meta/MappingInfo.java
OPENJPA-2555,openjpa-jdbc/src/main/java/org/apache/openjpa/jdbc/schema/DynamicSchemaFactory.java
OPENJPA-2555,openjpa-jdbc/src/main/java/org/apache/openjpa/jdbc/sql/DBDictionary.java
OPENJPA-2555,openjpa-jdbc/src/main/java/org/apache/openjpa/jdbc/sql/MariaDBDictionary.java
OPENJPA-2555,openjpa-jdbc/src/main/java/org/apache/openjpa/jdbc/sql/MySQLDictionary.java
OPENJPA-2557,openjpa-jdbc/src/main/java/org/apache/openjpa/jdbc/kernel/FinderQueryImpl.java
OPENJPA-256,openjpa-kernel/src/main/java/org/apache/openjpa/conf/QueryCompilationCacheValue.java
OPENJPA-2567,openjpa-jdbc/src/main/java/org/apache/openjpa/jdbc/sql/MariaDBDictionary.java
OPENJPA-2567,openjpa-jdbc/src/main/java/org/apache/openjpa/jdbc/sql/MySQLDictionary.java
OPENJPA-2571,openjpa-jdbc/src/main/java/org/apache/openjpa/jdbc/sql/SelectImpl.java
OPENJPA-2576,openjpa-examples/openbooks/src/main/java/jpa/tools/swing/EntityDataModel.java
OPENJPA-2576,openjpa-examples/openbooks/src/main/java/jpa/tools/swing/EntityTypeView.java
OPENJPA-2576,openjpa-examples/openbooks/src/main/java/jpa/tools/swing/ErrorDialog.java
OPENJPA-2576,openjpa-examples/openbooks/src/main/java/jpa/tools/swing/MetamodelHelper.java
OPENJPA-2576,openjpa-examples/openbooks/src/main/java/jpa/tools/swing/MetamodelView.java
OPENJPA-2576,openjpa-examples/openbooks/src/main/java/openbook/client/Demo.java
OPENJPA-2576,openjpa-examples/openbooks/src/main/java/openbook/server/QueryParameterBinder.java
OPENJPA-2576,openjpa-examples/openbooks/src/main/java/openbook/tools/converter/SourceRenderer.java
OPENJPA-2576,openjpa-examples/openbooks/src/main/java/openbook/util/PropertyHelper.java
OPENJPA-2576,openjpa-examples/openbooks/src/main/java/openbook/util/Randomizer.java
OPENJPA-2576,openjpa-jdbc/src/main/java/org/apache/openjpa/jdbc/conf/FetchModeValue.java
OPENJPA-2576,openjpa-jdbc/src/main/java/org/apache/openjpa/jdbc/conf/JDBCSeqValue.java
OPENJPA-2576,openjpa-jdbc/src/main/java/org/apache/openjpa/jdbc/conf/MappingFactoryValue.java
OPENJPA-2576,openjpa-jdbc/src/main/java/org/apache/openjpa/jdbc/conf/MappingRepositoryValue.java
OPENJPA-2576,openjpa-jdbc/src/main/java/org/apache/openjpa/jdbc/kernel/DelegatingJDBCFetchConfiguration.java
OPENJPA-2576,openjpa-jdbc/src/main/java/org/apache/openjpa/jdbc/kernel/InstanceResultObjectProvider.java
OPENJPA-2576,openjpa-jdbc/src/main/java/org/apache/openjpa/jdbc/kernel/JDBCFetchConfigurationImpl.java
OPENJPA-2576,openjpa-jdbc/src/main/java/org/apache/openjpa/jdbc/kernel/JDBCStoreManager.java
OPENJPA-2576,openjpa-jdbc/src/main/java/org/apache/openjpa/jdbc/kernel/JDBCStoreQuery.java
OPENJPA-2576,openjpa-jdbc/src/main/java/org/apache/openjpa/jdbc/kernel/PagingResultObjectProvider.java
OPENJPA-2576,openjpa-jdbc/src/main/java/org/apache/openjpa/jdbc/kernel/PreparedQueryCacheImpl.java
OPENJPA-2576,openjpa-jdbc/src/main/java/org/apache/openjpa/jdbc/kernel/SQLStoreQuery.java
OPENJPA-2576,openjpa-jdbc/src/main/java/org/apache/openjpa/jdbc/kernel/SelectResultObjectProvider.java
OPENJPA-2576,openjpa-jdbc/src/main/java/org/apache/openjpa/jdbc/kernel/exps/ExpContext.java
OPENJPA-2576,openjpa-jdbc/src/main/java/org/apache/openjpa/jdbc/kernel/exps/ExpState.java
OPENJPA-2576,openjpa-jdbc/src/main/java/org/apache/openjpa/jdbc/kernel/exps/GetColumn.java
OPENJPA-2576,openjpa-jdbc/src/main/java/org/apache/openjpa/jdbc/kernel/exps/JDBCExpressionFactory.java
OPENJPA-2576,openjpa-jdbc/src/main/java/org/apache/openjpa/jdbc/kernel/exps/JDBCStringContains.java
OPENJPA-2576,openjpa-jdbc/src/main/java/org/apache/openjpa/jdbc/kernel/exps/JDBCWildcardMatch.java
OPENJPA-2576,openjpa-jdbc/src/main/java/org/apache/openjpa/jdbc/kernel/exps/QueryExpressionsState.java
OPENJPA-2576,openjpa-jdbc/src/main/java/org/apache/openjpa/jdbc/kernel/exps/SQLEmbed.java
OPENJPA-2576,openjpa-jdbc/src/main/java/org/apache/openjpa/jdbc/kernel/exps/SQLExpression.java
OPENJPA-2576,openjpa-jdbc/src/main/java/org/apache/openjpa/jdbc/kernel/exps/SQLValue.java
OPENJPA-2576,openjpa-jdbc/src/main/java/org/apache/openjpa/jdbc/kernel/exps/SelectConstructor.java
OPENJPA-2576,openjpa-jdbc/src/main/java/org/apache/openjpa/jdbc/kernel/exps/Val.java
OPENJPA-2576,openjpa-jdbc/src/main/java/org/apache/openjpa/jdbc/meta/MappingStrategyInstaller.java
OPENJPA-2576,openjpa-jdbc/src/main/java/org/apache/openjpa/jdbc/meta/MetaDataPlusMappingFactory.java
OPENJPA-2576,openjpa-jdbc/src/main/java/org/apache/openjpa/jdbc/meta/NoneMappingDefaults.java
OPENJPA-2576,openjpa-jdbc/src/main/java/org/apache/openjpa/jdbc/meta/NoneStrategyInstaller.java
OPENJPA-2576,openjpa-jdbc/src/main/java/org/apache/openjpa/jdbc/meta/RefreshStrategyInstaller.java
OPENJPA-2576,openjpa-jdbc/src/main/java/org/apache/openjpa/jdbc/meta/RuntimeStrategyInstaller.java
OPENJPA-2576,openjpa-jdbc/src/main/java/org/apache/openjpa/jdbc/meta/StrategyInstaller.java
OPENJPA-2576,openjpa-jdbc/src/main/java/org/apache/openjpa/jdbc/meta/strats/BlobValueHandler.java
OPENJPA-2576,openjpa-jdbc/src/main/java/org/apache/openjpa/jdbc/meta/strats/ByteArrayValueHandler.java
OPENJPA-2576,openjpa-jdbc/src/main/java/org/apache/openjpa/jdbc/meta/strats/CharArrayStreamValueHandler.java
OPENJPA-2576,openjpa-jdbc/src/main/java/org/apache/openjpa/jdbc/meta/strats/CharArrayValueHandler.java
OPENJPA-2576,openjpa-jdbc/src/main/java/org/apache/openjpa/jdbc/meta/strats/ClobValueHandler.java
OPENJPA-2576,openjpa-jdbc/src/main/java/org/apache/openjpa/jdbc/meta/strats/ElementEmbedValueHandler.java
OPENJPA-2576,openjpa-jdbc/src/main/java/org/apache/openjpa/jdbc/meta/strats/EmbeddedClassStrategy.java
OPENJPA-2576,openjpa-jdbc/src/main/java/org/apache/openjpa/jdbc/meta/strats/EnumValueHandler.java
OPENJPA-2576,openjpa-jdbc/src/main/java/org/apache/openjpa/jdbc/meta/strats/ImmutableValueHandler.java
OPENJPA-2576,openjpa-jdbc/src/main/java/org/apache/openjpa/jdbc/meta/strats/MaxEmbeddedBlobFieldStrategy.java
OPENJPA-2576,openjpa-jdbc/src/main/java/org/apache/openjpa/jdbc/meta/strats/MaxEmbeddedByteArrayFieldStrategy.java
OPENJPA-2576,openjpa-jdbc/src/main/java/org/apache/openjpa/jdbc/meta/strats/MaxEmbeddedCharArrayFieldStrategy.java
OPENJPA-2576,openjpa-jdbc/src/main/java/org/apache/openjpa/jdbc/meta/strats/MaxEmbeddedClobFieldStrategy.java
OPENJPA-2576,openjpa-jdbc/src/main/java/org/apache/openjpa/jdbc/meta/strats/ObjectIdClassStrategy.java
OPENJPA-2576,openjpa-jdbc/src/main/java/org/apache/openjpa/jdbc/meta/strats/ObjectIdValueHandler.java
OPENJPA-2576,openjpa-jdbc/src/main/java/org/apache/openjpa/jdbc/meta/strats/SuperclassDiscriminatorStrategy.java
OPENJPA-2576,openjpa-jdbc/src/main/java/org/apache/openjpa/jdbc/meta/strats/SuperclassVersionStrategy.java
OPENJPA-2576,openjpa-jdbc/src/main/java/org/apache/openjpa/jdbc/meta/strats/UntypedPCValueHandler.java
OPENJPA-2576,openjpa-jdbc/src/main/java/org/apache/openjpa/jdbc/schema/DataSourceFactory.java
OPENJPA-2576,openjpa-jdbc/src/main/java/org/apache/openjpa/jdbc/schema/SchemaParser.java
OPENJPA-2576,openjpa-jdbc/src/main/java/org/apache/openjpa/jdbc/schema/SchemaSerializer.java
OPENJPA-2576,openjpa-jdbc/src/main/java/org/apache/openjpa/jdbc/schema/Schemas.java
OPENJPA-2576,openjpa-jdbc/src/main/java/org/apache/openjpa/jdbc/schema/XMLSchemaParser.java
OPENJPA-2576,openjpa-jdbc/src/main/java/org/apache/openjpa/jdbc/schema/XMLSchemaSerializer.java
OPENJPA-2576,openjpa-jdbc/src/main/java/org/apache/openjpa/jdbc/sql/DBDictionaryFactory.java
OPENJPA-2576,openjpa-jdbc/src/main/java/org/apache/openjpa/jdbc/sql/PrimaryRow.java
OPENJPA-2576,openjpa-jdbc/src/main/java/org/apache/openjpa/jdbc/sql/RowImpl.java
OPENJPA-2576,openjpa-jdbc/src/main/java/org/apache/openjpa/jdbc/sql/RowManagerImpl.java
OPENJPA-2576,openjpa-jdbc/src/main/java/org/apache/openjpa/jdbc/sql/SQLExceptions.java
OPENJPA-2576,openjpa-jdbc/src/main/java/org/apache/openjpa/jdbc/sql/SecondaryRow.java
OPENJPA-2576,openjpa-jdbc/src/main/java/org/apache/openjpa/jdbc/sql/SelectImpl.java
OPENJPA-2576,openjpa-kernel/src/main/java/org/apache/openjpa/conf/AutoDetachValue.java
OPENJPA-2576,openjpa-kernel/src/main/java/org/apache/openjpa/conf/BrokerFactoryValue.java
OPENJPA-2576,openjpa-kernel/src/main/java/org/apache/openjpa/conf/Compatibility.java
OPENJPA-2576,openjpa-kernel/src/main/java/org/apache/openjpa/conf/DetachOptions.java
OPENJPA-2576,openjpa-kernel/src/main/java/org/apache/openjpa/conf/OpenJPAConfiguration.java
OPENJPA-2576,openjpa-kernel/src/main/java/org/apache/openjpa/conf/QueryCompilationCacheValue.java
OPENJPA-2576,openjpa-kernel/src/main/java/org/apache/openjpa/conf/RemoteCommitProviderValue.java
OPENJPA-2576,openjpa-kernel/src/main/java/org/apache/openjpa/conf/SeqValue.java
OPENJPA-2576,openjpa-kernel/src/main/java/org/apache/openjpa/datacache/DataCacheStoreManager.java
OPENJPA-2576,openjpa-kernel/src/main/java/org/apache/openjpa/datacache/DelegatingDataCache.java
OPENJPA-2576,openjpa-kernel/src/main/java/org/apache/openjpa/datacache/DelegatingQueryCache.java
OPENJPA-2576,openjpa-kernel/src/main/java/org/apache/openjpa/enhance/CodeGenerator.java
OPENJPA-2576,openjpa-kernel/src/main/java/org/apache/openjpa/enhance/DynamicStorage.java
OPENJPA-2576,openjpa-kernel/src/main/java/org/apache/openjpa/enhance/DynamicStorageGenerator.java
OPENJPA-2576,openjpa-kernel/src/main/java/org/apache/openjpa/enhance/PCClassFileTransformer.java
OPENJPA-2576,openjpa-kernel/src/main/java/org/apache/openjpa/enhance/PCDataGenerator.java
OPENJPA-2576,openjpa-kernel/src/main/java/org/apache/openjpa/enhance/PCEnhancer.java
OPENJPA-2576,openjpa-kernel/src/main/java/org/apache/openjpa/enhance/PCEnhancerAgent.java
OPENJPA-2576,openjpa-kernel/src/main/java/org/apache/openjpa/event/BeanLifecycleCallbacks.java
OPENJPA-2576,openjpa-kernel/src/main/java/org/apache/openjpa/event/LifecycleEventManager.java
OPENJPA-2576,openjpa-kernel/src/main/java/org/apache/openjpa/event/MethodLifecycleCallbacks.java
OPENJPA-2576,openjpa-kernel/src/main/java/org/apache/openjpa/event/TransactionEventManager.java
OPENJPA-2576,openjpa-kernel/src/main/java/org/apache/openjpa/instrumentation/InstrumentationManagerImpl.java
OPENJPA-2576,openjpa-kernel/src/main/java/org/apache/openjpa/instrumentation/jmx/JMXProvider.java
OPENJPA-2576,openjpa-kernel/src/main/java/org/apache/openjpa/kernel/AbstractPCData.java
OPENJPA-2576,openjpa-kernel/src/main/java/org/apache/openjpa/kernel/AttachStrategy.java
OPENJPA-2576,openjpa-kernel/src/main/java/org/apache/openjpa/kernel/AuditManager.java
OPENJPA-2576,openjpa-kernel/src/main/java/org/apache/openjpa/kernel/BrokerImpl.java
OPENJPA-2576,openjpa-kernel/src/main/java/org/apache/openjpa/kernel/DelegatingBroker.java
OPENJPA-2576,openjpa-kernel/src/main/java/org/apache/openjpa/kernel/DelegatingBrokerFactory.java
OPENJPA-2576,openjpa-kernel/src/main/java/org/apache/openjpa/kernel/DelegatingExtent.java
OPENJPA-2576,openjpa-kernel/src/main/java/org/apache/openjpa/kernel/DelegatingFetchConfiguration.java
OPENJPA-2576,openjpa-kernel/src/main/java/org/apache/openjpa/kernel/DelegatingQuery.java
OPENJPA-2576,openjpa-kernel/src/main/java/org/apache/openjpa/kernel/DelegatingResultList.java
OPENJPA-2576,openjpa-kernel/src/main/java/org/apache/openjpa/kernel/DelegatingSeq.java
OPENJPA-2576,openjpa-kernel/src/main/java/org/apache/openjpa/kernel/DetachManager.java
OPENJPA-2576,openjpa-kernel/src/main/java/org/apache/openjpa/kernel/DetachedStateAttachStrategy.java
OPENJPA-2576,openjpa-kernel/src/main/java/org/apache/openjpa/kernel/DetachedStateManager.java
OPENJPA-2576,openjpa-kernel/src/main/java/org/apache/openjpa/kernel/ExtentImpl.java
OPENJPA-2576,openjpa-kernel/src/main/java/org/apache/openjpa/kernel/FetchConfigurationImpl.java
OPENJPA-2576,openjpa-kernel/src/main/java/org/apache/openjpa/kernel/Filters.java
OPENJPA-2576,openjpa-kernel/src/main/java/org/apache/openjpa/kernel/MethodStoreQuery.java
OPENJPA-2576,openjpa-kernel/src/main/java/org/apache/openjpa/kernel/ObjectIdStateManager.java
OPENJPA-2576,openjpa-kernel/src/main/java/org/apache/openjpa/kernel/OpenJPAStateManager.java
OPENJPA-2576,openjpa-kernel/src/main/java/org/apache/openjpa/kernel/OrderingMergedResultObjectProvider.java
OPENJPA-2576,openjpa-kernel/src/main/java/org/apache/openjpa/kernel/PCDataImpl.java
OPENJPA-2576,openjpa-kernel/src/main/java/org/apache/openjpa/kernel/PNewProvisionalState.java
OPENJPA-2576,openjpa-kernel/src/main/java/org/apache/openjpa/kernel/QueryImpl.java
OPENJPA-2576,openjpa-kernel/src/main/java/org/apache/openjpa/kernel/ResultPacker.java
OPENJPA-2576,openjpa-kernel/src/main/java/org/apache/openjpa/kernel/StateManagerImpl.java
OPENJPA-2576,openjpa-kernel/src/main/java/org/apache/openjpa/kernel/VersionAttachStrategy.java
OPENJPA-2576,openjpa-kernel/src/main/java/org/apache/openjpa/kernel/exps/AbstractExpressionBuilder.java
OPENJPA-2576,openjpa-kernel/src/main/java/org/apache/openjpa/kernel/exps/AbstractExpressionVisitor.java
OPENJPA-2576,openjpa-kernel/src/main/java/org/apache/openjpa/kernel/exps/Context.java
OPENJPA-2576,openjpa-kernel/src/main/java/org/apache/openjpa/kernel/exps/ExpressionFactory.java
OPENJPA-2576,openjpa-kernel/src/main/java/org/apache/openjpa/kernel/exps/ExpressionParser.java
OPENJPA-2576,openjpa-kernel/src/main/java/org/apache/openjpa/kernel/exps/InMemoryExpressionFactory.java
OPENJPA-2576,openjpa-kernel/src/main/java/org/apache/openjpa/kernel/exps/Literal.java
OPENJPA-2576,openjpa-kernel/src/main/java/org/apache/openjpa/kernel/exps/Parameter.java
OPENJPA-2576,openjpa-kernel/src/main/java/org/apache/openjpa/kernel/exps/Path.java
OPENJPA-2576,openjpa-kernel/src/main/java/org/apache/openjpa/kernel/exps/QueryExpressions.java
OPENJPA-2576,openjpa-kernel/src/main/java/org/apache/openjpa/kernel/exps/Resolver.java
OPENJPA-2576,openjpa-kernel/src/main/java/org/apache/openjpa/kernel/exps/StringContains.java
OPENJPA-2576,openjpa-kernel/src/main/java/org/apache/openjpa/kernel/exps/Val.java
OPENJPA-2576,openjpa-kernel/src/main/java/org/apache/openjpa/kernel/exps/WildcardMatch.java
OPENJPA-2576,openjpa-kernel/src/main/java/org/apache/openjpa/kernel/jpql/JPQLExpressionBuilder.java
OPENJPA-2576,openjpa-kernel/src/main/java/org/apache/openjpa/kernel/jpql/JPQLParser.java
OPENJPA-2576,openjpa-kernel/src/main/java/org/apache/openjpa/kernel/jpql/SimpleNode.java
OPENJPA-2576,openjpa-kernel/src/main/java/org/apache/openjpa/meta/AccessCode.java
OPENJPA-2576,openjpa-kernel/src/main/java/org/apache/openjpa/meta/DelegatingMetaDataFactory.java
OPENJPA-2576,openjpa-kernel/src/main/java/org/apache/openjpa/meta/FieldMetaData.java
OPENJPA-2576,openjpa-kernel/src/main/java/org/apache/openjpa/meta/InheritanceComparator.java
OPENJPA-2576,openjpa-kernel/src/main/java/org/apache/openjpa/meta/JavaTypes.java
OPENJPA-2576,openjpa-kernel/src/main/java/org/apache/openjpa/meta/MetaDataInheritanceComparator.java
OPENJPA-2576,openjpa-kernel/src/main/java/org/apache/openjpa/meta/MetaDataRepository.java
OPENJPA-2576,openjpa-kernel/src/main/java/org/apache/openjpa/meta/NoneMetaDataFactory.java
OPENJPA-2576,openjpa-kernel/src/main/java/org/apache/openjpa/meta/ValueMetaDataImpl.java
OPENJPA-2576,openjpa-kernel/src/main/java/org/apache/openjpa/meta/XMLClassMetaData.java
OPENJPA-2576,openjpa-kernel/src/main/java/org/apache/openjpa/meta/XMLMetaData.java
OPENJPA-2576,openjpa-kernel/src/main/java/org/apache/openjpa/util/AbstractChangeTracker.java
OPENJPA-2576,openjpa-kernel/src/main/java/org/apache/openjpa/util/ApplicationIds.java
OPENJPA-2576,openjpa-kernel/src/main/java/org/apache/openjpa/util/ArrayStateImage.java
OPENJPA-2576,openjpa-kernel/src/main/java/org/apache/openjpa/util/CollectionChangeTrackerImpl.java
OPENJPA-2576,openjpa-kernel/src/main/java/org/apache/openjpa/util/DelayedCollectionChangeTrackerImpl.java
OPENJPA-2576,openjpa-kernel/src/main/java/org/apache/openjpa/util/Exceptions.java
OPENJPA-2576,openjpa-kernel/src/main/java/org/apache/openjpa/util/ImplHelper.java
OPENJPA-2576,openjpa-kernel/src/main/java/org/apache/openjpa/util/MapChangeTrackerImpl.java
OPENJPA-2576,openjpa-kernel/src/main/java/org/apache/openjpa/util/OptimisticException.java
OPENJPA-2576,openjpa-kernel/src/main/java/org/apache/openjpa/util/ProxyCollections.java
OPENJPA-2576,openjpa-kernel/src/main/java/org/apache/openjpa/util/ProxyManagerImpl.java
OPENJPA-2576,openjpa-kernel/src/main/java/org/apache/openjpa/util/ProxyMaps.java
OPENJPA-2576,openjpa-kernel/src/main/java/org/apache/openjpa/util/RuntimeExceptionTranslator.java
OPENJPA-2576,openjpa-kernel/src/main/java/org/apache/openjpa/util/Serialization.java
OPENJPA-2576,openjpa-kernel/src/main/java/org/apache/openjpa/validation/ValidatingLifecycleEventManager.java
OPENJPA-2576,openjpa-lib/src/main/java/org/apache/openjpa/lib/ant/AbstractTask.java
OPENJPA-2576,openjpa-lib/src/main/java/org/apache/openjpa/lib/conf/ConfigurationProvider.java
OPENJPA-2576,openjpa-lib/src/main/java/org/apache/openjpa/lib/conf/Configurations.java
OPENJPA-2576,openjpa-lib/src/main/java/org/apache/openjpa/lib/conf/MapConfigurationProvider.java
OPENJPA-2576,openjpa-lib/src/main/java/org/apache/openjpa/lib/conf/ProductDerivations.java
OPENJPA-2576,openjpa-lib/src/main/java/org/apache/openjpa/lib/graph/BreadthFirstWalk.java
OPENJPA-2576,openjpa-lib/src/main/java/org/apache/openjpa/lib/graph/DepthFirstAnalysis.java
OPENJPA-2576,openjpa-lib/src/main/java/org/apache/openjpa/lib/graph/Edge.java
OPENJPA-2576,openjpa-lib/src/main/java/org/apache/openjpa/lib/graph/Graph.java
OPENJPA-2576,openjpa-lib/src/main/java/org/apache/openjpa/lib/graph/GraphVisitor.java
OPENJPA-2576,openjpa-lib/src/main/java/org/apache/openjpa/lib/jdbc/ConfiguringConnectionDecorator.java
OPENJPA-2576,openjpa-lib/src/main/java/org/apache/openjpa/lib/jdbc/DataSourceLogs.java
OPENJPA-2576,openjpa-lib/src/main/java/org/apache/openjpa/lib/jdbc/DecoratingDataSource.java
OPENJPA-2576,openjpa-lib/src/main/java/org/apache/openjpa/lib/jdbc/JDBCEventConnectionDecorator.java
OPENJPA-2576,openjpa-lib/src/main/java/org/apache/openjpa/lib/jdbc/LoggingConnectionDecorator.java
OPENJPA-2576,openjpa-lib/src/main/java/org/apache/openjpa/lib/jdbc/ReportingSQLException.java
OPENJPA-2576,openjpa-lib/src/main/java/org/apache/openjpa/lib/meta/CFMetaDataParser.java
OPENJPA-2576,openjpa-lib/src/main/java/org/apache/openjpa/lib/meta/CFMetaDataSerializer.java
OPENJPA-2576,openjpa-lib/src/main/java/org/apache/openjpa/lib/meta/ClassAnnotationMetaDataFilter.java
OPENJPA-2576,openjpa-lib/src/main/java/org/apache/openjpa/lib/meta/ClassArgParser.java
OPENJPA-2576,openjpa-lib/src/main/java/org/apache/openjpa/lib/meta/ClassMetaDataIterator.java
OPENJPA-2576,openjpa-lib/src/main/java/org/apache/openjpa/lib/meta/ClasspathMetaDataIterator.java
OPENJPA-2576,openjpa-lib/src/main/java/org/apache/openjpa/lib/meta/FileMetaDataIterator.java
OPENJPA-2576,openjpa-lib/src/main/java/org/apache/openjpa/lib/meta/MetaDataFilter.java
OPENJPA-2576,openjpa-lib/src/main/java/org/apache/openjpa/lib/meta/MetaDataIteratorChain.java
OPENJPA-2576,openjpa-lib/src/main/java/org/apache/openjpa/lib/meta/MetaDataParser.java
OPENJPA-2576,openjpa-lib/src/main/java/org/apache/openjpa/lib/meta/MetaDataSerializer.java
OPENJPA-2576,openjpa-lib/src/main/java/org/apache/openjpa/lib/meta/ResourceMetaDataIterator.java
OPENJPA-2576,openjpa-lib/src/main/java/org/apache/openjpa/lib/meta/SuffixMetaDataFilter.java
OPENJPA-2576,openjpa-lib/src/main/java/org/apache/openjpa/lib/meta/URLMetaDataIterator.java
OPENJPA-2576,openjpa-lib/src/main/java/org/apache/openjpa/lib/meta/XMLMetaDataParser.java
OPENJPA-2576,openjpa-lib/src/main/java/org/apache/openjpa/lib/meta/XMLMetaDataSerializer.java
OPENJPA-2576,openjpa-lib/src/main/java/org/apache/openjpa/lib/meta/XMLVersionParser.java
OPENJPA-2576,openjpa-lib/src/main/java/org/apache/openjpa/lib/meta/ZipFileMetaDataIterator.java
OPENJPA-2576,openjpa-lib/src/main/java/org/apache/openjpa/lib/meta/ZipStreamMetaDataIterator.java
OPENJPA-2576,openjpa-lib/src/main/java/org/apache/openjpa/lib/rop/AbstractListIterator.java
OPENJPA-2576,openjpa-lib/src/main/java/org/apache/openjpa/lib/rop/AbstractNonSequentialResultList.java
OPENJPA-2576,openjpa-lib/src/main/java/org/apache/openjpa/lib/rop/AbstractResultList.java
OPENJPA-2576,openjpa-lib/src/main/java/org/apache/openjpa/lib/rop/AbstractSequentialResultList.java
OPENJPA-2576,openjpa-lib/src/main/java/org/apache/openjpa/lib/rop/EagerResultList.java
OPENJPA-2576,openjpa-lib/src/main/java/org/apache/openjpa/lib/rop/LazyForwardResultList.java
OPENJPA-2576,openjpa-lib/src/main/java/org/apache/openjpa/lib/rop/ListResultList.java
OPENJPA-2576,openjpa-lib/src/main/java/org/apache/openjpa/lib/rop/RandomAccessResultList.java
OPENJPA-2576,openjpa-lib/src/main/java/org/apache/openjpa/lib/rop/RangeResultObjectProvider.java
OPENJPA-2576,openjpa-lib/src/main/java/org/apache/openjpa/lib/rop/ResultListIterator.java
OPENJPA-2576,openjpa-lib/src/main/java/org/apache/openjpa/lib/rop/ResultObjectProviderIterator.java
OPENJPA-2576,openjpa-lib/src/main/java/org/apache/openjpa/lib/rop/SimpleResultList.java
OPENJPA-2576,openjpa-lib/src/main/java/org/apache/openjpa/lib/rop/SoftRandomAccessResultList.java
OPENJPA-2576,openjpa-lib/src/main/java/org/apache/openjpa/lib/rop/WindowResultList.java
OPENJPA-2576,openjpa-lib/src/main/java/org/apache/openjpa/lib/util/Base16Encoder.java
OPENJPA-2576,openjpa-lib/src/main/java/org/apache/openjpa/lib/util/ConcreteClassGenerator.java
OPENJPA-2576,openjpa-lib/src/main/java/org/apache/openjpa/lib/util/Files.java
OPENJPA-2576,openjpa-lib/src/main/java/org/apache/openjpa/lib/util/JavaVersions.java
OPENJPA-2576,openjpa-lib/src/main/java/org/apache/openjpa/lib/util/LRUMap.java
OPENJPA-2576,openjpa-lib/src/main/java/org/apache/openjpa/lib/util/Options.java
OPENJPA-2576,openjpa-lib/src/main/java/org/apache/openjpa/lib/util/ParameterTemplate.java
OPENJPA-2576,openjpa-lib/src/main/java/org/apache/openjpa/lib/util/ParseException.java
OPENJPA-2576,openjpa-lib/src/main/java/org/apache/openjpa/lib/util/ReferenceHashMap.java
OPENJPA-2576,openjpa-lib/src/main/java/org/apache/openjpa/lib/util/ReferenceHashSet.java
OPENJPA-2576,openjpa-lib/src/main/java/org/apache/openjpa/lib/util/Services.java
OPENJPA-2576,openjpa-lib/src/main/java/org/apache/openjpa/lib/util/SimpleRegex.java
OPENJPA-2576,openjpa-lib/src/main/java/org/apache/openjpa/lib/util/StringDistance.java
OPENJPA-2576,openjpa-lib/src/main/java/org/apache/openjpa/lib/util/TemporaryClassLoader.java
OPENJPA-2576,openjpa-lib/src/main/java/org/apache/openjpa/lib/util/TypedProperties.java
OPENJPA-2576,openjpa-lib/src/main/java/org/apache/openjpa/lib/util/UUIDGenerator.java
OPENJPA-2576,openjpa-lib/src/main/java/org/apache/openjpa/lib/util/concurrent/ConcurrentReferenceHashSet.java
OPENJPA-2576,openjpa-lib/src/main/java/org/apache/openjpa/lib/xml/Commentable.java
OPENJPA-2576,openjpa-lib/src/main/java/org/apache/openjpa/lib/xml/DocTypeReader.java
OPENJPA-2576,openjpa-lib/src/main/java/org/apache/openjpa/lib/xml/Location.java
OPENJPA-2576,openjpa-lib/src/main/java/org/apache/openjpa/lib/xml/ValidatingErrorHandler.java
OPENJPA-2576,openjpa-lib/src/main/java/org/apache/openjpa/lib/xml/XMLFactory.java
OPENJPA-2576,openjpa-lib/src/main/java/org/apache/openjpa/lib/xml/XMLWriter.java
OPENJPA-2576,openjpa-persistence-jdbc/src/main/java/org/apache/openjpa/persistence/jdbc/AnnotationPersistenceMappingParser.java
OPENJPA-2576,openjpa-persistence-jdbc/src/main/java/org/apache/openjpa/persistence/jdbc/AnnotationPersistenceMappingSerializer.java
OPENJPA-2576,openjpa-persistence-jdbc/src/main/java/org/apache/openjpa/persistence/jdbc/JDBCFetchPlanImpl.java
OPENJPA-2576,openjpa-persistence-jdbc/src/main/java/org/apache/openjpa/persistence/jdbc/JDBCPersistenceProductDerivation.java
OPENJPA-2576,openjpa-persistence-jdbc/src/main/java/org/apache/openjpa/persistence/jdbc/MappingTag.java
OPENJPA-2576,openjpa-persistence-jdbc/src/main/java/org/apache/openjpa/persistence/jdbc/PersistenceMappingDefaults.java
OPENJPA-2576,openjpa-persistence-jdbc/src/main/java/org/apache/openjpa/persistence/jdbc/PersistenceMappingFactory.java
OPENJPA-2576,openjpa-persistence-jdbc/src/main/java/org/apache/openjpa/persistence/jdbc/XMLPersistenceMappingParser.java
OPENJPA-2576,openjpa-persistence-jdbc/src/main/java/org/apache/openjpa/persistence/jdbc/XMLPersistenceMappingSerializer.java
OPENJPA-2576,openjpa-persistence/src/main/java/org/apache/openjpa/persistence/AnnotationBuilder.java
OPENJPA-2576,openjpa-persistence/src/main/java/org/apache/openjpa/persistence/AnnotationPersistenceMetaDataParser.java
OPENJPA-2576,openjpa-persistence/src/main/java/org/apache/openjpa/persistence/AnnotationPersistenceMetaDataSerializer.java
OPENJPA-2576,openjpa-persistence/src/main/java/org/apache/openjpa/persistence/AnnotationPersistenceXMLMetaDataParser.java
OPENJPA-2576,openjpa-persistence/src/main/java/org/apache/openjpa/persistence/ArgumentException.java
OPENJPA-2576,openjpa-persistence/src/main/java/org/apache/openjpa/persistence/EntityExistsException.java
OPENJPA-2576,openjpa-persistence/src/main/java/org/apache/openjpa/persistence/EntityManagerFactoryImpl.java
OPENJPA-2576,openjpa-persistence/src/main/java/org/apache/openjpa/persistence/EntityManagerFactoryValue.java
OPENJPA-2576,openjpa-persistence/src/main/java/org/apache/openjpa/persistence/EntityManagerImpl.java
OPENJPA-2576,openjpa-persistence/src/main/java/org/apache/openjpa/persistence/EntityNotFoundException.java
OPENJPA-2576,openjpa-persistence/src/main/java/org/apache/openjpa/persistence/ExtentImpl.java
OPENJPA-2576,openjpa-persistence/src/main/java/org/apache/openjpa/persistence/FetchPlanImpl.java
OPENJPA-2576,openjpa-persistence/src/main/java/org/apache/openjpa/persistence/GeneratorImpl.java
OPENJPA-2576,openjpa-persistence/src/main/java/org/apache/openjpa/persistence/HintHandler.java
OPENJPA-2576,openjpa-persistence/src/main/java/org/apache/openjpa/persistence/InvalidStateException.java
OPENJPA-2576,openjpa-persistence/src/main/java/org/apache/openjpa/persistence/JPAFacadeHelper.java
OPENJPA-2576,openjpa-persistence/src/main/java/org/apache/openjpa/persistence/LockTimeoutException.java
OPENJPA-2576,openjpa-persistence/src/main/java/org/apache/openjpa/persistence/MetaDataTag.java
OPENJPA-2576,openjpa-persistence/src/main/java/org/apache/openjpa/persistence/NoResultException.java
OPENJPA-2576,openjpa-persistence/src/main/java/org/apache/openjpa/persistence/NonUniqueResultException.java
OPENJPA-2576,openjpa-persistence/src/main/java/org/apache/openjpa/persistence/OptimisticLockException.java
OPENJPA-2576,openjpa-persistence/src/main/java/org/apache/openjpa/persistence/PersistenceException.java
OPENJPA-2576,openjpa-persistence/src/main/java/org/apache/openjpa/persistence/PersistenceExceptions.java
OPENJPA-2576,openjpa-persistence/src/main/java/org/apache/openjpa/persistence/PersistenceMetaDataDefaults.java
OPENJPA-2576,openjpa-persistence/src/main/java/org/apache/openjpa/persistence/PersistenceMetaDataFactory.java
OPENJPA-2576,openjpa-persistence/src/main/java/org/apache/openjpa/persistence/PersistenceProductDerivation.java
OPENJPA-2576,openjpa-persistence/src/main/java/org/apache/openjpa/persistence/PersistenceStrategy.java
OPENJPA-2576,openjpa-persistence/src/main/java/org/apache/openjpa/persistence/PersistenceUnitInfoImpl.java
OPENJPA-2576,openjpa-persistence/src/main/java/org/apache/openjpa/persistence/PessimisticLockException.java
OPENJPA-2576,openjpa-persistence/src/main/java/org/apache/openjpa/persistence/QueryImpl.java
OPENJPA-2576,openjpa-persistence/src/main/java/org/apache/openjpa/persistence/QueryResultCacheImpl.java
OPENJPA-2576,openjpa-persistence/src/main/java/org/apache/openjpa/persistence/QueryTimeoutException.java
OPENJPA-2576,openjpa-persistence/src/main/java/org/apache/openjpa/persistence/RollbackException.java
OPENJPA-2576,openjpa-persistence/src/main/java/org/apache/openjpa/persistence/StoreCacheImpl.java
OPENJPA-2576,openjpa-persistence/src/main/java/org/apache/openjpa/persistence/TransactionRequiredException.java
OPENJPA-2576,openjpa-persistence/src/main/java/org/apache/openjpa/persistence/XMLPersistenceMetaDataParser.java
OPENJPA-2576,openjpa-persistence/src/main/java/org/apache/openjpa/persistence/XMLPersistenceMetaDataSerializer.java
OPENJPA-258,openjpa-kernel/src/main/java/org/apache/openjpa/meta/InheritanceComparator.java
OPENJPA-2586,openjpa-kernel/src/main/java/org/apache/openjpa/datacache/QueryCacheStoreQuery.java
OPENJPA-2596,openjpa-jdbc/src/main/java/org/apache/openjpa/jdbc/schema/Column.java
OPENJPA-2596,openjpa-jdbc/src/main/java/org/apache/openjpa/jdbc/schema/SchemaTool.java
OPENJPA-2596,openjpa-tools/openjpa-maven-plugin/src/main/java/org/apache/openjpa/tools/maven/AbstractOpenJpaMojo.java
OPENJPA-2597,openjpa-jdbc/src/main/java/org/apache/openjpa/jdbc/sql/HSQLDictionary.java
OPENJPA-2600,openjpa-lib/src/main/java/org/apache/openjpa/lib/util/concurrent/NullSafeConcurrentHashMap.java
OPENJPA-2600,openjpa-lib/src/main/java/org/apache/openjpa/lib/util/concurrent/SizedConcurrentHashMap.java
OPENJPA-2600,openjpa-persistence-jdbc/src/main/java/org/apache/openjpa/persistence/jdbc/AnnotationPersistenceMappingParser.java
OPENJPA-2600,openjpa-persistence/src/main/java/org/apache/openjpa/persistence/AnnotationPersistenceXMLMetaDataParser.java
OPENJPA-2601,openjpa-persistence/src/main/java/org/apache/openjpa/persistence/XMLPersistenceMetaDataParser.java
OPENJPA-2603,openjpa-jdbc/src/main/java/org/apache/openjpa/jdbc/meta/strats/RelationToManyInverseKeyFieldStrategy.java
OPENJPA-2605,openjpa-lib/src/main/java/org/apache/openjpa/lib/jdbc/DelegatingConnection.java
OPENJPA-2609,openjpa-jdbc/src/main/java/org/apache/openjpa/jdbc/kernel/PreparedQueryCacheImpl.java
OPENJPA-2614,openjpa-jdbc/src/main/java/org/apache/openjpa/jdbc/kernel/AbstractJDBCSeq.java
OPENJPA-2614,openjpa-jdbc/src/main/java/org/apache/openjpa/jdbc/kernel/NativeJDBCSeq.java
OPENJPA-2617,openjpa-kernel/src/main/java/org/apache/openjpa/util/BlacklistClassResolver.java
OPENJPA-2617,openjpa-kernel/src/main/java/org/apache/openjpa/util/Serialization.java
OPENJPA-2617,openjpa-persistence/src/main/java/org/apache/openjpa/persistence/EntityManagerImpl.java
OPENJPA-2626,openjpa-kernel/src/main/java/org/apache/openjpa/enhance/AsmAdaptor.java
OPENJPA-2626,openjpa-kernel/src/main/java/org/apache/openjpa/enhance/PCClassFileTransformer.java
OPENJPA-2631,openjpa-jdbc/src/main/java/org/apache/openjpa/jdbc/kernel/exps/EqualExpression.java
OPENJPA-2631,openjpa-jdbc/src/main/java/org/apache/openjpa/jdbc/kernel/exps/Lit.java
OPENJPA-2631,openjpa-jdbc/src/main/java/org/apache/openjpa/jdbc/meta/ClassMapping.java
OPENJPA-2632,openjpa-kernel/src/main/java/org/apache/openjpa/conf/OpenJPAConfiguration.java
OPENJPA-2632,openjpa-kernel/src/main/java/org/apache/openjpa/conf/OpenJPAConfigurationImpl.java
OPENJPA-2632,openjpa-kernel/src/main/java/org/apache/openjpa/kernel/jpql/JPQLExpressionBuilder.java
OPENJPA-2636,openjpa-lib/src/main/java/org/apache/openjpa/lib/conf/Configurations.java
OPENJPA-2640,openjpa-jdbc/src/main/java/org/apache/openjpa/jdbc/kernel/JDBCBrokerFactory.java
OPENJPA-2640,openjpa-jdbc/src/main/java/org/apache/openjpa/jdbc/meta/MappingTool.java
OPENJPA-2640,openjpa-tools/openjpa-maven-plugin/src/main/java/org/apache/openjpa/tools/maven/AbstractOpenJpaMappingToolMojo.java
OPENJPA-2646,openjpa-jdbc/src/main/java/org/apache/openjpa/jdbc/kernel/PreparedQueryCacheImpl.java
OPENJPA-2646,openjpa-kernel/src/main/java/org/apache/openjpa/util/CacheMap.java
OPENJPA-2646,openjpa-persistence/src/main/java/org/apache/openjpa/persistence/QueryImpl.java
OPENJPA-2648,openjpa-jdbc/src/main/java/org/apache/openjpa/jdbc/sql/HSQLDictionary.java
OPENJPA-2650,openjpa-jdbc/src/main/java/org/apache/openjpa/jdbc/kernel/TableJDBCSeq.java
OPENJPA-2651,openjpa-jdbc/src/main/java/org/apache/openjpa/jdbc/kernel/MappedQueryResultObjectProvider.java
OPENJPA-2672,openjpa-lib/src/main/java/org/apache/openjpa/lib/conf/ConfigurationImpl.java
OPENJPA-2674,openjpa-kernel/src/main/java/org/apache/openjpa/enhance/InstrumentationFactory.java
OPENJPA-2675,openjpa-persistence/src/main/java/org/apache/openjpa/persistence/criteria/CriteriaQueryImpl.java
OPENJPA-2684,openjpa-kernel/src/main/java/org/apache/openjpa/meta/AbstractCFMetaDataFactory.java
OPENJPA-2689,openjpa-jdbc/src/main/java/org/apache/openjpa/jdbc/sql/OracleDictionary.java
OPENJPA-2689,openjpa-kernel/src/main/java/org/apache/openjpa/util/BlacklistClassResolver.java
OPENJPA-269,openjpa-jdbc/src/main/java/org/apache/openjpa/jdbc/sql/InformixDictionary.java
OPENJPA-2690,openjpa-jdbc/src/main/java/org/apache/openjpa/jdbc/sql/OracleDictionary.java
OPENJPA-2691,openjpa-jdbc/src/main/java/org/apache/openjpa/jdbc/sql/OracleDictionary.java
OPENJPA-2698,openjpa-kernel/src/main/java/org/apache/openjpa/kernel/jpql/JPQLExpressionBuilder.java
OPENJPA-2704,openjpa-jdbc/src/main/java/org/apache/openjpa/jdbc/meta/ClassMappingInfo.java
OPENJPA-2704,openjpa-jdbc/src/main/java/org/apache/openjpa/jdbc/meta/MappingInfo.java
OPENJPA-2705,openjpa-jdbc/src/main/java/org/apache/openjpa/jdbc/meta/ClassMapping.java
OPENJPA-2707,openjpa-persistence/src/main/java/org/apache/openjpa/persistence/criteria/CriteriaQueryImpl.java
OPENJPA-271,openjpa-jdbc/src/main/java/org/apache/openjpa/jdbc/meta/strats/ColumnVersionStrategy.java
OPENJPA-271,openjpa-jdbc/src/main/java/org/apache/openjpa/jdbc/schema/Column.java
OPENJPA-271,openjpa-jdbc/src/main/java/org/apache/openjpa/jdbc/sql/DB2Dictionary.java
OPENJPA-271,openjpa-jdbc/src/main/java/org/apache/openjpa/jdbc/sql/DBDictionary.java
OPENJPA-272,openjpa-kernel/src/main/java/org/apache/openjpa/kernel/StateManagerImpl.java
OPENJPA-272,openjpa-kernel/src/main/java/org/apache/openjpa/util/ApplicationIds.java
OPENJPA-2725,openjpa-kernel/src/main/java/org/apache/openjpa/kernel/BrokerImpl.java
OPENJPA-2731,openjpa-jdbc/src/main/java/org/apache/openjpa/jdbc/sql/DBDictionary.java
OPENJPA-2731,openjpa-jdbc/src/main/java/org/apache/openjpa/jdbc/sql/PostgresDictionary.java
OPENJPA-2733,openjpa-kernel/src/main/java/org/apache/openjpa/kernel/QueryImpl.java
OPENJPA-2733,openjpa-lib/src/main/java/org/apache/openjpa/lib/util/OrderedMap.java
OPENJPA-2733,openjpa-persistence/src/main/java/org/apache/openjpa/persistence/criteria/CriteriaBuilderImpl.java
OPENJPA-2733,openjpa-persistence/src/main/java/org/apache/openjpa/persistence/criteria/CriteriaQueryImpl.java
OPENJPA-2733,openjpa-persistence/src/main/java/org/apache/openjpa/persistence/criteria/ParameterExpressionImpl.java
OPENJPA-2733,openjpa-persistence/src/main/java/org/apache/openjpa/persistence/criteria/SubqueryImpl.java
OPENJPA-274,openjpa-jdbc/src/main/java/org/apache/openjpa/jdbc/kernel/JDBCStoreQuery.java
OPENJPA-274,openjpa-jdbc/src/main/java/org/apache/openjpa/jdbc/meta/FieldMapping.java
OPENJPA-274,openjpa-jdbc/src/main/java/org/apache/openjpa/jdbc/meta/QueryResultMapping.java
OPENJPA-274,openjpa-jdbc/src/main/java/org/apache/openjpa/jdbc/meta/Version.java
OPENJPA-274,openjpa-jdbc/src/main/java/org/apache/openjpa/jdbc/meta/VersionStrategy.java
OPENJPA-274,openjpa-jdbc/src/main/java/org/apache/openjpa/jdbc/meta/strats/AbstractVersionStrategy.java
OPENJPA-274,openjpa-jdbc/src/main/java/org/apache/openjpa/jdbc/meta/strats/NumberVersionStrategy.java
OPENJPA-274,openjpa-jdbc/src/main/java/org/apache/openjpa/jdbc/meta/strats/SuperclassVersionStrategy.java
OPENJPA-274,openjpa-jdbc/src/main/java/org/apache/openjpa/jdbc/meta/strats/TimestampVersionStrategy.java
OPENJPA-274,openjpa-jdbc/src/main/java/org/apache/openjpa/jdbc/sql/DBDictionary.java
OPENJPA-2743,openjpa-jdbc/src/main/java/org/apache/openjpa/jdbc/meta/MappingTool.java
OPENJPA-2743,openjpa-kernel/src/main/java/org/apache/openjpa/conf/OpenJPAConfiguration.java
OPENJPA-2743,openjpa-kernel/src/main/java/org/apache/openjpa/conf/OpenJPAConfigurationImpl.java
OPENJPA-2743,openjpa-kernel/src/main/java/org/apache/openjpa/enhance/PCEnhancer.java
OPENJPA-2743,openjpa-kernel/src/main/java/org/apache/openjpa/meta/MetaDataRepository.java
OPENJPA-2743,openjpa-lib/src/main/java/org/apache/openjpa/lib/conf/ClassListValue.java
OPENJPA-2743,openjpa-persistence-jdbc/src/main/java/org/apache/openjpa/persistence/jdbc/JDBCPersistenceProductDerivation.java
OPENJPA-2743,openjpa-persistence/src/main/java/org/apache/openjpa/persistence/meta/MetamodelImpl.java
OPENJPA-2756,openjpa-jdbc/src/main/java/org/apache/openjpa/jdbc/sql/PostgresDictionary.java
OPENJPA-2757,openjpa-kernel/src/main/java/org/apache/openjpa/enhance/AsmAdaptor.java
OPENJPA-2761,openjpa-jdbc/src/main/java/org/apache/openjpa/jdbc/schema/Column.java
OPENJPA-2768,openjpa-xmlstore/src/main/java/org/apache/openjpa/xmlstore/XMLFileHandler.java
OPENJPA-2768,openjpa-xmlstore/src/main/java/org/apache/openjpa/xmlstore/XMLStore.java
OPENJPA-2768,openjpa-xmlstore/src/main/java/org/apache/openjpa/xmlstore/XMLStoreManager.java
OPENJPA-2770,openjpa-persistence/src/main/java/org/apache/openjpa/persistence/criteria/CriteriaBuilderImpl.java
OPENJPA-2770,openjpa-persistence/src/main/java/org/apache/openjpa/persistence/criteria/PredicateImpl.java
OPENJPA-2771,openjpa-jdbc/src/main/java/org/apache/openjpa/jdbc/sql/H2Dictionary.java
OPENJPA-2772,openjpa-jdbc/src/main/java/org/apache/openjpa/jdbc/sql/H2Dictionary.java
OPENJPA-2777,openjpa-jdbc/src/main/java/org/apache/openjpa/jdbc/meta/ClassMapping.java
OPENJPA-2777,openjpa-jdbc/src/main/java/org/apache/openjpa/jdbc/meta/ClassMappingInfo.java
OPENJPA-2777,openjpa-persistence-jdbc/src/main/java/org/apache/openjpa/persistence/jdbc/AnnotationPersistenceMappingParser.java
OPENJPA-278,openjpa-kernel/src/main/java/org/apache/openjpa/kernel/ExpressionStoreQuery.java
OPENJPA-2780,openjpa-persistence-jdbc/src/main/java/org/apache/openjpa/persistence/jdbc/AnnotationPersistenceMappingSerializer.java
OPENJPA-2781,openjpa-lib/src/main/java/org/apache/openjpa/lib/meta/XMLVersionParser.java
OPENJPA-2781,openjpa-persistence/src/main/java/org/apache/openjpa/persistence/PersistenceProductDerivation.java
OPENJPA-2785,openjpa-persistence/src/main/java/org/apache/openjpa/persistence/criteria/CriteriaQueryImpl.java
OPENJPA-2785,openjpa-persistence/src/main/java/org/apache/openjpa/persistence/criteria/ParameterExpressionImpl.java
OPENJPA-2788,openjpa-persistence/src/main/java/org/apache/openjpa/persistence/criteria/ParameterExpressionImpl.java
OPENJPA-2789,openjpa-jdbc/src/main/java/org/apache/openjpa/jdbc/kernel/JDBCStoreQuery.java
OPENJPA-2795,openjpa-jdbc/src/main/java/org/apache/openjpa/jdbc/meta/MappingDefaultsImpl.java
OPENJPA-2795,openjpa-jdbc/src/main/java/org/apache/openjpa/jdbc/sql/DBDictionary.java
OPENJPA-2795,openjpa-jdbc/src/main/java/org/apache/openjpa/jdbc/sql/OracleDictionary.java
OPENJPA-2795,openjpa-jdbc/src/main/java/org/apache/openjpa/jdbc/sql/PostgresDictionary.java
OPENJPA-2795,openjpa-jdbc/src/main/java/org/apache/openjpa/jdbc/sql/SQLServerDictionary.java
OPENJPA-28,openjpa-kernel/src/main/java/org/apache/openjpa/kernel/jpql/JPQLExpressionBuilder.java
OPENJPA-280,openjpa-kernel/src/main/java/org/apache/openjpa/enhance/PCEnhancer.java
OPENJPA-2807,openjpa-jdbc/src/main/java/org/apache/openjpa/jdbc/identifier/DBIdentifier.java
OPENJPA-2807,openjpa-jdbc/src/main/java/org/apache/openjpa/jdbc/identifier/Normalizer.java
OPENJPA-2807,openjpa-lib/src/main/java/org/apache/openjpa/lib/identifier/IdentifierUtil.java
OPENJPA-2807,openjpa-persistence-jdbc/src/main/java/org/apache/openjpa/persistence/jdbc/AnnotationPersistenceMappingParser.java
OPENJPA-281,openjpa-jdbc/src/main/java/org/apache/openjpa/jdbc/meta/FieldMapping.java
OPENJPA-281,openjpa-jdbc/src/main/java/org/apache/openjpa/jdbc/meta/MappingRepository.java
OPENJPA-281,openjpa-kernel/src/main/java/org/apache/openjpa/meta/FieldMetaData.java
OPENJPA-2810,openjpa-jdbc/src/main/java/org/apache/openjpa/jdbc/sql/DBDictionary.java
OPENJPA-282,openjpa-jdbc/src/main/java/org/apache/openjpa/jdbc/sql/DBDictionary.java
OPENJPA-282,openjpa-jdbc/src/main/java/org/apache/openjpa/jdbc/sql/PostgresDictionary.java
OPENJPA-2821,openjpa-kernel/src/main/java/org/apache/openjpa/enhance/AsmAdaptor.java
OPENJPA-2821,openjpa-kernel/src/main/java/org/apache/openjpa/enhance/ManagedClassSubclasser.java
OPENJPA-2828,openjpa-kernel/src/main/java/org/apache/openjpa/conf/Specification.java
OPENJPA-2829,openjpa-jdbc/src/main/java/org/apache/openjpa/jdbc/schema/SchemaTool.java
OPENJPA-2830,openjpa-jdbc/src/main/java/org/apache/openjpa/jdbc/schema/SchemaTool.java
OPENJPA-2832,openjpa-jdbc/src/main/java/org/apache/openjpa/jdbc/sql/DBDictionary.java
OPENJPA-2834,openjpa-kernel/src/main/java/org/apache/openjpa/conf/OpenJPAConfigurationImpl.java
OPENJPA-2834,openjpa-kernel/src/main/java/org/apache/openjpa/enhance/PCClassFileTransformer.java
OPENJPA-2834,openjpa-kernel/src/main/java/org/apache/openjpa/enhance/PCEnhancerAgent.java
OPENJPA-2834,openjpa-kernel/src/main/java/org/apache/openjpa/kernel/BrokerImpl.java
OPENJPA-2834,openjpa-persistence/src/main/java/org/apache/openjpa/persistence/EntityManagerFactoryImpl.java
OPENJPA-2834,openjpa-persistence/src/main/java/org/apache/openjpa/persistence/EntityManagerImpl.java
OPENJPA-2834,openjpa-persistence/src/main/java/org/apache/openjpa/persistence/PersistenceProviderImpl.java
OPENJPA-284,openjpa-jdbc/src/main/java/org/apache/openjpa/jdbc/kernel/TableJDBCSeq.java
OPENJPA-2842,openjpa-lib/src/main/java/org/apache/openjpa/lib/conf/ConfigurationImpl.java
OPENJPA-2842,openjpa-lib/src/main/java/org/apache/openjpa/lib/log/Log4J2LogFactory.java
OPENJPA-2842,openjpa-lib/src/main/java/org/apache/openjpa/lib/log/Log4JLogFactory.java
OPENJPA-2843,openjpa-kernel/src/main/java/com/ibm/wsspi/uow/UOWAction.java
OPENJPA-2843,openjpa-kernel/src/main/java/org/apache/openjpa/ee/WASRegistryManagedRuntime.java
OPENJPA-2848,openjpa-jdbc/src/main/java/org/apache/openjpa/jdbc/schema/SchemaTool.java
OPENJPA-2849,openjpa-jdbc/src/main/java/org/apache/openjpa/jdbc/kernel/exps/UnaryOp.java
OPENJPA-2849,openjpa-jdbc/src/main/java/org/apache/openjpa/jdbc/meta/JavaSQLTypes.java
OPENJPA-2849,openjpa-jdbc/src/main/java/org/apache/openjpa/jdbc/meta/strats/HandlerStrategies.java
OPENJPA-2849,openjpa-kernel/src/main/java/org/apache/openjpa/kernel/Filters.java
OPENJPA-285,openjpa-kernel/src/main/java/org/apache/openjpa/enhance/PCRegistry.java
OPENJPA-285,openjpa-kernel/src/main/java/org/apache/openjpa/util/ImplHelper.java
OPENJPA-2850,openjpa-jdbc/src/main/java/org/apache/openjpa/jdbc/sql/SQLServerDictionary.java
OPENJPA-2851,openjpa-kernel/src/main/java/org/apache/openjpa/kernel/Filters.java
OPENJPA-2854,openjpa-jdbc/src/main/java/org/apache/openjpa/jdbc/sql/PostgresDictionary.java
OPENJPA-2855,openjpa-jdbc/src/main/java/org/apache/openjpa/jdbc/kernel/ValueTableJDBCSeq.java
OPENJPA-2856,openjpa-jdbc/src/main/java/org/apache/openjpa/jdbc/sql/MariaDBDictionary.java
OPENJPA-2857,openjpa-jdbc/src/main/java/org/apache/openjpa/jdbc/sql/MariaDBDictionary.java
OPENJPA-2858,openjpa-jdbc/src/main/java/org/apache/openjpa/jdbc/schema/DBCPDriverDataSource.java
OPENJPA-2859,openjpa-jdbc/src/main/java/org/apache/openjpa/jdbc/sql/HSQLDictionary.java
OPENJPA-2860,openjpa-jdbc/src/main/java/org/apache/openjpa/jdbc/schema/SchemaTool.java
OPENJPA-2860,openjpa-jdbc/src/main/java/org/apache/openjpa/jdbc/sql/PostgresDictionary.java
OPENJPA-2861,openjpa-jdbc/src/main/java/org/apache/openjpa/jdbc/kernel/exps/JDBCExpressionFactory.java
OPENJPA-2861,openjpa-jdbc/src/main/java/org/apache/openjpa/jdbc/kernel/exps/Lit.java
OPENJPA-2862,openjpa-jdbc/src/main/java/org/apache/openjpa/jdbc/kernel/exps/Sum.java
OPENJPA-2863,openjpa-jdbc/src/main/java/org/apache/openjpa/jdbc/sql/OracleDictionary.java
OPENJPA-2864,openjpa-jdbc/src/main/java/org/apache/openjpa/jdbc/sql/DBDictionary.java
OPENJPA-2865,openjpa-jdbc/src/main/java/org/apache/openjpa/jdbc/meta/MappingInfo.java
OPENJPA-2865,openjpa-jdbc/src/main/java/org/apache/openjpa/jdbc/schema/Column.java
OPENJPA-2865,openjpa-jdbc/src/main/java/org/apache/openjpa/jdbc/schema/DynamicSchemaFactory.java
OPENJPA-2865,openjpa-jdbc/src/main/java/org/apache/openjpa/jdbc/sql/OracleDictionary.java
OPENJPA-2866,openjpa-jdbc/src/main/java/org/apache/openjpa/jdbc/sql/OracleDictionary.java
OPENJPA-287,openjpa-kernel/src/main/java/org/apache/openjpa/enhance/PCEnhancer.java
OPENJPA-2876,openjpa-jdbc/src/main/java/org/apache/openjpa/jdbc/kernel/JDBCBrokerFactory.java
OPENJPA-2876,openjpa-jdbc/src/main/java/org/apache/openjpa/jdbc/meta/MappingTool.java
OPENJPA-2876,openjpa-jdbc/src/main/java/org/apache/openjpa/jdbc/schema/SchemaTool.java
OPENJPA-2876,openjpa-tools/openjpa-maven-plugin/src/it/sqlActionRefresh/src/main/java/org/apache/openjpa/tools/maven/testentity/TestEntity.java
OPENJPA-2877,openjpa-kernel/src/main/java/org/apache/openjpa/meta/FieldMetaData.java
OPENJPA-2877,openjpa-persistence/src/main/java/org/apache/openjpa/persistence/AnnotationPersistenceMetaDataParser.java
OPENJPA-2877,openjpa-persistence/src/main/java/org/apache/openjpa/persistence/MetaDataTag.java
OPENJPA-288,openjpa-jdbc/src/main/java/org/apache/openjpa/jdbc/kernel/PreparedStatementManagerImpl.java
OPENJPA-2882,openjpa-lib/src/main/java/org/apache/openjpa/lib/util/StringUtil.java
OPENJPA-2882,openjpa-persistence/src/main/java/org/apache/openjpa/persistence/JPAProperties.java
OPENJPA-2883,openjpa-jdbc/src/main/java/org/apache/openjpa/jdbc/sql/OracleDictionary.java
OPENJPA-2883,openjpa-jdbc/src/main/java/org/apache/openjpa/jdbc/sql/SQLServerDictionary.java
OPENJPA-2891,openjpa-persistence/src/main/java/org/apache/openjpa/persistence/meta/AnnotationProcessor6.java
OPENJPA-2898,openjpa-persistence/src/main/java/org/apache/openjpa/persistence/PersistenceProductDerivation.java
OPENJPA-2898,openjpa-persistence/src/main/java/org/apache/openjpa/persistence/XMLPersistenceMetaDataParser.java
OPENJPA-2915,openjpa-lib/src/main/java/org/apache/openjpa/lib/util/Options.java
OPENJPA-2923,openjpa-kernel/src/main/java/org/apache/openjpa/enhance/PCEnhancer.java
OPENJPA-2925,openjpa-jdbc/src/main/java/org/apache/openjpa/jdbc/kernel/JDBCStoreManager.java
OPENJPA-2925,openjpa-tools/openjpa-maven-plugin/src/it/nonRecursiveRelations/src/main/java/org/apache/openjpa/tools/maven/recursive/Cat.java
OPENJPA-2925,openjpa-tools/openjpa-maven-plugin/src/it/nonRecursiveRelations/src/main/java/org/apache/openjpa/tools/maven/recursive/Human.java
OPENJPA-2928,openjpa-lib/src/main/java/org/apache/openjpa/lib/meta/XMLVersionParser.java
OPENJPA-2928,openjpa-persistence/src/main/java/org/apache/openjpa/persistence/PersistenceProductDerivation.java
OPENJPA-2928,openjpa-persistence/src/main/java/org/apache/openjpa/persistence/XMLPersistenceMetaDataParser.java
OPENJPA-2930,openjpa-jdbc/src/main/java/org/apache/openjpa/jdbc/kernel/JDBCStoreManager.java
OPENJPA-2930,openjpa-jdbc/src/main/java/org/apache/openjpa/jdbc/meta/MappingRepository.java
OPENJPA-2930,openjpa-jdbc/src/main/java/org/apache/openjpa/jdbc/meta/strats/ImmutableValueHandler.java
OPENJPA-2930,openjpa-jdbc/src/main/java/org/apache/openjpa/jdbc/sql/DBDictionary.java
OPENJPA-2930,openjpa-jdbc/src/main/java/org/apache/openjpa/jdbc/sql/H2Dictionary.java
OPENJPA-2930,openjpa-jdbc/src/main/java/org/apache/openjpa/jdbc/sql/HSQLDictionary.java
OPENJPA-2930,openjpa-jdbc/src/main/java/org/apache/openjpa/jdbc/sql/PostgresDictionary.java
OPENJPA-2930,openjpa-kernel/src/main/java/org/apache/openjpa/enhance/PCEnhancer.java
OPENJPA-2930,openjpa-kernel/src/main/java/org/apache/openjpa/kernel/StateManagerImpl.java
OPENJPA-2930,openjpa-kernel/src/main/java/org/apache/openjpa/meta/ClassMetaData.java
OPENJPA-2930,openjpa-kernel/src/main/java/org/apache/openjpa/meta/JavaTypes.java
OPENJPA-2930,openjpa-kernel/src/main/java/org/apache/openjpa/meta/ValueStrategies.java
OPENJPA-2930,openjpa-kernel/src/main/java/org/apache/openjpa/util/ApplicationIds.java
OPENJPA-2930,openjpa-kernel/src/main/java/org/apache/openjpa/util/ImplHelper.java
OPENJPA-2930,openjpa-kernel/src/main/java/org/apache/openjpa/util/UuidId.java
OPENJPA-2930,openjpa-persistence/src/main/java/org/apache/openjpa/persistence/AnnotationPersistenceMetaDataParser.java
OPENJPA-2932,openjpa-jdbc/src/main/java/org/apache/openjpa/jdbc/kernel/JDBCStoreQuery.java
OPENJPA-2932,openjpa-jdbc/src/main/java/org/apache/openjpa/jdbc/kernel/exps/Ceiling.java
OPENJPA-2932,openjpa-jdbc/src/main/java/org/apache/openjpa/jdbc/kernel/exps/Exponential.java
OPENJPA-2932,openjpa-jdbc/src/main/java/org/apache/openjpa/jdbc/kernel/exps/Floor.java
OPENJPA-2932,openjpa-jdbc/src/main/java/org/apache/openjpa/jdbc/kernel/exps/JDBCExpressionFactory.java
OPENJPA-2932,openjpa-jdbc/src/main/java/org/apache/openjpa/jdbc/kernel/exps/Math.java
OPENJPA-2932,openjpa-jdbc/src/main/java/org/apache/openjpa/jdbc/kernel/exps/NaturalLogarithm.java
OPENJPA-2932,openjpa-jdbc/src/main/java/org/apache/openjpa/jdbc/kernel/exps/Sign.java
OPENJPA-2932,openjpa-jdbc/src/main/java/org/apache/openjpa/jdbc/kernel/exps/Val.java
OPENJPA-2932,openjpa-jdbc/src/main/java/org/apache/openjpa/jdbc/sql/DBDictionary.java
OPENJPA-2932,openjpa-kernel/src/main/java/org/apache/openjpa/kernel/Filters.java
OPENJPA-2932,openjpa-kernel/src/main/java/org/apache/openjpa/kernel/exps/Ceiling.java
OPENJPA-2932,openjpa-kernel/src/main/java/org/apache/openjpa/kernel/exps/Exponential.java
OPENJPA-2932,openjpa-kernel/src/main/java/org/apache/openjpa/kernel/exps/ExpressionFactory.java
OPENJPA-2932,openjpa-kernel/src/main/java/org/apache/openjpa/kernel/exps/Floor.java
OPENJPA-2932,openjpa-kernel/src/main/java/org/apache/openjpa/kernel/exps/InMemoryExpressionFactory.java
OPENJPA-2932,openjpa-kernel/src/main/java/org/apache/openjpa/kernel/exps/NaturalLogarithm.java
OPENJPA-2932,openjpa-kernel/src/main/java/org/apache/openjpa/kernel/exps/Power.java
OPENJPA-2932,openjpa-kernel/src/main/java/org/apache/openjpa/kernel/exps/Round.java
OPENJPA-2932,openjpa-kernel/src/main/java/org/apache/openjpa/kernel/exps/Sign.java
OPENJPA-2932,openjpa-kernel/src/main/java/org/apache/openjpa/kernel/jpql/JPQLExpressionBuilder.java
OPENJPA-2932,openjpa-persistence/src/main/java/org/apache/openjpa/persistence/criteria/CriteriaBuilderImpl.java
OPENJPA-2932,openjpa-persistence/src/main/java/org/apache/openjpa/persistence/criteria/Expressions.java
OPENJPA-2933,openjpa-jdbc/src/main/java/org/apache/openjpa/jdbc/kernel/exps/CurrentTemporal.java
OPENJPA-2933,openjpa-jdbc/src/main/java/org/apache/openjpa/jdbc/kernel/exps/ExtractDateTimeField.java
OPENJPA-2933,openjpa-jdbc/src/main/java/org/apache/openjpa/jdbc/kernel/exps/ExtractDateTimePart.java
OPENJPA-2933,openjpa-jdbc/src/main/java/org/apache/openjpa/jdbc/kernel/exps/JDBCExpressionFactory.java
OPENJPA-2933,openjpa-jdbc/src/main/java/org/apache/openjpa/jdbc/kernel/exps/Math.java
OPENJPA-2933,openjpa-jdbc/src/main/java/org/apache/openjpa/jdbc/kernel/exps/Val.java
OPENJPA-2933,openjpa-jdbc/src/main/java/org/apache/openjpa/jdbc/sql/DBDictionary.java
OPENJPA-2933,openjpa-kernel/src/main/java/org/apache/openjpa/kernel/exps/CurrentTemporal.java
OPENJPA-2933,openjpa-kernel/src/main/java/org/apache/openjpa/kernel/exps/DateTimeExtractField.java
OPENJPA-2933,openjpa-kernel/src/main/java/org/apache/openjpa/kernel/exps/DateTimeExtractPart.java
OPENJPA-2933,openjpa-kernel/src/main/java/org/apache/openjpa/kernel/exps/ExpressionFactory.java
OPENJPA-2933,openjpa-kernel/src/main/java/org/apache/openjpa/kernel/exps/ExtractDateTimeField.java
OPENJPA-2933,openjpa-kernel/src/main/java/org/apache/openjpa/kernel/exps/ExtractDateTimePart.java
OPENJPA-2933,openjpa-kernel/src/main/java/org/apache/openjpa/kernel/exps/InMemoryExpressionFactory.java
OPENJPA-2933,openjpa-kernel/src/main/java/org/apache/openjpa/kernel/jpql/JPQLExpressionBuilder.java
OPENJPA-2933,openjpa-persistence/src/main/java/org/apache/openjpa/persistence/criteria/CriteriaBuilderImpl.java
OPENJPA-2933,openjpa-persistence/src/main/java/org/apache/openjpa/persistence/criteria/Expressions.java
OPENJPA-2936,openjpa-jdbc/src/main/java/org/apache/openjpa/jdbc/meta/MappingInfo.java
OPENJPA-2937,openjpa-jdbc/src/main/java/org/apache/openjpa/jdbc/kernel/JDBCStoreQuery.java
OPENJPA-2937,openjpa-kernel/src/main/java/org/apache/openjpa/kernel/AttachStrategy.java
OPENJPA-2938,openjpa-jdbc/src/main/java/org/apache/openjpa/jdbc/schema/DBCPDriverDataSource.java
OPENJPA-295,openjpa-kernel/src/main/java/org/apache/openjpa/ee/AbstractManagedRuntime.java
OPENJPA-295,openjpa-kernel/src/main/java/org/apache/openjpa/ee/AutomaticManagedRuntime.java
OPENJPA-295,openjpa-kernel/src/main/java/org/apache/openjpa/ee/InvocationManagedRuntime.java
OPENJPA-295,openjpa-kernel/src/main/java/org/apache/openjpa/ee/JNDIManagedRuntime.java
OPENJPA-295,openjpa-kernel/src/main/java/org/apache/openjpa/ee/ManagedRuntime.java
OPENJPA-295,openjpa-kernel/src/main/java/org/apache/openjpa/ee/RegistryManagedRuntime.java
OPENJPA-295,openjpa-kernel/src/main/java/org/apache/openjpa/ee/SunOneManagedRuntime.java
OPENJPA-295,openjpa-kernel/src/main/java/org/apache/openjpa/ee/WASManagedRuntime.java
OPENJPA-295,openjpa-kernel/src/main/java/org/apache/openjpa/ee/WLSManagedRuntime.java
OPENJPA-295,openjpa-kernel/src/main/java/org/apache/openjpa/kernel/AbstractBrokerFactory.java
OPENJPA-295,openjpa-kernel/src/main/java/org/apache/openjpa/kernel/LocalManagedRuntime.java
OPENJPA-303,openjpa-persistence-jdbc/src/main/java/org/apache/openjpa/persistence/jdbc/AnnotationPersistenceMappingParser.java
OPENJPA-304,openjpa-lib/src/main/java/org/apache/openjpa/lib/graph/DepthFirstAnalysis.java
OPENJPA-304,openjpa-lib/src/main/java/org/apache/openjpa/lib/graph/Edge.java
OPENJPA-304,openjpa-lib/src/main/java/org/apache/openjpa/lib/graph/Graph.java
OPENJPA-308,openjpa-jdbc/src/main/java/org/apache/openjpa/jdbc/sql/PostgresDictionary.java
OPENJPA-311,openjpa-kernel/src/main/java/org/apache/openjpa/util/GeneratedClasses.java
OPENJPA-312,openjpa-jdbc/src/main/java/org/apache/openjpa/jdbc/sql/SelectImpl.java
OPENJPA-313,openjpa-jdbc/src/main/java/org/apache/openjpa/jdbc/meta/ClassMapping.java
OPENJPA-313,openjpa-kernel/src/main/java/org/apache/openjpa/util/OpenJPAId.java
OPENJPA-314,openjpa-kernel/src/main/java/org/apache/openjpa/enhance/PCEnhancer.java
OPENJPA-314,openjpa-kernel/src/main/java/org/apache/openjpa/util/ApplicationIds.java
OPENJPA-315,openjpa-kernel/src/main/java/org/apache/openjpa/enhance/PCEnhancer.java
OPENJPA-315,openjpa-kernel/src/main/java/org/apache/openjpa/util/ApplicationIds.java
OPENJPA-320,openjpa-jdbc/src/main/java/org/apache/openjpa/jdbc/sql/DB2Dictionary.java
OPENJPA-321,openjpa-jdbc/src/main/java/org/apache/openjpa/jdbc/kernel/exps/Lit.java
OPENJPA-321,openjpa-jdbc/src/main/java/org/apache/openjpa/jdbc/kernel/exps/Param.java
OPENJPA-321,openjpa-jdbc/src/main/java/org/apache/openjpa/jdbc/kernel/exps/StringLength.java
OPENJPA-321,openjpa-jdbc/src/main/java/org/apache/openjpa/jdbc/kernel/exps/ToLowerCase.java
OPENJPA-321,openjpa-jdbc/src/main/java/org/apache/openjpa/jdbc/kernel/exps/ToUpperCase.java
OPENJPA-321,openjpa-jdbc/src/main/java/org/apache/openjpa/jdbc/kernel/exps/Trim.java
OPENJPA-321,openjpa-jdbc/src/main/java/org/apache/openjpa/jdbc/kernel/exps/UnaryOp.java
OPENJPA-321,openjpa-jdbc/src/main/java/org/apache/openjpa/jdbc/sql/AbstractDB2Dictionary.java
OPENJPA-321,openjpa-jdbc/src/main/java/org/apache/openjpa/jdbc/sql/DB2Dictionary.java
OPENJPA-321,openjpa-jdbc/src/main/java/org/apache/openjpa/jdbc/sql/DBDictionary.java
OPENJPA-321,openjpa-jdbc/src/main/java/org/apache/openjpa/jdbc/sql/SQLBuffer.java
OPENJPA-325,openjpa-kernel/src/main/java/org/apache/openjpa/datacache/DataCacheStoreManager.java
OPENJPA-326,openjpa-persistence-jdbc/src/main/java/org/apache/openjpa/persistence/jdbc/XMLPersistenceMappingParser.java
OPENJPA-329,openjpa-kernel/src/main/java/org/apache/openjpa/enhance/Reflection.java
OPENJPA-331,openjpa-kernel/src/main/java/org/apache/openjpa/enhance/PCEnhancer.java
OPENJPA-331,openjpa-kernel/src/main/java/org/apache/openjpa/meta/ClassMetaData.java
OPENJPA-331,openjpa-kernel/src/main/java/org/apache/openjpa/util/ApplicationIds.java
OPENJPA-331,openjpa-kernel/src/main/java/org/apache/openjpa/util/BigDecimalId.java
OPENJPA-331,openjpa-kernel/src/main/java/org/apache/openjpa/util/BigIntegerId.java
OPENJPA-331,openjpa-persistence/src/main/java/org/apache/openjpa/persistence/JPAFacadeHelper.java
OPENJPA-335,openjpa-kernel/src/main/java/org/apache/openjpa/enhance/PCEnhancer.java
OPENJPA-339,openjpa-kernel/src/main/java/org/apache/openjpa/datacache/DataCacheScheduler.java
OPENJPA-339,openjpa-kernel/src/main/java/org/apache/openjpa/meta/AbstractCFMetaDataFactory.java
OPENJPA-339,openjpa-kernel/src/main/java/org/apache/openjpa/util/ProxyManagerImpl.java
OPENJPA-339,openjpa-lib/src/main/java/org/apache/openjpa/lib/meta/FileMetaDataIterator.java
OPENJPA-339,openjpa-lib/src/main/java/org/apache/openjpa/lib/util/J2DoPrivHelper.java
OPENJPA-339,openjpa-persistence/src/main/java/org/apache/openjpa/persistence/PersistenceProductDerivation.java
OPENJPA-339,openjpa-persistence/src/main/java/org/apache/openjpa/persistence/PersistenceUnitInfoImpl.java
OPENJPA-340,openjpa-jdbc/src/main/java/org/apache/openjpa/jdbc/kernel/TableJDBCSeq.java
OPENJPA-340,openjpa-jdbc/src/main/java/org/apache/openjpa/jdbc/meta/ClassMappingInfo.java
OPENJPA-340,openjpa-jdbc/src/main/java/org/apache/openjpa/jdbc/meta/FieldMapping.java
OPENJPA-340,openjpa-jdbc/src/main/java/org/apache/openjpa/jdbc/meta/FieldMappingInfo.java
OPENJPA-340,openjpa-jdbc/src/main/java/org/apache/openjpa/jdbc/meta/MappingInfo.java
OPENJPA-340,openjpa-jdbc/src/main/java/org/apache/openjpa/jdbc/meta/SequenceMapping.java
OPENJPA-340,openjpa-jdbc/src/main/java/org/apache/openjpa/jdbc/schema/Table.java
OPENJPA-340,openjpa-jdbc/src/main/java/org/apache/openjpa/jdbc/schema/Unique.java
OPENJPA-340,openjpa-persistence-jdbc/src/main/java/org/apache/openjpa/persistence/jdbc/AnnotationPersistenceMappingParser.java
OPENJPA-340,openjpa-persistence-jdbc/src/main/java/org/apache/openjpa/persistence/jdbc/AnnotationPersistenceMappingSerializer.java
OPENJPA-340,openjpa-persistence-jdbc/src/main/java/org/apache/openjpa/persistence/jdbc/XMLPersistenceMappingParser.java
OPENJPA-340,openjpa-persistence-jdbc/src/main/java/org/apache/openjpa/persistence/jdbc/XMLPersistenceMappingSerializer.java
OPENJPA-343,openjpa-kernel/src/main/java/org/apache/openjpa/kernel/BrokerImpl.java
OPENJPA-346,openjpa-kernel-5/src/main/java/org/apache/openjpa/enhance/PCEnhancerAgent.java
OPENJPA-347,openjpa-kernel/src/main/java/org/apache/openjpa/meta/FieldMetaData.java
OPENJPA-349,openjpa-jdbc/src/main/java/org/apache/openjpa/jdbc/sql/RowImpl.java
OPENJPA-35,openjpa-kernel/src/main/java/org/apache/openjpa/datacache/QueryCacheStoreQuery.java
OPENJPA-35,openjpa-kernel/src/main/java/org/apache/openjpa/kernel/AbstractBrokerFactory.java
OPENJPA-353,openjpa-jdbc/src/main/java/org/apache/openjpa/jdbc/meta/strats/InValueDiscriminatorStrategy.java
OPENJPA-355,openjpa-lib/src/main/java/org/apache/openjpa/lib/log/Log4JLogFactory.java
OPENJPA-356,openjpa-jdbc/src/main/java/org/apache/openjpa/jdbc/sql/DB2Dictionary.java
OPENJPA-356,openjpa-jdbc/src/main/java/org/apache/openjpa/jdbc/sql/DBDictionary.java
OPENJPA-356,openjpa-jdbc/src/main/java/org/apache/openjpa/jdbc/sql/LogicalUnion.java
OPENJPA-356,openjpa-jdbc/src/main/java/org/apache/openjpa/jdbc/sql/Select.java
OPENJPA-356,openjpa-jdbc/src/main/java/org/apache/openjpa/jdbc/sql/SelectImpl.java
OPENJPA-357,openjpa-kernel/src/main/java/org/apache/openjpa/kernel/FetchConfigurationImpl.java
OPENJPA-357,openjpa-kernel/src/main/java/org/apache/openjpa/meta/FetchGroup.java
OPENJPA-357,openjpa-persistence/src/main/java/org/apache/openjpa/persistence/AnnotationPersistenceMetaDataParser.java
OPENJPA-358,openjpa-kernel/src/main/java/org/apache/openjpa/kernel/FetchConfigurationImpl.java
OPENJPA-358,openjpa-kernel/src/main/java/org/apache/openjpa/meta/FetchGroup.java
OPENJPA-358,openjpa-persistence/src/main/java/org/apache/openjpa/persistence/AnnotationPersistenceMetaDataParser.java
OPENJPA-359,openjpa-jdbc/src/main/java/org/apache/openjpa/jdbc/meta/MappingRepository.java
OPENJPA-359,openjpa-jdbc/src/main/java/org/apache/openjpa/jdbc/meta/strats/NanoPrecisionTimestampVersionStrategy.java
OPENJPA-359,openjpa-lib-5/src/main/java/org/apache/openjpa/lib/util/Timestamp5Helper.java
OPENJPA-359,openjpa-lib/src/main/java/org/apache/openjpa/lib/util/TimestampHelper.java
OPENJPA-360,openjpa-jdbc/src/main/java/org/apache/openjpa/jdbc/sql/DB2Dictionary.java
OPENJPA-360,openjpa-jdbc/src/main/java/org/apache/openjpa/jdbc/sql/DBDictionary.java
OPENJPA-361,openjpa-lib/src/main/java/org/apache/openjpa/lib/util/UUIDGenerator.java
OPENJPA-363,openjpa-lib/src/main/java/org/apache/openjpa/lib/util/MultiClassLoader.java
OPENJPA-365,openjpa-kernel/src/main/java/org/apache/openjpa/kernel/BrokerImpl.java
OPENJPA-366,openjpa-kernel/src/main/java/org/apache/openjpa/kernel/BrokerImpl.java
OPENJPA-367,openjpa-kernel/src/main/java/org/apache/openjpa/enhance/PCEnhancer.java
OPENJPA-368,openjpa-jdbc/src/main/java/org/apache/openjpa/jdbc/kernel/AbstractJDBCSeq.java
OPENJPA-369,openjpa-kernel/src/main/java/org/apache/openjpa/datacache/DataCacheScheduler.java
OPENJPA-369,openjpa-lib-5/src/main/java/org/apache/openjpa/lib/util/J2DoPriv5Helper.java
OPENJPA-369,openjpa-lib/src/main/java/org/apache/openjpa/lib/util/J2DoPrivHelper.java
OPENJPA-369,openjpa-persistence-jdbc/src/main/java/org/apache/openjpa/persistence/jdbc/AnnotationPersistenceMappingParser.java
OPENJPA-369,openjpa-persistence/src/main/java/org/apache/openjpa/persistence/AnnotationPersistenceMetaDataParser.java
OPENJPA-369,openjpa-persistence/src/main/java/org/apache/openjpa/persistence/AnnotationPersistenceXMLMetaDataParser.java
OPENJPA-369,openjpa-persistence/src/main/java/org/apache/openjpa/persistence/PersistenceMetaDataDefaults.java
OPENJPA-369,openjpa-persistence/src/main/java/org/apache/openjpa/persistence/PersistenceMetaDataFactory.java
OPENJPA-375,openjpa-jdbc/src/main/java/org/apache/openjpa/jdbc/sql/DB2Dictionary.java
OPENJPA-378,openjpa-jdbc/src/main/java/org/apache/openjpa/jdbc/sql/DB2Dictionary.java
OPENJPA-378,openjpa-jdbc/src/main/java/org/apache/openjpa/jdbc/sql/DBDictionary.java
OPENJPA-378,openjpa-jdbc/src/main/java/org/apache/openjpa/jdbc/sql/OracleDictionary.java
OPENJPA-379,openjpa-lib/src/main/java/org/apache/openjpa/lib/jdbc/DelegatingConnection.java
OPENJPA-380,openjpa-kernel/src/main/java/org/apache/openjpa/conf/OpenJPAConfiguration.java
OPENJPA-380,openjpa-kernel/src/main/java/org/apache/openjpa/conf/OpenJPAConfigurationImpl.java
OPENJPA-380,openjpa-kernel/src/main/java/org/apache/openjpa/kernel/AbstractBrokerFactory.java
OPENJPA-382,openjpa-persistence-jdbc/src/main/java/org/apache/openjpa/persistence/jdbc/XMLPersistenceMappingParser.java
OPENJPA-385,openjpa-lib/src/main/java/org/apache/openjpa/lib/meta/ClassAnnotationMetaDataFilter.java
OPENJPA-385,openjpa-persistence/src/main/java/org/apache/openjpa/persistence/PersistenceMetaDataFactory.java
OPENJPA-386,openjpa-kernel/src/main/java/org/apache/openjpa/meta/ClassMetaData.java
OPENJPA-387,openjpa-lib/src/main/java/org/apache/openjpa/lib/conf/Configurations.java
OPENJPA-388,openjpa-jdbc/src/main/java/org/apache/openjpa/jdbc/ant/MappingToolTask.java
OPENJPA-389,openjpa-jdbc/src/main/java/org/apache/openjpa/jdbc/kernel/SQLStoreQuery.java
OPENJPA-392,openjpa-persistence-jdbc/src/main/java/org/apache/openjpa/persistence/jdbc/AnnotationPersistenceMappingParser.java
OPENJPA-394,openjpa-jdbc/src/main/java/org/apache/openjpa/jdbc/sql/DB2Dictionary.java
OPENJPA-395,openjpa-jdbc/src/main/java/org/apache/openjpa/jdbc/sql/DBDictionary.java
OPENJPA-396,openjpa-kernel/src/main/java/org/apache/openjpa/util/ProxyManagerImpl.java
OPENJPA-397,openjpa-jdbc/src/main/java/org/apache/openjpa/jdbc/ant/SchemaToolTask.java
OPENJPA-399,openjpa-jdbc/src/main/java/org/apache/openjpa/jdbc/kernel/TableJDBCSeq.java
OPENJPA-399,openjpa-jdbc/src/main/java/org/apache/openjpa/jdbc/schema/Column.java
OPENJPA-399,openjpa-jdbc/src/main/java/org/apache/openjpa/jdbc/schema/LocalConstraint.java
OPENJPA-399,openjpa-jdbc/src/main/java/org/apache/openjpa/jdbc/schema/SchemaGenerator.java
OPENJPA-399,openjpa-jdbc/src/main/java/org/apache/openjpa/jdbc/schema/SchemaGroup.java
OPENJPA-399,openjpa-jdbc/src/main/java/org/apache/openjpa/jdbc/schema/SchemaTool.java
OPENJPA-399,openjpa-jdbc/src/main/java/org/apache/openjpa/jdbc/schema/Table.java
OPENJPA-399,openjpa-jdbc/src/main/java/org/apache/openjpa/jdbc/sql/DB2Dictionary.java
OPENJPA-399,openjpa-jdbc/src/main/java/org/apache/openjpa/jdbc/sql/DBDictionary.java
OPENJPA-399,openjpa-jdbc/src/main/java/org/apache/openjpa/jdbc/sql/SQLServerDictionary.java
OPENJPA-401,openjpa-jdbc/src/main/java/org/apache/openjpa/jdbc/ant/MappingToolTask.java
OPENJPA-402,openjpa-lib/src/main/java/org/apache/openjpa/lib/meta/ZipFileMetaDataIterator.java
OPENJPA-403,openjpa-kernel/src/main/java/org/apache/openjpa/kernel/StateManagerImpl.java
OPENJPA-410,openjpa-jdbc/src/main/java/org/apache/openjpa/jdbc/conf/JDBCConfigurationImpl.java
OPENJPA-413,openjpa-kernel/src/main/java/org/apache/openjpa/kernel/AttachStrategy.java
OPENJPA-413,openjpa-kernel/src/main/java/org/apache/openjpa/kernel/SingleFieldManager.java
OPENJPA-415,openjpa-lib/src/main/java/org/apache/openjpa/lib/rop/AbstractResultList.java
OPENJPA-416,openjpa-kernel/src/main/java/org/apache/openjpa/meta/FieldMetaData.java
OPENJPA-419,openjpa-kernel/src/main/java/org/apache/openjpa/kernel/AttachStrategy.java
OPENJPA-42,openjpa-kernel/src/main/java/org/apache/openjpa/meta/ClassMetaData.java
OPENJPA-420,openjpa-kernel/src/main/java/org/apache/openjpa/kernel/jpql/JPQLExpressionBuilder.java
OPENJPA-421,openjpa-jdbc/src/main/java/org/apache/openjpa/jdbc/schema/DataSourceFactory.java
OPENJPA-422,openjpa-kernel/src/main/java/org/apache/openjpa/kernel/DetachManager.java
OPENJPA-423,openjpa-jdbc/src/main/java/org/apache/openjpa/jdbc/kernel/TableJDBCSeq.java
OPENJPA-423,openjpa-jdbc/src/main/java/org/apache/openjpa/jdbc/sql/DBDictionary.java
OPENJPA-423,openjpa-jdbc/src/main/java/org/apache/openjpa/jdbc/sql/HSQLDictionary.java
OPENJPA-427,openjpa-jdbc/src/main/java/org/apache/openjpa/jdbc/sql/PostgresDictionary.java
OPENJPA-428,openjpa-lib/src/main/java/org/apache/openjpa/lib/conf/ConfigurationImpl.java
OPENJPA-428,openjpa-lib/src/main/java/org/apache/openjpa/lib/conf/Configurations.java
OPENJPA-437,openjpa-kernel/src/main/java/org/apache/openjpa/kernel/AbstractBrokerFactory.java
OPENJPA-439,openjpa-kernel/src/main/java/org/apache/openjpa/kernel/BrokerImpl.java
OPENJPA-44,openjpa-persistence/src/main/java/org/apache/openjpa/persistence/XMLPersistenceMetaDataParser.java
OPENJPA-442,openjpa-persistence/src/main/java/org/apache/openjpa/persistence/QueryImpl.java
OPENJPA-446,openjpa-kernel/src/main/java/org/apache/openjpa/kernel/DetachedStateManager.java
OPENJPA-447,openjpa-jdbc/src/main/java/org/apache/openjpa/jdbc/sql/AbstractSQLServerDictionary.java
OPENJPA-447,openjpa-jdbc/src/main/java/org/apache/openjpa/jdbc/sql/H2Dictionary.java
OPENJPA-447,openjpa-jdbc/src/main/java/org/apache/openjpa/jdbc/sql/HSQLDictionary.java
OPENJPA-447,openjpa-jdbc/src/main/java/org/apache/openjpa/jdbc/sql/MySQLDictionary.java
OPENJPA-447,openjpa-jdbc/src/main/java/org/apache/openjpa/jdbc/sql/PostgresDictionary.java
OPENJPA-455,openjpa-jdbc/src/main/java/org/apache/openjpa/jdbc/sql/DBDictionary.java
OPENJPA-455,openjpa-jdbc/src/main/java/org/apache/openjpa/jdbc/sql/MySQLDictionary.java
OPENJPA-456,openjpa-persistence-jdbc/src/main/java/org/apache/openjpa/persistence/jdbc/PersistenceMappingDefaults.java
OPENJPA-458,openjpa-jdbc/src/main/java/org/apache/openjpa/jdbc/sql/DBDictionary.java
OPENJPA-458,openjpa-jdbc/src/main/java/org/apache/openjpa/jdbc/sql/DerbyDictionary.java
OPENJPA-458,openjpa-jdbc/src/main/java/org/apache/openjpa/jdbc/sql/SQLErrorCodeReader.java
OPENJPA-458,openjpa-jdbc/src/main/java/org/apache/openjpa/jdbc/sql/SQLExceptions.java
OPENJPA-458,openjpa-persistence/src/main/java/org/apache/openjpa/persistence/PersistenceExceptions.java
OPENJPA-459,openjpa-jdbc/src/main/java/org/apache/openjpa/jdbc/sql/DBDictionary.java
OPENJPA-459,openjpa-jdbc/src/main/java/org/apache/openjpa/jdbc/sql/MySQLDictionary.java
OPENJPA-460,openjpa-jdbc/src/main/java/org/apache/openjpa/jdbc/sql/InformixDictionary.java
OPENJPA-462,openjpa-jdbc/src/main/java/org/apache/openjpa/jdbc/sql/DBDictionary.java
OPENJPA-462,openjpa-jdbc/src/main/java/org/apache/openjpa/jdbc/sql/DerbyDictionary.java
OPENJPA-462,openjpa-jdbc/src/main/java/org/apache/openjpa/jdbc/sql/SQLExceptions.java
OPENJPA-462,openjpa-kernel/src/main/java/org/apache/openjpa/util/ObjectExistsException.java
OPENJPA-462,openjpa-persistence/src/main/java/org/apache/openjpa/persistence/PersistenceExceptions.java
OPENJPA-464,openjpa-jdbc/src/main/java/org/apache/openjpa/jdbc/conf/JDBCConfigurationImpl.java
OPENJPA-464,openjpa-jdbc/src/main/java/org/apache/openjpa/jdbc/kernel/BatchingConstraintUpdateManager.java
OPENJPA-464,openjpa-jdbc/src/main/java/org/apache/openjpa/jdbc/kernel/BatchingOperationOrderUpdateManager.java
OPENJPA-464,openjpa-jdbc/src/main/java/org/apache/openjpa/jdbc/kernel/BatchingPreparedStatementManagerImpl.java
OPENJPA-464,openjpa-jdbc/src/main/java/org/apache/openjpa/jdbc/sql/DB2Dictionary.java
OPENJPA-464,openjpa-jdbc/src/main/java/org/apache/openjpa/jdbc/sql/DBDictionary.java
OPENJPA-464,openjpa-jdbc/src/main/java/org/apache/openjpa/jdbc/sql/OracleDictionary.java
OPENJPA-466,openjpa-jdbc/src/main/java/org/apache/openjpa/jdbc/kernel/AbstractJDBCSeq.java
OPENJPA-466,openjpa-jdbc/src/main/java/org/apache/openjpa/jdbc/kernel/NativeJDBCSeq.java
OPENJPA-470,openjpa-lib/src/main/java/org/apache/openjpa/lib/conf/ConfigurationImpl.java
OPENJPA-471,openjpa-jdbc/src/main/java/org/apache/openjpa/jdbc/sql/DB2Dictionary.java
OPENJPA-481,openjpa-kernel/src/main/java/org/apache/openjpa/enhance/PCEnhancer.java
OPENJPA-481,openjpa-kernel/src/main/java/org/apache/openjpa/enhance/PCRegistry.java
OPENJPA-481,openjpa-kernel/src/main/java/org/apache/openjpa/kernel/Broker.java
OPENJPA-481,openjpa-kernel/src/main/java/org/apache/openjpa/kernel/BrokerImpl.java
OPENJPA-481,openjpa-kernel/src/main/java/org/apache/openjpa/kernel/StateManagerImpl.java
OPENJPA-481,openjpa-kernel/src/main/java/org/apache/openjpa/meta/AbstractMetaDataDefaults.java
OPENJPA-481,openjpa-kernel/src/main/java/org/apache/openjpa/meta/ClassMetaData.java
OPENJPA-481,openjpa-kernel/src/main/java/org/apache/openjpa/meta/InterfaceImplGenerator.java
OPENJPA-481,openjpa-kernel/src/main/java/org/apache/openjpa/meta/MetaDataRepository.java
OPENJPA-481,openjpa-kernel/src/main/java/org/apache/openjpa/util/ApplicationIds.java
OPENJPA-481,openjpa-persistence/src/main/java/org/apache/openjpa/persistence/AnnotationPersistenceMetaDataParser.java
OPENJPA-481,openjpa-persistence/src/main/java/org/apache/openjpa/persistence/ManagedInterface.java
OPENJPA-481,openjpa-persistence/src/main/java/org/apache/openjpa/persistence/MetaDataTag.java
OPENJPA-481,openjpa-persistence/src/main/java/org/apache/openjpa/persistence/OpenJPAEntityManager.java
OPENJPA-481,openjpa-persistence/src/main/java/org/apache/openjpa/persistence/PersistenceMetaDataDefaults.java
OPENJPA-484,openjpa-jdbc/src/main/java/org/apache/openjpa/jdbc/conf/JDBCConfigurationImpl.java
OPENJPA-484,openjpa-jdbc/src/main/java/org/apache/openjpa/jdbc/sql/DBDictionaryFactory.java
OPENJPA-484,openjpa-jdbc/src/main/java/org/apache/openjpa/jdbc/sql/H2Dictionary.java
OPENJPA-485,openjpa-jdbc/src/main/java/org/apache/openjpa/jdbc/kernel/exps/PCPath.java
OPENJPA-485,openjpa-persistence/src/main/java/org/apache/openjpa/persistence/QueryImpl.java
OPENJPA-489,openjpa-jdbc/src/main/java/org/apache/openjpa/jdbc/sql/AbstractDB2Dictionary.java
OPENJPA-489,openjpa-jdbc/src/main/java/org/apache/openjpa/jdbc/sql/AbstractSQLServerDictionary.java
OPENJPA-489,openjpa-jdbc/src/main/java/org/apache/openjpa/jdbc/sql/AccessDictionary.java
OPENJPA-489,openjpa-jdbc/src/main/java/org/apache/openjpa/jdbc/sql/DBDictionary.java
OPENJPA-489,openjpa-jdbc/src/main/java/org/apache/openjpa/jdbc/sql/H2Dictionary.java
OPENJPA-489,openjpa-jdbc/src/main/java/org/apache/openjpa/jdbc/sql/OracleDictionary.java
OPENJPA-489,openjpa-kernel/src/main/java/org/apache/openjpa/kernel/exps/ExpressionFactory.java
OPENJPA-489,openjpa-kernel/src/main/java/org/apache/openjpa/kernel/jpql/JPQLExpressionBuilder.java
OPENJPA-495,openjpa-kernel/src/main/java/org/apache/openjpa/kernel/ExpressionStoreQuery.java
OPENJPA-495,openjpa-kernel/src/main/java/org/apache/openjpa/kernel/jpql/JPQLExpressionBuilder.java
OPENJPA-497,openjpa-jdbc/src/main/java/org/apache/openjpa/jdbc/kernel/exps/PCPath.java
OPENJPA-497,openjpa-persistence/src/main/java/org/apache/openjpa/persistence/QueryImpl.java
OPENJPA-498,openjpa-lib/src/main/java/org/apache/openjpa/lib/conf/Configurations.java
OPENJPA-505,openjpa-jdbc/src/main/java/org/apache/openjpa/jdbc/sql/DBDictionary.java
OPENJPA-506,openjpa-kernel/src/main/java/org/apache/openjpa/event/LifecycleEvent.java
OPENJPA-506,openjpa-kernel/src/main/java/org/apache/openjpa/event/LifecycleEventManager.java
OPENJPA-506,openjpa-kernel/src/main/java/org/apache/openjpa/event/PostDeleteListener.java
OPENJPA-506,openjpa-kernel/src/main/java/org/apache/openjpa/event/PostPersistListener.java
OPENJPA-506,openjpa-kernel/src/main/java/org/apache/openjpa/event/UpdateListener.java
OPENJPA-506,openjpa-kernel/src/main/java/org/apache/openjpa/kernel/BrokerImpl.java
OPENJPA-506,openjpa-kernel/src/main/java/org/apache/openjpa/kernel/StateManagerImpl.java
OPENJPA-506,openjpa-kernel/src/main/java/org/apache/openjpa/kernel/VersionAttachStrategy.java
OPENJPA-506,openjpa-kernel/src/main/java/org/apache/openjpa/util/ImplHelper.java
OPENJPA-506,openjpa-persistence/src/main/java/org/apache/openjpa/persistence/MetaDataParsers.java
OPENJPA-506,openjpa-persistence/src/main/java/org/apache/openjpa/persistence/PersistenceListenerAdapter.java
OPENJPA-508,openjpa-jdbc/src/main/java/org/apache/openjpa/jdbc/kernel/exps/SelectConstructor.java
OPENJPA-509,openjpa-jdbc/src/main/java/org/apache/openjpa/jdbc/meta/strats/EmbedFieldStrategy.java
OPENJPA-51,openjpa-jdbc/src/main/java/org/apache/openjpa/jdbc/sql/SelectImpl.java
OPENJPA-511,openjpa-jdbc/src/main/java/org/apache/openjpa/jdbc/kernel/SQLStoreQuery.java
OPENJPA-511,openjpa-jdbc/src/main/java/org/apache/openjpa/jdbc/sql/DB2Dictionary.java
OPENJPA-511,openjpa-jdbc/src/main/java/org/apache/openjpa/jdbc/sql/DBDictionary.java
OPENJPA-516,openjpa-jdbc/src/main/java/org/apache/openjpa/jdbc/sql/OracleDictionary.java
OPENJPA-518,openjpa-lib/src/main/java/org/apache/openjpa/lib/util/Services.java
OPENJPA-525,openjpa-jdbc/src/main/java/org/apache/openjpa/jdbc/sql/AbstractResult.java
OPENJPA-525,openjpa-jdbc/src/main/java/org/apache/openjpa/jdbc/sql/ResultSetResult.java
OPENJPA-526,openjpa-jdbc/src/main/java/org/apache/openjpa/jdbc/meta/strats/MaxEmbeddedBlobFieldStrategy.java
OPENJPA-526,openjpa-jdbc/src/main/java/org/apache/openjpa/jdbc/meta/strats/MaxEmbeddedByteArrayFieldStrategy.java
OPENJPA-526,openjpa-jdbc/src/main/java/org/apache/openjpa/jdbc/meta/strats/MaxEmbeddedClobFieldStrategy.java
OPENJPA-526,openjpa-jdbc/src/main/java/org/apache/openjpa/jdbc/sql/OracleDictionary.java
OPENJPA-528,openjpa-jdbc/src/main/java/org/apache/openjpa/jdbc/sql/DBDictionary.java
OPENJPA-528,openjpa-persistence-jdbc/src/main/java/org/apache/openjpa/persistence/jdbc/PersistenceMappingDefaults.java
OPENJPA-530,openjpa-jdbc/src/main/java/org/apache/openjpa/jdbc/conf/JDBCConfigurationImpl.java
OPENJPA-530,openjpa-jdbc/src/main/java/org/apache/openjpa/jdbc/kernel/BatchingConstraintUpdateManager.java
OPENJPA-530,openjpa-jdbc/src/main/java/org/apache/openjpa/jdbc/kernel/BatchingOperationOrderUpdateManager.java
OPENJPA-530,openjpa-jdbc/src/main/java/org/apache/openjpa/jdbc/kernel/BatchingPreparedStatementManagerImpl.java
OPENJPA-530,openjpa-jdbc/src/main/java/org/apache/openjpa/jdbc/kernel/PreparedStatementManagerImpl.java
OPENJPA-532,openjpa-lib/src/main/java/org/apache/openjpa/lib/conf/Configurations.java
OPENJPA-533,openjpa-jdbc/src/main/java/org/apache/openjpa/jdbc/kernel/exps/Null.java
OPENJPA-533,openjpa-jdbc/src/main/java/org/apache/openjpa/jdbc/sql/DBDictionary.java
OPENJPA-533,openjpa-kernel/src/main/java/org/apache/openjpa/kernel/jpql/JPQLExpressionBuilder.java
OPENJPA-535,openjpa-jdbc/src/main/java/org/apache/openjpa/jdbc/schema/SchemaFactory.java
OPENJPA-535,openjpa-lib/src/main/java/org/apache/openjpa/lib/util/Localizer.java
OPENJPA-536,openjpa-jdbc/src/main/java/org/apache/openjpa/jdbc/meta/strats/EmbedFieldStrategy.java
OPENJPA-536,openjpa-jdbc/src/main/java/org/apache/openjpa/jdbc/meta/strats/HandlerFieldStrategy.java
OPENJPA-536,openjpa-jdbc/src/main/java/org/apache/openjpa/jdbc/schema/DataSourceFactory.java
OPENJPA-536,openjpa-jdbc/src/main/java/org/apache/openjpa/jdbc/sql/MySQLDictionary.java
OPENJPA-536,openjpa-kernel/src/main/java/org/apache/openjpa/meta/FieldMetaData.java
OPENJPA-536,openjpa-kernel/src/main/java/org/apache/openjpa/meta/InheritanceComparator.java
OPENJPA-536,openjpa-kernel/src/main/java/org/apache/openjpa/meta/InheritanceOrderedMetaDataList.java
OPENJPA-536,openjpa-kernel/src/main/java/org/apache/openjpa/meta/MetaDataRepository.java
OPENJPA-539,openjpa-jdbc/src/main/java/org/apache/openjpa/jdbc/meta/strats/HandlerHandlerMapTableFieldStrategy.java
OPENJPA-539,openjpa-jdbc/src/main/java/org/apache/openjpa/jdbc/meta/strats/HandlerRelationMapTableFieldStrategy.java
OPENJPA-540,openjpa-kernel/src/main/java/org/apache/openjpa/ee/WASManagedRuntime.java
OPENJPA-542,openjpa-jdbc/src/main/java/org/apache/openjpa/jdbc/sql/OracleDictionary.java
OPENJPA-542,openjpa-lib/src/main/java/org/apache/openjpa/lib/util/J2DoPrivHelper.java
OPENJPA-543,openjpa-jdbc/src/main/java/org/apache/openjpa/jdbc/kernel/SQLStoreQuery.java
OPENJPA-547,openjpa-jdbc/src/main/java/org/apache/openjpa/jdbc/kernel/DelegatingJDBCFetchConfiguration.java
OPENJPA-547,openjpa-jdbc/src/main/java/org/apache/openjpa/jdbc/kernel/JDBCFetchConfiguration.java
OPENJPA-547,openjpa-jdbc/src/main/java/org/apache/openjpa/jdbc/kernel/JDBCFetchConfigurationImpl.java
OPENJPA-547,openjpa-jdbc/src/main/java/org/apache/openjpa/jdbc/kernel/JDBCStoreQuery.java
OPENJPA-547,openjpa-jdbc/src/main/java/org/apache/openjpa/jdbc/meta/strats/RelationFieldStrategy.java
OPENJPA-547,openjpa-jdbc/src/main/java/org/apache/openjpa/jdbc/meta/strats/StoreCollectionFieldStrategy.java
OPENJPA-547,openjpa-kernel/src/main/java/org/apache/openjpa/kernel/exps/QueryExpressions.java
OPENJPA-547,openjpa-kernel/src/main/java/org/apache/openjpa/kernel/jpql/JPQLExpressionBuilder.java
OPENJPA-552,openjpa-persistence/src/main/java/org/apache/openjpa/persistence/PersistenceProviderImpl.java
OPENJPA-554,openjpa-jdbc/src/main/java/org/apache/openjpa/jdbc/kernel/exps/GetMapValue.java
OPENJPA-554,openjpa-jdbc/src/main/java/org/apache/openjpa/jdbc/kernel/exps/JDBCExpressionFactory.java
OPENJPA-557,openjpa-jdbc/src/main/java/org/apache/openjpa/jdbc/sql/PostgresDictionary.java
OPENJPA-559,openjpa-kernel/src/main/java/org/apache/openjpa/kernel/DetachedStateManager.java
OPENJPA-562,openjpa-jdbc/src/main/java/org/apache/openjpa/jdbc/meta/strats/EmbedFieldStrategy.java
OPENJPA-562,openjpa-jdbc/src/main/java/org/apache/openjpa/jdbc/meta/strats/HandlerFieldStrategy.java
OPENJPA-562,openjpa-jdbc/src/main/java/org/apache/openjpa/jdbc/schema/DataSourceFactory.java
OPENJPA-562,openjpa-jdbc/src/main/java/org/apache/openjpa/jdbc/sql/MySQLDictionary.java
OPENJPA-562,openjpa-kernel/src/main/java/org/apache/openjpa/meta/FieldMetaData.java
OPENJPA-562,openjpa-kernel/src/main/java/org/apache/openjpa/meta/InheritanceComparator.java
OPENJPA-562,openjpa-kernel/src/main/java/org/apache/openjpa/meta/InheritanceOrderedMetaDataList.java
OPENJPA-562,openjpa-kernel/src/main/java/org/apache/openjpa/meta/MetaDataRepository.java
OPENJPA-565,openjpa-persistence/src/main/java/org/apache/openjpa/persistence/AnnotationPersistenceMetaDataParser.java
OPENJPA-567,openjpa-jdbc/src/main/java/org/apache/openjpa/jdbc/meta/strats/StoreCollectionFieldStrategy.java
OPENJPA-574,openjpa-jdbc/src/main/java/org/apache/openjpa/jdbc/kernel/BatchingPreparedStatementManagerImpl.java
OPENJPA-574,openjpa-kernel/src/main/java/org/apache/openjpa/datacache/DataCacheStoreManager.java
OPENJPA-576,openjpa-jdbc/src/main/java/org/apache/openjpa/jdbc/meta/strats/EmbedFieldStrategy.java
OPENJPA-576,openjpa-jdbc/src/main/java/org/apache/openjpa/jdbc/meta/strats/HandlerFieldStrategy.java
OPENJPA-576,openjpa-jdbc/src/main/java/org/apache/openjpa/jdbc/schema/DataSourceFactory.java
OPENJPA-576,openjpa-jdbc/src/main/java/org/apache/openjpa/jdbc/sql/MySQLDictionary.java
OPENJPA-576,openjpa-kernel/src/main/java/org/apache/openjpa/meta/FieldMetaData.java
OPENJPA-576,openjpa-kernel/src/main/java/org/apache/openjpa/meta/InheritanceComparator.java
OPENJPA-576,openjpa-kernel/src/main/java/org/apache/openjpa/meta/InheritanceOrderedMetaDataList.java
OPENJPA-576,openjpa-kernel/src/main/java/org/apache/openjpa/meta/MetaDataRepository.java
OPENJPA-577,openjpa-jdbc/src/main/java/org/apache/openjpa/jdbc/meta/strats/EmbedFieldStrategy.java
OPENJPA-577,openjpa-jdbc/src/main/java/org/apache/openjpa/jdbc/meta/strats/HandlerFieldStrategy.java
OPENJPA-577,openjpa-jdbc/src/main/java/org/apache/openjpa/jdbc/schema/DataSourceFactory.java
OPENJPA-577,openjpa-jdbc/src/main/java/org/apache/openjpa/jdbc/sql/MySQLDictionary.java
OPENJPA-577,openjpa-kernel/src/main/java/org/apache/openjpa/meta/FieldMetaData.java
OPENJPA-577,openjpa-kernel/src/main/java/org/apache/openjpa/meta/InheritanceComparator.java
OPENJPA-577,openjpa-kernel/src/main/java/org/apache/openjpa/meta/InheritanceOrderedMetaDataList.java
OPENJPA-577,openjpa-kernel/src/main/java/org/apache/openjpa/meta/MetaDataRepository.java
OPENJPA-579,openjpa-jdbc/src/main/java/org/apache/openjpa/jdbc/meta/strats/MaxEmbeddedLobFieldStrategy.java
OPENJPA-579,openjpa-jdbc/src/main/java/org/apache/openjpa/jdbc/sql/SybaseDictionary.java
OPENJPA-579,openjpa-kernel/src/main/java/org/apache/openjpa/kernel/AttachStrategy.java
OPENJPA-579,openjpa-kernel/src/main/java/org/apache/openjpa/kernel/VersionAttachStrategy.java
OPENJPA-579,openjpa-kernel/src/main/java/org/apache/openjpa/meta/ClassMetaData.java
OPENJPA-580,openjpa-jdbc/src/main/java/org/apache/openjpa/jdbc/sql/DBDictionaryFactory.java
OPENJPA-581,openjpa-kernel/src/main/java/org/apache/openjpa/conf/OpenJPAConfigurationImpl.java
OPENJPA-581,openjpa-lib/src/main/java/org/apache/openjpa/lib/conf/Configurations.java
OPENJPA-585,openjpa-jdbc/src/main/java/org/apache/openjpa/jdbc/meta/strats/MaxEmbeddedLobFieldStrategy.java
OPENJPA-585,openjpa-jdbc/src/main/java/org/apache/openjpa/jdbc/sql/SybaseDictionary.java
OPENJPA-585,openjpa-kernel/src/main/java/org/apache/openjpa/kernel/AttachStrategy.java
OPENJPA-585,openjpa-kernel/src/main/java/org/apache/openjpa/kernel/VersionAttachStrategy.java
OPENJPA-585,openjpa-kernel/src/main/java/org/apache/openjpa/meta/ClassMetaData.java
OPENJPA-586,openjpa-kernel/src/main/java/org/apache/openjpa/kernel/jpql/JPQLExpressionBuilder.java
OPENJPA-587,openjpa-jdbc/src/main/java/org/apache/openjpa/jdbc/meta/strats/MaxEmbeddedLobFieldStrategy.java
OPENJPA-587,openjpa-jdbc/src/main/java/org/apache/openjpa/jdbc/sql/SybaseDictionary.java
OPENJPA-587,openjpa-kernel/src/main/java/org/apache/openjpa/kernel/AttachStrategy.java
OPENJPA-587,openjpa-kernel/src/main/java/org/apache/openjpa/kernel/VersionAttachStrategy.java
OPENJPA-587,openjpa-kernel/src/main/java/org/apache/openjpa/meta/ClassMetaData.java
OPENJPA-588,openjpa-jdbc/src/main/java/org/apache/openjpa/jdbc/meta/strats/MaxEmbeddedLobFieldStrategy.java
OPENJPA-588,openjpa-jdbc/src/main/java/org/apache/openjpa/jdbc/sql/SybaseDictionary.java
OPENJPA-588,openjpa-kernel/src/main/java/org/apache/openjpa/kernel/AttachStrategy.java
OPENJPA-588,openjpa-kernel/src/main/java/org/apache/openjpa/kernel/VersionAttachStrategy.java
OPENJPA-588,openjpa-kernel/src/main/java/org/apache/openjpa/meta/ClassMetaData.java
OPENJPA-589,openjpa-kernel/src/main/java/org/apache/openjpa/kernel/AbstractPCData.java
OPENJPA-590,openjpa-kernel/src/main/java/org/apache/openjpa/kernel/exps/QueryExpressions.java
OPENJPA-590,openjpa-kernel/src/main/java/org/apache/openjpa/kernel/jpql/JPQLExpressionBuilder.java
OPENJPA-594,openjpa-jdbc/src/main/java/org/apache/openjpa/jdbc/sql/InformixDictionary.java
OPENJPA-595,openjpa-kernel/src/main/java/org/apache/openjpa/kernel/jpql/JPQLExpressionBuilder.java
OPENJPA-596,openjpa-kernel/src/main/java/org/apache/openjpa/kernel/QueryImpl.java
OPENJPA-597,openjpa-jdbc/src/main/java/org/apache/openjpa/jdbc/sql/DBDictionary.java
OPENJPA-597,openjpa-jdbc/src/main/java/org/apache/openjpa/jdbc/sql/MySQLDictionary.java
OPENJPA-60,openjpa-persistence/src/main/java/org/apache/openjpa/persistence/PersistenceProductDerivation.java
OPENJPA-602,openjpa-jdbc/src/main/java/org/apache/openjpa/jdbc/meta/strats/RelationToManyInverseKeyFieldStrategy.java
OPENJPA-605,openjpa-jdbc/src/main/java/org/apache/openjpa/jdbc/kernel/exps/Distinct.java
OPENJPA-605,openjpa-jdbc/src/main/java/org/apache/openjpa/jdbc/schema/SchemaGenerator.java
OPENJPA-605,openjpa-jdbc/src/main/java/org/apache/openjpa/jdbc/schema/SchemaTool.java
OPENJPA-605,openjpa-jdbc/src/main/java/org/apache/openjpa/jdbc/sql/DBDictionary.java
OPENJPA-605,openjpa-jdbc/src/main/java/org/apache/openjpa/jdbc/sql/InformixDictionary.java
OPENJPA-606,openjpa-jdbc/src/main/java/org/apache/openjpa/jdbc/kernel/exps/Distinct.java
OPENJPA-606,openjpa-jdbc/src/main/java/org/apache/openjpa/jdbc/schema/SchemaGenerator.java
OPENJPA-606,openjpa-jdbc/src/main/java/org/apache/openjpa/jdbc/schema/SchemaTool.java
OPENJPA-606,openjpa-jdbc/src/main/java/org/apache/openjpa/jdbc/sql/DBDictionary.java
OPENJPA-606,openjpa-jdbc/src/main/java/org/apache/openjpa/jdbc/sql/InformixDictionary.java
OPENJPA-607,openjpa-jdbc/src/main/java/org/apache/openjpa/jdbc/kernel/exps/All.java
OPENJPA-607,openjpa-jdbc/src/main/java/org/apache/openjpa/jdbc/kernel/exps/Any.java
OPENJPA-607,openjpa-jdbc/src/main/java/org/apache/openjpa/jdbc/kernel/exps/Distinct.java
OPENJPA-607,openjpa-jdbc/src/main/java/org/apache/openjpa/jdbc/kernel/exps/UnaryOp.java
OPENJPA-61,openjpa-kernel/src/main/java/org/apache/openjpa/ee/AutomaticManagedRuntime.java
OPENJPA-61,openjpa-kernel/src/main/java/org/apache/openjpa/ee/RegistryManagedRuntime.java
OPENJPA-612,openjpa-jdbc/src/main/java/org/apache/openjpa/jdbc/kernel/JDBCStoreQuery.java
OPENJPA-612,openjpa-jdbc/src/main/java/org/apache/openjpa/jdbc/kernel/exps/AbstractVal.java
OPENJPA-612,openjpa-jdbc/src/main/java/org/apache/openjpa/jdbc/kernel/exps/Args.java
OPENJPA-612,openjpa-jdbc/src/main/java/org/apache/openjpa/jdbc/kernel/exps/Concat.java
OPENJPA-612,openjpa-jdbc/src/main/java/org/apache/openjpa/jdbc/kernel/exps/IndexOf.java
OPENJPA-612,openjpa-jdbc/src/main/java/org/apache/openjpa/jdbc/kernel/exps/Math.java
OPENJPA-612,openjpa-jdbc/src/main/java/org/apache/openjpa/jdbc/kernel/exps/StringLength.java
OPENJPA-612,openjpa-jdbc/src/main/java/org/apache/openjpa/jdbc/kernel/exps/Substring.java
OPENJPA-612,openjpa-jdbc/src/main/java/org/apache/openjpa/jdbc/kernel/exps/ToLowerCase.java
OPENJPA-612,openjpa-jdbc/src/main/java/org/apache/openjpa/jdbc/kernel/exps/ToUpperCase.java
OPENJPA-612,openjpa-jdbc/src/main/java/org/apache/openjpa/jdbc/kernel/exps/Trim.java
OPENJPA-612,openjpa-jdbc/src/main/java/org/apache/openjpa/jdbc/kernel/exps/Val.java
OPENJPA-612,openjpa-kernel/src/main/java/org/apache/openjpa/datacache/QueryCacheStoreQuery.java
OPENJPA-612,openjpa-kernel/src/main/java/org/apache/openjpa/kernel/AbstractStoreQuery.java
OPENJPA-612,openjpa-kernel/src/main/java/org/apache/openjpa/kernel/QueryImpl.java
OPENJPA-612,openjpa-kernel/src/main/java/org/apache/openjpa/kernel/StoreQuery.java
OPENJPA-614,openjpa-jdbc/src/main/java/org/apache/openjpa/jdbc/sql/SQLServerDictionary.java
OPENJPA-617,openjpa-jdbc/src/main/java/org/apache/openjpa/jdbc/kernel/BatchingPreparedStatementManagerImpl.java
OPENJPA-617,openjpa-jdbc/src/main/java/org/apache/openjpa/jdbc/kernel/JDBCStoreQuery.java
OPENJPA-617,openjpa-jdbc/src/main/java/org/apache/openjpa/jdbc/kernel/exps/Abs.java
OPENJPA-617,openjpa-jdbc/src/main/java/org/apache/openjpa/jdbc/kernel/exps/Math.java
OPENJPA-617,openjpa-jdbc/src/main/java/org/apache/openjpa/jdbc/kernel/exps/Sqrt.java
OPENJPA-617,openjpa-jdbc/src/main/java/org/apache/openjpa/jdbc/kernel/exps/UnaryOp.java
OPENJPA-617,openjpa-jdbc/src/main/java/org/apache/openjpa/jdbc/kernel/exps/Val.java
OPENJPA-617,openjpa-jdbc/src/main/java/org/apache/openjpa/jdbc/schema/DataSourceFactory.java
OPENJPA-617,openjpa-jdbc/src/main/java/org/apache/openjpa/jdbc/sql/DBDictionary.java
OPENJPA-617,openjpa-jdbc/src/main/java/org/apache/openjpa/jdbc/sql/OracleDictionary.java
OPENJPA-622,openjpa-jdbc/src/main/java/org/apache/openjpa/jdbc/sql/DB2Dictionary.java
OPENJPA-622,openjpa-jdbc/src/main/java/org/apache/openjpa/jdbc/sql/DBDictionary.java
OPENJPA-622,openjpa-jdbc/src/main/java/org/apache/openjpa/jdbc/sql/InformixDictionary.java
OPENJPA-625,openjpa-kernel/src/main/java/org/apache/openjpa/kernel/AbstractPCData.java
OPENJPA-628,openjpa-kernel/src/main/java/org/apache/openjpa/util/ProxyCollections.java
OPENJPA-629,openjpa-jdbc/src/main/java/org/apache/openjpa/jdbc/kernel/exps/Distinct.java
OPENJPA-629,openjpa-jdbc/src/main/java/org/apache/openjpa/jdbc/schema/SchemaGenerator.java
OPENJPA-629,openjpa-jdbc/src/main/java/org/apache/openjpa/jdbc/schema/SchemaTool.java
OPENJPA-629,openjpa-jdbc/src/main/java/org/apache/openjpa/jdbc/sql/DBDictionary.java
OPENJPA-629,openjpa-jdbc/src/main/java/org/apache/openjpa/jdbc/sql/InformixDictionary.java
OPENJPA-630,openjpa-jdbc/src/main/java/org/apache/openjpa/jdbc/kernel/BatchingPreparedStatementManagerImpl.java
OPENJPA-632,openjpa-jdbc/src/main/java/org/apache/openjpa/jdbc/sql/OracleDictionary.java
OPENJPA-634,openjpa-jdbc/src/main/java/org/apache/openjpa/jdbc/kernel/AbstractUpdateManager.java
OPENJPA-634,openjpa-jdbc/src/main/java/org/apache/openjpa/jdbc/kernel/BatchingConstraintUpdateManager.java
OPENJPA-634,openjpa-jdbc/src/main/java/org/apache/openjpa/jdbc/kernel/BatchingOperationOrderUpdateManager.java
OPENJPA-634,openjpa-jdbc/src/main/java/org/apache/openjpa/jdbc/kernel/BatchingPreparedStatementManagerImpl.java
OPENJPA-637,openjpa-kernel/src/main/java/org/apache/openjpa/util/CacheMap.java
OPENJPA-637,openjpa-lib/src/main/java/org/apache/openjpa/lib/util/concurrent/ConcurrentHashMap.java
OPENJPA-642,openjpa-jdbc/src/main/java/org/apache/openjpa/jdbc/sql/SybaseDictionary.java
OPENJPA-644,openjpa-jdbc/src/main/java/org/apache/openjpa/jdbc/sql/DB2Dictionary.java
OPENJPA-645,openjpa-jdbc/src/main/java/org/apache/openjpa/jdbc/sql/DBDictionary.java
OPENJPA-645,openjpa-jdbc/src/main/java/org/apache/openjpa/jdbc/sql/InformixDictionary.java
OPENJPA-645,openjpa-jdbc/src/main/java/org/apache/openjpa/jdbc/sql/SQLServerDictionary.java
OPENJPA-646,openjpa-lib/src/main/java/org/apache/openjpa/lib/util/TemporaryClassLoader.java
OPENJPA-647,openjpa-kernel/src/main/java/org/apache/openjpa/meta/ClassMetaData.java
OPENJPA-647,openjpa-lib/src/main/java/org/apache/openjpa/lib/conf/ConfigurationImpl.java
OPENJPA-647,openjpa-lib/src/main/java/org/apache/openjpa/lib/conf/Value.java
OPENJPA-653,openjpa-kernel/src/main/java/org/apache/openjpa/datacache/QueryCacheStoreQuery.java
OPENJPA-656,openjpa-jdbc/src/main/java/org/apache/openjpa/jdbc/schema/DataSourceFactory.java
OPENJPA-656,openjpa-jdbc/src/main/java/org/apache/openjpa/jdbc/schema/SimpleDriverDataSource.java
OPENJPA-656,openjpa-kernel/src/main/java/org/apache/openjpa/util/StoreException.java
OPENJPA-657,openjpa-jdbc/src/main/java/org/apache/openjpa/jdbc/sql/SQLErrorCodeReader.java
OPENJPA-659,openjpa-kernel/src/main/java/org/apache/openjpa/kernel/StateManagerImpl.java
OPENJPA-660,openjpa-jdbc/src/main/java/org/apache/openjpa/jdbc/meta/strats/StoreCollectionFieldStrategy.java
OPENJPA-660,openjpa-jdbc/src/main/java/org/apache/openjpa/jdbc/sql/SQLBuffer.java
OPENJPA-662,openjpa-jdbc/src/main/java/org/apache/openjpa/jdbc/meta/FieldMapping.java
OPENJPA-662,openjpa-jdbc/src/main/java/org/apache/openjpa/jdbc/meta/Version.java
OPENJPA-662,openjpa-jdbc/src/main/java/org/apache/openjpa/jdbc/meta/VersionStrategy.java
OPENJPA-662,openjpa-jdbc/src/main/java/org/apache/openjpa/jdbc/meta/strats/AbstractVersionStrategy.java
OPENJPA-662,openjpa-jdbc/src/main/java/org/apache/openjpa/jdbc/meta/strats/ColumnVersionStrategy.java
OPENJPA-664,openjpa-jdbc/src/main/java/org/apache/openjpa/jdbc/sql/DBDictionary.java
OPENJPA-664,openjpa-jdbc/src/main/java/org/apache/openjpa/jdbc/sql/DerbyDictionary.java
OPENJPA-665,openjpa-jdbc/src/main/java/org/apache/openjpa/jdbc/meta/MappingInfo.java
OPENJPA-665,openjpa-jdbc/src/main/java/org/apache/openjpa/jdbc/meta/strats/HandlerFieldStrategy.java
OPENJPA-665,openjpa-jdbc/src/main/java/org/apache/openjpa/jdbc/meta/strats/HandlerStrategies.java
OPENJPA-669,openjpa-jdbc/src/main/java/org/apache/openjpa/jdbc/kernel/NativeJDBCSeq.java
OPENJPA-669,openjpa-jdbc/src/main/java/org/apache/openjpa/jdbc/sql/DBDictionary.java
OPENJPA-669,openjpa-kernel/src/main/java/org/apache/openjpa/meta/SequenceMetaData.java
OPENJPA-67,openjpa-jdbc/src/main/java/org/apache/openjpa/jdbc/sql/DB2Dictionary.java
OPENJPA-670,openjpa-jdbc/src/main/java/org/apache/openjpa/jdbc/meta/MappingRepository.java
OPENJPA-674,openjpa-kernel/src/main/java/org/apache/openjpa/enhance/PCEnhancerAgent.java
OPENJPA-676,openjpa-jdbc/src/main/java/org/apache/openjpa/jdbc/kernel/AbstractJDBCSeq.java
OPENJPA-676,openjpa-jdbc/src/main/java/org/apache/openjpa/jdbc/sql/DBDictionary.java
OPENJPA-677,openjpa-jdbc/src/main/java/org/apache/openjpa/jdbc/meta/ClassMapping.java
OPENJPA-677,openjpa-jdbc/src/main/java/org/apache/openjpa/jdbc/meta/strats/RelationFieldStrategy.java
OPENJPA-678,openjpa-kernel/src/main/java/org/apache/openjpa/kernel/BrokerImpl.java
OPENJPA-678,openjpa-kernel/src/main/java/org/apache/openjpa/kernel/DetachManager.java
OPENJPA-678,openjpa-kernel/src/main/java/org/apache/openjpa/kernel/DetachedStateManager.java
OPENJPA-678,openjpa-kernel/src/main/java/org/apache/openjpa/kernel/QueryImpl.java
OPENJPA-678,openjpa-kernel/src/main/java/org/apache/openjpa/kernel/StateManagerImpl.java
OPENJPA-678,openjpa-persistence/src/main/java/org/apache/openjpa/persistence/EntityManagerImpl.java
OPENJPA-678,openjpa-persistence/src/main/java/org/apache/openjpa/persistence/MetaDataParsers.java
OPENJPA-678,openjpa-persistence/src/main/java/org/apache/openjpa/persistence/PersistenceListenerAdapter.java
OPENJPA-678,openjpa-persistence/src/main/java/org/apache/openjpa/persistence/QueryImpl.java
OPENJPA-678,openjpa-slice/src/main/java/org/apache/openjpa/slice/jdbc/DistributedStoreManager.java
OPENJPA-678,openjpa-slice/src/main/java/org/apache/openjpa/slice/jdbc/DistributedStoreQuery.java
OPENJPA-679,openjpa-jdbc/src/main/java/org/apache/openjpa/jdbc/meta/ClassMapping.java
OPENJPA-68,openjpa-kernel-5/src/main/java/org/apache/openjpa/enhance/PCClassFileTransformer.java
OPENJPA-68,openjpa-kernel/src/main/java/org/apache/openjpa/ee/WASManagedRuntime.java
OPENJPA-680,openjpa-kernel/src/main/java/org/apache/openjpa/kernel/BrokerImpl.java
OPENJPA-680,openjpa-kernel/src/main/java/org/apache/openjpa/kernel/DetachManager.java
OPENJPA-680,openjpa-kernel/src/main/java/org/apache/openjpa/kernel/DetachedStateManager.java
OPENJPA-680,openjpa-kernel/src/main/java/org/apache/openjpa/kernel/StateManagerImpl.java
OPENJPA-680,openjpa-persistence/src/main/java/org/apache/openjpa/persistence/EntityManagerImpl.java
OPENJPA-680,openjpa-persistence/src/main/java/org/apache/openjpa/persistence/MetaDataParsers.java
OPENJPA-680,openjpa-persistence/src/main/java/org/apache/openjpa/persistence/PersistenceListenerAdapter.java
OPENJPA-680,openjpa-slice/src/main/java/org/apache/openjpa/slice/jdbc/DistributedStoreManager.java
OPENJPA-680,openjpa-slice/src/main/java/org/apache/openjpa/slice/jdbc/DistributedStoreQuery.java
OPENJPA-692,openjpa-jdbc/src/main/java/org/apache/openjpa/jdbc/kernel/JDBCStoreQuery.java
OPENJPA-692,openjpa-jdbc/src/main/java/org/apache/openjpa/jdbc/meta/FieldMapping.java
OPENJPA-692,openjpa-jdbc/src/main/java/org/apache/openjpa/jdbc/meta/strats/RelationCollectionTableFieldStrategy.java
OPENJPA-692,openjpa-jdbc/src/main/java/org/apache/openjpa/jdbc/meta/strats/RelationFieldStrategy.java
OPENJPA-693,openjpa-jdbc/src/main/java/org/apache/openjpa/jdbc/meta/MappingInfo.java
OPENJPA-693,openjpa-jdbc/src/main/java/org/apache/openjpa/jdbc/meta/strats/HandlerStrategies.java
OPENJPA-693,openjpa-jdbc/src/main/java/org/apache/openjpa/jdbc/meta/strats/PrimitiveFieldStrategy.java
OPENJPA-693,openjpa-jdbc/src/main/java/org/apache/openjpa/jdbc/schema/Column.java
OPENJPA-693,openjpa-jdbc/src/main/java/org/apache/openjpa/jdbc/sql/PrimaryRow.java
OPENJPA-693,openjpa-persistence-jdbc/src/main/java/org/apache/openjpa/persistence/jdbc/AnnotationPersistenceMappingParser.java
OPENJPA-693,openjpa-persistence-jdbc/src/main/java/org/apache/openjpa/persistence/jdbc/ForeignKey.java
OPENJPA-693,openjpa-persistence/src/main/java/org/apache/openjpa/persistence/AnnotationPersistenceMetaDataParser.java
OPENJPA-696,openjpa-kernel/src/main/java/org/apache/openjpa/ee/AutomaticManagedRuntime.java
OPENJPA-696,openjpa-kernel/src/main/java/org/apache/openjpa/ee/RegistryManagedRuntime.java
OPENJPA-697,openjpa-jdbc/src/main/java/org/apache/openjpa/jdbc/meta/MappingInfo.java
OPENJPA-697,openjpa-jdbc/src/main/java/org/apache/openjpa/jdbc/meta/MappingRepository.java
OPENJPA-697,openjpa-jdbc/src/main/java/org/apache/openjpa/jdbc/meta/VersionMappingInfo.java
OPENJPA-697,openjpa-jdbc/src/main/java/org/apache/openjpa/jdbc/meta/strats/ColumnVersionStrategy.java
OPENJPA-697,openjpa-jdbc/src/main/java/org/apache/openjpa/jdbc/meta/strats/MultiColumnVersionStrategy.java
OPENJPA-697,openjpa-jdbc/src/main/java/org/apache/openjpa/jdbc/meta/strats/NumberVersionStrategy.java
OPENJPA-697,openjpa-jdbc/src/main/java/org/apache/openjpa/jdbc/meta/strats/TimestampVersionStrategy.java
OPENJPA-697,openjpa-persistence-jdbc/src/main/java/org/apache/openjpa/persistence/jdbc/AnnotationPersistenceMappingParser.java
OPENJPA-697,openjpa-persistence-jdbc/src/main/java/org/apache/openjpa/persistence/jdbc/PersistenceMappingDefaults.java
OPENJPA-697,openjpa-persistence-jdbc/src/main/java/org/apache/openjpa/persistence/jdbc/VersionColumn.java
OPENJPA-698,openjpa-lib/src/main/java/org/apache/openjpa/lib/jdbc/DelegatingCallableStatement.java
OPENJPA-698,openjpa-lib/src/main/java/org/apache/openjpa/lib/jdbc/LoggingConnectionDecorator.java
OPENJPA-699,openjpa-lib/src/main/java/org/apache/openjpa/lib/jdbc/LoggingConnectionDecorator.java
OPENJPA-70,openjpa-kernel/src/main/java/org/apache/openjpa/datacache/DataCacheStoreManager.java
OPENJPA-70,openjpa-kernel/src/main/java/org/apache/openjpa/event/RemoteCommitEvent.java
OPENJPA-70,openjpa-kernel/src/main/java/org/apache/openjpa/event/RemoteCommitEventManager.java
OPENJPA-700,openjpa-jdbc/src/main/java/org/apache/openjpa/jdbc/sql/DB2Dictionary.java
OPENJPA-705,openjpa-jdbc/src/main/java/org/apache/openjpa/jdbc/meta/FieldMappingInfo.java
OPENJPA-71,openjpa-kernel/src/main/java/org/apache/openjpa/kernel/AbstractPCData.java
OPENJPA-71,openjpa-persistence/src/main/java/org/apache/openjpa/persistence/PersistentCollection.java
OPENJPA-710,openjpa-jdbc/src/main/java/org/apache/openjpa/jdbc/meta/strats/StoreCollectionFieldStrategy.java
OPENJPA-714,openjpa-kernel/src/main/java/org/apache/openjpa/kernel/AttachStrategy.java
OPENJPA-715,openjpa-jdbc/src/main/java/org/apache/openjpa/jdbc/kernel/TableJDBCSeq.java
OPENJPA-715,openjpa-kernel/src/main/java/org/apache/openjpa/kernel/SingleFieldManager.java
OPENJPA-715,openjpa-kernel/src/main/java/org/apache/openjpa/kernel/StateManagerImpl.java
OPENJPA-719,openjpa-kernel/src/main/java/org/apache/openjpa/enhance/PCEnhancer.java
OPENJPA-719,openjpa-lib/src/main/java/org/apache/openjpa/lib/log/LogFactoryImpl.java
OPENJPA-731,openjpa-jdbc/src/main/java/org/apache/openjpa/jdbc/sql/SelectImpl.java
OPENJPA-732,openjpa-kernel/src/main/java/org/apache/openjpa/kernel/BrokerImpl.java
OPENJPA-733,openjpa-kernel/src/main/java/org/apache/openjpa/kernel/StateManagerImpl.java
OPENJPA-74,openjpa-kernel/src/main/java/org/apache/openjpa/kernel/jpql/JPQLExpressionBuilder.java
OPENJPA-74,openjpa-kernel/src/main/java/org/apache/openjpa/meta/MetaDataRepository.java
OPENJPA-74,openjpa-persistence/src/main/java/org/apache/openjpa/persistence/MetaDataTag.java
OPENJPA-74,openjpa-persistence/src/main/java/org/apache/openjpa/persistence/XMLPersistenceMetaDataParser.java
OPENJPA-740,openjpa-jdbc/src/main/java/org/apache/openjpa/jdbc/sql/MySQLDictionary.java
OPENJPA-745,openjpa-jdbc/src/main/java/org/apache/openjpa/jdbc/kernel/JDBCStoreManager.java
OPENJPA-745,openjpa-jdbc/src/main/java/org/apache/openjpa/jdbc/sql/DBDictionary.java
OPENJPA-745,openjpa-jdbc/src/main/java/org/apache/openjpa/jdbc/sql/SybaseDictionary.java
OPENJPA-75,openjpa-kernel/src/main/java/org/apache/openjpa/kernel/exps/AbstractExpressionBuilder.java
OPENJPA-75,openjpa-kernel/src/main/java/org/apache/openjpa/meta/ClassMetaData.java
OPENJPA-750,openjpa-jdbc/src/main/java/org/apache/openjpa/jdbc/kernel/BatchingPreparedStatementManagerImpl.java
OPENJPA-750,openjpa-jdbc/src/main/java/org/apache/openjpa/jdbc/kernel/JDBCStoreManager.java
OPENJPA-750,openjpa-jdbc/src/main/java/org/apache/openjpa/jdbc/kernel/PreparedStatementManagerImpl.java
OPENJPA-750,openjpa-jdbc/src/main/java/org/apache/openjpa/jdbc/sql/DBDictionary.java
OPENJPA-750,openjpa-jdbc/src/main/java/org/apache/openjpa/jdbc/sql/SybaseDictionary.java
OPENJPA-755,openjpa-kernel/src/main/java/org/apache/openjpa/kernel/SingleFieldManager.java
OPENJPA-76,openjpa-kernel/src/main/java/org/apache/openjpa/ee/WASManagedRuntime.java
OPENJPA-761,openjpa-jdbc/src/main/java/org/apache/openjpa/jdbc/schema/SchemaGenerator.java
OPENJPA-762,openjpa-jdbc/src/main/java/org/apache/openjpa/jdbc/sql/OracleDictionary.java
OPENJPA-77,openjpa-jdbc/src/main/java/org/apache/openjpa/jdbc/sql/DB2Dictionary.java
OPENJPA-77,openjpa-jdbc/src/main/java/org/apache/openjpa/jdbc/sql/DBDictionary.java
OPENJPA-774,openjpa-jdbc/src/main/java/org/apache/openjpa/jdbc/kernel/SQLStoreQuery.java
OPENJPA-777,openjpa-jdbc/src/main/java/org/apache/openjpa/jdbc/meta/strats/RelationFieldStrategy.java
OPENJPA-787,openjpa-slice/src/main/java/org/apache/openjpa/slice/jdbc/DistributedResultSet.java
OPENJPA-787,openjpa-slice/src/main/java/org/apache/openjpa/slice/jdbc/DistributedStoreQuery.java
OPENJPA-787,openjpa-slice/src/main/java/org/apache/openjpa/slice/jdbc/UniqueResultObjectProvider.java
OPENJPA-792,openjpa-kernel/src/main/java/org/apache/openjpa/enhance/PCEnhancer.java
OPENJPA-795,openjpa-jdbc/src/main/java/org/apache/openjpa/jdbc/meta/MappingInfo.java
OPENJPA-799,openjpa-slice/src/main/java/org/apache/openjpa/slice/jdbc/DistributedResultSet.java
OPENJPA-799,openjpa-slice/src/main/java/org/apache/openjpa/slice/jdbc/DistributedStoreQuery.java
OPENJPA-799,openjpa-slice/src/main/java/org/apache/openjpa/slice/jdbc/UniqueResultObjectProvider.java
OPENJPA-80,openjpa-jdbc/src/main/java/org/apache/openjpa/jdbc/sql/MySQLDictionary.java
OPENJPA-801,openjpa-jdbc/src/main/java/org/apache/openjpa/jdbc/kernel/exps/PCPath.java
OPENJPA-801,openjpa-kernel/src/main/java/org/apache/openjpa/kernel/exps/CandidatePath.java
OPENJPA-811,openjpa-jdbc/src/main/java/org/apache/openjpa/jdbc/sql/OracleDictionary.java
OPENJPA-812,openjpa-slice/src/main/java/org/apache/openjpa/slice/jdbc/UniqueResultObjectProvider.java
OPENJPA-815,openjpa-jdbc/src/main/java/org/apache/openjpa/jdbc/meta/strats/StoreCollectionFieldStrategy.java
OPENJPA-819,openjpa-kernel/src/main/java/org/apache/openjpa/enhance/ManagedClassSubclasser.java
OPENJPA-821,openjpa-slice/src/main/java/org/apache/openjpa/slice/jdbc/DistributedStoreQuery.java
OPENJPA-825,openjpa-jdbc/src/main/java/org/apache/openjpa/jdbc/kernel/JDBCStoreQuery.java
OPENJPA-825,openjpa-kernel/src/main/java/org/apache/openjpa/kernel/BrokerImpl.java
OPENJPA-825,openjpa-kernel/src/main/java/org/apache/openjpa/kernel/QueryImpl.java
OPENJPA-825,openjpa-kernel/src/main/java/org/apache/openjpa/kernel/StateManagerImpl.java
OPENJPA-825,openjpa-persistence/src/main/java/org/apache/openjpa/persistence/QueryImpl.java
OPENJPA-825,openjpa-slice/src/main/java/org/apache/openjpa/slice/DistributedBrokerImpl.java
OPENJPA-825,openjpa-slice/src/main/java/org/apache/openjpa/slice/DistributedQueryImpl.java
OPENJPA-825,openjpa-slice/src/main/java/org/apache/openjpa/slice/ExecutorServiceValue.java
OPENJPA-825,openjpa-slice/src/main/java/org/apache/openjpa/slice/ProductDerivation.java
OPENJPA-825,openjpa-slice/src/main/java/org/apache/openjpa/slice/ReentrantSliceLock.java
OPENJPA-825,openjpa-slice/src/main/java/org/apache/openjpa/slice/ReplicationPolicy.java
OPENJPA-825,openjpa-slice/src/main/java/org/apache/openjpa/slice/SliceThread.java
OPENJPA-825,openjpa-slice/src/main/java/org/apache/openjpa/slice/jdbc/DistributedJDBCConfiguration.java
OPENJPA-825,openjpa-slice/src/main/java/org/apache/openjpa/slice/jdbc/DistributedJDBCConfigurationImpl.java
OPENJPA-825,openjpa-slice/src/main/java/org/apache/openjpa/slice/jdbc/DistributedStoreManager.java
OPENJPA-825,openjpa-slice/src/main/java/org/apache/openjpa/slice/jdbc/DistributedStoreQuery.java
OPENJPA-828,openjpa-kernel/src/main/java/org/apache/openjpa/enhance/ReflectingPersistenceCapable.java
OPENJPA-835,openjpa-jdbc/src/main/java/org/apache/openjpa/jdbc/kernel/JDBCStoreManager.java
OPENJPA-836,openjpa-kernel/src/main/java/org/apache/openjpa/kernel/PCDataImpl.java
OPENJPA-838,openjpa-jdbc/src/main/java/org/apache/openjpa/jdbc/meta/strats/StoreCollectionFieldStrategy.java
OPENJPA-838,openjpa-jdbc/src/main/java/org/apache/openjpa/jdbc/sql/SQLBuffer.java
OPENJPA-838,openjpa-kernel/src/main/java/org/apache/openjpa/enhance/ReflectingPersistenceCapable.java
OPENJPA-838,openjpa-persistence/src/main/java/org/apache/openjpa/persistence/QueryImpl.java
OPENJPA-843,openjpa-jdbc/src/main/java/org/apache/openjpa/jdbc/kernel/AbstractUpdateManager.java
OPENJPA-845,openjpa-jdbc/src/main/java/org/apache/openjpa/jdbc/kernel/exps/PCPath.java
OPENJPA-847,openjpa-lib/src/main/java/org/apache/openjpa/lib/jdbc/DelegatingDatabaseMetaData.java
OPENJPA-853,openjpa-jdbc/src/main/java/org/apache/openjpa/jdbc/sql/InformixDictionary.java
OPENJPA-859,openjpa-persistence/src/main/java/org/apache/openjpa/persistence/AnnotationPersistenceMetaDataParser.java
OPENJPA-859,openjpa-persistence/src/main/java/org/apache/openjpa/persistence/XMLPersistenceMetaDataParser.java
OPENJPA-86,openjpa-persistence/src/main/java/org/apache/openjpa/persistence/AnnotationPersistenceMetaDataParser.java
OPENJPA-86,openjpa-persistence/src/main/java/org/apache/openjpa/persistence/XMLPersistenceMetaDataParser.java
OPENJPA-860,openjpa-kernel/src/main/java/org/apache/openjpa/meta/AbstractCFMetaDataFactory.java
OPENJPA-863,openjpa-kernel/src/main/java/org/apache/openjpa/kernel/AttachManager.java
OPENJPA-864,openjpa-jdbc/src/main/java/org/apache/openjpa/jdbc/sql/SelectImpl.java
OPENJPA-866,openjpa-jdbc/src/main/java/org/apache/openjpa/jdbc/schema/DynamicSchemaFactory.java
OPENJPA-866,openjpa-jdbc/src/main/java/org/apache/openjpa/jdbc/schema/NameSet.java
OPENJPA-866,openjpa-jdbc/src/main/java/org/apache/openjpa/jdbc/schema/Schema.java
OPENJPA-866,openjpa-jdbc/src/main/java/org/apache/openjpa/jdbc/schema/Table.java
OPENJPA-866,openjpa-jdbc/src/main/java/org/apache/openjpa/jdbc/sql/DB2Dictionary.java
OPENJPA-866,openjpa-jdbc/src/main/java/org/apache/openjpa/jdbc/sql/DBDictionary.java
OPENJPA-866,openjpa-jdbc/src/main/java/org/apache/openjpa/jdbc/sql/DerbyDictionary.java
OPENJPA-866,openjpa-jdbc/src/main/java/org/apache/openjpa/jdbc/sql/MySQLDictionary.java
OPENJPA-866,openjpa-jdbc/src/main/java/org/apache/openjpa/jdbc/sql/OracleDictionary.java
OPENJPA-866,openjpa-jdbc/src/main/java/org/apache/openjpa/jdbc/sql/PostgresDictionary.java
OPENJPA-867,openjpa-jdbc/src/main/java/org/apache/openjpa/jdbc/sql/AbstractSQLServerDictionary.java
OPENJPA-867,openjpa-jdbc/src/main/java/org/apache/openjpa/jdbc/sql/H2Dictionary.java
OPENJPA-867,openjpa-jdbc/src/main/java/org/apache/openjpa/jdbc/sql/MySQLDictionary.java
OPENJPA-867,openjpa-jdbc/src/main/java/org/apache/openjpa/jdbc/sql/OracleDictionary.java
OPENJPA-867,openjpa-jdbc/src/main/java/org/apache/openjpa/jdbc/sql/SQLServerDictionary.java
OPENJPA-867,openjpa-jdbc/src/main/java/org/apache/openjpa/jdbc/sql/SybaseDictionary.java
OPENJPA-873,openjpa-kernel/src/main/java/org/apache/openjpa/meta/ClassMetaData.java
OPENJPA-883,openjpa-jdbc/src/main/java/org/apache/openjpa/jdbc/sql/MySQLDictionary.java
OPENJPA-884,openjpa-jdbc/src/main/java/org/apache/openjpa/jdbc/sql/DB2Dictionary.java
OPENJPA-896,openjpa-jdbc/src/main/java/org/apache/openjpa/jdbc/kernel/ConstraintUpdateManager.java
OPENJPA-896,openjpa-jdbc/src/main/java/org/apache/openjpa/jdbc/kernel/FinderCacheImpl.java
OPENJPA-896,openjpa-jdbc/src/main/java/org/apache/openjpa/jdbc/kernel/FinderQueryImpl.java
OPENJPA-896,openjpa-jdbc/src/main/java/org/apache/openjpa/jdbc/kernel/PreparedQueryCacheImpl.java
OPENJPA-896,openjpa-jdbc/src/main/java/org/apache/openjpa/jdbc/kernel/PreparedQueryImpl.java
OPENJPA-896,openjpa-jdbc/src/main/java/org/apache/openjpa/jdbc/kernel/PreparedResultObjectProvider.java
OPENJPA-896,openjpa-jdbc/src/main/java/org/apache/openjpa/jdbc/kernel/PreparedSQLStoreQuery.java
OPENJPA-896,openjpa-jdbc/src/main/java/org/apache/openjpa/jdbc/kernel/exps/MapEntry.java
OPENJPA-896,openjpa-jdbc/src/main/java/org/apache/openjpa/jdbc/kernel/exps/MapKey.java
OPENJPA-896,openjpa-jdbc/src/main/java/org/apache/openjpa/jdbc/kernel/exps/TypeLit.java
OPENJPA-896,openjpa-jdbc/src/main/java/org/apache/openjpa/jdbc/meta/strats/ElementEmbedValueHandler.java
OPENJPA-896,openjpa-jdbc/src/main/java/org/apache/openjpa/jdbc/meta/strats/HandlerCollectionTableFieldStrategy.java
OPENJPA-896,openjpa-jdbc/src/main/java/org/apache/openjpa/jdbc/meta/strats/HandlerHandlerMapTableFieldStrategy.java
OPENJPA-896,openjpa-jdbc/src/main/java/org/apache/openjpa/jdbc/meta/strats/HandlerRelationMapTableFieldStrategy.java
OPENJPA-896,openjpa-jdbc/src/main/java/org/apache/openjpa/jdbc/meta/strats/LobFieldStrategy.java
OPENJPA-896,openjpa-jdbc/src/main/java/org/apache/openjpa/jdbc/meta/strats/MultiColumnVersionStrategy.java
OPENJPA-896,openjpa-jdbc/src/main/java/org/apache/openjpa/jdbc/meta/strats/NanoPrecisionTimestampVersionStrategy.java
OPENJPA-896,openjpa-jdbc/src/main/java/org/apache/openjpa/jdbc/meta/strats/RelationHandlerMapTableFieldStrategy.java
OPENJPA-896,openjpa-jdbc/src/main/java/org/apache/openjpa/jdbc/meta/strats/RelationRelationMapTableFieldStrategy.java
OPENJPA-896,openjpa-jdbc/src/main/java/org/apache/openjpa/jdbc/sql/DB2Dictionary.java
OPENJPA-896,openjpa-jdbc/src/main/java/org/apache/openjpa/jdbc/sql/SQLErrorCodeReader.java
OPENJPA-896,openjpa-kernel-5/src/main/java/org/apache/openjpa/enhance/ClassRedefiner.java
OPENJPA-896,openjpa-kernel-5/src/main/java/org/apache/openjpa/enhance/ManagedClassSubclasser.java
OPENJPA-896,openjpa-kernel/src/main/java/org/apache/openjpa/conf/CacheMarshaller.java
OPENJPA-896,openjpa-kernel/src/main/java/org/apache/openjpa/conf/CacheMarshallerImpl.java
OPENJPA-896,openjpa-kernel/src/main/java/org/apache/openjpa/conf/CacheMarshallersValue.java
OPENJPA-896,openjpa-kernel/src/main/java/org/apache/openjpa/conf/MetaDataCacheMaintenance.java
OPENJPA-896,openjpa-kernel/src/main/java/org/apache/openjpa/conf/MetaDataRepositoryValue.java
OPENJPA-896,openjpa-kernel/src/main/java/org/apache/openjpa/conf/NoOpCacheMarshaller.java
OPENJPA-896,openjpa-kernel/src/main/java/org/apache/openjpa/conf/OpenJPAProductDerivation.java
OPENJPA-896,openjpa-kernel/src/main/java/org/apache/openjpa/conf/OpenJPAVersionAndConfigurationTypeValidationPolicy.java
OPENJPA-896,openjpa-kernel/src/main/java/org/apache/openjpa/conf/QueryCompilationCacheValue.java
OPENJPA-896,openjpa-kernel/src/main/java/org/apache/openjpa/conf/Specification.java
OPENJPA-896,openjpa-kernel/src/main/java/org/apache/openjpa/conf/SpecificationPlugin.java
OPENJPA-896,openjpa-kernel/src/main/java/org/apache/openjpa/datacache/AbstractDataCache.java
OPENJPA-896,openjpa-kernel/src/main/java/org/apache/openjpa/datacache/AbstractQueryCache.java
OPENJPA-896,openjpa-kernel/src/main/java/org/apache/openjpa/datacache/CacheStatistics.java
OPENJPA-896,openjpa-kernel/src/main/java/org/apache/openjpa/datacache/DataCacheScheduler.java
OPENJPA-896,openjpa-kernel/src/main/java/org/apache/openjpa/datacache/QueryCacheStoreQuery.java
OPENJPA-896,openjpa-kernel/src/main/java/org/apache/openjpa/enhance/AttributeTranslator.java
OPENJPA-896,openjpa-kernel/src/main/java/org/apache/openjpa/enhance/ClassRedefiner.java
OPENJPA-896,openjpa-kernel/src/main/java/org/apache/openjpa/enhance/DynamicPCHelper.java
OPENJPA-896,openjpa-kernel/src/main/java/org/apache/openjpa/enhance/DynamicPersistenceCapable.java
OPENJPA-896,openjpa-kernel/src/main/java/org/apache/openjpa/enhance/ManagedClassSubclasser.java
OPENJPA-896,openjpa-kernel/src/main/java/org/apache/openjpa/enhance/ManagedInstanceProvider.java
OPENJPA-896,openjpa-kernel/src/main/java/org/apache/openjpa/enhance/PCDataGenerator.java
OPENJPA-896,openjpa-kernel/src/main/java/org/apache/openjpa/enhance/PCRegistry.java
OPENJPA-896,openjpa-kernel/src/main/java/org/apache/openjpa/enhance/PCSubclassValidator.java
OPENJPA-896,openjpa-kernel/src/main/java/org/apache/openjpa/enhance/RedefinitionHelper.java
OPENJPA-896,openjpa-kernel/src/main/java/org/apache/openjpa/enhance/ReflectingPersistenceCapable.java
OPENJPA-896,openjpa-kernel/src/main/java/org/apache/openjpa/enhance/RuntimeUnenhancedClassesModes.java
OPENJPA-896,openjpa-kernel/src/main/java/org/apache/openjpa/enhance/RuntimeUnenhancedClasssesModes.java
OPENJPA-896,openjpa-kernel/src/main/java/org/apache/openjpa/event/BrokerFactoryEvent.java
OPENJPA-896,openjpa-kernel/src/main/java/org/apache/openjpa/event/BrokerFactoryEventManager.java
OPENJPA-896,openjpa-kernel/src/main/java/org/apache/openjpa/event/BrokerFactoryListener.java
OPENJPA-896,openjpa-kernel/src/main/java/org/apache/openjpa/event/PostDeleteListener.java
OPENJPA-896,openjpa-kernel/src/main/java/org/apache/openjpa/event/PostPersistListener.java
OPENJPA-896,openjpa-kernel/src/main/java/org/apache/openjpa/event/RemoteCommitEventManager.java
OPENJPA-896,openjpa-kernel/src/main/java/org/apache/openjpa/event/SingleJVMRemoteCommitProvider.java
OPENJPA-896,openjpa-kernel/src/main/java/org/apache/openjpa/event/TCPRemoteCommitProvider.java
OPENJPA-896,openjpa-kernel/src/main/java/org/apache/openjpa/event/TransactionEventManager.java
OPENJPA-896,openjpa-kernel/src/main/java/org/apache/openjpa/event/UpdateListener.java
OPENJPA-896,openjpa-kernel/src/main/java/org/apache/openjpa/kernel/AbstractBrokerFactory.java
OPENJPA-896,openjpa-kernel/src/main/java/org/apache/openjpa/kernel/AbstractStoreQuery.java
OPENJPA-896,openjpa-kernel/src/main/java/org/apache/openjpa/kernel/BrokerImpl.java
OPENJPA-896,openjpa-kernel/src/main/java/org/apache/openjpa/kernel/DetachedStateManager.java
OPENJPA-896,openjpa-kernel/src/main/java/org/apache/openjpa/kernel/ExtentImpl.java
OPENJPA-896,openjpa-kernel/src/main/java/org/apache/openjpa/kernel/FinderCache.java
OPENJPA-896,openjpa-kernel/src/main/java/org/apache/openjpa/kernel/FinderQuery.java
OPENJPA-896,openjpa-kernel/src/main/java/org/apache/openjpa/kernel/ManagedCache.java
OPENJPA-896,openjpa-kernel/src/main/java/org/apache/openjpa/kernel/PreparedQuery.java
OPENJPA-896,openjpa-kernel/src/main/java/org/apache/openjpa/kernel/PreparedQueryCache.java
OPENJPA-896,openjpa-kernel/src/main/java/org/apache/openjpa/kernel/QueryImpl.java
OPENJPA-896,openjpa-kernel/src/main/java/org/apache/openjpa/kernel/QueryStatistics.java
OPENJPA-896,openjpa-kernel/src/main/java/org/apache/openjpa/kernel/StateManagerImpl.java
OPENJPA-896,openjpa-kernel/src/main/java/org/apache/openjpa/kernel/StoreQuery.java
OPENJPA-896,openjpa-kernel/src/main/java/org/apache/openjpa/meta/FetchGroup.java
OPENJPA-896,openjpa-kernel/src/main/java/org/apache/openjpa/meta/NonPersistentMetaData.java
OPENJPA-896,openjpa-kernel/src/main/java/org/apache/openjpa/util/BigDecimalId.java
OPENJPA-896,openjpa-kernel/src/main/java/org/apache/openjpa/util/BigIntegerId.java
OPENJPA-896,openjpa-kernel/src/main/java/org/apache/openjpa/util/CacheMap.java
OPENJPA-896,openjpa-kernel/src/main/java/org/apache/openjpa/util/GeneratedClasses.java
OPENJPA-896,openjpa-kernel/src/main/java/org/apache/openjpa/util/ImplHelper.java
OPENJPA-896,openjpa-kernel/src/main/java/org/apache/openjpa/util/OpenJPAId.java
OPENJPA-896,openjpa-kernel/src/main/java/org/apache/openjpa/util/ProxyManagerImpl.java
OPENJPA-896,openjpa-kernel/src/main/java/org/apache/openjpa/util/StoreFacadeTypeRegistry.java
OPENJPA-896,openjpa-lib-5/src/main/java/org/apache/openjpa/lib/util/J2DoPriv5Helper.java
OPENJPA-896,openjpa-lib/src/main/java/org/apache/openjpa/lib/conf/BootstrapException.java
OPENJPA-896,openjpa-lib/src/main/java/org/apache/openjpa/lib/conf/Configurations.java
OPENJPA-896,openjpa-lib/src/main/java/org/apache/openjpa/lib/conf/ObjectValue.java
OPENJPA-896,openjpa-lib/src/main/java/org/apache/openjpa/lib/graph/BreadthFirstWalk.java
OPENJPA-896,openjpa-lib/src/main/java/org/apache/openjpa/lib/graph/DepthFirstAnalysis.java
OPENJPA-896,openjpa-lib/src/main/java/org/apache/openjpa/lib/graph/Edge.java
OPENJPA-896,openjpa-lib/src/main/java/org/apache/openjpa/lib/graph/Graph.java
OPENJPA-896,openjpa-lib/src/main/java/org/apache/openjpa/lib/graph/GraphVisitor.java
OPENJPA-896,openjpa-lib/src/main/java/org/apache/openjpa/lib/graph/NodeInfo.java
OPENJPA-896,openjpa-lib/src/main/java/org/apache/openjpa/lib/jdbc/DecoratingDataSource.java
OPENJPA-896,openjpa-lib/src/main/java/org/apache/openjpa/lib/jdbc/DelegatingDatabaseMetaData.java
OPENJPA-896,openjpa-lib/src/main/java/org/apache/openjpa/lib/jdbc/JDBCEventConnectionDecorator.java
OPENJPA-896,openjpa-lib/src/main/java/org/apache/openjpa/lib/log/LogFactoryAdapter.java
OPENJPA-896,openjpa-lib/src/main/java/org/apache/openjpa/lib/log/LogFactoryImpl.java
OPENJPA-896,openjpa-lib/src/main/java/org/apache/openjpa/lib/log/MultiLogFactory.java
OPENJPA-896,openjpa-lib/src/main/java/org/apache/openjpa/lib/util/Bytes.java
OPENJPA-896,openjpa-lib/src/main/java/org/apache/openjpa/lib/util/J2DoPriv5Helper.java
OPENJPA-896,openjpa-lib/src/main/java/org/apache/openjpa/lib/util/Localizer.java
OPENJPA-896,openjpa-lib/src/main/java/org/apache/openjpa/lib/util/Reflectable.java
OPENJPA-896,openjpa-lib/src/main/java/org/apache/openjpa/lib/util/TimestampHelper.java
OPENJPA-896,openjpa-lib/src/main/java/org/apache/openjpa/lib/util/concurrent/NullSafeConcurrentHashMap.java
OPENJPA-896,openjpa-lib/src/main/java/org/apache/openjpa/lib/util/concurrent/SizedConcurrentHashMap.java
OPENJPA-896,openjpa-persistence-jdbc/src/main/java/org/apache/openjpa/persistence/jdbc/ElementColumn.java
OPENJPA-896,openjpa-persistence-jdbc/src/main/java/org/apache/openjpa/persistence/jdbc/ElementColumns.java
OPENJPA-896,openjpa-persistence-jdbc/src/main/java/org/apache/openjpa/persistence/jdbc/ElementEmbeddedMapping.java
OPENJPA-896,openjpa-persistence-jdbc/src/main/java/org/apache/openjpa/persistence/jdbc/ElementStrategy.java
OPENJPA-896,openjpa-persistence-jdbc/src/main/java/org/apache/openjpa/persistence/jdbc/KeyClassCriteria.java
OPENJPA-896,openjpa-persistence-jdbc/src/main/java/org/apache/openjpa/persistence/jdbc/KeyColumn.java
OPENJPA-896,openjpa-persistence-jdbc/src/main/java/org/apache/openjpa/persistence/jdbc/KeyColumns.java
OPENJPA-896,openjpa-persistence-jdbc/src/main/java/org/apache/openjpa/persistence/jdbc/KeyEmbeddedMapping.java
OPENJPA-896,openjpa-persistence-jdbc/src/main/java/org/apache/openjpa/persistence/jdbc/KeyForeignKey.java
OPENJPA-896,openjpa-persistence-jdbc/src/main/java/org/apache/openjpa/persistence/jdbc/KeyIndex.java
OPENJPA-896,openjpa-persistence-jdbc/src/main/java/org/apache/openjpa/persistence/jdbc/KeyJoinColumn.java
OPENJPA-896,openjpa-persistence-jdbc/src/main/java/org/apache/openjpa/persistence/jdbc/KeyJoinColumns.java
OPENJPA-896,openjpa-persistence-jdbc/src/main/java/org/apache/openjpa/persistence/jdbc/KeyNonpolymorphic.java
OPENJPA-896,openjpa-persistence-jdbc/src/main/java/org/apache/openjpa/persistence/jdbc/KeyStrategy.java
OPENJPA-896,openjpa-persistence-jdbc/src/main/java/org/apache/openjpa/persistence/jdbc/XEmbeddedMapping.java
OPENJPA-896,openjpa-persistence-jdbc/src/main/java/org/apache/openjpa/persistence/jdbc/XMappingOverride.java
OPENJPA-896,openjpa-persistence-jdbc/src/main/java/org/apache/openjpa/persistence/jdbc/XMappingOverrides.java
OPENJPA-896,openjpa-persistence/src/main/java/org/apache/openjpa/persistence/AutoClearType.java
OPENJPA-896,openjpa-persistence/src/main/java/org/apache/openjpa/persistence/AutoDetachType.java
OPENJPA-896,openjpa-persistence/src/main/java/org/apache/openjpa/persistence/CallbackMode.java
OPENJPA-896,openjpa-persistence/src/main/java/org/apache/openjpa/persistence/ConnectionRetainMode.java
OPENJPA-896,openjpa-persistence/src/main/java/org/apache/openjpa/persistence/DetachStateType.java
OPENJPA-896,openjpa-persistence/src/main/java/org/apache/openjpa/persistence/EntityManagerImpl.java
OPENJPA-896,openjpa-persistence/src/main/java/org/apache/openjpa/persistence/HintHandler.java
OPENJPA-896,openjpa-persistence/src/main/java/org/apache/openjpa/persistence/JPAFacadeHelper.java
OPENJPA-896,openjpa-persistence/src/main/java/org/apache/openjpa/persistence/OpenJPAEntityManagerFactorySPI.java
OPENJPA-896,openjpa-persistence/src/main/java/org/apache/openjpa/persistence/OpenJPAEntityManagerSPI.java
OPENJPA-896,openjpa-persistence/src/main/java/org/apache/openjpa/persistence/OpenJPAEntityTransaction.java
OPENJPA-896,openjpa-persistence/src/main/java/org/apache/openjpa/persistence/OpenJPAQuerySPI.java
OPENJPA-896,openjpa-persistence/src/main/java/org/apache/openjpa/persistence/QueryOperationType.java
OPENJPA-896,openjpa-persistence/src/main/java/org/apache/openjpa/persistence/Replicated.java
OPENJPA-896,openjpa-persistence/src/main/java/org/apache/openjpa/persistence/RestoreStateType.java
OPENJPA-896,openjpa-persistence/src/main/java/org/apache/openjpa/persistence/query/AbsExpression.java
OPENJPA-896,openjpa-persistence/src/main/java/org/apache/openjpa/persistence/query/AbstractDomainObject.java
OPENJPA-896,openjpa-persistence/src/main/java/org/apache/openjpa/persistence/query/AbstractPath.java
OPENJPA-896,openjpa-persistence/src/main/java/org/apache/openjpa/persistence/query/AbstractVisitable.java
OPENJPA-896,openjpa-persistence/src/main/java/org/apache/openjpa/persistence/query/Aggregate.java
OPENJPA-896,openjpa-persistence/src/main/java/org/apache/openjpa/persistence/query/AliasContext.java
OPENJPA-896,openjpa-persistence/src/main/java/org/apache/openjpa/persistence/query/AllExpression.java
OPENJPA-896,openjpa-persistence/src/main/java/org/apache/openjpa/persistence/query/AndPredicate.java
OPENJPA-896,openjpa-persistence/src/main/java/org/apache/openjpa/persistence/query/AnyExpression.java
OPENJPA-896,openjpa-persistence/src/main/java/org/apache/openjpa/persistence/query/ArrayExpression.java
OPENJPA-896,openjpa-persistence/src/main/java/org/apache/openjpa/persistence/query/AverageExpression.java
OPENJPA-896,openjpa-persistence/src/main/java/org/apache/openjpa/persistence/query/BetweenExpression.java
OPENJPA-896,openjpa-persistence/src/main/java/org/apache/openjpa/persistence/query/BinaryConditionalOperator.java
OPENJPA-896,openjpa-persistence/src/main/java/org/apache/openjpa/persistence/query/BinaryExpressionPredicate.java
OPENJPA-896,openjpa-persistence/src/main/java/org/apache/openjpa/persistence/query/BinaryFunctionalOperator.java
OPENJPA-896,openjpa-persistence/src/main/java/org/apache/openjpa/persistence/query/BinaryOperatorExpression.java
OPENJPA-896,openjpa-persistence/src/main/java/org/apache/openjpa/persistence/query/CaseExpression.java
OPENJPA-896,openjpa-persistence/src/main/java/org/apache/openjpa/persistence/query/CaseExpressionImpl.java
OPENJPA-896,openjpa-persistence/src/main/java/org/apache/openjpa/persistence/query/ConcatExpression.java
OPENJPA-896,openjpa-persistence/src/main/java/org/apache/openjpa/persistence/query/ConditionalOperator.java
OPENJPA-896,openjpa-persistence/src/main/java/org/apache/openjpa/persistence/query/ConstantExpression.java
OPENJPA-896,openjpa-persistence/src/main/java/org/apache/openjpa/persistence/query/CountExpression.java
OPENJPA-896,openjpa-persistence/src/main/java/org/apache/openjpa/persistence/query/CurrentTimeExpression.java
OPENJPA-896,openjpa-persistence/src/main/java/org/apache/openjpa/persistence/query/DistinctExpression.java
OPENJPA-896,openjpa-persistence/src/main/java/org/apache/openjpa/persistence/query/DividedByExpression.java
OPENJPA-896,openjpa-persistence/src/main/java/org/apache/openjpa/persistence/query/DomainObject.java
OPENJPA-896,openjpa-persistence/src/main/java/org/apache/openjpa/persistence/query/ElseExpression.java
OPENJPA-896,openjpa-persistence/src/main/java/org/apache/openjpa/persistence/query/EntryExpression.java
OPENJPA-896,openjpa-persistence/src/main/java/org/apache/openjpa/persistence/query/EqualExpression.java
OPENJPA-896,openjpa-persistence/src/main/java/org/apache/openjpa/persistence/query/ExistsExpression.java
OPENJPA-896,openjpa-persistence/src/main/java/org/apache/openjpa/persistence/query/Expression.java
OPENJPA-896,openjpa-persistence/src/main/java/org/apache/openjpa/persistence/query/ExpressionImpl.java
OPENJPA-896,openjpa-persistence/src/main/java/org/apache/openjpa/persistence/query/FetchJoinObject.java
OPENJPA-896,openjpa-persistence/src/main/java/org/apache/openjpa/persistence/query/FetchPath.java
OPENJPA-896,openjpa-persistence/src/main/java/org/apache/openjpa/persistence/query/GreaterEqualExpression.java
OPENJPA-896,openjpa-persistence/src/main/java/org/apache/openjpa/persistence/query/GreaterThanExpression.java
OPENJPA-896,openjpa-persistence/src/main/java/org/apache/openjpa/persistence/query/InExpression.java
OPENJPA-896,openjpa-persistence/src/main/java/org/apache/openjpa/persistence/query/IndexExpression.java
OPENJPA-896,openjpa-persistence/src/main/java/org/apache/openjpa/persistence/query/IsEmptyExpression.java
OPENJPA-896,openjpa-persistence/src/main/java/org/apache/openjpa/persistence/query/IsNullExpression.java
OPENJPA-896,openjpa-persistence/src/main/java/org/apache/openjpa/persistence/query/JPQLHelper.java
OPENJPA-896,openjpa-persistence/src/main/java/org/apache/openjpa/persistence/query/JoinPath.java
OPENJPA-896,openjpa-persistence/src/main/java/org/apache/openjpa/persistence/query/KeyExpression.java
OPENJPA-896,openjpa-persistence/src/main/java/org/apache/openjpa/persistence/query/LengthExpression.java
OPENJPA-896,openjpa-persistence/src/main/java/org/apache/openjpa/persistence/query/LessEqualExpression.java
OPENJPA-896,openjpa-persistence/src/main/java/org/apache/openjpa/persistence/query/LessThanExpression.java
OPENJPA-896,openjpa-persistence/src/main/java/org/apache/openjpa/persistence/query/LikeExpression.java
OPENJPA-896,openjpa-persistence/src/main/java/org/apache/openjpa/persistence/query/LiteralExpression.java
OPENJPA-896,openjpa-persistence/src/main/java/org/apache/openjpa/persistence/query/LocateExpression.java
OPENJPA-896,openjpa-persistence/src/main/java/org/apache/openjpa/persistence/query/LogicalPredicate.java
OPENJPA-896,openjpa-persistence/src/main/java/org/apache/openjpa/persistence/query/LowerExpression.java
OPENJPA-896,openjpa-persistence/src/main/java/org/apache/openjpa/persistence/query/MaxExpression.java
OPENJPA-896,openjpa-persistence/src/main/java/org/apache/openjpa/persistence/query/MemberOfExpression.java
OPENJPA-896,openjpa-persistence/src/main/java/org/apache/openjpa/persistence/query/MinExpression.java
OPENJPA-896,openjpa-persistence/src/main/java/org/apache/openjpa/persistence/query/MinusExpression.java
OPENJPA-896,openjpa-persistence/src/main/java/org/apache/openjpa/persistence/query/ModExpression.java
OPENJPA-896,openjpa-persistence/src/main/java/org/apache/openjpa/persistence/query/NavigationPath.java
OPENJPA-896,openjpa-persistence/src/main/java/org/apache/openjpa/persistence/query/NewInstance.java
OPENJPA-896,openjpa-persistence/src/main/java/org/apache/openjpa/persistence/query/NotEqualExpression.java
OPENJPA-896,openjpa-persistence/src/main/java/org/apache/openjpa/persistence/query/OpenJPAQueryBuilder.java
OPENJPA-896,openjpa-persistence/src/main/java/org/apache/openjpa/persistence/query/OperatorPath.java
OPENJPA-896,openjpa-persistence/src/main/java/org/apache/openjpa/persistence/query/OrPredicate.java
OPENJPA-896,openjpa-persistence/src/main/java/org/apache/openjpa/persistence/query/OrderBy.java
OPENJPA-896,openjpa-persistence/src/main/java/org/apache/openjpa/persistence/query/OrderByItem.java
OPENJPA-896,openjpa-persistence/src/main/java/org/apache/openjpa/persistence/query/OrderableItem.java
OPENJPA-896,openjpa-persistence/src/main/java/org/apache/openjpa/persistence/query/ParameterExpression.java
OPENJPA-896,openjpa-persistence/src/main/java/org/apache/openjpa/persistence/query/PathExpression.java
OPENJPA-896,openjpa-persistence/src/main/java/org/apache/openjpa/persistence/query/PathOperator.java
OPENJPA-896,openjpa-persistence/src/main/java/org/apache/openjpa/persistence/query/PlusExpression.java
OPENJPA-896,openjpa-persistence/src/main/java/org/apache/openjpa/persistence/query/Predicate.java
OPENJPA-896,openjpa-persistence/src/main/java/org/apache/openjpa/persistence/query/PredicateOperand.java
OPENJPA-896,openjpa-persistence/src/main/java/org/apache/openjpa/persistence/query/QueryBuilder.java
OPENJPA-896,openjpa-persistence/src/main/java/org/apache/openjpa/persistence/query/QueryBuilderImpl.java
OPENJPA-896,openjpa-persistence/src/main/java/org/apache/openjpa/persistence/query/QueryDefinition.java
OPENJPA-896,openjpa-persistence/src/main/java/org/apache/openjpa/persistence/query/QueryDefinitionImpl.java
OPENJPA-896,openjpa-persistence/src/main/java/org/apache/openjpa/persistence/query/QueryExpression.java
OPENJPA-896,openjpa-persistence/src/main/java/org/apache/openjpa/persistence/query/RangeExpression.java
OPENJPA-896,openjpa-persistence/src/main/java/org/apache/openjpa/persistence/query/RootPath.java
OPENJPA-896,openjpa-persistence/src/main/java/org/apache/openjpa/persistence/query/SelectItem.java
OPENJPA-896,openjpa-persistence/src/main/java/org/apache/openjpa/persistence/query/SizeExpression.java
OPENJPA-896,openjpa-persistence/src/main/java/org/apache/openjpa/persistence/query/SomeExpression.java
OPENJPA-896,openjpa-persistence/src/main/java/org/apache/openjpa/persistence/query/SquareRootExpression.java
OPENJPA-896,openjpa-persistence/src/main/java/org/apache/openjpa/persistence/query/SubStringExpression.java
OPENJPA-896,openjpa-persistence/src/main/java/org/apache/openjpa/persistence/query/Subquery.java
OPENJPA-896,openjpa-persistence/src/main/java/org/apache/openjpa/persistence/query/SumExpression.java
OPENJPA-896,openjpa-persistence/src/main/java/org/apache/openjpa/persistence/query/TimesExpression.java
OPENJPA-896,openjpa-persistence/src/main/java/org/apache/openjpa/persistence/query/TrimExpression.java
OPENJPA-896,openjpa-persistence/src/main/java/org/apache/openjpa/persistence/query/TrimSpec.java
OPENJPA-896,openjpa-persistence/src/main/java/org/apache/openjpa/persistence/query/TypeExpression.java
OPENJPA-896,openjpa-persistence/src/main/java/org/apache/openjpa/persistence/query/UnaryConditionalOperator.java
OPENJPA-896,openjpa-persistence/src/main/java/org/apache/openjpa/persistence/query/UnaryExpressionPredicate.java
OPENJPA-896,openjpa-persistence/src/main/java/org/apache/openjpa/persistence/query/UnaryFunctionalOperator.java
OPENJPA-896,openjpa-persistence/src/main/java/org/apache/openjpa/persistence/query/UnaryMinusExpression.java
OPENJPA-896,openjpa-persistence/src/main/java/org/apache/openjpa/persistence/query/UnaryOperator.java
OPENJPA-896,openjpa-persistence/src/main/java/org/apache/openjpa/persistence/query/UnaryOperatorExpression.java
OPENJPA-896,openjpa-persistence/src/main/java/org/apache/openjpa/persistence/query/UpperExpression.java
OPENJPA-896,openjpa-persistence/src/main/java/org/apache/openjpa/persistence/query/ValueExpression.java
OPENJPA-896,openjpa-persistence/src/main/java/org/apache/openjpa/persistence/query/VarArgsExpression.java
OPENJPA-896,openjpa-persistence/src/main/java/org/apache/openjpa/persistence/query/Visitable.java
OPENJPA-896,openjpa-persistence/src/main/java/org/apache/openjpa/persistence/query/WhenClause.java
OPENJPA-896,openjpa-slice/src/main/java/org/apache/openjpa/slice/DistributedBroker.java
OPENJPA-896,openjpa-slice/src/main/java/org/apache/openjpa/slice/DistributedBrokerFactory.java
OPENJPA-896,openjpa-slice/src/main/java/org/apache/openjpa/slice/DistributedBrokerImpl.java
OPENJPA-896,openjpa-slice/src/main/java/org/apache/openjpa/slice/DistributedConfiguration.java
OPENJPA-896,openjpa-slice/src/main/java/org/apache/openjpa/slice/DistributedQueryImpl.java
OPENJPA-896,openjpa-slice/src/main/java/org/apache/openjpa/slice/DistributedStoreManager.java
OPENJPA-896,openjpa-slice/src/main/java/org/apache/openjpa/slice/DistributionPolicy.java
OPENJPA-896,openjpa-slice/src/main/java/org/apache/openjpa/slice/ExecutorServiceValue.java
OPENJPA-896,openjpa-slice/src/main/java/org/apache/openjpa/slice/ProductDerivation.java
OPENJPA-896,openjpa-slice/src/main/java/org/apache/openjpa/slice/ReentrantSliceLock.java
OPENJPA-896,openjpa-slice/src/main/java/org/apache/openjpa/slice/ReplicationPolicy.java
OPENJPA-896,openjpa-slice/src/main/java/org/apache/openjpa/slice/Slice.java
OPENJPA-896,openjpa-slice/src/main/java/org/apache/openjpa/slice/SliceImplHelper.java
OPENJPA-896,openjpa-slice/src/main/java/org/apache/openjpa/slice/SliceInfo.java
OPENJPA-896,openjpa-slice/src/main/java/org/apache/openjpa/slice/SlicePersistence.java
OPENJPA-896,openjpa-slice/src/main/java/org/apache/openjpa/slice/SliceThread.java
OPENJPA-896,openjpa-slice/src/main/java/org/apache/openjpa/slice/jdbc/DistributedConnection.java
OPENJPA-896,openjpa-slice/src/main/java/org/apache/openjpa/slice/jdbc/DistributedDataSource.java
OPENJPA-896,openjpa-slice/src/main/java/org/apache/openjpa/slice/jdbc/DistributedJDBCBrokerFactory.java
OPENJPA-896,openjpa-slice/src/main/java/org/apache/openjpa/slice/jdbc/DistributedJDBCConfiguration.java
OPENJPA-896,openjpa-slice/src/main/java/org/apache/openjpa/slice/jdbc/DistributedJDBCConfigurationImpl.java
OPENJPA-896,openjpa-slice/src/main/java/org/apache/openjpa/slice/jdbc/DistributedJDBCStoreManager.java
OPENJPA-896,openjpa-slice/src/main/java/org/apache/openjpa/slice/jdbc/DistributedPreparedStatement.java
OPENJPA-896,openjpa-slice/src/main/java/org/apache/openjpa/slice/jdbc/DistributedResultSet.java
OPENJPA-896,openjpa-slice/src/main/java/org/apache/openjpa/slice/jdbc/DistributedStatement.java
OPENJPA-896,openjpa-slice/src/main/java/org/apache/openjpa/slice/jdbc/DistributedStoreManager.java
OPENJPA-896,openjpa-slice/src/main/java/org/apache/openjpa/slice/jdbc/DistributedStoreQuery.java
OPENJPA-896,openjpa-slice/src/main/java/org/apache/openjpa/slice/jdbc/DistributedTemplate.java
OPENJPA-896,openjpa-slice/src/main/java/org/apache/openjpa/slice/jdbc/SliceStoreManager.java
OPENJPA-896,openjpa-slice/src/main/java/org/apache/openjpa/slice/jdbc/UniqueResultObjectProvider.java
OPENJPA-898,openjpa-persistence/src/main/java/org/apache/openjpa/persistence/AnnotationPersistenceMetaDataParser.java
OPENJPA-9,openjpa-jdbc/src/main/java/org/apache/openjpa/jdbc/kernel/ClassTableJDBCSeq.java
OPENJPA-9,openjpa-jdbc/src/main/java/org/apache/openjpa/jdbc/kernel/NativeJDBCSeq.java
OPENJPA-9,openjpa-jdbc/src/main/java/org/apache/openjpa/jdbc/kernel/TableJDBCSeq.java
OPENJPA-9,openjpa-jdbc/src/main/java/org/apache/openjpa/jdbc/kernel/ValueTableJDBCSeq.java
OPENJPA-9,openjpa-jdbc/src/main/java/org/apache/openjpa/jdbc/meta/MappingTool.java
OPENJPA-9,openjpa-jdbc/src/main/java/org/apache/openjpa/jdbc/meta/ReverseMappingTool.java
OPENJPA-9,openjpa-jdbc/src/main/java/org/apache/openjpa/jdbc/schema/SchemaTool.java
OPENJPA-9,openjpa-jdbc/src/main/java/org/apache/openjpa/jdbc/schema/TableSchemaFactory.java
OPENJPA-9,openjpa-kernel/src/main/java/org/apache/openjpa/enhance/ApplicationIdTool.java
OPENJPA-9,openjpa-kernel/src/main/java/org/apache/openjpa/enhance/PCEnhancer.java
OPENJPA-9,openjpa-kernel/src/main/java/org/apache/openjpa/meta/MetaDataTool.java
OPENJPA-9,openjpa-lib/src/main/java/org/apache/openjpa/lib/conf/AbstractProductDerivation.java
OPENJPA-9,openjpa-lib/src/main/java/org/apache/openjpa/lib/conf/Configurations.java
OPENJPA-9,openjpa-lib/src/main/java/org/apache/openjpa/lib/conf/ProductDerivation.java
OPENJPA-9,openjpa-lib/src/main/java/org/apache/openjpa/lib/conf/ProductDerivations.java
OPENJPA-9,openjpa-persistence/src/main/java/org/apache/openjpa/persistence/PersistenceProductDerivation.java
OPENJPA-90,openjpa-jdbc/src/main/java/org/apache/openjpa/jdbc/sql/DBDictionary.java
OPENJPA-912,openjpa-jdbc/src/main/java/org/apache/openjpa/jdbc/kernel/JDBCStoreManager.java
OPENJPA-913,openjpa-kernel/src/main/java/org/apache/openjpa/kernel/BrokerImpl.java
OPENJPA-916,openjpa-slice/src/main/java/org/apache/openjpa/slice/jdbc/DistributedTemplate.java
OPENJPA-917,openjpa-jdbc/src/main/java/org/apache/openjpa/jdbc/meta/strats/StoreCollectionFieldStrategy.java
OPENJPA-917,openjpa-jdbc/src/main/java/org/apache/openjpa/jdbc/sql/SQLBuffer.java
OPENJPA-917,openjpa-persistence/src/main/java/org/apache/openjpa/persistence/QueryImpl.java
OPENJPA-922,openjpa-jdbc/src/main/java/org/apache/openjpa/jdbc/sql/DB2Dictionary.java
OPENJPA-925,openjpa-jdbc/src/main/java/org/apache/openjpa/jdbc/meta/strats/RelationFieldStrategy.java
OPENJPA-927,openjpa-kernel/src/main/java/org/apache/openjpa/conf/OpenJPAConfigurationImpl.java
OPENJPA-927,openjpa-lib/src/main/java/org/apache/openjpa/lib/conf/ConfigurationImpl.java
OPENJPA-927,openjpa-lib/src/main/java/org/apache/openjpa/lib/conf/Value.java
OPENJPA-927,openjpa-persistence/src/main/java/org/apache/openjpa/persistence/EntityManagerImpl.java
OPENJPA-932,openjpa-lib/src/main/java/org/apache/openjpa/lib/util/J2DoPrivHelper.java
OPENJPA-932,openjpa-persistence/src/main/java/org/apache/openjpa/persistence/PersistenceProductDerivation.java
OPENJPA-932,openjpa-persistence/src/main/java/org/apache/openjpa/persistence/PersistenceProviderImpl.java
OPENJPA-933,openjpa-jdbc/src/main/java/org/apache/openjpa/jdbc/sql/MySQLDictionary.java
OPENJPA-935,openjpa-jdbc/src/main/java/org/apache/openjpa/jdbc/kernel/JDBCStoreQuery.java
OPENJPA-940,openjpa-persistence/src/main/java/org/apache/openjpa/persistence/XMLPersistenceMetaDataSerializer.java
OPENJPA-944,openjpa-kernel/src/main/java/org/apache/openjpa/kernel/FetchConfiguration.java
OPENJPA-944,openjpa-kernel/src/main/java/org/apache/openjpa/kernel/FetchConfigurationImpl.java
OPENJPA-955,openjpa-jdbc/src/main/java/org/apache/openjpa/jdbc/kernel/PreparedQueryCacheImpl.java
OPENJPA-955,openjpa-kernel/src/main/java/org/apache/openjpa/kernel/MethodStoreQuery.java
OPENJPA-965,openjpa-jdbc/src/main/java/org/apache/openjpa/jdbc/kernel/FinderQueryImpl.java
OPENJPA-965,openjpa-jdbc/src/main/java/org/apache/openjpa/jdbc/sql/SelectImpl.java
OPENJPA-970,openjpa-jdbc/src/main/java/org/apache/openjpa/jdbc/ant/SchemaToolTask.java
OPENJPA-973,openjpa-jdbc/src/main/java/org/apache/openjpa/jdbc/sql/DBDictionaryFactory.java
OPENJPA-973,openjpa-jdbc/src/main/java/org/apache/openjpa/jdbc/sql/InformixDictionary.java
OPENJPA-981,openjpa-slice/src/main/java/org/apache/openjpa/slice/DistributedBrokerImpl.java
OPENJPA-993,openjpa-persistence/src/main/java/org/apache/openjpa/persistence/PersistenceProductDerivation.java
